video,label
Bad.Boys.1995__#00-26-51_00-27-53_label_B2-0-0__0.npy,B2-0-0
Bad.Boys.1995__#00-26-51_00-27-53_label_B2-0-0__1.npy,B2-0-0
Bad.Boys.1995__#00-26-51_00-27-53_label_B2-0-0__2.npy,B2-0-0
Bad.Boys.1995__#00-26-51_00-27-53_label_B2-0-0__3.npy,B2-0-0
Bad.Boys.1995__#00-26-51_00-27-53_label_B2-0-0__4.npy,B2-0-0
Bad.Boys.1995__#00-26-51_00-27-53_label_B2-0-0__5.npy,B2-0-0
Bad.Boys.1995__#00-26-51_00-27-53_label_B2-0-0__6.npy,B2-0-0
Bad.Boys.1995__#00-26-51_00-27-53_label_B2-0-0__7.npy,B2-0-0
Bad.Boys.1995__#00-26-51_00-27-53_label_B2-0-0__8.npy,B2-0-0
Bad.Boys.1995__#00-26-51_00-27-53_label_B2-0-0__9.npy,B2-0-0
Bad.Boys.1995__#00-38-16_00-38-50_label_B2-0-0__0.npy,B2-0-0
Bad.Boys.1995__#00-38-16_00-38-50_label_B2-0-0__1.npy,B2-0-0
Bad.Boys.1995__#00-38-16_00-38-50_label_B2-0-0__2.npy,B2-0-0
Bad.Boys.1995__#00-38-16_00-38-50_label_B2-0-0__3.npy,B2-0-0
Bad.Boys.1995__#00-38-16_00-38-50_label_B2-0-0__4.npy,B2-0-0
Bad.Boys.1995__#00-38-16_00-38-50_label_B2-0-0__5.npy,B2-0-0
Bad.Boys.1995__#00-38-16_00-38-50_label_B2-0-0__6.npy,B2-0-0
Bad.Boys.1995__#00-38-16_00-38-50_label_B2-0-0__7.npy,B2-0-0
Bad.Boys.1995__#00-38-16_00-38-50_label_B2-0-0__8.npy,B2-0-0
Bad.Boys.1995__#00-38-16_00-38-50_label_B2-0-0__9.npy,B2-0-0
Bad.Boys.1995__#00-39-10_00-39-42_label_B2-0-0__0.npy,B2-0-0
Bad.Boys.1995__#00-39-10_00-39-42_label_B2-0-0__1.npy,B2-0-0
Bad.Boys.1995__#00-39-10_00-39-42_label_B2-0-0__2.npy,B2-0-0
Bad.Boys.1995__#00-39-10_00-39-42_label_B2-0-0__3.npy,B2-0-0
Bad.Boys.1995__#00-39-10_00-39-42_label_B2-0-0__4.npy,B2-0-0
Bad.Boys.1995__#00-39-10_00-39-42_label_B2-0-0__5.npy,B2-0-0
Bad.Boys.1995__#00-39-10_00-39-42_label_B2-0-0__6.npy,B2-0-0
Bad.Boys.1995__#00-39-10_00-39-42_label_B2-0-0__7.npy,B2-0-0
Bad.Boys.1995__#00-39-10_00-39-42_label_B2-0-0__8.npy,B2-0-0
Bad.Boys.1995__#00-39-10_00-39-42_label_B2-0-0__9.npy,B2-0-0
Bad.Boys.1995__#01-52-45_01-53-19_label_B2-0-0__0.npy,B2-0-0
Bad.Boys.1995__#01-52-45_01-53-19_label_B2-0-0__1.npy,B2-0-0
Bad.Boys.1995__#01-52-45_01-53-19_label_B2-0-0__2.npy,B2-0-0
Bad.Boys.1995__#01-52-45_01-53-19_label_B2-0-0__3.npy,B2-0-0
Bad.Boys.1995__#01-52-45_01-53-19_label_B2-0-0__4.npy,B2-0-0
Bad.Boys.1995__#01-52-45_01-53-19_label_B2-0-0__5.npy,B2-0-0
Bad.Boys.1995__#01-52-45_01-53-19_label_B2-0-0__6.npy,B2-0-0
Bad.Boys.1995__#01-52-45_01-53-19_label_B2-0-0__7.npy,B2-0-0
Bad.Boys.1995__#01-52-45_01-53-19_label_B2-0-0__8.npy,B2-0-0
Bad.Boys.1995__#01-52-45_01-53-19_label_B2-0-0__9.npy,B2-0-0
Bad.Boys.II.2003__#00-43-05_00-44-20_label_B2-0-0__0.npy,B2-0-0
Bad.Boys.II.2003__#00-43-05_00-44-20_label_B2-0-0__1.npy,B2-0-0
Bad.Boys.II.2003__#00-43-05_00-44-20_label_B2-0-0__2.npy,B2-0-0
Bad.Boys.II.2003__#00-43-05_00-44-20_label_B2-0-0__3.npy,B2-0-0
Bad.Boys.II.2003__#00-43-05_00-44-20_label_B2-0-0__4.npy,B2-0-0
Bad.Boys.II.2003__#00-43-05_00-44-20_label_B2-0-0__5.npy,B2-0-0
Bad.Boys.II.2003__#00-43-05_00-44-20_label_B2-0-0__6.npy,B2-0-0
Bad.Boys.II.2003__#00-43-05_00-44-20_label_B2-0-0__7.npy,B2-0-0
Bad.Boys.II.2003__#00-43-05_00-44-20_label_B2-0-0__8.npy,B2-0-0
Bad.Boys.II.2003__#00-43-05_00-44-20_label_B2-0-0__9.npy,B2-0-0
Bad.Boys.II.2003__#00-48-24_00-52-00_label_B2-0-0__0.npy,B2-0-0
Bad.Boys.II.2003__#00-48-24_00-52-00_label_B2-0-0__1.npy,B2-0-0
Bad.Boys.II.2003__#00-48-24_00-52-00_label_B2-0-0__2.npy,B2-0-0
Bad.Boys.II.2003__#00-48-24_00-52-00_label_B2-0-0__3.npy,B2-0-0
Bad.Boys.II.2003__#00-48-24_00-52-00_label_B2-0-0__4.npy,B2-0-0
Bad.Boys.II.2003__#00-48-24_00-52-00_label_B2-0-0__5.npy,B2-0-0
Bad.Boys.II.2003__#00-48-24_00-52-00_label_B2-0-0__6.npy,B2-0-0
Bad.Boys.II.2003__#00-48-24_00-52-00_label_B2-0-0__7.npy,B2-0-0
Bad.Boys.II.2003__#00-48-24_00-52-00_label_B2-0-0__8.npy,B2-0-0
Bad.Boys.II.2003__#00-48-24_00-52-00_label_B2-0-0__9.npy,B2-0-0
Black.Hawk.Down.2001__#00-44-05_00-44-40_label_B2-0-0__0.npy,B2-0-0
Black.Hawk.Down.2001__#00-44-05_00-44-40_label_B2-0-0__1.npy,B2-0-0
Black.Hawk.Down.2001__#00-44-05_00-44-40_label_B2-0-0__2.npy,B2-0-0
Black.Hawk.Down.2001__#00-44-05_00-44-40_label_B2-0-0__3.npy,B2-0-0
Black.Hawk.Down.2001__#00-44-05_00-44-40_label_B2-0-0__4.npy,B2-0-0
Black.Hawk.Down.2001__#00-44-05_00-44-40_label_B2-0-0__5.npy,B2-0-0
Black.Hawk.Down.2001__#00-44-05_00-44-40_label_B2-0-0__6.npy,B2-0-0
Black.Hawk.Down.2001__#00-44-05_00-44-40_label_B2-0-0__7.npy,B2-0-0
Black.Hawk.Down.2001__#00-44-05_00-44-40_label_B2-0-0__8.npy,B2-0-0
Black.Hawk.Down.2001__#00-44-05_00-44-40_label_B2-0-0__9.npy,B2-0-0
Black.Hawk.Down.2001__#00-47-58_00-48-58_label_B2-0-0__0.npy,B2-0-0
Black.Hawk.Down.2001__#00-47-58_00-48-58_label_B2-0-0__1.npy,B2-0-0
Black.Hawk.Down.2001__#00-47-58_00-48-58_label_B2-0-0__2.npy,B2-0-0
Black.Hawk.Down.2001__#00-47-58_00-48-58_label_B2-0-0__3.npy,B2-0-0
Black.Hawk.Down.2001__#00-47-58_00-48-58_label_B2-0-0__4.npy,B2-0-0
Black.Hawk.Down.2001__#00-47-58_00-48-58_label_B2-0-0__5.npy,B2-0-0
Black.Hawk.Down.2001__#00-47-58_00-48-58_label_B2-0-0__6.npy,B2-0-0
Black.Hawk.Down.2001__#00-47-58_00-48-58_label_B2-0-0__7.npy,B2-0-0
Black.Hawk.Down.2001__#00-47-58_00-48-58_label_B2-0-0__8.npy,B2-0-0
Black.Hawk.Down.2001__#00-47-58_00-48-58_label_B2-0-0__9.npy,B2-0-0
Black.Hawk.Down.2001__#00-59-10_01-00-01_label_B2-0-0__0.npy,B2-0-0
Black.Hawk.Down.2001__#00-59-10_01-00-01_label_B2-0-0__1.npy,B2-0-0
Black.Hawk.Down.2001__#00-59-10_01-00-01_label_B2-0-0__2.npy,B2-0-0
Black.Hawk.Down.2001__#00-59-10_01-00-01_label_B2-0-0__3.npy,B2-0-0
Black.Hawk.Down.2001__#00-59-10_01-00-01_label_B2-0-0__4.npy,B2-0-0
Black.Hawk.Down.2001__#00-59-10_01-00-01_label_B2-0-0__5.npy,B2-0-0
Black.Hawk.Down.2001__#00-59-10_01-00-01_label_B2-0-0__6.npy,B2-0-0
Black.Hawk.Down.2001__#00-59-10_01-00-01_label_B2-0-0__7.npy,B2-0-0
Black.Hawk.Down.2001__#00-59-10_01-00-01_label_B2-0-0__8.npy,B2-0-0
Black.Hawk.Down.2001__#00-59-10_01-00-01_label_B2-0-0__9.npy,B2-0-0
Brick.Mansions.2014__#00-15-12_00-15-27_label_B2-0-0__0.npy,B2-0-0
Brick.Mansions.2014__#00-15-12_00-15-27_label_B2-0-0__1.npy,B2-0-0
Brick.Mansions.2014__#00-15-12_00-15-27_label_B2-0-0__2.npy,B2-0-0
Brick.Mansions.2014__#00-15-12_00-15-27_label_B2-0-0__3.npy,B2-0-0
Brick.Mansions.2014__#00-15-12_00-15-27_label_B2-0-0__4.npy,B2-0-0
Brick.Mansions.2014__#00-15-12_00-15-27_label_B2-0-0__5.npy,B2-0-0
Brick.Mansions.2014__#00-15-12_00-15-27_label_B2-0-0__6.npy,B2-0-0
Brick.Mansions.2014__#00-15-12_00-15-27_label_B2-0-0__7.npy,B2-0-0
Brick.Mansions.2014__#00-15-12_00-15-27_label_B2-0-0__8.npy,B2-0-0
Brick.Mansions.2014__#00-15-12_00-15-27_label_B2-0-0__9.npy,B2-0-0
Brick.Mansions.2014__#00-16-02_00-16-26_label_B2-0-0__0.npy,B2-0-0
Brick.Mansions.2014__#00-16-02_00-16-26_label_B2-0-0__1.npy,B2-0-0
Brick.Mansions.2014__#00-16-02_00-16-26_label_B2-0-0__2.npy,B2-0-0
Brick.Mansions.2014__#00-16-02_00-16-26_label_B2-0-0__3.npy,B2-0-0
Brick.Mansions.2014__#00-16-02_00-16-26_label_B2-0-0__4.npy,B2-0-0
Brick.Mansions.2014__#00-16-02_00-16-26_label_B2-0-0__5.npy,B2-0-0
Brick.Mansions.2014__#00-16-02_00-16-26_label_B2-0-0__6.npy,B2-0-0
Brick.Mansions.2014__#00-16-02_00-16-26_label_B2-0-0__7.npy,B2-0-0
Brick.Mansions.2014__#00-16-02_00-16-26_label_B2-0-0__8.npy,B2-0-0
Brick.Mansions.2014__#00-16-02_00-16-26_label_B2-0-0__9.npy,B2-0-0
Brick.Mansions.2014__#00-17-12_00-17-40_label_B2-0-0__0.npy,B2-0-0
Brick.Mansions.2014__#00-17-12_00-17-40_label_B2-0-0__1.npy,B2-0-0
Brick.Mansions.2014__#00-17-12_00-17-40_label_B2-0-0__2.npy,B2-0-0
Brick.Mansions.2014__#00-17-12_00-17-40_label_B2-0-0__3.npy,B2-0-0
Brick.Mansions.2014__#00-17-12_00-17-40_label_B2-0-0__4.npy,B2-0-0
Brick.Mansions.2014__#00-17-12_00-17-40_label_B2-0-0__5.npy,B2-0-0
Brick.Mansions.2014__#00-17-12_00-17-40_label_B2-0-0__6.npy,B2-0-0
Brick.Mansions.2014__#00-17-12_00-17-40_label_B2-0-0__7.npy,B2-0-0
Brick.Mansions.2014__#00-17-12_00-17-40_label_B2-0-0__8.npy,B2-0-0
Brick.Mansions.2014__#00-17-12_00-17-40_label_B2-0-0__9.npy,B2-0-0
Brick.Mansions.2014__#00-18-00_00-18-49_label_B2-0-0__0.npy,B2-0-0
Brick.Mansions.2014__#00-18-00_00-18-49_label_B2-0-0__1.npy,B2-0-0
Brick.Mansions.2014__#00-18-00_00-18-49_label_B2-0-0__2.npy,B2-0-0
Brick.Mansions.2014__#00-18-00_00-18-49_label_B2-0-0__3.npy,B2-0-0
Brick.Mansions.2014__#00-18-00_00-18-49_label_B2-0-0__4.npy,B2-0-0
Brick.Mansions.2014__#00-18-00_00-18-49_label_B2-0-0__5.npy,B2-0-0
Brick.Mansions.2014__#00-18-00_00-18-49_label_B2-0-0__6.npy,B2-0-0
Brick.Mansions.2014__#00-18-00_00-18-49_label_B2-0-0__7.npy,B2-0-0
Brick.Mansions.2014__#00-18-00_00-18-49_label_B2-0-0__8.npy,B2-0-0
Brick.Mansions.2014__#00-18-00_00-18-49_label_B2-0-0__9.npy,B2-0-0
Bullet.in.the.Head.1990__#00-36-00_00-37-14_label_B2-0-0__0.npy,B2-0-0
Bullet.in.the.Head.1990__#00-36-00_00-37-14_label_B2-0-0__1.npy,B2-0-0
Bullet.in.the.Head.1990__#00-36-00_00-37-14_label_B2-0-0__2.npy,B2-0-0
Bullet.in.the.Head.1990__#00-36-00_00-37-14_label_B2-0-0__3.npy,B2-0-0
Bullet.in.the.Head.1990__#00-36-00_00-37-14_label_B2-0-0__4.npy,B2-0-0
Bullet.in.the.Head.1990__#00-36-00_00-37-14_label_B2-0-0__5.npy,B2-0-0
Bullet.in.the.Head.1990__#00-36-00_00-37-14_label_B2-0-0__6.npy,B2-0-0
Bullet.in.the.Head.1990__#00-36-00_00-37-14_label_B2-0-0__7.npy,B2-0-0
Bullet.in.the.Head.1990__#00-36-00_00-37-14_label_B2-0-0__8.npy,B2-0-0
Bullet.in.the.Head.1990__#00-36-00_00-37-14_label_B2-0-0__9.npy,B2-0-0
Bullet.in.the.Head.1990__#00-39-01_00-41-00_label_B2-0-0__0.npy,B2-0-0
Bullet.in.the.Head.1990__#00-39-01_00-41-00_label_B2-0-0__1.npy,B2-0-0
Bullet.in.the.Head.1990__#00-39-01_00-41-00_label_B2-0-0__2.npy,B2-0-0
Bullet.in.the.Head.1990__#00-39-01_00-41-00_label_B2-0-0__3.npy,B2-0-0
Bullet.in.the.Head.1990__#00-39-01_00-41-00_label_B2-0-0__4.npy,B2-0-0
Bullet.in.the.Head.1990__#00-39-01_00-41-00_label_B2-0-0__5.npy,B2-0-0
Bullet.in.the.Head.1990__#00-39-01_00-41-00_label_B2-0-0__6.npy,B2-0-0
Bullet.in.the.Head.1990__#00-39-01_00-41-00_label_B2-0-0__7.npy,B2-0-0
Bullet.in.the.Head.1990__#00-39-01_00-41-00_label_B2-0-0__8.npy,B2-0-0
Bullet.in.the.Head.1990__#00-39-01_00-41-00_label_B2-0-0__9.npy,B2-0-0
Bullet.in.the.Head.1990__#01-21-37_01-25-26_label_B2-0-0__0.npy,B2-0-0
Bullet.in.the.Head.1990__#01-21-37_01-25-26_label_B2-0-0__1.npy,B2-0-0
Bullet.in.the.Head.1990__#01-21-37_01-25-26_label_B2-0-0__2.npy,B2-0-0
Bullet.in.the.Head.1990__#01-21-37_01-25-26_label_B2-0-0__3.npy,B2-0-0
Bullet.in.the.Head.1990__#01-21-37_01-25-26_label_B2-0-0__4.npy,B2-0-0
Bullet.in.the.Head.1990__#01-21-37_01-25-26_label_B2-0-0__5.npy,B2-0-0
Bullet.in.the.Head.1990__#01-21-37_01-25-26_label_B2-0-0__6.npy,B2-0-0
Bullet.in.the.Head.1990__#01-21-37_01-25-26_label_B2-0-0__7.npy,B2-0-0
Bullet.in.the.Head.1990__#01-21-37_01-25-26_label_B2-0-0__8.npy,B2-0-0
Bullet.in.the.Head.1990__#01-21-37_01-25-26_label_B2-0-0__9.npy,B2-0-0
Bullet.in.the.Head.1990__#01-42-30_01-43-30_label_B2-0-0__0.npy,B2-0-0
Bullet.in.the.Head.1990__#01-42-30_01-43-30_label_B2-0-0__1.npy,B2-0-0
Bullet.in.the.Head.1990__#01-42-30_01-43-30_label_B2-0-0__2.npy,B2-0-0
Bullet.in.the.Head.1990__#01-42-30_01-43-30_label_B2-0-0__3.npy,B2-0-0
Bullet.in.the.Head.1990__#01-42-30_01-43-30_label_B2-0-0__4.npy,B2-0-0
Bullet.in.the.Head.1990__#01-42-30_01-43-30_label_B2-0-0__5.npy,B2-0-0
Bullet.in.the.Head.1990__#01-42-30_01-43-30_label_B2-0-0__6.npy,B2-0-0
Bullet.in.the.Head.1990__#01-42-30_01-43-30_label_B2-0-0__7.npy,B2-0-0
Bullet.in.the.Head.1990__#01-42-30_01-43-30_label_B2-0-0__8.npy,B2-0-0
Bullet.in.the.Head.1990__#01-42-30_01-43-30_label_B2-0-0__9.npy,B2-0-0
Bullet.in.the.Head.1990__#02-06-50_02-09-20_label_B2-0-0__0.npy,B2-0-0
Bullet.in.the.Head.1990__#02-06-50_02-09-20_label_B2-0-0__1.npy,B2-0-0
Bullet.in.the.Head.1990__#02-06-50_02-09-20_label_B2-0-0__2.npy,B2-0-0
Bullet.in.the.Head.1990__#02-06-50_02-09-20_label_B2-0-0__3.npy,B2-0-0
Bullet.in.the.Head.1990__#02-06-50_02-09-20_label_B2-0-0__4.npy,B2-0-0
Bullet.in.the.Head.1990__#02-06-50_02-09-20_label_B2-0-0__5.npy,B2-0-0
Bullet.in.the.Head.1990__#02-06-50_02-09-20_label_B2-0-0__6.npy,B2-0-0
Bullet.in.the.Head.1990__#02-06-50_02-09-20_label_B2-0-0__7.npy,B2-0-0
Bullet.in.the.Head.1990__#02-06-50_02-09-20_label_B2-0-0__8.npy,B2-0-0
Bullet.in.the.Head.1990__#02-06-50_02-09-20_label_B2-0-0__9.npy,B2-0-0
Casino.Royale.2006__#00-12-36_00-12-46_label_B2-0-0__0.npy,B2-0-0
Casino.Royale.2006__#00-12-36_00-12-46_label_B2-0-0__1.npy,B2-0-0
Casino.Royale.2006__#00-12-36_00-12-46_label_B2-0-0__2.npy,B2-0-0
Casino.Royale.2006__#00-12-36_00-12-46_label_B2-0-0__3.npy,B2-0-0
Casino.Royale.2006__#00-12-36_00-12-46_label_B2-0-0__4.npy,B2-0-0
Casino.Royale.2006__#00-12-36_00-12-46_label_B2-0-0__5.npy,B2-0-0
Casino.Royale.2006__#00-12-36_00-12-46_label_B2-0-0__6.npy,B2-0-0
Casino.Royale.2006__#00-12-36_00-12-46_label_B2-0-0__7.npy,B2-0-0
Casino.Royale.2006__#00-12-36_00-12-46_label_B2-0-0__8.npy,B2-0-0
Casino.Royale.2006__#00-12-36_00-12-46_label_B2-0-0__9.npy,B2-0-0
Casino.Royale.2006__#02-09-05_02-09-47_label_B2-0-0__0.npy,B2-0-0
Casino.Royale.2006__#02-09-05_02-09-47_label_B2-0-0__1.npy,B2-0-0
Casino.Royale.2006__#02-09-05_02-09-47_label_B2-0-0__2.npy,B2-0-0
Casino.Royale.2006__#02-09-05_02-09-47_label_B2-0-0__3.npy,B2-0-0
Casino.Royale.2006__#02-09-05_02-09-47_label_B2-0-0__4.npy,B2-0-0
Casino.Royale.2006__#02-09-05_02-09-47_label_B2-0-0__5.npy,B2-0-0
Casino.Royale.2006__#02-09-05_02-09-47_label_B2-0-0__6.npy,B2-0-0
Casino.Royale.2006__#02-09-05_02-09-47_label_B2-0-0__7.npy,B2-0-0
Casino.Royale.2006__#02-09-05_02-09-47_label_B2-0-0__8.npy,B2-0-0
Casino.Royale.2006__#02-09-05_02-09-47_label_B2-0-0__9.npy,B2-0-0
City.Of.Men.2007__#00-53-50_00-54-30_label_B2-0-0__0.npy,B2-0-0
City.Of.Men.2007__#00-53-50_00-54-30_label_B2-0-0__1.npy,B2-0-0
City.Of.Men.2007__#00-53-50_00-54-30_label_B2-0-0__2.npy,B2-0-0
City.Of.Men.2007__#00-53-50_00-54-30_label_B2-0-0__3.npy,B2-0-0
City.Of.Men.2007__#00-53-50_00-54-30_label_B2-0-0__4.npy,B2-0-0
City.Of.Men.2007__#00-53-50_00-54-30_label_B2-0-0__5.npy,B2-0-0
City.Of.Men.2007__#00-53-50_00-54-30_label_B2-0-0__6.npy,B2-0-0
City.Of.Men.2007__#00-53-50_00-54-30_label_B2-0-0__7.npy,B2-0-0
City.Of.Men.2007__#00-53-50_00-54-30_label_B2-0-0__8.npy,B2-0-0
City.Of.Men.2007__#00-53-50_00-54-30_label_B2-0-0__9.npy,B2-0-0
City.Of.Men.2007__#01-09-40_01-10-20_label_B2-0-0__0.npy,B2-0-0
City.Of.Men.2007__#01-09-40_01-10-20_label_B2-0-0__1.npy,B2-0-0
City.Of.Men.2007__#01-09-40_01-10-20_label_B2-0-0__2.npy,B2-0-0
City.Of.Men.2007__#01-09-40_01-10-20_label_B2-0-0__3.npy,B2-0-0
City.Of.Men.2007__#01-09-40_01-10-20_label_B2-0-0__4.npy,B2-0-0
City.Of.Men.2007__#01-09-40_01-10-20_label_B2-0-0__5.npy,B2-0-0
City.Of.Men.2007__#01-09-40_01-10-20_label_B2-0-0__6.npy,B2-0-0
City.Of.Men.2007__#01-09-40_01-10-20_label_B2-0-0__7.npy,B2-0-0
City.Of.Men.2007__#01-09-40_01-10-20_label_B2-0-0__8.npy,B2-0-0
City.Of.Men.2007__#01-09-40_01-10-20_label_B2-0-0__9.npy,B2-0-0
City.Of.Men.2007__#01-34-30_01-35-11_label_B2-0-0__0.npy,B2-0-0
City.Of.Men.2007__#01-34-30_01-35-11_label_B2-0-0__1.npy,B2-0-0
City.Of.Men.2007__#01-34-30_01-35-11_label_B2-0-0__2.npy,B2-0-0
City.Of.Men.2007__#01-34-30_01-35-11_label_B2-0-0__3.npy,B2-0-0
City.Of.Men.2007__#01-34-30_01-35-11_label_B2-0-0__4.npy,B2-0-0
City.Of.Men.2007__#01-34-30_01-35-11_label_B2-0-0__5.npy,B2-0-0
City.Of.Men.2007__#01-34-30_01-35-11_label_B2-0-0__6.npy,B2-0-0
City.Of.Men.2007__#01-34-30_01-35-11_label_B2-0-0__7.npy,B2-0-0
City.Of.Men.2007__#01-34-30_01-35-11_label_B2-0-0__8.npy,B2-0-0
City.Of.Men.2007__#01-34-30_01-35-11_label_B2-0-0__9.npy,B2-0-0
City.of.God.2002__#00-02-50_00-03-25_label_B2-0-0__0.npy,B2-0-0
City.of.God.2002__#00-02-50_00-03-25_label_B2-0-0__1.npy,B2-0-0
City.of.God.2002__#00-02-50_00-03-25_label_B2-0-0__2.npy,B2-0-0
City.of.God.2002__#00-02-50_00-03-25_label_B2-0-0__3.npy,B2-0-0
City.of.God.2002__#00-02-50_00-03-25_label_B2-0-0__4.npy,B2-0-0
City.of.God.2002__#00-02-50_00-03-25_label_B2-0-0__5.npy,B2-0-0
City.of.God.2002__#00-02-50_00-03-25_label_B2-0-0__6.npy,B2-0-0
City.of.God.2002__#00-02-50_00-03-25_label_B2-0-0__7.npy,B2-0-0
City.of.God.2002__#00-02-50_00-03-25_label_B2-0-0__8.npy,B2-0-0
City.of.God.2002__#00-02-50_00-03-25_label_B2-0-0__9.npy,B2-0-0
City.of.God.2002__#00-31-35_00-32-30_label_B2-0-0__0.npy,B2-0-0
City.of.God.2002__#00-31-35_00-32-30_label_B2-0-0__1.npy,B2-0-0
City.of.God.2002__#00-31-35_00-32-30_label_B2-0-0__2.npy,B2-0-0
City.of.God.2002__#00-31-35_00-32-30_label_B2-0-0__3.npy,B2-0-0
City.of.God.2002__#00-31-35_00-32-30_label_B2-0-0__4.npy,B2-0-0
City.of.God.2002__#00-31-35_00-32-30_label_B2-0-0__5.npy,B2-0-0
City.of.God.2002__#00-31-35_00-32-30_label_B2-0-0__6.npy,B2-0-0
City.of.God.2002__#00-31-35_00-32-30_label_B2-0-0__7.npy,B2-0-0
City.of.God.2002__#00-31-35_00-32-30_label_B2-0-0__8.npy,B2-0-0
City.of.God.2002__#00-31-35_00-32-30_label_B2-0-0__9.npy,B2-0-0
City.of.God.2002__#00-38-48_00-39-30_label_B2-0-0__0.npy,B2-0-0
City.of.God.2002__#00-38-48_00-39-30_label_B2-0-0__1.npy,B2-0-0
City.of.God.2002__#00-38-48_00-39-30_label_B2-0-0__2.npy,B2-0-0
City.of.God.2002__#00-38-48_00-39-30_label_B2-0-0__3.npy,B2-0-0
City.of.God.2002__#00-38-48_00-39-30_label_B2-0-0__4.npy,B2-0-0
City.of.God.2002__#00-38-48_00-39-30_label_B2-0-0__5.npy,B2-0-0
City.of.God.2002__#00-38-48_00-39-30_label_B2-0-0__6.npy,B2-0-0
City.of.God.2002__#00-38-48_00-39-30_label_B2-0-0__7.npy,B2-0-0
City.of.God.2002__#00-38-48_00-39-30_label_B2-0-0__8.npy,B2-0-0
City.of.God.2002__#00-38-48_00-39-30_label_B2-0-0__9.npy,B2-0-0
City.of.God.2002__#00-42-00_00-43-02_label_B2-0-0__0.npy,B2-0-0
City.of.God.2002__#00-42-00_00-43-02_label_B2-0-0__1.npy,B2-0-0
City.of.God.2002__#00-42-00_00-43-02_label_B2-0-0__2.npy,B2-0-0
City.of.God.2002__#00-42-00_00-43-02_label_B2-0-0__3.npy,B2-0-0
City.of.God.2002__#00-42-00_00-43-02_label_B2-0-0__4.npy,B2-0-0
City.of.God.2002__#00-42-00_00-43-02_label_B2-0-0__5.npy,B2-0-0
City.of.God.2002__#00-42-00_00-43-02_label_B2-0-0__6.npy,B2-0-0
City.of.God.2002__#00-42-00_00-43-02_label_B2-0-0__7.npy,B2-0-0
City.of.God.2002__#00-42-00_00-43-02_label_B2-0-0__8.npy,B2-0-0
City.of.God.2002__#00-42-00_00-43-02_label_B2-0-0__9.npy,B2-0-0
City.of.God.2002__#00-45-31_00-47-11_label_B2-0-0__0.npy,B2-0-0
City.of.God.2002__#00-45-31_00-47-11_label_B2-0-0__1.npy,B2-0-0
City.of.God.2002__#00-45-31_00-47-11_label_B2-0-0__2.npy,B2-0-0
City.of.God.2002__#00-45-31_00-47-11_label_B2-0-0__3.npy,B2-0-0
City.of.God.2002__#00-45-31_00-47-11_label_B2-0-0__4.npy,B2-0-0
City.of.God.2002__#00-45-31_00-47-11_label_B2-0-0__5.npy,B2-0-0
City.of.God.2002__#00-45-31_00-47-11_label_B2-0-0__6.npy,B2-0-0
City.of.God.2002__#00-45-31_00-47-11_label_B2-0-0__7.npy,B2-0-0
City.of.God.2002__#00-45-31_00-47-11_label_B2-0-0__8.npy,B2-0-0
City.of.God.2002__#00-45-31_00-47-11_label_B2-0-0__9.npy,B2-0-0
City.of.God.2002__#00-54-17_00-55-05_label_B2-0-0__0.npy,B2-0-0
City.of.God.2002__#00-54-17_00-55-05_label_B2-0-0__1.npy,B2-0-0
City.of.God.2002__#00-54-17_00-55-05_label_B2-0-0__2.npy,B2-0-0
City.of.God.2002__#00-54-17_00-55-05_label_B2-0-0__3.npy,B2-0-0
City.of.God.2002__#00-54-17_00-55-05_label_B2-0-0__4.npy,B2-0-0
City.of.God.2002__#00-54-17_00-55-05_label_B2-0-0__5.npy,B2-0-0
City.of.God.2002__#00-54-17_00-55-05_label_B2-0-0__6.npy,B2-0-0
City.of.God.2002__#00-54-17_00-55-05_label_B2-0-0__7.npy,B2-0-0
City.of.God.2002__#00-54-17_00-55-05_label_B2-0-0__8.npy,B2-0-0
City.of.God.2002__#00-54-17_00-55-05_label_B2-0-0__9.npy,B2-0-0
City.of.God.2002__#01-26-21_01-27-25_label_B2-0-0__0.npy,B2-0-0
City.of.God.2002__#01-26-21_01-27-25_label_B2-0-0__1.npy,B2-0-0
City.of.God.2002__#01-26-21_01-27-25_label_B2-0-0__2.npy,B2-0-0
City.of.God.2002__#01-26-21_01-27-25_label_B2-0-0__3.npy,B2-0-0
City.of.God.2002__#01-26-21_01-27-25_label_B2-0-0__4.npy,B2-0-0
City.of.God.2002__#01-26-21_01-27-25_label_B2-0-0__5.npy,B2-0-0
City.of.God.2002__#01-26-21_01-27-25_label_B2-0-0__6.npy,B2-0-0
City.of.God.2002__#01-26-21_01-27-25_label_B2-0-0__7.npy,B2-0-0
City.of.God.2002__#01-26-21_01-27-25_label_B2-0-0__8.npy,B2-0-0
City.of.God.2002__#01-26-21_01-27-25_label_B2-0-0__9.npy,B2-0-0
City.of.God.2002__#01-32-31_01-33-11_label_B2-0-0__0.npy,B2-0-0
City.of.God.2002__#01-32-31_01-33-11_label_B2-0-0__1.npy,B2-0-0
City.of.God.2002__#01-32-31_01-33-11_label_B2-0-0__2.npy,B2-0-0
City.of.God.2002__#01-32-31_01-33-11_label_B2-0-0__3.npy,B2-0-0
City.of.God.2002__#01-32-31_01-33-11_label_B2-0-0__4.npy,B2-0-0
City.of.God.2002__#01-32-31_01-33-11_label_B2-0-0__5.npy,B2-0-0
City.of.God.2002__#01-32-31_01-33-11_label_B2-0-0__6.npy,B2-0-0
City.of.God.2002__#01-32-31_01-33-11_label_B2-0-0__7.npy,B2-0-0
City.of.God.2002__#01-32-31_01-33-11_label_B2-0-0__8.npy,B2-0-0
City.of.God.2002__#01-32-31_01-33-11_label_B2-0-0__9.npy,B2-0-0
City.of.God.2002__#01-33-30_01-34-50_label_B2-0-0__0.npy,B2-0-0
City.of.God.2002__#01-33-30_01-34-50_label_B2-0-0__1.npy,B2-0-0
City.of.God.2002__#01-33-30_01-34-50_label_B2-0-0__2.npy,B2-0-0
City.of.God.2002__#01-33-30_01-34-50_label_B2-0-0__3.npy,B2-0-0
City.of.God.2002__#01-33-30_01-34-50_label_B2-0-0__4.npy,B2-0-0
City.of.God.2002__#01-33-30_01-34-50_label_B2-0-0__5.npy,B2-0-0
City.of.God.2002__#01-33-30_01-34-50_label_B2-0-0__6.npy,B2-0-0
City.of.God.2002__#01-33-30_01-34-50_label_B2-0-0__7.npy,B2-0-0
City.of.God.2002__#01-33-30_01-34-50_label_B2-0-0__8.npy,B2-0-0
City.of.God.2002__#01-33-30_01-34-50_label_B2-0-0__9.npy,B2-0-0
City.of.God.2002__#01-35-27_01-36-12_label_B2-0-0__0.npy,B2-0-0
City.of.God.2002__#01-35-27_01-36-12_label_B2-0-0__1.npy,B2-0-0
City.of.God.2002__#01-35-27_01-36-12_label_B2-0-0__2.npy,B2-0-0
City.of.God.2002__#01-35-27_01-36-12_label_B2-0-0__3.npy,B2-0-0
City.of.God.2002__#01-35-27_01-36-12_label_B2-0-0__4.npy,B2-0-0
City.of.God.2002__#01-35-27_01-36-12_label_B2-0-0__5.npy,B2-0-0
City.of.God.2002__#01-35-27_01-36-12_label_B2-0-0__6.npy,B2-0-0
City.of.God.2002__#01-35-27_01-36-12_label_B2-0-0__7.npy,B2-0-0
City.of.God.2002__#01-35-27_01-36-12_label_B2-0-0__8.npy,B2-0-0
City.of.God.2002__#01-35-27_01-36-12_label_B2-0-0__9.npy,B2-0-0
City.of.God.2002__#01-38-31_01-39-00_label_B2-0-0__0.npy,B2-0-0
City.of.God.2002__#01-38-31_01-39-00_label_B2-0-0__1.npy,B2-0-0
City.of.God.2002__#01-38-31_01-39-00_label_B2-0-0__2.npy,B2-0-0
City.of.God.2002__#01-38-31_01-39-00_label_B2-0-0__3.npy,B2-0-0
City.of.God.2002__#01-38-31_01-39-00_label_B2-0-0__4.npy,B2-0-0
City.of.God.2002__#01-38-31_01-39-00_label_B2-0-0__5.npy,B2-0-0
City.of.God.2002__#01-38-31_01-39-00_label_B2-0-0__6.npy,B2-0-0
City.of.God.2002__#01-38-31_01-39-00_label_B2-0-0__7.npy,B2-0-0
City.of.God.2002__#01-38-31_01-39-00_label_B2-0-0__8.npy,B2-0-0
City.of.God.2002__#01-38-31_01-39-00_label_B2-0-0__9.npy,B2-0-0
City.of.God.2002__#01-56-21_01-57-30_label_B2-0-0__0.npy,B2-0-0
City.of.God.2002__#01-56-21_01-57-30_label_B2-0-0__1.npy,B2-0-0
City.of.God.2002__#01-56-21_01-57-30_label_B2-0-0__2.npy,B2-0-0
City.of.God.2002__#01-56-21_01-57-30_label_B2-0-0__3.npy,B2-0-0
City.of.God.2002__#01-56-21_01-57-30_label_B2-0-0__4.npy,B2-0-0
City.of.God.2002__#01-56-21_01-57-30_label_B2-0-0__5.npy,B2-0-0
City.of.God.2002__#01-56-21_01-57-30_label_B2-0-0__6.npy,B2-0-0
City.of.God.2002__#01-56-21_01-57-30_label_B2-0-0__7.npy,B2-0-0
City.of.God.2002__#01-56-21_01-57-30_label_B2-0-0__8.npy,B2-0-0
City.of.God.2002__#01-56-21_01-57-30_label_B2-0-0__9.npy,B2-0-0
City.of.God.2002__#02-00-11_02-01-40_label_B2-0-0__0.npy,B2-0-0
City.of.God.2002__#02-00-11_02-01-40_label_B2-0-0__1.npy,B2-0-0
City.of.God.2002__#02-00-11_02-01-40_label_B2-0-0__2.npy,B2-0-0
City.of.God.2002__#02-00-11_02-01-40_label_B2-0-0__3.npy,B2-0-0
City.of.God.2002__#02-00-11_02-01-40_label_B2-0-0__4.npy,B2-0-0
City.of.God.2002__#02-00-11_02-01-40_label_B2-0-0__5.npy,B2-0-0
City.of.God.2002__#02-00-11_02-01-40_label_B2-0-0__6.npy,B2-0-0
City.of.God.2002__#02-00-11_02-01-40_label_B2-0-0__7.npy,B2-0-0
City.of.God.2002__#02-00-11_02-01-40_label_B2-0-0__8.npy,B2-0-0
City.of.God.2002__#02-00-11_02-01-40_label_B2-0-0__9.npy,B2-0-0
Crank.Dircut.2006__#0-29-02_0-29-32_label_B2-0-0__0.npy,B2-0-0
Crank.Dircut.2006__#0-29-02_0-29-32_label_B2-0-0__1.npy,B2-0-0
Crank.Dircut.2006__#0-29-02_0-29-32_label_B2-0-0__2.npy,B2-0-0
Crank.Dircut.2006__#0-29-02_0-29-32_label_B2-0-0__3.npy,B2-0-0
Crank.Dircut.2006__#0-29-02_0-29-32_label_B2-0-0__4.npy,B2-0-0
Crank.Dircut.2006__#0-29-02_0-29-32_label_B2-0-0__5.npy,B2-0-0
Crank.Dircut.2006__#0-29-02_0-29-32_label_B2-0-0__6.npy,B2-0-0
Crank.Dircut.2006__#0-29-02_0-29-32_label_B2-0-0__7.npy,B2-0-0
Crank.Dircut.2006__#0-29-02_0-29-32_label_B2-0-0__8.npy,B2-0-0
Crank.Dircut.2006__#0-29-02_0-29-32_label_B2-0-0__9.npy,B2-0-0
Crank.Dircut.2006__#01-01-10_01-02-01_label_B2-0-0__0.npy,B2-0-0
Crank.Dircut.2006__#01-01-10_01-02-01_label_B2-0-0__1.npy,B2-0-0
Crank.Dircut.2006__#01-01-10_01-02-01_label_B2-0-0__2.npy,B2-0-0
Crank.Dircut.2006__#01-01-10_01-02-01_label_B2-0-0__3.npy,B2-0-0
Crank.Dircut.2006__#01-01-10_01-02-01_label_B2-0-0__4.npy,B2-0-0
Crank.Dircut.2006__#01-01-10_01-02-01_label_B2-0-0__5.npy,B2-0-0
Crank.Dircut.2006__#01-01-10_01-02-01_label_B2-0-0__6.npy,B2-0-0
Crank.Dircut.2006__#01-01-10_01-02-01_label_B2-0-0__7.npy,B2-0-0
Crank.Dircut.2006__#01-01-10_01-02-01_label_B2-0-0__8.npy,B2-0-0
Crank.Dircut.2006__#01-01-10_01-02-01_label_B2-0-0__9.npy,B2-0-0
Crank.Dircut.2006__#01-02-04_01-02-32_label_B2-0-0__0.npy,B2-0-0
Crank.Dircut.2006__#01-02-04_01-02-32_label_B2-0-0__1.npy,B2-0-0
Crank.Dircut.2006__#01-02-04_01-02-32_label_B2-0-0__2.npy,B2-0-0
Crank.Dircut.2006__#01-02-04_01-02-32_label_B2-0-0__3.npy,B2-0-0
Crank.Dircut.2006__#01-02-04_01-02-32_label_B2-0-0__4.npy,B2-0-0
Crank.Dircut.2006__#01-02-04_01-02-32_label_B2-0-0__5.npy,B2-0-0
Crank.Dircut.2006__#01-02-04_01-02-32_label_B2-0-0__6.npy,B2-0-0
Crank.Dircut.2006__#01-02-04_01-02-32_label_B2-0-0__7.npy,B2-0-0
Crank.Dircut.2006__#01-02-04_01-02-32_label_B2-0-0__8.npy,B2-0-0
Crank.Dircut.2006__#01-02-04_01-02-32_label_B2-0-0__9.npy,B2-0-0
Crank.Dircut.2006__#01-03-52_01-04-23_label_B2-0-0__0.npy,B2-0-0
Crank.Dircut.2006__#01-03-52_01-04-23_label_B2-0-0__1.npy,B2-0-0
Crank.Dircut.2006__#01-03-52_01-04-23_label_B2-0-0__2.npy,B2-0-0
Crank.Dircut.2006__#01-03-52_01-04-23_label_B2-0-0__3.npy,B2-0-0
Crank.Dircut.2006__#01-03-52_01-04-23_label_B2-0-0__4.npy,B2-0-0
Crank.Dircut.2006__#01-03-52_01-04-23_label_B2-0-0__5.npy,B2-0-0
Crank.Dircut.2006__#01-03-52_01-04-23_label_B2-0-0__6.npy,B2-0-0
Crank.Dircut.2006__#01-03-52_01-04-23_label_B2-0-0__7.npy,B2-0-0
Crank.Dircut.2006__#01-03-52_01-04-23_label_B2-0-0__8.npy,B2-0-0
Crank.Dircut.2006__#01-03-52_01-04-23_label_B2-0-0__9.npy,B2-0-0
Crank.Dircut.2006__#01-04-45_01-05-36_label_B2-0-0__0.npy,B2-0-0
Crank.Dircut.2006__#01-04-45_01-05-36_label_B2-0-0__1.npy,B2-0-0
Crank.Dircut.2006__#01-04-45_01-05-36_label_B2-0-0__2.npy,B2-0-0
Crank.Dircut.2006__#01-04-45_01-05-36_label_B2-0-0__3.npy,B2-0-0
Crank.Dircut.2006__#01-04-45_01-05-36_label_B2-0-0__4.npy,B2-0-0
Crank.Dircut.2006__#01-04-45_01-05-36_label_B2-0-0__5.npy,B2-0-0
Crank.Dircut.2006__#01-04-45_01-05-36_label_B2-0-0__6.npy,B2-0-0
Crank.Dircut.2006__#01-04-45_01-05-36_label_B2-0-0__7.npy,B2-0-0
Crank.Dircut.2006__#01-04-45_01-05-36_label_B2-0-0__8.npy,B2-0-0
Crank.Dircut.2006__#01-04-45_01-05-36_label_B2-0-0__9.npy,B2-0-0
Crank.Dircut.2006__#01-20-35_01-23-33_label_B2-0-0__0.npy,B2-0-0
Crank.Dircut.2006__#01-20-35_01-23-33_label_B2-0-0__1.npy,B2-0-0
Crank.Dircut.2006__#01-20-35_01-23-33_label_B2-0-0__2.npy,B2-0-0
Crank.Dircut.2006__#01-20-35_01-23-33_label_B2-0-0__3.npy,B2-0-0
Crank.Dircut.2006__#01-20-35_01-23-33_label_B2-0-0__4.npy,B2-0-0
Crank.Dircut.2006__#01-20-35_01-23-33_label_B2-0-0__5.npy,B2-0-0
Crank.Dircut.2006__#01-20-35_01-23-33_label_B2-0-0__6.npy,B2-0-0
Crank.Dircut.2006__#01-20-35_01-23-33_label_B2-0-0__7.npy,B2-0-0
Crank.Dircut.2006__#01-20-35_01-23-33_label_B2-0-0__8.npy,B2-0-0
Crank.Dircut.2006__#01-20-35_01-23-33_label_B2-0-0__9.npy,B2-0-0
Deadpool.2.2018__#0-03-38_0-03-50_label_B2-0-0__0.npy,B2-0-0
Deadpool.2.2018__#0-03-38_0-03-50_label_B2-0-0__1.npy,B2-0-0
Deadpool.2.2018__#0-03-38_0-03-50_label_B2-0-0__2.npy,B2-0-0
Deadpool.2.2018__#0-03-38_0-03-50_label_B2-0-0__3.npy,B2-0-0
Deadpool.2.2018__#0-03-38_0-03-50_label_B2-0-0__4.npy,B2-0-0
Deadpool.2.2018__#0-03-38_0-03-50_label_B2-0-0__5.npy,B2-0-0
Deadpool.2.2018__#0-03-38_0-03-50_label_B2-0-0__6.npy,B2-0-0
Deadpool.2.2018__#0-03-38_0-03-50_label_B2-0-0__7.npy,B2-0-0
Deadpool.2.2018__#0-03-38_0-03-50_label_B2-0-0__8.npy,B2-0-0
Deadpool.2.2018__#0-03-38_0-03-50_label_B2-0-0__9.npy,B2-0-0
Deadpool.2016__#0-10-14_0-12-16_label_B2-0-0__0.npy,B2-0-0
Deadpool.2016__#0-10-14_0-12-16_label_B2-0-0__1.npy,B2-0-0
Deadpool.2016__#0-10-14_0-12-16_label_B2-0-0__2.npy,B2-0-0
Deadpool.2016__#0-10-14_0-12-16_label_B2-0-0__3.npy,B2-0-0
Deadpool.2016__#0-10-14_0-12-16_label_B2-0-0__4.npy,B2-0-0
Deadpool.2016__#0-10-14_0-12-16_label_B2-0-0__5.npy,B2-0-0
Deadpool.2016__#0-10-14_0-12-16_label_B2-0-0__6.npy,B2-0-0
Deadpool.2016__#0-10-14_0-12-16_label_B2-0-0__7.npy,B2-0-0
Deadpool.2016__#0-10-14_0-12-16_label_B2-0-0__8.npy,B2-0-0
Deadpool.2016__#0-10-14_0-12-16_label_B2-0-0__9.npy,B2-0-0
Deadpool.2016__#01-00-24_01-00-35_label_B2-0-0__0.npy,B2-0-0
Deadpool.2016__#01-00-24_01-00-35_label_B2-0-0__1.npy,B2-0-0
Deadpool.2016__#01-00-24_01-00-35_label_B2-0-0__2.npy,B2-0-0
Deadpool.2016__#01-00-24_01-00-35_label_B2-0-0__3.npy,B2-0-0
Deadpool.2016__#01-00-24_01-00-35_label_B2-0-0__4.npy,B2-0-0
Deadpool.2016__#01-00-24_01-00-35_label_B2-0-0__5.npy,B2-0-0
Deadpool.2016__#01-00-24_01-00-35_label_B2-0-0__6.npy,B2-0-0
Deadpool.2016__#01-00-24_01-00-35_label_B2-0-0__7.npy,B2-0-0
Deadpool.2016__#01-00-24_01-00-35_label_B2-0-0__8.npy,B2-0-0
Deadpool.2016__#01-00-24_01-00-35_label_B2-0-0__9.npy,B2-0-0
Deadpool.2016__#01-22-32_01-22-41_label_B2-0-0__0.npy,B2-0-0
Deadpool.2016__#01-22-32_01-22-41_label_B2-0-0__1.npy,B2-0-0
Deadpool.2016__#01-22-32_01-22-41_label_B2-0-0__2.npy,B2-0-0
Deadpool.2016__#01-22-32_01-22-41_label_B2-0-0__3.npy,B2-0-0
Deadpool.2016__#01-22-32_01-22-41_label_B2-0-0__4.npy,B2-0-0
Deadpool.2016__#01-22-32_01-22-41_label_B2-0-0__5.npy,B2-0-0
Deadpool.2016__#01-22-32_01-22-41_label_B2-0-0__6.npy,B2-0-0
Deadpool.2016__#01-22-32_01-22-41_label_B2-0-0__7.npy,B2-0-0
Deadpool.2016__#01-22-32_01-22-41_label_B2-0-0__8.npy,B2-0-0
Deadpool.2016__#01-22-32_01-22-41_label_B2-0-0__9.npy,B2-0-0
Death.Proof.2007__#01-38-04_01-38-25_label_B2-0-0__0.npy,B2-0-0
Death.Proof.2007__#01-38-04_01-38-25_label_B2-0-0__1.npy,B2-0-0
Death.Proof.2007__#01-38-04_01-38-25_label_B2-0-0__2.npy,B2-0-0
Death.Proof.2007__#01-38-04_01-38-25_label_B2-0-0__3.npy,B2-0-0
Death.Proof.2007__#01-38-04_01-38-25_label_B2-0-0__4.npy,B2-0-0
Death.Proof.2007__#01-38-04_01-38-25_label_B2-0-0__5.npy,B2-0-0
Death.Proof.2007__#01-38-04_01-38-25_label_B2-0-0__6.npy,B2-0-0
Death.Proof.2007__#01-38-04_01-38-25_label_B2-0-0__7.npy,B2-0-0
Death.Proof.2007__#01-38-04_01-38-25_label_B2-0-0__8.npy,B2-0-0
Death.Proof.2007__#01-38-04_01-38-25_label_B2-0-0__9.npy,B2-0-0
Desperado.1995__#00-27-45_00-28-07_label_B2-0-0__0.npy,B2-0-0
Desperado.1995__#00-27-45_00-28-07_label_B2-0-0__1.npy,B2-0-0
Desperado.1995__#00-27-45_00-28-07_label_B2-0-0__2.npy,B2-0-0
Desperado.1995__#00-27-45_00-28-07_label_B2-0-0__3.npy,B2-0-0
Desperado.1995__#00-27-45_00-28-07_label_B2-0-0__4.npy,B2-0-0
Desperado.1995__#00-27-45_00-28-07_label_B2-0-0__5.npy,B2-0-0
Desperado.1995__#00-27-45_00-28-07_label_B2-0-0__6.npy,B2-0-0
Desperado.1995__#00-27-45_00-28-07_label_B2-0-0__7.npy,B2-0-0
Desperado.1995__#00-27-45_00-28-07_label_B2-0-0__8.npy,B2-0-0
Desperado.1995__#00-27-45_00-28-07_label_B2-0-0__9.npy,B2-0-0
Desperado.1995__#01-20-31_01-21-27_label_B2-0-0__0.npy,B2-0-0
Desperado.1995__#01-20-31_01-21-27_label_B2-0-0__1.npy,B2-0-0
Desperado.1995__#01-20-31_01-21-27_label_B2-0-0__2.npy,B2-0-0
Desperado.1995__#01-20-31_01-21-27_label_B2-0-0__3.npy,B2-0-0
Desperado.1995__#01-20-31_01-21-27_label_B2-0-0__4.npy,B2-0-0
Desperado.1995__#01-20-31_01-21-27_label_B2-0-0__5.npy,B2-0-0
Desperado.1995__#01-20-31_01-21-27_label_B2-0-0__6.npy,B2-0-0
Desperado.1995__#01-20-31_01-21-27_label_B2-0-0__7.npy,B2-0-0
Desperado.1995__#01-20-31_01-21-27_label_B2-0-0__8.npy,B2-0-0
Desperado.1995__#01-20-31_01-21-27_label_B2-0-0__9.npy,B2-0-0
Fast.Five.2011__#00-30-33_00-31-13_label_B2-0-0__0.npy,B2-0-0
Fast.Five.2011__#00-30-33_00-31-13_label_B2-0-0__1.npy,B2-0-0
Fast.Five.2011__#00-30-33_00-31-13_label_B2-0-0__2.npy,B2-0-0
Fast.Five.2011__#00-30-33_00-31-13_label_B2-0-0__3.npy,B2-0-0
Fast.Five.2011__#00-30-33_00-31-13_label_B2-0-0__4.npy,B2-0-0
Fast.Five.2011__#00-30-33_00-31-13_label_B2-0-0__5.npy,B2-0-0
Fast.Five.2011__#00-30-33_00-31-13_label_B2-0-0__6.npy,B2-0-0
Fast.Five.2011__#00-30-33_00-31-13_label_B2-0-0__7.npy,B2-0-0
Fast.Five.2011__#00-30-33_00-31-13_label_B2-0-0__8.npy,B2-0-0
Fast.Five.2011__#00-30-33_00-31-13_label_B2-0-0__9.npy,B2-0-0
Fast.Five.2011__#01-34-41_01-35-12_label_B2-0-0__0.npy,B2-0-0
Fast.Five.2011__#01-34-41_01-35-12_label_B2-0-0__1.npy,B2-0-0
Fast.Five.2011__#01-34-41_01-35-12_label_B2-0-0__2.npy,B2-0-0
Fast.Five.2011__#01-34-41_01-35-12_label_B2-0-0__3.npy,B2-0-0
Fast.Five.2011__#01-34-41_01-35-12_label_B2-0-0__4.npy,B2-0-0
Fast.Five.2011__#01-34-41_01-35-12_label_B2-0-0__5.npy,B2-0-0
Fast.Five.2011__#01-34-41_01-35-12_label_B2-0-0__6.npy,B2-0-0
Fast.Five.2011__#01-34-41_01-35-12_label_B2-0-0__7.npy,B2-0-0
Fast.Five.2011__#01-34-41_01-35-12_label_B2-0-0__8.npy,B2-0-0
Fast.Five.2011__#01-34-41_01-35-12_label_B2-0-0__9.npy,B2-0-0
Fast.Five.2011__#01-40-08_01-40-22_label_B2-0-0__0.npy,B2-0-0
Fast.Five.2011__#01-40-08_01-40-22_label_B2-0-0__1.npy,B2-0-0
Fast.Five.2011__#01-40-08_01-40-22_label_B2-0-0__2.npy,B2-0-0
Fast.Five.2011__#01-40-08_01-40-22_label_B2-0-0__3.npy,B2-0-0
Fast.Five.2011__#01-40-08_01-40-22_label_B2-0-0__4.npy,B2-0-0
Fast.Five.2011__#01-40-08_01-40-22_label_B2-0-0__5.npy,B2-0-0
Fast.Five.2011__#01-40-08_01-40-22_label_B2-0-0__6.npy,B2-0-0
Fast.Five.2011__#01-40-08_01-40-22_label_B2-0-0__7.npy,B2-0-0
Fast.Five.2011__#01-40-08_01-40-22_label_B2-0-0__8.npy,B2-0-0
Fast.Five.2011__#01-40-08_01-40-22_label_B2-0-0__9.npy,B2-0-0
Fast.Five.2011__#01-51-50_01-52-04_label_B2-0-0__0.npy,B2-0-0
Fast.Five.2011__#01-51-50_01-52-04_label_B2-0-0__1.npy,B2-0-0
Fast.Five.2011__#01-51-50_01-52-04_label_B2-0-0__2.npy,B2-0-0
Fast.Five.2011__#01-51-50_01-52-04_label_B2-0-0__3.npy,B2-0-0
Fast.Five.2011__#01-51-50_01-52-04_label_B2-0-0__4.npy,B2-0-0
Fast.Five.2011__#01-51-50_01-52-04_label_B2-0-0__5.npy,B2-0-0
Fast.Five.2011__#01-51-50_01-52-04_label_B2-0-0__6.npy,B2-0-0
Fast.Five.2011__#01-51-50_01-52-04_label_B2-0-0__7.npy,B2-0-0
Fast.Five.2011__#01-51-50_01-52-04_label_B2-0-0__8.npy,B2-0-0
Fast.Five.2011__#01-51-50_01-52-04_label_B2-0-0__9.npy,B2-0-0
Fast.Furious.2009__#00-13-50_00-14-04_label_B2-0-0__0.npy,B2-0-0
Fast.Furious.2009__#00-13-50_00-14-04_label_B2-0-0__1.npy,B2-0-0
Fast.Furious.2009__#00-13-50_00-14-04_label_B2-0-0__2.npy,B2-0-0
Fast.Furious.2009__#00-13-50_00-14-04_label_B2-0-0__3.npy,B2-0-0
Fast.Furious.2009__#00-13-50_00-14-04_label_B2-0-0__4.npy,B2-0-0
Fast.Furious.2009__#00-13-50_00-14-04_label_B2-0-0__5.npy,B2-0-0
Fast.Furious.2009__#00-13-50_00-14-04_label_B2-0-0__6.npy,B2-0-0
Fast.Furious.2009__#00-13-50_00-14-04_label_B2-0-0__7.npy,B2-0-0
Fast.Furious.2009__#00-13-50_00-14-04_label_B2-0-0__8.npy,B2-0-0
Fast.Furious.2009__#00-13-50_00-14-04_label_B2-0-0__9.npy,B2-0-0
Fast.Furious.6.2013__#00-17-50_00-18-27_label_B2-0-0__0.npy,B2-0-0
Fast.Furious.6.2013__#00-17-50_00-18-27_label_B2-0-0__1.npy,B2-0-0
Fast.Furious.6.2013__#00-17-50_00-18-27_label_B2-0-0__2.npy,B2-0-0
Fast.Furious.6.2013__#00-17-50_00-18-27_label_B2-0-0__3.npy,B2-0-0
Fast.Furious.6.2013__#00-17-50_00-18-27_label_B2-0-0__4.npy,B2-0-0
Fast.Furious.6.2013__#00-17-50_00-18-27_label_B2-0-0__5.npy,B2-0-0
Fast.Furious.6.2013__#00-17-50_00-18-27_label_B2-0-0__6.npy,B2-0-0
Fast.Furious.6.2013__#00-17-50_00-18-27_label_B2-0-0__7.npy,B2-0-0
Fast.Furious.6.2013__#00-17-50_00-18-27_label_B2-0-0__8.npy,B2-0-0
Fast.Furious.6.2013__#00-17-50_00-18-27_label_B2-0-0__9.npy,B2-0-0
Fast.Furious.6.2013__#00-24-40_00-25-40_label_B2-0-0__0.npy,B2-0-0
Fast.Furious.6.2013__#00-24-40_00-25-40_label_B2-0-0__1.npy,B2-0-0
Fast.Furious.6.2013__#00-24-40_00-25-40_label_B2-0-0__2.npy,B2-0-0
Fast.Furious.6.2013__#00-24-40_00-25-40_label_B2-0-0__3.npy,B2-0-0
Fast.Furious.6.2013__#00-24-40_00-25-40_label_B2-0-0__4.npy,B2-0-0
Fast.Furious.6.2013__#00-24-40_00-25-40_label_B2-0-0__5.npy,B2-0-0
Fast.Furious.6.2013__#00-24-40_00-25-40_label_B2-0-0__6.npy,B2-0-0
Fast.Furious.6.2013__#00-24-40_00-25-40_label_B2-0-0__7.npy,B2-0-0
Fast.Furious.6.2013__#00-24-40_00-25-40_label_B2-0-0__8.npy,B2-0-0
Fast.Furious.6.2013__#00-24-40_00-25-40_label_B2-0-0__9.npy,B2-0-0
From.Dusk.Till.Dawn.1996__#00-06-15_00-07-30_label_B2-0-0__0.npy,B2-0-0
From.Dusk.Till.Dawn.1996__#00-06-15_00-07-30_label_B2-0-0__1.npy,B2-0-0
From.Dusk.Till.Dawn.1996__#00-06-15_00-07-30_label_B2-0-0__2.npy,B2-0-0
From.Dusk.Till.Dawn.1996__#00-06-15_00-07-30_label_B2-0-0__3.npy,B2-0-0
From.Dusk.Till.Dawn.1996__#00-06-15_00-07-30_label_B2-0-0__4.npy,B2-0-0
From.Dusk.Till.Dawn.1996__#00-06-15_00-07-30_label_B2-0-0__5.npy,B2-0-0
From.Dusk.Till.Dawn.1996__#00-06-15_00-07-30_label_B2-0-0__6.npy,B2-0-0
From.Dusk.Till.Dawn.1996__#00-06-15_00-07-30_label_B2-0-0__7.npy,B2-0-0
From.Dusk.Till.Dawn.1996__#00-06-15_00-07-30_label_B2-0-0__8.npy,B2-0-0
From.Dusk.Till.Dawn.1996__#00-06-15_00-07-30_label_B2-0-0__9.npy,B2-0-0
God.Bless.America.2011__#00-02-00_00-02-25_label_B2-0-0__0.npy,B2-0-0
God.Bless.America.2011__#00-02-00_00-02-25_label_B2-0-0__1.npy,B2-0-0
God.Bless.America.2011__#00-02-00_00-02-25_label_B2-0-0__2.npy,B2-0-0
God.Bless.America.2011__#00-02-00_00-02-25_label_B2-0-0__3.npy,B2-0-0
God.Bless.America.2011__#00-02-00_00-02-25_label_B2-0-0__4.npy,B2-0-0
God.Bless.America.2011__#00-02-00_00-02-25_label_B2-0-0__5.npy,B2-0-0
God.Bless.America.2011__#00-02-00_00-02-25_label_B2-0-0__6.npy,B2-0-0
God.Bless.America.2011__#00-02-00_00-02-25_label_B2-0-0__7.npy,B2-0-0
God.Bless.America.2011__#00-02-00_00-02-25_label_B2-0-0__8.npy,B2-0-0
God.Bless.America.2011__#00-02-00_00-02-25_label_B2-0-0__9.npy,B2-0-0
God.Bless.America.2011__#00-48-15_00-49-11_label_B2-0-0__0.npy,B2-0-0
God.Bless.America.2011__#00-48-15_00-49-11_label_B2-0-0__1.npy,B2-0-0
God.Bless.America.2011__#00-48-15_00-49-11_label_B2-0-0__2.npy,B2-0-0
God.Bless.America.2011__#00-48-15_00-49-11_label_B2-0-0__3.npy,B2-0-0
God.Bless.America.2011__#00-48-15_00-49-11_label_B2-0-0__4.npy,B2-0-0
God.Bless.America.2011__#00-48-15_00-49-11_label_B2-0-0__5.npy,B2-0-0
God.Bless.America.2011__#00-48-15_00-49-11_label_B2-0-0__6.npy,B2-0-0
God.Bless.America.2011__#00-48-15_00-49-11_label_B2-0-0__7.npy,B2-0-0
God.Bless.America.2011__#00-48-15_00-49-11_label_B2-0-0__8.npy,B2-0-0
God.Bless.America.2011__#00-48-15_00-49-11_label_B2-0-0__9.npy,B2-0-0
God.Bless.America.2011__#00-52-07_00-53-55_label_B2-0-0__0.npy,B2-0-0
God.Bless.America.2011__#00-52-07_00-53-55_label_B2-0-0__1.npy,B2-0-0
God.Bless.America.2011__#00-52-07_00-53-55_label_B2-0-0__2.npy,B2-0-0
God.Bless.America.2011__#00-52-07_00-53-55_label_B2-0-0__3.npy,B2-0-0
God.Bless.America.2011__#00-52-07_00-53-55_label_B2-0-0__4.npy,B2-0-0
God.Bless.America.2011__#00-52-07_00-53-55_label_B2-0-0__5.npy,B2-0-0
God.Bless.America.2011__#00-52-07_00-53-55_label_B2-0-0__6.npy,B2-0-0
God.Bless.America.2011__#00-52-07_00-53-55_label_B2-0-0__7.npy,B2-0-0
God.Bless.America.2011__#00-52-07_00-53-55_label_B2-0-0__8.npy,B2-0-0
God.Bless.America.2011__#00-52-07_00-53-55_label_B2-0-0__9.npy,B2-0-0
God.Bless.America.2011__#01-08-47_01-09-21_label_B2-0-0__0.npy,B2-0-0
God.Bless.America.2011__#01-08-47_01-09-21_label_B2-0-0__1.npy,B2-0-0
God.Bless.America.2011__#01-08-47_01-09-21_label_B2-0-0__2.npy,B2-0-0
God.Bless.America.2011__#01-08-47_01-09-21_label_B2-0-0__3.npy,B2-0-0
God.Bless.America.2011__#01-08-47_01-09-21_label_B2-0-0__4.npy,B2-0-0
God.Bless.America.2011__#01-08-47_01-09-21_label_B2-0-0__5.npy,B2-0-0
God.Bless.America.2011__#01-08-47_01-09-21_label_B2-0-0__6.npy,B2-0-0
God.Bless.America.2011__#01-08-47_01-09-21_label_B2-0-0__7.npy,B2-0-0
God.Bless.America.2011__#01-08-47_01-09-21_label_B2-0-0__8.npy,B2-0-0
God.Bless.America.2011__#01-08-47_01-09-21_label_B2-0-0__9.npy,B2-0-0
God.Bless.America.2011__#01-33-26_01-35-50_label_B2-0-0__0.npy,B2-0-0
God.Bless.America.2011__#01-33-26_01-35-50_label_B2-0-0__1.npy,B2-0-0
God.Bless.America.2011__#01-33-26_01-35-50_label_B2-0-0__2.npy,B2-0-0
God.Bless.America.2011__#01-33-26_01-35-50_label_B2-0-0__3.npy,B2-0-0
God.Bless.America.2011__#01-33-26_01-35-50_label_B2-0-0__4.npy,B2-0-0
God.Bless.America.2011__#01-33-26_01-35-50_label_B2-0-0__5.npy,B2-0-0
God.Bless.America.2011__#01-33-26_01-35-50_label_B2-0-0__6.npy,B2-0-0
God.Bless.America.2011__#01-33-26_01-35-50_label_B2-0-0__7.npy,B2-0-0
God.Bless.America.2011__#01-33-26_01-35-50_label_B2-0-0__8.npy,B2-0-0
God.Bless.America.2011__#01-33-26_01-35-50_label_B2-0-0__9.npy,B2-0-0
God.Bless.America.2011__#01-38-25_01-39-20_label_B2-0-0__0.npy,B2-0-0
God.Bless.America.2011__#01-38-25_01-39-20_label_B2-0-0__1.npy,B2-0-0
God.Bless.America.2011__#01-38-25_01-39-20_label_B2-0-0__2.npy,B2-0-0
God.Bless.America.2011__#01-38-25_01-39-20_label_B2-0-0__3.npy,B2-0-0
God.Bless.America.2011__#01-38-25_01-39-20_label_B2-0-0__4.npy,B2-0-0
God.Bless.America.2011__#01-38-25_01-39-20_label_B2-0-0__5.npy,B2-0-0
God.Bless.America.2011__#01-38-25_01-39-20_label_B2-0-0__6.npy,B2-0-0
God.Bless.America.2011__#01-38-25_01-39-20_label_B2-0-0__7.npy,B2-0-0
God.Bless.America.2011__#01-38-25_01-39-20_label_B2-0-0__8.npy,B2-0-0
God.Bless.America.2011__#01-38-25_01-39-20_label_B2-0-0__9.npy,B2-0-0
GoldenEye.1995__#00-08-07_00-09-04_label_B2-0-0__0.npy,B2-0-0
GoldenEye.1995__#00-08-07_00-09-04_label_B2-0-0__1.npy,B2-0-0
GoldenEye.1995__#00-08-07_00-09-04_label_B2-0-0__2.npy,B2-0-0
GoldenEye.1995__#00-08-07_00-09-04_label_B2-0-0__3.npy,B2-0-0
GoldenEye.1995__#00-08-07_00-09-04_label_B2-0-0__4.npy,B2-0-0
GoldenEye.1995__#00-08-07_00-09-04_label_B2-0-0__5.npy,B2-0-0
GoldenEye.1995__#00-08-07_00-09-04_label_B2-0-0__6.npy,B2-0-0
GoldenEye.1995__#00-08-07_00-09-04_label_B2-0-0__7.npy,B2-0-0
GoldenEye.1995__#00-08-07_00-09-04_label_B2-0-0__8.npy,B2-0-0
GoldenEye.1995__#00-08-07_00-09-04_label_B2-0-0__9.npy,B2-0-0
GoldenEye.1995__#00-26-45_00-27-14_label_B2-0-0__0.npy,B2-0-0
GoldenEye.1995__#00-26-45_00-27-14_label_B2-0-0__1.npy,B2-0-0
GoldenEye.1995__#00-26-45_00-27-14_label_B2-0-0__2.npy,B2-0-0
GoldenEye.1995__#00-26-45_00-27-14_label_B2-0-0__3.npy,B2-0-0
GoldenEye.1995__#00-26-45_00-27-14_label_B2-0-0__4.npy,B2-0-0
GoldenEye.1995__#00-26-45_00-27-14_label_B2-0-0__5.npy,B2-0-0
GoldenEye.1995__#00-26-45_00-27-14_label_B2-0-0__6.npy,B2-0-0
GoldenEye.1995__#00-26-45_00-27-14_label_B2-0-0__7.npy,B2-0-0
GoldenEye.1995__#00-26-45_00-27-14_label_B2-0-0__8.npy,B2-0-0
GoldenEye.1995__#00-26-45_00-27-14_label_B2-0-0__9.npy,B2-0-0
GoldenEye.1995__#00-33-26_00-34-08_label_B2-0-0__0.npy,B2-0-0
GoldenEye.1995__#00-33-26_00-34-08_label_B2-0-0__1.npy,B2-0-0
GoldenEye.1995__#00-33-26_00-34-08_label_B2-0-0__2.npy,B2-0-0
GoldenEye.1995__#00-33-26_00-34-08_label_B2-0-0__3.npy,B2-0-0
GoldenEye.1995__#00-33-26_00-34-08_label_B2-0-0__4.npy,B2-0-0
GoldenEye.1995__#00-33-26_00-34-08_label_B2-0-0__5.npy,B2-0-0
GoldenEye.1995__#00-33-26_00-34-08_label_B2-0-0__6.npy,B2-0-0
GoldenEye.1995__#00-33-26_00-34-08_label_B2-0-0__7.npy,B2-0-0
GoldenEye.1995__#00-33-26_00-34-08_label_B2-0-0__8.npy,B2-0-0
GoldenEye.1995__#00-33-26_00-34-08_label_B2-0-0__9.npy,B2-0-0
GoldenEye.1995__#00-35-26_00-35-44_label_B2-0-0__0.npy,B2-0-0
GoldenEye.1995__#00-35-26_00-35-44_label_B2-0-0__1.npy,B2-0-0
GoldenEye.1995__#00-35-26_00-35-44_label_B2-0-0__2.npy,B2-0-0
GoldenEye.1995__#00-35-26_00-35-44_label_B2-0-0__3.npy,B2-0-0
GoldenEye.1995__#00-35-26_00-35-44_label_B2-0-0__4.npy,B2-0-0
GoldenEye.1995__#00-35-26_00-35-44_label_B2-0-0__5.npy,B2-0-0
GoldenEye.1995__#00-35-26_00-35-44_label_B2-0-0__6.npy,B2-0-0
GoldenEye.1995__#00-35-26_00-35-44_label_B2-0-0__7.npy,B2-0-0
GoldenEye.1995__#00-35-26_00-35-44_label_B2-0-0__8.npy,B2-0-0
GoldenEye.1995__#00-35-26_00-35-44_label_B2-0-0__9.npy,B2-0-0
GoldenEye.1995__#01-49-17_01-49-50_label_B2-0-0__0.npy,B2-0-0
GoldenEye.1995__#01-49-17_01-49-50_label_B2-0-0__1.npy,B2-0-0
GoldenEye.1995__#01-49-17_01-49-50_label_B2-0-0__2.npy,B2-0-0
GoldenEye.1995__#01-49-17_01-49-50_label_B2-0-0__3.npy,B2-0-0
GoldenEye.1995__#01-49-17_01-49-50_label_B2-0-0__4.npy,B2-0-0
GoldenEye.1995__#01-49-17_01-49-50_label_B2-0-0__5.npy,B2-0-0
GoldenEye.1995__#01-49-17_01-49-50_label_B2-0-0__6.npy,B2-0-0
GoldenEye.1995__#01-49-17_01-49-50_label_B2-0-0__7.npy,B2-0-0
GoldenEye.1995__#01-49-17_01-49-50_label_B2-0-0__8.npy,B2-0-0
GoldenEye.1995__#01-49-17_01-49-50_label_B2-0-0__9.npy,B2-0-0
GoldenEye.1995__#01-57-47_01-58-28_label_B2-0-0__0.npy,B2-0-0
GoldenEye.1995__#01-57-47_01-58-28_label_B2-0-0__1.npy,B2-0-0
GoldenEye.1995__#01-57-47_01-58-28_label_B2-0-0__2.npy,B2-0-0
GoldenEye.1995__#01-57-47_01-58-28_label_B2-0-0__3.npy,B2-0-0
GoldenEye.1995__#01-57-47_01-58-28_label_B2-0-0__4.npy,B2-0-0
GoldenEye.1995__#01-57-47_01-58-28_label_B2-0-0__5.npy,B2-0-0
GoldenEye.1995__#01-57-47_01-58-28_label_B2-0-0__6.npy,B2-0-0
GoldenEye.1995__#01-57-47_01-58-28_label_B2-0-0__7.npy,B2-0-0
GoldenEye.1995__#01-57-47_01-58-28_label_B2-0-0__8.npy,B2-0-0
GoldenEye.1995__#01-57-47_01-58-28_label_B2-0-0__9.npy,B2-0-0
Haywire.2011__#01-03-19_01-04-02_label_B2-0-0__0.npy,B2-0-0
Haywire.2011__#01-03-19_01-04-02_label_B2-0-0__1.npy,B2-0-0
Haywire.2011__#01-03-19_01-04-02_label_B2-0-0__2.npy,B2-0-0
Haywire.2011__#01-03-19_01-04-02_label_B2-0-0__3.npy,B2-0-0
Haywire.2011__#01-03-19_01-04-02_label_B2-0-0__4.npy,B2-0-0
Haywire.2011__#01-03-19_01-04-02_label_B2-0-0__5.npy,B2-0-0
Haywire.2011__#01-03-19_01-04-02_label_B2-0-0__6.npy,B2-0-0
Haywire.2011__#01-03-19_01-04-02_label_B2-0-0__7.npy,B2-0-0
Haywire.2011__#01-03-19_01-04-02_label_B2-0-0__8.npy,B2-0-0
Haywire.2011__#01-03-19_01-04-02_label_B2-0-0__9.npy,B2-0-0
Hot.Fuzz.2007__#01-33-10_01-38-50_label_B2-0-0__0.npy,B2-0-0
Hot.Fuzz.2007__#01-33-10_01-38-50_label_B2-0-0__1.npy,B2-0-0
Hot.Fuzz.2007__#01-33-10_01-38-50_label_B2-0-0__2.npy,B2-0-0
Hot.Fuzz.2007__#01-33-10_01-38-50_label_B2-0-0__3.npy,B2-0-0
Hot.Fuzz.2007__#01-33-10_01-38-50_label_B2-0-0__4.npy,B2-0-0
Hot.Fuzz.2007__#01-33-10_01-38-50_label_B2-0-0__5.npy,B2-0-0
Hot.Fuzz.2007__#01-33-10_01-38-50_label_B2-0-0__6.npy,B2-0-0
Hot.Fuzz.2007__#01-33-10_01-38-50_label_B2-0-0__7.npy,B2-0-0
Hot.Fuzz.2007__#01-33-10_01-38-50_label_B2-0-0__8.npy,B2-0-0
Hot.Fuzz.2007__#01-33-10_01-38-50_label_B2-0-0__9.npy,B2-0-0
Hot.Fuzz.2007__#01-45-55_01-46-39_label_B2-0-0__0.npy,B2-0-0
Hot.Fuzz.2007__#01-45-55_01-46-39_label_B2-0-0__1.npy,B2-0-0
Hot.Fuzz.2007__#01-45-55_01-46-39_label_B2-0-0__2.npy,B2-0-0
Hot.Fuzz.2007__#01-45-55_01-46-39_label_B2-0-0__3.npy,B2-0-0
Hot.Fuzz.2007__#01-45-55_01-46-39_label_B2-0-0__4.npy,B2-0-0
Hot.Fuzz.2007__#01-45-55_01-46-39_label_B2-0-0__5.npy,B2-0-0
Hot.Fuzz.2007__#01-45-55_01-46-39_label_B2-0-0__6.npy,B2-0-0
Hot.Fuzz.2007__#01-45-55_01-46-39_label_B2-0-0__7.npy,B2-0-0
Hot.Fuzz.2007__#01-45-55_01-46-39_label_B2-0-0__8.npy,B2-0-0
Hot.Fuzz.2007__#01-45-55_01-46-39_label_B2-0-0__9.npy,B2-0-0
Hot.Fuzz.2007__#01-52-24_01-52-48_label_B2-0-0__0.npy,B2-0-0
Hot.Fuzz.2007__#01-52-24_01-52-48_label_B2-0-0__1.npy,B2-0-0
Hot.Fuzz.2007__#01-52-24_01-52-48_label_B2-0-0__2.npy,B2-0-0
Hot.Fuzz.2007__#01-52-24_01-52-48_label_B2-0-0__3.npy,B2-0-0
Hot.Fuzz.2007__#01-52-24_01-52-48_label_B2-0-0__4.npy,B2-0-0
Hot.Fuzz.2007__#01-52-24_01-52-48_label_B2-0-0__5.npy,B2-0-0
Hot.Fuzz.2007__#01-52-24_01-52-48_label_B2-0-0__6.npy,B2-0-0
Hot.Fuzz.2007__#01-52-24_01-52-48_label_B2-0-0__7.npy,B2-0-0
Hot.Fuzz.2007__#01-52-24_01-52-48_label_B2-0-0__8.npy,B2-0-0
Hot.Fuzz.2007__#01-52-24_01-52-48_label_B2-0-0__9.npy,B2-0-0
Ip.Man.2008__#00-54-44_00-55-00_label_B2-0-0__0.npy,B2-0-0
Ip.Man.2008__#00-54-44_00-55-00_label_B2-0-0__1.npy,B2-0-0
Ip.Man.2008__#00-54-44_00-55-00_label_B2-0-0__2.npy,B2-0-0
Ip.Man.2008__#00-54-44_00-55-00_label_B2-0-0__3.npy,B2-0-0
Ip.Man.2008__#00-54-44_00-55-00_label_B2-0-0__4.npy,B2-0-0
Ip.Man.2008__#00-54-44_00-55-00_label_B2-0-0__5.npy,B2-0-0
Ip.Man.2008__#00-54-44_00-55-00_label_B2-0-0__6.npy,B2-0-0
Ip.Man.2008__#00-54-44_00-55-00_label_B2-0-0__7.npy,B2-0-0
Ip.Man.2008__#00-54-44_00-55-00_label_B2-0-0__8.npy,B2-0-0
Ip.Man.2008__#00-54-44_00-55-00_label_B2-0-0__9.npy,B2-0-0
Jason.Bourne.2016__#0-30-30_0-30-38_label_B2-0-0__0.npy,B2-0-0
Jason.Bourne.2016__#0-30-30_0-30-38_label_B2-0-0__1.npy,B2-0-0
Jason.Bourne.2016__#0-30-30_0-30-38_label_B2-0-0__2.npy,B2-0-0
Jason.Bourne.2016__#0-30-30_0-30-38_label_B2-0-0__3.npy,B2-0-0
Jason.Bourne.2016__#0-30-30_0-30-38_label_B2-0-0__4.npy,B2-0-0
Jason.Bourne.2016__#0-30-30_0-30-38_label_B2-0-0__5.npy,B2-0-0
Jason.Bourne.2016__#0-30-30_0-30-38_label_B2-0-0__6.npy,B2-0-0
Jason.Bourne.2016__#0-30-30_0-30-38_label_B2-0-0__7.npy,B2-0-0
Jason.Bourne.2016__#0-30-30_0-30-38_label_B2-0-0__8.npy,B2-0-0
Jason.Bourne.2016__#0-30-30_0-30-38_label_B2-0-0__9.npy,B2-0-0
Jason.Bourne.2016__#0-33-40_0-33-53_label_B2-0-0__0.npy,B2-0-0
Jason.Bourne.2016__#0-33-40_0-33-53_label_B2-0-0__1.npy,B2-0-0
Jason.Bourne.2016__#0-33-40_0-33-53_label_B2-0-0__2.npy,B2-0-0
Jason.Bourne.2016__#0-33-40_0-33-53_label_B2-0-0__3.npy,B2-0-0
Jason.Bourne.2016__#0-33-40_0-33-53_label_B2-0-0__4.npy,B2-0-0
Jason.Bourne.2016__#0-33-40_0-33-53_label_B2-0-0__5.npy,B2-0-0
Jason.Bourne.2016__#0-33-40_0-33-53_label_B2-0-0__6.npy,B2-0-0
Jason.Bourne.2016__#0-33-40_0-33-53_label_B2-0-0__7.npy,B2-0-0
Jason.Bourne.2016__#0-33-40_0-33-53_label_B2-0-0__8.npy,B2-0-0
Jason.Bourne.2016__#0-33-40_0-33-53_label_B2-0-0__9.npy,B2-0-0
Jason.Bourne.2016__#01-10-50_01-11-00_label_B2-0-0__0.npy,B2-0-0
Jason.Bourne.2016__#01-10-50_01-11-00_label_B2-0-0__1.npy,B2-0-0
Jason.Bourne.2016__#01-10-50_01-11-00_label_B2-0-0__2.npy,B2-0-0
Jason.Bourne.2016__#01-10-50_01-11-00_label_B2-0-0__3.npy,B2-0-0
Jason.Bourne.2016__#01-10-50_01-11-00_label_B2-0-0__4.npy,B2-0-0
Jason.Bourne.2016__#01-10-50_01-11-00_label_B2-0-0__5.npy,B2-0-0
Jason.Bourne.2016__#01-10-50_01-11-00_label_B2-0-0__6.npy,B2-0-0
Jason.Bourne.2016__#01-10-50_01-11-00_label_B2-0-0__7.npy,B2-0-0
Jason.Bourne.2016__#01-10-50_01-11-00_label_B2-0-0__8.npy,B2-0-0
Jason.Bourne.2016__#01-10-50_01-11-00_label_B2-0-0__9.npy,B2-0-0
Jason.Bourne.2016__#01-13-10_01-13-40_label_B2-0-0__0.npy,B2-0-0
Jason.Bourne.2016__#01-13-10_01-13-40_label_B2-0-0__1.npy,B2-0-0
Jason.Bourne.2016__#01-13-10_01-13-40_label_B2-0-0__2.npy,B2-0-0
Jason.Bourne.2016__#01-13-10_01-13-40_label_B2-0-0__3.npy,B2-0-0
Jason.Bourne.2016__#01-13-10_01-13-40_label_B2-0-0__4.npy,B2-0-0
Jason.Bourne.2016__#01-13-10_01-13-40_label_B2-0-0__5.npy,B2-0-0
Jason.Bourne.2016__#01-13-10_01-13-40_label_B2-0-0__6.npy,B2-0-0
Jason.Bourne.2016__#01-13-10_01-13-40_label_B2-0-0__7.npy,B2-0-0
Jason.Bourne.2016__#01-13-10_01-13-40_label_B2-0-0__8.npy,B2-0-0
Jason.Bourne.2016__#01-13-10_01-13-40_label_B2-0-0__9.npy,B2-0-0
Jason.Bourne.2016__#01-30-15_01-30-31_label_B2-0-0__0.npy,B2-0-0
Jason.Bourne.2016__#01-30-15_01-30-31_label_B2-0-0__1.npy,B2-0-0
Jason.Bourne.2016__#01-30-15_01-30-31_label_B2-0-0__2.npy,B2-0-0
Jason.Bourne.2016__#01-30-15_01-30-31_label_B2-0-0__3.npy,B2-0-0
Jason.Bourne.2016__#01-30-15_01-30-31_label_B2-0-0__4.npy,B2-0-0
Jason.Bourne.2016__#01-30-15_01-30-31_label_B2-0-0__5.npy,B2-0-0
Jason.Bourne.2016__#01-30-15_01-30-31_label_B2-0-0__6.npy,B2-0-0
Jason.Bourne.2016__#01-30-15_01-30-31_label_B2-0-0__7.npy,B2-0-0
Jason.Bourne.2016__#01-30-15_01-30-31_label_B2-0-0__8.npy,B2-0-0
Jason.Bourne.2016__#01-30-15_01-30-31_label_B2-0-0__9.npy,B2-0-0
Jason.Bourne.2016__#01-31-32_01-31-37_label_B2-0-0__0.npy,B2-0-0
Jason.Bourne.2016__#01-31-32_01-31-37_label_B2-0-0__1.npy,B2-0-0
Jason.Bourne.2016__#01-31-32_01-31-37_label_B2-0-0__2.npy,B2-0-0
Jason.Bourne.2016__#01-31-32_01-31-37_label_B2-0-0__3.npy,B2-0-0
Jason.Bourne.2016__#01-31-32_01-31-37_label_B2-0-0__4.npy,B2-0-0
Jason.Bourne.2016__#01-31-32_01-31-37_label_B2-0-0__5.npy,B2-0-0
Jason.Bourne.2016__#01-31-32_01-31-37_label_B2-0-0__6.npy,B2-0-0
Jason.Bourne.2016__#01-31-32_01-31-37_label_B2-0-0__7.npy,B2-0-0
Jason.Bourne.2016__#01-31-32_01-31-37_label_B2-0-0__8.npy,B2-0-0
Jason.Bourne.2016__#01-31-32_01-31-37_label_B2-0-0__9.npy,B2-0-0
Jason.Bourne.2016__#01-36-35_01-37-25_label_B2-0-0__0.npy,B2-0-0
Jason.Bourne.2016__#01-36-35_01-37-25_label_B2-0-0__1.npy,B2-0-0
Jason.Bourne.2016__#01-36-35_01-37-25_label_B2-0-0__2.npy,B2-0-0
Jason.Bourne.2016__#01-36-35_01-37-25_label_B2-0-0__3.npy,B2-0-0
Jason.Bourne.2016__#01-36-35_01-37-25_label_B2-0-0__4.npy,B2-0-0
Jason.Bourne.2016__#01-36-35_01-37-25_label_B2-0-0__5.npy,B2-0-0
Jason.Bourne.2016__#01-36-35_01-37-25_label_B2-0-0__6.npy,B2-0-0
Jason.Bourne.2016__#01-36-35_01-37-25_label_B2-0-0__7.npy,B2-0-0
Jason.Bourne.2016__#01-36-35_01-37-25_label_B2-0-0__8.npy,B2-0-0
Jason.Bourne.2016__#01-36-35_01-37-25_label_B2-0-0__9.npy,B2-0-0
Kill.Bill.Vol.1.2003__#0-42-09_0-42-50_label_B2-0-0__0.npy,B2-0-0
Kill.Bill.Vol.1.2003__#0-42-09_0-42-50_label_B2-0-0__1.npy,B2-0-0
Kill.Bill.Vol.1.2003__#0-42-09_0-42-50_label_B2-0-0__2.npy,B2-0-0
Kill.Bill.Vol.1.2003__#0-42-09_0-42-50_label_B2-0-0__3.npy,B2-0-0
Kill.Bill.Vol.1.2003__#0-42-09_0-42-50_label_B2-0-0__4.npy,B2-0-0
Kill.Bill.Vol.1.2003__#0-42-09_0-42-50_label_B2-0-0__5.npy,B2-0-0
Kill.Bill.Vol.1.2003__#0-42-09_0-42-50_label_B2-0-0__6.npy,B2-0-0
Kill.Bill.Vol.1.2003__#0-42-09_0-42-50_label_B2-0-0__7.npy,B2-0-0
Kill.Bill.Vol.1.2003__#0-42-09_0-42-50_label_B2-0-0__8.npy,B2-0-0
Kill.Bill.Vol.1.2003__#0-42-09_0-42-50_label_B2-0-0__9.npy,B2-0-0
Kill.Bill.Vol.2.2004__#01-41-55_01-42-37_label_B2-0-0__0.npy,B2-0-0
Kill.Bill.Vol.2.2004__#01-41-55_01-42-37_label_B2-0-0__1.npy,B2-0-0
Kill.Bill.Vol.2.2004__#01-41-55_01-42-37_label_B2-0-0__2.npy,B2-0-0
Kill.Bill.Vol.2.2004__#01-41-55_01-42-37_label_B2-0-0__3.npy,B2-0-0
Kill.Bill.Vol.2.2004__#01-41-55_01-42-37_label_B2-0-0__4.npy,B2-0-0
Kill.Bill.Vol.2.2004__#01-41-55_01-42-37_label_B2-0-0__5.npy,B2-0-0
Kill.Bill.Vol.2.2004__#01-41-55_01-42-37_label_B2-0-0__6.npy,B2-0-0
Kill.Bill.Vol.2.2004__#01-41-55_01-42-37_label_B2-0-0__7.npy,B2-0-0
Kill.Bill.Vol.2.2004__#01-41-55_01-42-37_label_B2-0-0__8.npy,B2-0-0
Kill.Bill.Vol.2.2004__#01-41-55_01-42-37_label_B2-0-0__9.npy,B2-0-0
Kingsman.The.Golden.Circle.2017__#01-29-11_01-31-16_label_B2-0-0__0.npy,B2-0-0
Kingsman.The.Golden.Circle.2017__#01-29-11_01-31-16_label_B2-0-0__1.npy,B2-0-0
Kingsman.The.Golden.Circle.2017__#01-29-11_01-31-16_label_B2-0-0__2.npy,B2-0-0
Kingsman.The.Golden.Circle.2017__#01-29-11_01-31-16_label_B2-0-0__3.npy,B2-0-0
Kingsman.The.Golden.Circle.2017__#01-29-11_01-31-16_label_B2-0-0__4.npy,B2-0-0
Kingsman.The.Golden.Circle.2017__#01-29-11_01-31-16_label_B2-0-0__5.npy,B2-0-0
Kingsman.The.Golden.Circle.2017__#01-29-11_01-31-16_label_B2-0-0__6.npy,B2-0-0
Kingsman.The.Golden.Circle.2017__#01-29-11_01-31-16_label_B2-0-0__7.npy,B2-0-0
Kingsman.The.Golden.Circle.2017__#01-29-11_01-31-16_label_B2-0-0__8.npy,B2-0-0
Kingsman.The.Golden.Circle.2017__#01-29-11_01-31-16_label_B2-0-0__9.npy,B2-0-0
Kingsman.The.Secret.Service.2014__#01-46-30_01-47-10_label_B2-0-0__0.npy,B2-0-0
Kingsman.The.Secret.Service.2014__#01-46-30_01-47-10_label_B2-0-0__1.npy,B2-0-0
Kingsman.The.Secret.Service.2014__#01-46-30_01-47-10_label_B2-0-0__2.npy,B2-0-0
Kingsman.The.Secret.Service.2014__#01-46-30_01-47-10_label_B2-0-0__3.npy,B2-0-0
Kingsman.The.Secret.Service.2014__#01-46-30_01-47-10_label_B2-0-0__4.npy,B2-0-0
Kingsman.The.Secret.Service.2014__#01-46-30_01-47-10_label_B2-0-0__5.npy,B2-0-0
Kingsman.The.Secret.Service.2014__#01-46-30_01-47-10_label_B2-0-0__6.npy,B2-0-0
Kingsman.The.Secret.Service.2014__#01-46-30_01-47-10_label_B2-0-0__7.npy,B2-0-0
Kingsman.The.Secret.Service.2014__#01-46-30_01-47-10_label_B2-0-0__8.npy,B2-0-0
Kingsman.The.Secret.Service.2014__#01-46-30_01-47-10_label_B2-0-0__9.npy,B2-0-0
Lord.of.War__#00-06-20_00-07-20_label_B2-0-0__0.npy,B2-0-0
Lord.of.War__#00-06-20_00-07-20_label_B2-0-0__1.npy,B2-0-0
Lord.of.War__#00-06-20_00-07-20_label_B2-0-0__2.npy,B2-0-0
Lord.of.War__#00-06-20_00-07-20_label_B2-0-0__3.npy,B2-0-0
Lord.of.War__#00-06-20_00-07-20_label_B2-0-0__4.npy,B2-0-0
Lord.of.War__#00-06-20_00-07-20_label_B2-0-0__5.npy,B2-0-0
Lord.of.War__#00-06-20_00-07-20_label_B2-0-0__6.npy,B2-0-0
Lord.of.War__#00-06-20_00-07-20_label_B2-0-0__7.npy,B2-0-0
Lord.of.War__#00-06-20_00-07-20_label_B2-0-0__8.npy,B2-0-0
Lord.of.War__#00-06-20_00-07-20_label_B2-0-0__9.npy,B2-0-0
Lord.of.War__#00-16-00_00-16-40_label_B2-0-0__0.npy,B2-0-0
Lord.of.War__#00-16-00_00-16-40_label_B2-0-0__1.npy,B2-0-0
Lord.of.War__#00-16-00_00-16-40_label_B2-0-0__2.npy,B2-0-0
Lord.of.War__#00-16-00_00-16-40_label_B2-0-0__3.npy,B2-0-0
Lord.of.War__#00-16-00_00-16-40_label_B2-0-0__4.npy,B2-0-0
Lord.of.War__#00-16-00_00-16-40_label_B2-0-0__5.npy,B2-0-0
Lord.of.War__#00-16-00_00-16-40_label_B2-0-0__6.npy,B2-0-0
Lord.of.War__#00-16-00_00-16-40_label_B2-0-0__7.npy,B2-0-0
Lord.of.War__#00-16-00_00-16-40_label_B2-0-0__8.npy,B2-0-0
Lord.of.War__#00-16-00_00-16-40_label_B2-0-0__9.npy,B2-0-0
Lord.of.War__#00-17-10_00-17-50_label_B2-0-0__0.npy,B2-0-0
Lord.of.War__#00-17-10_00-17-50_label_B2-0-0__1.npy,B2-0-0
Lord.of.War__#00-17-10_00-17-50_label_B2-0-0__2.npy,B2-0-0
Lord.of.War__#00-17-10_00-17-50_label_B2-0-0__3.npy,B2-0-0
Lord.of.War__#00-17-10_00-17-50_label_B2-0-0__4.npy,B2-0-0
Lord.of.War__#00-17-10_00-17-50_label_B2-0-0__5.npy,B2-0-0
Lord.of.War__#00-17-10_00-17-50_label_B2-0-0__6.npy,B2-0-0
Lord.of.War__#00-17-10_00-17-50_label_B2-0-0__7.npy,B2-0-0
Lord.of.War__#00-17-10_00-17-50_label_B2-0-0__8.npy,B2-0-0
Lord.of.War__#00-17-10_00-17-50_label_B2-0-0__9.npy,B2-0-0
Lord.of.War__#01-20-45_01-21-45_label_B2-0-0__0.npy,B2-0-0
Lord.of.War__#01-20-45_01-21-45_label_B2-0-0__1.npy,B2-0-0
Lord.of.War__#01-20-45_01-21-45_label_B2-0-0__2.npy,B2-0-0
Lord.of.War__#01-20-45_01-21-45_label_B2-0-0__3.npy,B2-0-0
Lord.of.War__#01-20-45_01-21-45_label_B2-0-0__4.npy,B2-0-0
Lord.of.War__#01-20-45_01-21-45_label_B2-0-0__5.npy,B2-0-0
Lord.of.War__#01-20-45_01-21-45_label_B2-0-0__6.npy,B2-0-0
Lord.of.War__#01-20-45_01-21-45_label_B2-0-0__7.npy,B2-0-0
Lord.of.War__#01-20-45_01-21-45_label_B2-0-0__8.npy,B2-0-0
Lord.of.War__#01-20-45_01-21-45_label_B2-0-0__9.npy,B2-0-0
Lord.of.War__#01-44-50_01-45-30_label_B2-0-0__0.npy,B2-0-0
Lord.of.War__#01-44-50_01-45-30_label_B2-0-0__1.npy,B2-0-0
Lord.of.War__#01-44-50_01-45-30_label_B2-0-0__2.npy,B2-0-0
Lord.of.War__#01-44-50_01-45-30_label_B2-0-0__3.npy,B2-0-0
Lord.of.War__#01-44-50_01-45-30_label_B2-0-0__4.npy,B2-0-0
Lord.of.War__#01-44-50_01-45-30_label_B2-0-0__5.npy,B2-0-0
Lord.of.War__#01-44-50_01-45-30_label_B2-0-0__6.npy,B2-0-0
Lord.of.War__#01-44-50_01-45-30_label_B2-0-0__7.npy,B2-0-0
Lord.of.War__#01-44-50_01-45-30_label_B2-0-0__8.npy,B2-0-0
Lord.of.War__#01-44-50_01-45-30_label_B2-0-0__9.npy,B2-0-0
Love.Death.and.Robots.S01E04__#00-03-01_00-03-44_label_B2-0-0__0.npy,B2-0-0
Love.Death.and.Robots.S01E04__#00-03-01_00-03-44_label_B2-0-0__1.npy,B2-0-0
Love.Death.and.Robots.S01E04__#00-03-01_00-03-44_label_B2-0-0__2.npy,B2-0-0
Love.Death.and.Robots.S01E04__#00-03-01_00-03-44_label_B2-0-0__3.npy,B2-0-0
Love.Death.and.Robots.S01E04__#00-03-01_00-03-44_label_B2-0-0__4.npy,B2-0-0
Love.Death.and.Robots.S01E04__#00-03-01_00-03-44_label_B2-0-0__5.npy,B2-0-0
Love.Death.and.Robots.S01E04__#00-03-01_00-03-44_label_B2-0-0__6.npy,B2-0-0
Love.Death.and.Robots.S01E04__#00-03-01_00-03-44_label_B2-0-0__7.npy,B2-0-0
Love.Death.and.Robots.S01E04__#00-03-01_00-03-44_label_B2-0-0__8.npy,B2-0-0
Love.Death.and.Robots.S01E04__#00-03-01_00-03-44_label_B2-0-0__9.npy,B2-0-0
Love.Death.and.Robots.S01E05__#00-09-49_00-10-23_label_B2-0-0__0.npy,B2-0-0
Love.Death.and.Robots.S01E05__#00-09-49_00-10-23_label_B2-0-0__1.npy,B2-0-0
Love.Death.and.Robots.S01E05__#00-09-49_00-10-23_label_B2-0-0__2.npy,B2-0-0
Love.Death.and.Robots.S01E05__#00-09-49_00-10-23_label_B2-0-0__3.npy,B2-0-0
Love.Death.and.Robots.S01E05__#00-09-49_00-10-23_label_B2-0-0__4.npy,B2-0-0
Love.Death.and.Robots.S01E05__#00-09-49_00-10-23_label_B2-0-0__5.npy,B2-0-0
Love.Death.and.Robots.S01E05__#00-09-49_00-10-23_label_B2-0-0__6.npy,B2-0-0
Love.Death.and.Robots.S01E05__#00-09-49_00-10-23_label_B2-0-0__7.npy,B2-0-0
Love.Death.and.Robots.S01E05__#00-09-49_00-10-23_label_B2-0-0__8.npy,B2-0-0
Love.Death.and.Robots.S01E05__#00-09-49_00-10-23_label_B2-0-0__9.npy,B2-0-0
Love.Death.and.Robots.S01E15__#0-02-10_0-02-50_label_B2-0-0__0.npy,B2-0-0
Love.Death.and.Robots.S01E15__#0-02-10_0-02-50_label_B2-0-0__1.npy,B2-0-0
Love.Death.and.Robots.S01E15__#0-02-10_0-02-50_label_B2-0-0__2.npy,B2-0-0
Love.Death.and.Robots.S01E15__#0-02-10_0-02-50_label_B2-0-0__3.npy,B2-0-0
Love.Death.and.Robots.S01E15__#0-02-10_0-02-50_label_B2-0-0__4.npy,B2-0-0
Love.Death.and.Robots.S01E15__#0-02-10_0-02-50_label_B2-0-0__5.npy,B2-0-0
Love.Death.and.Robots.S01E15__#0-02-10_0-02-50_label_B2-0-0__6.npy,B2-0-0
Love.Death.and.Robots.S01E15__#0-02-10_0-02-50_label_B2-0-0__7.npy,B2-0-0
Love.Death.and.Robots.S01E15__#0-02-10_0-02-50_label_B2-0-0__8.npy,B2-0-0
Love.Death.and.Robots.S01E15__#0-02-10_0-02-50_label_B2-0-0__9.npy,B2-0-0
Mindhunters.2004__#00-07-51_00-08-38_label_B2-0-0__0.npy,B2-0-0
Mindhunters.2004__#00-07-51_00-08-38_label_B2-0-0__1.npy,B2-0-0
Mindhunters.2004__#00-07-51_00-08-38_label_B2-0-0__2.npy,B2-0-0
Mindhunters.2004__#00-07-51_00-08-38_label_B2-0-0__3.npy,B2-0-0
Mindhunters.2004__#00-07-51_00-08-38_label_B2-0-0__4.npy,B2-0-0
Mindhunters.2004__#00-07-51_00-08-38_label_B2-0-0__5.npy,B2-0-0
Mindhunters.2004__#00-07-51_00-08-38_label_B2-0-0__6.npy,B2-0-0
Mindhunters.2004__#00-07-51_00-08-38_label_B2-0-0__7.npy,B2-0-0
Mindhunters.2004__#00-07-51_00-08-38_label_B2-0-0__8.npy,B2-0-0
Mindhunters.2004__#00-07-51_00-08-38_label_B2-0-0__9.npy,B2-0-0
Mindhunters.2004__#00-52-45_00-53-40_label_B2-0-0__0.npy,B2-0-0
Mindhunters.2004__#00-52-45_00-53-40_label_B2-0-0__1.npy,B2-0-0
Mindhunters.2004__#00-52-45_00-53-40_label_B2-0-0__2.npy,B2-0-0
Mindhunters.2004__#00-52-45_00-53-40_label_B2-0-0__3.npy,B2-0-0
Mindhunters.2004__#00-52-45_00-53-40_label_B2-0-0__4.npy,B2-0-0
Mindhunters.2004__#00-52-45_00-53-40_label_B2-0-0__5.npy,B2-0-0
Mindhunters.2004__#00-52-45_00-53-40_label_B2-0-0__6.npy,B2-0-0
Mindhunters.2004__#00-52-45_00-53-40_label_B2-0-0__7.npy,B2-0-0
Mindhunters.2004__#00-52-45_00-53-40_label_B2-0-0__8.npy,B2-0-0
Mindhunters.2004__#00-52-45_00-53-40_label_B2-0-0__9.npy,B2-0-0
Mindhunters.2004__#01-23-30_01-24-30_label_B2-0-0__0.npy,B2-0-0
Mindhunters.2004__#01-23-30_01-24-30_label_B2-0-0__1.npy,B2-0-0
Mindhunters.2004__#01-23-30_01-24-30_label_B2-0-0__2.npy,B2-0-0
Mindhunters.2004__#01-23-30_01-24-30_label_B2-0-0__3.npy,B2-0-0
Mindhunters.2004__#01-23-30_01-24-30_label_B2-0-0__4.npy,B2-0-0
Mindhunters.2004__#01-23-30_01-24-30_label_B2-0-0__5.npy,B2-0-0
Mindhunters.2004__#01-23-30_01-24-30_label_B2-0-0__6.npy,B2-0-0
Mindhunters.2004__#01-23-30_01-24-30_label_B2-0-0__7.npy,B2-0-0
Mindhunters.2004__#01-23-30_01-24-30_label_B2-0-0__8.npy,B2-0-0
Mindhunters.2004__#01-23-30_01-24-30_label_B2-0-0__9.npy,B2-0-0
Mindhunters.2004__#01-36-00_01-37-00_label_B2-0-0__0.npy,B2-0-0
Mindhunters.2004__#01-36-00_01-37-00_label_B2-0-0__1.npy,B2-0-0
Mindhunters.2004__#01-36-00_01-37-00_label_B2-0-0__2.npy,B2-0-0
Mindhunters.2004__#01-36-00_01-37-00_label_B2-0-0__3.npy,B2-0-0
Mindhunters.2004__#01-36-00_01-37-00_label_B2-0-0__4.npy,B2-0-0
Mindhunters.2004__#01-36-00_01-37-00_label_B2-0-0__5.npy,B2-0-0
Mindhunters.2004__#01-36-00_01-37-00_label_B2-0-0__6.npy,B2-0-0
Mindhunters.2004__#01-36-00_01-37-00_label_B2-0-0__7.npy,B2-0-0
Mindhunters.2004__#01-36-00_01-37-00_label_B2-0-0__8.npy,B2-0-0
Mindhunters.2004__#01-36-00_01-37-00_label_B2-0-0__9.npy,B2-0-0
Mindhunters.2004__#01-38-00_01-39-00_label_B2-0-0__0.npy,B2-0-0
Mindhunters.2004__#01-38-00_01-39-00_label_B2-0-0__1.npy,B2-0-0
Mindhunters.2004__#01-38-00_01-39-00_label_B2-0-0__2.npy,B2-0-0
Mindhunters.2004__#01-38-00_01-39-00_label_B2-0-0__3.npy,B2-0-0
Mindhunters.2004__#01-38-00_01-39-00_label_B2-0-0__4.npy,B2-0-0
Mindhunters.2004__#01-38-00_01-39-00_label_B2-0-0__5.npy,B2-0-0
Mindhunters.2004__#01-38-00_01-39-00_label_B2-0-0__6.npy,B2-0-0
Mindhunters.2004__#01-38-00_01-39-00_label_B2-0-0__7.npy,B2-0-0
Mindhunters.2004__#01-38-00_01-39-00_label_B2-0-0__8.npy,B2-0-0
Mindhunters.2004__#01-38-00_01-39-00_label_B2-0-0__9.npy,B2-0-0
Mission.Impossible.Fallout.2018__#00-08-20_00-10-50_label_B2-0-0__0.npy,B2-0-0
Mission.Impossible.Fallout.2018__#00-08-20_00-10-50_label_B2-0-0__1.npy,B2-0-0
Mission.Impossible.Fallout.2018__#00-08-20_00-10-50_label_B2-0-0__2.npy,B2-0-0
Mission.Impossible.Fallout.2018__#00-08-20_00-10-50_label_B2-0-0__3.npy,B2-0-0
Mission.Impossible.Fallout.2018__#00-08-20_00-10-50_label_B2-0-0__4.npy,B2-0-0
Mission.Impossible.Fallout.2018__#00-08-20_00-10-50_label_B2-0-0__5.npy,B2-0-0
Mission.Impossible.Fallout.2018__#00-08-20_00-10-50_label_B2-0-0__6.npy,B2-0-0
Mission.Impossible.Fallout.2018__#00-08-20_00-10-50_label_B2-0-0__7.npy,B2-0-0
Mission.Impossible.Fallout.2018__#00-08-20_00-10-50_label_B2-0-0__8.npy,B2-0-0
Mission.Impossible.Fallout.2018__#00-08-20_00-10-50_label_B2-0-0__9.npy,B2-0-0
Mission.Impossible.Fallout.2018__#01-02-09_01-02-49_label_B2-0-0__0.npy,B2-0-0
Mission.Impossible.Fallout.2018__#01-02-09_01-02-49_label_B2-0-0__1.npy,B2-0-0
Mission.Impossible.Fallout.2018__#01-02-09_01-02-49_label_B2-0-0__2.npy,B2-0-0
Mission.Impossible.Fallout.2018__#01-02-09_01-02-49_label_B2-0-0__3.npy,B2-0-0
Mission.Impossible.Fallout.2018__#01-02-09_01-02-49_label_B2-0-0__4.npy,B2-0-0
Mission.Impossible.Fallout.2018__#01-02-09_01-02-49_label_B2-0-0__5.npy,B2-0-0
Mission.Impossible.Fallout.2018__#01-02-09_01-02-49_label_B2-0-0__6.npy,B2-0-0
Mission.Impossible.Fallout.2018__#01-02-09_01-02-49_label_B2-0-0__7.npy,B2-0-0
Mission.Impossible.Fallout.2018__#01-02-09_01-02-49_label_B2-0-0__8.npy,B2-0-0
Mission.Impossible.Fallout.2018__#01-02-09_01-02-49_label_B2-0-0__9.npy,B2-0-0
Mission.Impossible.Ghost.Protocol.2011__#00-42-10_00-42-47_label_B2-0-0__0.npy,B2-0-0
Mission.Impossible.Ghost.Protocol.2011__#00-42-10_00-42-47_label_B2-0-0__1.npy,B2-0-0
Mission.Impossible.Ghost.Protocol.2011__#00-42-10_00-42-47_label_B2-0-0__2.npy,B2-0-0
Mission.Impossible.Ghost.Protocol.2011__#00-42-10_00-42-47_label_B2-0-0__3.npy,B2-0-0
Mission.Impossible.Ghost.Protocol.2011__#00-42-10_00-42-47_label_B2-0-0__4.npy,B2-0-0
Mission.Impossible.Ghost.Protocol.2011__#00-42-10_00-42-47_label_B2-0-0__5.npy,B2-0-0
Mission.Impossible.Ghost.Protocol.2011__#00-42-10_00-42-47_label_B2-0-0__6.npy,B2-0-0
Mission.Impossible.Ghost.Protocol.2011__#00-42-10_00-42-47_label_B2-0-0__7.npy,B2-0-0
Mission.Impossible.Ghost.Protocol.2011__#00-42-10_00-42-47_label_B2-0-0__8.npy,B2-0-0
Mission.Impossible.Ghost.Protocol.2011__#00-42-10_00-42-47_label_B2-0-0__9.npy,B2-0-0
Mission.Impossible.Ghost.Protocol.2011__#00-42-50_00-44-10_label_B2-0-0__0.npy,B2-0-0
Mission.Impossible.Ghost.Protocol.2011__#00-42-50_00-44-10_label_B2-0-0__1.npy,B2-0-0
Mission.Impossible.Ghost.Protocol.2011__#00-42-50_00-44-10_label_B2-0-0__2.npy,B2-0-0
Mission.Impossible.Ghost.Protocol.2011__#00-42-50_00-44-10_label_B2-0-0__3.npy,B2-0-0
Mission.Impossible.Ghost.Protocol.2011__#00-42-50_00-44-10_label_B2-0-0__4.npy,B2-0-0
Mission.Impossible.Ghost.Protocol.2011__#00-42-50_00-44-10_label_B2-0-0__5.npy,B2-0-0
Mission.Impossible.Ghost.Protocol.2011__#00-42-50_00-44-10_label_B2-0-0__6.npy,B2-0-0
Mission.Impossible.Ghost.Protocol.2011__#00-42-50_00-44-10_label_B2-0-0__7.npy,B2-0-0
Mission.Impossible.Ghost.Protocol.2011__#00-42-50_00-44-10_label_B2-0-0__8.npy,B2-0-0
Mission.Impossible.Ghost.Protocol.2011__#00-42-50_00-44-10_label_B2-0-0__9.npy,B2-0-0
Mission.Impossible.II.2000__#01-15-10_01-16-32_label_B2-0-0__0.npy,B2-0-0
Mission.Impossible.II.2000__#01-15-10_01-16-32_label_B2-0-0__1.npy,B2-0-0
Mission.Impossible.II.2000__#01-15-10_01-16-32_label_B2-0-0__2.npy,B2-0-0
Mission.Impossible.II.2000__#01-15-10_01-16-32_label_B2-0-0__3.npy,B2-0-0
Mission.Impossible.II.2000__#01-15-10_01-16-32_label_B2-0-0__4.npy,B2-0-0
Mission.Impossible.II.2000__#01-15-10_01-16-32_label_B2-0-0__5.npy,B2-0-0
Mission.Impossible.II.2000__#01-15-10_01-16-32_label_B2-0-0__6.npy,B2-0-0
Mission.Impossible.II.2000__#01-15-10_01-16-32_label_B2-0-0__7.npy,B2-0-0
Mission.Impossible.II.2000__#01-15-10_01-16-32_label_B2-0-0__8.npy,B2-0-0
Mission.Impossible.II.2000__#01-15-10_01-16-32_label_B2-0-0__9.npy,B2-0-0
Mission.Impossible.II.2000__#01-16-32_01-16-58_label_B2-0-0__0.npy,B2-0-0
Mission.Impossible.II.2000__#01-16-32_01-16-58_label_B2-0-0__1.npy,B2-0-0
Mission.Impossible.II.2000__#01-16-32_01-16-58_label_B2-0-0__2.npy,B2-0-0
Mission.Impossible.II.2000__#01-16-32_01-16-58_label_B2-0-0__3.npy,B2-0-0
Mission.Impossible.II.2000__#01-16-32_01-16-58_label_B2-0-0__4.npy,B2-0-0
Mission.Impossible.II.2000__#01-16-32_01-16-58_label_B2-0-0__5.npy,B2-0-0
Mission.Impossible.II.2000__#01-16-32_01-16-58_label_B2-0-0__6.npy,B2-0-0
Mission.Impossible.II.2000__#01-16-32_01-16-58_label_B2-0-0__7.npy,B2-0-0
Mission.Impossible.II.2000__#01-16-32_01-16-58_label_B2-0-0__8.npy,B2-0-0
Mission.Impossible.II.2000__#01-16-32_01-16-58_label_B2-0-0__9.npy,B2-0-0
Mission.Impossible.II.2000__#01-17-25_01-18-55_label_B2-0-0__0.npy,B2-0-0
Mission.Impossible.II.2000__#01-17-25_01-18-55_label_B2-0-0__1.npy,B2-0-0
Mission.Impossible.II.2000__#01-17-25_01-18-55_label_B2-0-0__2.npy,B2-0-0
Mission.Impossible.II.2000__#01-17-25_01-18-55_label_B2-0-0__3.npy,B2-0-0
Mission.Impossible.II.2000__#01-17-25_01-18-55_label_B2-0-0__4.npy,B2-0-0
Mission.Impossible.II.2000__#01-17-25_01-18-55_label_B2-0-0__5.npy,B2-0-0
Mission.Impossible.II.2000__#01-17-25_01-18-55_label_B2-0-0__6.npy,B2-0-0
Mission.Impossible.II.2000__#01-17-25_01-18-55_label_B2-0-0__7.npy,B2-0-0
Mission.Impossible.II.2000__#01-17-25_01-18-55_label_B2-0-0__8.npy,B2-0-0
Mission.Impossible.II.2000__#01-17-25_01-18-55_label_B2-0-0__9.npy,B2-0-0
Mission.Impossible.II.2000__#01-23-17_01-24-40_label_B2-0-0__0.npy,B2-0-0
Mission.Impossible.II.2000__#01-23-17_01-24-40_label_B2-0-0__1.npy,B2-0-0
Mission.Impossible.II.2000__#01-23-17_01-24-40_label_B2-0-0__2.npy,B2-0-0
Mission.Impossible.II.2000__#01-23-17_01-24-40_label_B2-0-0__3.npy,B2-0-0
Mission.Impossible.II.2000__#01-23-17_01-24-40_label_B2-0-0__4.npy,B2-0-0
Mission.Impossible.II.2000__#01-23-17_01-24-40_label_B2-0-0__5.npy,B2-0-0
Mission.Impossible.II.2000__#01-23-17_01-24-40_label_B2-0-0__6.npy,B2-0-0
Mission.Impossible.II.2000__#01-23-17_01-24-40_label_B2-0-0__7.npy,B2-0-0
Mission.Impossible.II.2000__#01-23-17_01-24-40_label_B2-0-0__8.npy,B2-0-0
Mission.Impossible.II.2000__#01-23-17_01-24-40_label_B2-0-0__9.npy,B2-0-0
Mission.Impossible.II.2000__#01-39-13_01-39-37_label_B2-0-0__0.npy,B2-0-0
Mission.Impossible.II.2000__#01-39-13_01-39-37_label_B2-0-0__1.npy,B2-0-0
Mission.Impossible.II.2000__#01-39-13_01-39-37_label_B2-0-0__2.npy,B2-0-0
Mission.Impossible.II.2000__#01-39-13_01-39-37_label_B2-0-0__3.npy,B2-0-0
Mission.Impossible.II.2000__#01-39-13_01-39-37_label_B2-0-0__4.npy,B2-0-0
Mission.Impossible.II.2000__#01-39-13_01-39-37_label_B2-0-0__5.npy,B2-0-0
Mission.Impossible.II.2000__#01-39-13_01-39-37_label_B2-0-0__6.npy,B2-0-0
Mission.Impossible.II.2000__#01-39-13_01-39-37_label_B2-0-0__7.npy,B2-0-0
Mission.Impossible.II.2000__#01-39-13_01-39-37_label_B2-0-0__8.npy,B2-0-0
Mission.Impossible.II.2000__#01-39-13_01-39-37_label_B2-0-0__9.npy,B2-0-0
Mission.Impossible.II.2000__#01-55-15_01-55-36_label_B2-0-0__0.npy,B2-0-0
Mission.Impossible.II.2000__#01-55-15_01-55-36_label_B2-0-0__1.npy,B2-0-0
Mission.Impossible.II.2000__#01-55-15_01-55-36_label_B2-0-0__2.npy,B2-0-0
Mission.Impossible.II.2000__#01-55-15_01-55-36_label_B2-0-0__3.npy,B2-0-0
Mission.Impossible.II.2000__#01-55-15_01-55-36_label_B2-0-0__4.npy,B2-0-0
Mission.Impossible.II.2000__#01-55-15_01-55-36_label_B2-0-0__5.npy,B2-0-0
Mission.Impossible.II.2000__#01-55-15_01-55-36_label_B2-0-0__6.npy,B2-0-0
Mission.Impossible.II.2000__#01-55-15_01-55-36_label_B2-0-0__7.npy,B2-0-0
Mission.Impossible.II.2000__#01-55-15_01-55-36_label_B2-0-0__8.npy,B2-0-0
Mission.Impossible.II.2000__#01-55-15_01-55-36_label_B2-0-0__9.npy,B2-0-0
Mission.Impossible.III.2006__#00-16-30_00-17-22_label_B2-0-0__0.npy,B2-0-0
Mission.Impossible.III.2006__#00-16-30_00-17-22_label_B2-0-0__1.npy,B2-0-0
Mission.Impossible.III.2006__#00-16-30_00-17-22_label_B2-0-0__2.npy,B2-0-0
Mission.Impossible.III.2006__#00-16-30_00-17-22_label_B2-0-0__3.npy,B2-0-0
Mission.Impossible.III.2006__#00-16-30_00-17-22_label_B2-0-0__4.npy,B2-0-0
Mission.Impossible.III.2006__#00-16-30_00-17-22_label_B2-0-0__5.npy,B2-0-0
Mission.Impossible.III.2006__#00-16-30_00-17-22_label_B2-0-0__6.npy,B2-0-0
Mission.Impossible.III.2006__#00-16-30_00-17-22_label_B2-0-0__7.npy,B2-0-0
Mission.Impossible.III.2006__#00-16-30_00-17-22_label_B2-0-0__8.npy,B2-0-0
Mission.Impossible.III.2006__#00-16-30_00-17-22_label_B2-0-0__9.npy,B2-0-0
Mission.Impossible.III.2006__#00-18-41_00-19-45_label_B2-0-0__0.npy,B2-0-0
Mission.Impossible.III.2006__#00-18-41_00-19-45_label_B2-0-0__1.npy,B2-0-0
Mission.Impossible.III.2006__#00-18-41_00-19-45_label_B2-0-0__2.npy,B2-0-0
Mission.Impossible.III.2006__#00-18-41_00-19-45_label_B2-0-0__3.npy,B2-0-0
Mission.Impossible.III.2006__#00-18-41_00-19-45_label_B2-0-0__4.npy,B2-0-0
Mission.Impossible.III.2006__#00-18-41_00-19-45_label_B2-0-0__5.npy,B2-0-0
Mission.Impossible.III.2006__#00-18-41_00-19-45_label_B2-0-0__6.npy,B2-0-0
Mission.Impossible.III.2006__#00-18-41_00-19-45_label_B2-0-0__7.npy,B2-0-0
Mission.Impossible.III.2006__#00-18-41_00-19-45_label_B2-0-0__8.npy,B2-0-0
Mission.Impossible.III.2006__#00-18-41_00-19-45_label_B2-0-0__9.npy,B2-0-0
Mission.Impossible.III.2006__#01-04-32_01-05-54_label_B2-0-0__0.npy,B2-0-0
Mission.Impossible.III.2006__#01-04-32_01-05-54_label_B2-0-0__1.npy,B2-0-0
Mission.Impossible.III.2006__#01-04-32_01-05-54_label_B2-0-0__2.npy,B2-0-0
Mission.Impossible.III.2006__#01-04-32_01-05-54_label_B2-0-0__3.npy,B2-0-0
Mission.Impossible.III.2006__#01-04-32_01-05-54_label_B2-0-0__4.npy,B2-0-0
Mission.Impossible.III.2006__#01-04-32_01-05-54_label_B2-0-0__5.npy,B2-0-0
Mission.Impossible.III.2006__#01-04-32_01-05-54_label_B2-0-0__6.npy,B2-0-0
Mission.Impossible.III.2006__#01-04-32_01-05-54_label_B2-0-0__7.npy,B2-0-0
Mission.Impossible.III.2006__#01-04-32_01-05-54_label_B2-0-0__8.npy,B2-0-0
Mission.Impossible.III.2006__#01-04-32_01-05-54_label_B2-0-0__9.npy,B2-0-0
Mission.Impossible.V.Rogue.Nation.2015__#00-43-41_00-44-08_label_B2-0-0__0.npy,B2-0-0
Mission.Impossible.V.Rogue.Nation.2015__#00-43-41_00-44-08_label_B2-0-0__1.npy,B2-0-0
Mission.Impossible.V.Rogue.Nation.2015__#00-43-41_00-44-08_label_B2-0-0__2.npy,B2-0-0
Mission.Impossible.V.Rogue.Nation.2015__#00-43-41_00-44-08_label_B2-0-0__3.npy,B2-0-0
Mission.Impossible.V.Rogue.Nation.2015__#00-43-41_00-44-08_label_B2-0-0__4.npy,B2-0-0
Mission.Impossible.V.Rogue.Nation.2015__#00-43-41_00-44-08_label_B2-0-0__5.npy,B2-0-0
Mission.Impossible.V.Rogue.Nation.2015__#00-43-41_00-44-08_label_B2-0-0__6.npy,B2-0-0
Mission.Impossible.V.Rogue.Nation.2015__#00-43-41_00-44-08_label_B2-0-0__7.npy,B2-0-0
Mission.Impossible.V.Rogue.Nation.2015__#00-43-41_00-44-08_label_B2-0-0__8.npy,B2-0-0
Mission.Impossible.V.Rogue.Nation.2015__#00-43-41_00-44-08_label_B2-0-0__9.npy,B2-0-0
Mission.Impossible.V.Rogue.Nation.2015__#00-50-43_00-50-56_label_B2-0-0__0.npy,B2-0-0
Mission.Impossible.V.Rogue.Nation.2015__#00-50-43_00-50-56_label_B2-0-0__1.npy,B2-0-0
Mission.Impossible.V.Rogue.Nation.2015__#00-50-43_00-50-56_label_B2-0-0__2.npy,B2-0-0
Mission.Impossible.V.Rogue.Nation.2015__#00-50-43_00-50-56_label_B2-0-0__3.npy,B2-0-0
Mission.Impossible.V.Rogue.Nation.2015__#00-50-43_00-50-56_label_B2-0-0__4.npy,B2-0-0
Mission.Impossible.V.Rogue.Nation.2015__#00-50-43_00-50-56_label_B2-0-0__5.npy,B2-0-0
Mission.Impossible.V.Rogue.Nation.2015__#00-50-43_00-50-56_label_B2-0-0__6.npy,B2-0-0
Mission.Impossible.V.Rogue.Nation.2015__#00-50-43_00-50-56_label_B2-0-0__7.npy,B2-0-0
Mission.Impossible.V.Rogue.Nation.2015__#00-50-43_00-50-56_label_B2-0-0__8.npy,B2-0-0
Mission.Impossible.V.Rogue.Nation.2015__#00-50-43_00-50-56_label_B2-0-0__9.npy,B2-0-0
New.Kids.Turbo.2010__#00-45-45_00-46-20_label_B2-0-0__0.npy,B2-0-0
New.Kids.Turbo.2010__#00-45-45_00-46-20_label_B2-0-0__1.npy,B2-0-0
New.Kids.Turbo.2010__#00-45-45_00-46-20_label_B2-0-0__2.npy,B2-0-0
New.Kids.Turbo.2010__#00-45-45_00-46-20_label_B2-0-0__3.npy,B2-0-0
New.Kids.Turbo.2010__#00-45-45_00-46-20_label_B2-0-0__4.npy,B2-0-0
New.Kids.Turbo.2010__#00-45-45_00-46-20_label_B2-0-0__5.npy,B2-0-0
New.Kids.Turbo.2010__#00-45-45_00-46-20_label_B2-0-0__6.npy,B2-0-0
New.Kids.Turbo.2010__#00-45-45_00-46-20_label_B2-0-0__7.npy,B2-0-0
New.Kids.Turbo.2010__#00-45-45_00-46-20_label_B2-0-0__8.npy,B2-0-0
New.Kids.Turbo.2010__#00-45-45_00-46-20_label_B2-0-0__9.npy,B2-0-0
New.Kids.Turbo.2010__#01-12-25_01-14-25_label_B2-0-0__0.npy,B2-0-0
New.Kids.Turbo.2010__#01-12-25_01-14-25_label_B2-0-0__1.npy,B2-0-0
New.Kids.Turbo.2010__#01-12-25_01-14-25_label_B2-0-0__2.npy,B2-0-0
New.Kids.Turbo.2010__#01-12-25_01-14-25_label_B2-0-0__3.npy,B2-0-0
New.Kids.Turbo.2010__#01-12-25_01-14-25_label_B2-0-0__4.npy,B2-0-0
New.Kids.Turbo.2010__#01-12-25_01-14-25_label_B2-0-0__5.npy,B2-0-0
New.Kids.Turbo.2010__#01-12-25_01-14-25_label_B2-0-0__6.npy,B2-0-0
New.Kids.Turbo.2010__#01-12-25_01-14-25_label_B2-0-0__7.npy,B2-0-0
New.Kids.Turbo.2010__#01-12-25_01-14-25_label_B2-0-0__8.npy,B2-0-0
New.Kids.Turbo.2010__#01-12-25_01-14-25_label_B2-0-0__9.npy,B2-0-0
Operation.Red.Sea.2018__#0-05-27_0-07-35_label_B2-0-0__0.npy,B2-0-0
Operation.Red.Sea.2018__#0-05-27_0-07-35_label_B2-0-0__1.npy,B2-0-0
Operation.Red.Sea.2018__#0-05-27_0-07-35_label_B2-0-0__2.npy,B2-0-0
Operation.Red.Sea.2018__#0-05-27_0-07-35_label_B2-0-0__3.npy,B2-0-0
Operation.Red.Sea.2018__#0-05-27_0-07-35_label_B2-0-0__4.npy,B2-0-0
Operation.Red.Sea.2018__#0-05-27_0-07-35_label_B2-0-0__5.npy,B2-0-0
Operation.Red.Sea.2018__#0-05-27_0-07-35_label_B2-0-0__6.npy,B2-0-0
Operation.Red.Sea.2018__#0-05-27_0-07-35_label_B2-0-0__7.npy,B2-0-0
Operation.Red.Sea.2018__#0-05-27_0-07-35_label_B2-0-0__8.npy,B2-0-0
Operation.Red.Sea.2018__#0-05-27_0-07-35_label_B2-0-0__9.npy,B2-0-0
Operation.Red.Sea.2018__#0-26-07_0-27-21_label_B2-0-0__0.npy,B2-0-0
Operation.Red.Sea.2018__#0-26-07_0-27-21_label_B2-0-0__1.npy,B2-0-0
Operation.Red.Sea.2018__#0-26-07_0-27-21_label_B2-0-0__2.npy,B2-0-0
Operation.Red.Sea.2018__#0-26-07_0-27-21_label_B2-0-0__3.npy,B2-0-0
Operation.Red.Sea.2018__#0-26-07_0-27-21_label_B2-0-0__4.npy,B2-0-0
Operation.Red.Sea.2018__#0-26-07_0-27-21_label_B2-0-0__5.npy,B2-0-0
Operation.Red.Sea.2018__#0-26-07_0-27-21_label_B2-0-0__6.npy,B2-0-0
Operation.Red.Sea.2018__#0-26-07_0-27-21_label_B2-0-0__7.npy,B2-0-0
Operation.Red.Sea.2018__#0-26-07_0-27-21_label_B2-0-0__8.npy,B2-0-0
Operation.Red.Sea.2018__#0-26-07_0-27-21_label_B2-0-0__9.npy,B2-0-0
Operation.Red.Sea.2018__#0-30-40_0-31-30_label_B2-0-0__0.npy,B2-0-0
Operation.Red.Sea.2018__#0-30-40_0-31-30_label_B2-0-0__1.npy,B2-0-0
Operation.Red.Sea.2018__#0-30-40_0-31-30_label_B2-0-0__2.npy,B2-0-0
Operation.Red.Sea.2018__#0-30-40_0-31-30_label_B2-0-0__3.npy,B2-0-0
Operation.Red.Sea.2018__#0-30-40_0-31-30_label_B2-0-0__4.npy,B2-0-0
Operation.Red.Sea.2018__#0-30-40_0-31-30_label_B2-0-0__5.npy,B2-0-0
Operation.Red.Sea.2018__#0-30-40_0-31-30_label_B2-0-0__6.npy,B2-0-0
Operation.Red.Sea.2018__#0-30-40_0-31-30_label_B2-0-0__7.npy,B2-0-0
Operation.Red.Sea.2018__#0-30-40_0-31-30_label_B2-0-0__8.npy,B2-0-0
Operation.Red.Sea.2018__#0-30-40_0-31-30_label_B2-0-0__9.npy,B2-0-0
Operation.Red.Sea.2018__#0-31-34_0-33-12_label_B2-0-0__0.npy,B2-0-0
Operation.Red.Sea.2018__#0-31-34_0-33-12_label_B2-0-0__1.npy,B2-0-0
Operation.Red.Sea.2018__#0-31-34_0-33-12_label_B2-0-0__2.npy,B2-0-0
Operation.Red.Sea.2018__#0-31-34_0-33-12_label_B2-0-0__3.npy,B2-0-0
Operation.Red.Sea.2018__#0-31-34_0-33-12_label_B2-0-0__4.npy,B2-0-0
Operation.Red.Sea.2018__#0-31-34_0-33-12_label_B2-0-0__5.npy,B2-0-0
Operation.Red.Sea.2018__#0-31-34_0-33-12_label_B2-0-0__6.npy,B2-0-0
Operation.Red.Sea.2018__#0-31-34_0-33-12_label_B2-0-0__7.npy,B2-0-0
Operation.Red.Sea.2018__#0-31-34_0-33-12_label_B2-0-0__8.npy,B2-0-0
Operation.Red.Sea.2018__#0-31-34_0-33-12_label_B2-0-0__9.npy,B2-0-0
Operation.Red.Sea.2018__#0-36-25_0-38-01_label_B2-0-0__0.npy,B2-0-0
Operation.Red.Sea.2018__#0-36-25_0-38-01_label_B2-0-0__1.npy,B2-0-0
Operation.Red.Sea.2018__#0-36-25_0-38-01_label_B2-0-0__2.npy,B2-0-0
Operation.Red.Sea.2018__#0-36-25_0-38-01_label_B2-0-0__3.npy,B2-0-0
Operation.Red.Sea.2018__#0-36-25_0-38-01_label_B2-0-0__4.npy,B2-0-0
Operation.Red.Sea.2018__#0-36-25_0-38-01_label_B2-0-0__5.npy,B2-0-0
Operation.Red.Sea.2018__#0-36-25_0-38-01_label_B2-0-0__6.npy,B2-0-0
Operation.Red.Sea.2018__#0-36-25_0-38-01_label_B2-0-0__7.npy,B2-0-0
Operation.Red.Sea.2018__#0-36-25_0-38-01_label_B2-0-0__8.npy,B2-0-0
Operation.Red.Sea.2018__#0-36-25_0-38-01_label_B2-0-0__9.npy,B2-0-0
Operation.Red.Sea.2018__#0-55-04_0-56-25_label_B2-0-0__0.npy,B2-0-0
Operation.Red.Sea.2018__#0-55-04_0-56-25_label_B2-0-0__1.npy,B2-0-0
Operation.Red.Sea.2018__#0-55-04_0-56-25_label_B2-0-0__2.npy,B2-0-0
Operation.Red.Sea.2018__#0-55-04_0-56-25_label_B2-0-0__3.npy,B2-0-0
Operation.Red.Sea.2018__#0-55-04_0-56-25_label_B2-0-0__4.npy,B2-0-0
Operation.Red.Sea.2018__#0-55-04_0-56-25_label_B2-0-0__5.npy,B2-0-0
Operation.Red.Sea.2018__#0-55-04_0-56-25_label_B2-0-0__6.npy,B2-0-0
Operation.Red.Sea.2018__#0-55-04_0-56-25_label_B2-0-0__7.npy,B2-0-0
Operation.Red.Sea.2018__#0-55-04_0-56-25_label_B2-0-0__8.npy,B2-0-0
Operation.Red.Sea.2018__#0-55-04_0-56-25_label_B2-0-0__9.npy,B2-0-0
Operation.Red.Sea.2018__#01-28-15_01-29-05_label_B2-0-0__0.npy,B2-0-0
Operation.Red.Sea.2018__#01-28-15_01-29-05_label_B2-0-0__1.npy,B2-0-0
Operation.Red.Sea.2018__#01-28-15_01-29-05_label_B2-0-0__2.npy,B2-0-0
Operation.Red.Sea.2018__#01-28-15_01-29-05_label_B2-0-0__3.npy,B2-0-0
Operation.Red.Sea.2018__#01-28-15_01-29-05_label_B2-0-0__4.npy,B2-0-0
Operation.Red.Sea.2018__#01-28-15_01-29-05_label_B2-0-0__5.npy,B2-0-0
Operation.Red.Sea.2018__#01-28-15_01-29-05_label_B2-0-0__6.npy,B2-0-0
Operation.Red.Sea.2018__#01-28-15_01-29-05_label_B2-0-0__7.npy,B2-0-0
Operation.Red.Sea.2018__#01-28-15_01-29-05_label_B2-0-0__8.npy,B2-0-0
Operation.Red.Sea.2018__#01-28-15_01-29-05_label_B2-0-0__9.npy,B2-0-0
Operation.Red.Sea.2018__#01-31-46_01-32-01_label_B2-0-0__0.npy,B2-0-0
Operation.Red.Sea.2018__#01-31-46_01-32-01_label_B2-0-0__1.npy,B2-0-0
Operation.Red.Sea.2018__#01-31-46_01-32-01_label_B2-0-0__2.npy,B2-0-0
Operation.Red.Sea.2018__#01-31-46_01-32-01_label_B2-0-0__3.npy,B2-0-0
Operation.Red.Sea.2018__#01-31-46_01-32-01_label_B2-0-0__4.npy,B2-0-0
Operation.Red.Sea.2018__#01-31-46_01-32-01_label_B2-0-0__5.npy,B2-0-0
Operation.Red.Sea.2018__#01-31-46_01-32-01_label_B2-0-0__6.npy,B2-0-0
Operation.Red.Sea.2018__#01-31-46_01-32-01_label_B2-0-0__7.npy,B2-0-0
Operation.Red.Sea.2018__#01-31-46_01-32-01_label_B2-0-0__8.npy,B2-0-0
Operation.Red.Sea.2018__#01-31-46_01-32-01_label_B2-0-0__9.npy,B2-0-0
Operation.Red.Sea.2018__#01-36-21_01-37-00_label_B2-0-0__0.npy,B2-0-0
Operation.Red.Sea.2018__#01-36-21_01-37-00_label_B2-0-0__1.npy,B2-0-0
Operation.Red.Sea.2018__#01-36-21_01-37-00_label_B2-0-0__2.npy,B2-0-0
Operation.Red.Sea.2018__#01-36-21_01-37-00_label_B2-0-0__3.npy,B2-0-0
Operation.Red.Sea.2018__#01-36-21_01-37-00_label_B2-0-0__4.npy,B2-0-0
Operation.Red.Sea.2018__#01-36-21_01-37-00_label_B2-0-0__5.npy,B2-0-0
Operation.Red.Sea.2018__#01-36-21_01-37-00_label_B2-0-0__6.npy,B2-0-0
Operation.Red.Sea.2018__#01-36-21_01-37-00_label_B2-0-0__7.npy,B2-0-0
Operation.Red.Sea.2018__#01-36-21_01-37-00_label_B2-0-0__8.npy,B2-0-0
Operation.Red.Sea.2018__#01-36-21_01-37-00_label_B2-0-0__9.npy,B2-0-0
Operation.Red.Sea.2018__#01-42-54_01-44-00_label_B2-0-0__0.npy,B2-0-0
Operation.Red.Sea.2018__#01-42-54_01-44-00_label_B2-0-0__1.npy,B2-0-0
Operation.Red.Sea.2018__#01-42-54_01-44-00_label_B2-0-0__2.npy,B2-0-0
Operation.Red.Sea.2018__#01-42-54_01-44-00_label_B2-0-0__3.npy,B2-0-0
Operation.Red.Sea.2018__#01-42-54_01-44-00_label_B2-0-0__4.npy,B2-0-0
Operation.Red.Sea.2018__#01-42-54_01-44-00_label_B2-0-0__5.npy,B2-0-0
Operation.Red.Sea.2018__#01-42-54_01-44-00_label_B2-0-0__6.npy,B2-0-0
Operation.Red.Sea.2018__#01-42-54_01-44-00_label_B2-0-0__7.npy,B2-0-0
Operation.Red.Sea.2018__#01-42-54_01-44-00_label_B2-0-0__8.npy,B2-0-0
Operation.Red.Sea.2018__#01-42-54_01-44-00_label_B2-0-0__9.npy,B2-0-0
Quantum.Of.Solace.2008__#00-30-15_00-31-11_label_B2-0-0__0.npy,B2-0-0
Quantum.Of.Solace.2008__#00-30-15_00-31-11_label_B2-0-0__1.npy,B2-0-0
Quantum.Of.Solace.2008__#00-30-15_00-31-11_label_B2-0-0__2.npy,B2-0-0
Quantum.Of.Solace.2008__#00-30-15_00-31-11_label_B2-0-0__3.npy,B2-0-0
Quantum.Of.Solace.2008__#00-30-15_00-31-11_label_B2-0-0__4.npy,B2-0-0
Quantum.Of.Solace.2008__#00-30-15_00-31-11_label_B2-0-0__5.npy,B2-0-0
Quantum.Of.Solace.2008__#00-30-15_00-31-11_label_B2-0-0__6.npy,B2-0-0
Quantum.Of.Solace.2008__#00-30-15_00-31-11_label_B2-0-0__7.npy,B2-0-0
Quantum.Of.Solace.2008__#00-30-15_00-31-11_label_B2-0-0__8.npy,B2-0-0
Quantum.Of.Solace.2008__#00-30-15_00-31-11_label_B2-0-0__9.npy,B2-0-0
Quantum.Of.Solace.2008__#00-44-22_00-45-32_label_B2-0-0__0.npy,B2-0-0
Quantum.Of.Solace.2008__#00-44-22_00-45-32_label_B2-0-0__1.npy,B2-0-0
Quantum.Of.Solace.2008__#00-44-22_00-45-32_label_B2-0-0__2.npy,B2-0-0
Quantum.Of.Solace.2008__#00-44-22_00-45-32_label_B2-0-0__3.npy,B2-0-0
Quantum.Of.Solace.2008__#00-44-22_00-45-32_label_B2-0-0__4.npy,B2-0-0
Quantum.Of.Solace.2008__#00-44-22_00-45-32_label_B2-0-0__5.npy,B2-0-0
Quantum.Of.Solace.2008__#00-44-22_00-45-32_label_B2-0-0__6.npy,B2-0-0
Quantum.Of.Solace.2008__#00-44-22_00-45-32_label_B2-0-0__7.npy,B2-0-0
Quantum.Of.Solace.2008__#00-44-22_00-45-32_label_B2-0-0__8.npy,B2-0-0
Quantum.Of.Solace.2008__#00-44-22_00-45-32_label_B2-0-0__9.npy,B2-0-0
Rush.Hour.1998.BluRay__#01-21-48_01-22-19_label_B2-0-0__0.npy,B2-0-0
Rush.Hour.1998.BluRay__#01-21-48_01-22-19_label_B2-0-0__1.npy,B2-0-0
Rush.Hour.1998.BluRay__#01-21-48_01-22-19_label_B2-0-0__2.npy,B2-0-0
Rush.Hour.1998.BluRay__#01-21-48_01-22-19_label_B2-0-0__3.npy,B2-0-0
Rush.Hour.1998.BluRay__#01-21-48_01-22-19_label_B2-0-0__4.npy,B2-0-0
Rush.Hour.1998.BluRay__#01-21-48_01-22-19_label_B2-0-0__5.npy,B2-0-0
Rush.Hour.1998.BluRay__#01-21-48_01-22-19_label_B2-0-0__6.npy,B2-0-0
Rush.Hour.1998.BluRay__#01-21-48_01-22-19_label_B2-0-0__7.npy,B2-0-0
Rush.Hour.1998.BluRay__#01-21-48_01-22-19_label_B2-0-0__8.npy,B2-0-0
Rush.Hour.1998.BluRay__#01-21-48_01-22-19_label_B2-0-0__9.npy,B2-0-0
Rush.Hour.3.2007.BluRay__#00-18-21_00-18-47_label_B2-0-0__0.npy,B2-0-0
Rush.Hour.3.2007.BluRay__#00-18-21_00-18-47_label_B2-0-0__1.npy,B2-0-0
Rush.Hour.3.2007.BluRay__#00-18-21_00-18-47_label_B2-0-0__2.npy,B2-0-0
Rush.Hour.3.2007.BluRay__#00-18-21_00-18-47_label_B2-0-0__3.npy,B2-0-0
Rush.Hour.3.2007.BluRay__#00-18-21_00-18-47_label_B2-0-0__4.npy,B2-0-0
Rush.Hour.3.2007.BluRay__#00-18-21_00-18-47_label_B2-0-0__5.npy,B2-0-0
Rush.Hour.3.2007.BluRay__#00-18-21_00-18-47_label_B2-0-0__6.npy,B2-0-0
Rush.Hour.3.2007.BluRay__#00-18-21_00-18-47_label_B2-0-0__7.npy,B2-0-0
Rush.Hour.3.2007.BluRay__#00-18-21_00-18-47_label_B2-0-0__8.npy,B2-0-0
Rush.Hour.3.2007.BluRay__#00-18-21_00-18-47_label_B2-0-0__9.npy,B2-0-0
Rush.Hour.3.2007.BluRay__#01-16-36_01-17-08_label_B2-0-0__0.npy,B2-0-0
Rush.Hour.3.2007.BluRay__#01-16-36_01-17-08_label_B2-0-0__1.npy,B2-0-0
Rush.Hour.3.2007.BluRay__#01-16-36_01-17-08_label_B2-0-0__2.npy,B2-0-0
Rush.Hour.3.2007.BluRay__#01-16-36_01-17-08_label_B2-0-0__3.npy,B2-0-0
Rush.Hour.3.2007.BluRay__#01-16-36_01-17-08_label_B2-0-0__4.npy,B2-0-0
Rush.Hour.3.2007.BluRay__#01-16-36_01-17-08_label_B2-0-0__5.npy,B2-0-0
Rush.Hour.3.2007.BluRay__#01-16-36_01-17-08_label_B2-0-0__6.npy,B2-0-0
Rush.Hour.3.2007.BluRay__#01-16-36_01-17-08_label_B2-0-0__7.npy,B2-0-0
Rush.Hour.3.2007.BluRay__#01-16-36_01-17-08_label_B2-0-0__8.npy,B2-0-0
Rush.Hour.3.2007.BluRay__#01-16-36_01-17-08_label_B2-0-0__9.npy,B2-0-0
Rush.Hour.3.2007.BluRay__#01-18-26_01-18-36_label_B2-0-0__0.npy,B2-0-0
Rush.Hour.3.2007.BluRay__#01-18-26_01-18-36_label_B2-0-0__1.npy,B2-0-0
Rush.Hour.3.2007.BluRay__#01-18-26_01-18-36_label_B2-0-0__2.npy,B2-0-0
Rush.Hour.3.2007.BluRay__#01-18-26_01-18-36_label_B2-0-0__3.npy,B2-0-0
Rush.Hour.3.2007.BluRay__#01-18-26_01-18-36_label_B2-0-0__4.npy,B2-0-0
Rush.Hour.3.2007.BluRay__#01-18-26_01-18-36_label_B2-0-0__5.npy,B2-0-0
Rush.Hour.3.2007.BluRay__#01-18-26_01-18-36_label_B2-0-0__6.npy,B2-0-0
Rush.Hour.3.2007.BluRay__#01-18-26_01-18-36_label_B2-0-0__7.npy,B2-0-0
Rush.Hour.3.2007.BluRay__#01-18-26_01-18-36_label_B2-0-0__8.npy,B2-0-0
Rush.Hour.3.2007.BluRay__#01-18-26_01-18-36_label_B2-0-0__9.npy,B2-0-0
Rush.Hour.3.2007.BluRay__#01-19-53_01-20-06_label_B2-0-0__0.npy,B2-0-0
Rush.Hour.3.2007.BluRay__#01-19-53_01-20-06_label_B2-0-0__1.npy,B2-0-0
Rush.Hour.3.2007.BluRay__#01-19-53_01-20-06_label_B2-0-0__2.npy,B2-0-0
Rush.Hour.3.2007.BluRay__#01-19-53_01-20-06_label_B2-0-0__3.npy,B2-0-0
Rush.Hour.3.2007.BluRay__#01-19-53_01-20-06_label_B2-0-0__4.npy,B2-0-0
Rush.Hour.3.2007.BluRay__#01-19-53_01-20-06_label_B2-0-0__5.npy,B2-0-0
Rush.Hour.3.2007.BluRay__#01-19-53_01-20-06_label_B2-0-0__6.npy,B2-0-0
Rush.Hour.3.2007.BluRay__#01-19-53_01-20-06_label_B2-0-0__7.npy,B2-0-0
Rush.Hour.3.2007.BluRay__#01-19-53_01-20-06_label_B2-0-0__8.npy,B2-0-0
Rush.Hour.3.2007.BluRay__#01-19-53_01-20-06_label_B2-0-0__9.npy,B2-0-0
Salt.2010__#00-24-37_00-25-07_label_B2-0-0__0.npy,B2-0-0
Salt.2010__#00-24-37_00-25-07_label_B2-0-0__1.npy,B2-0-0
Salt.2010__#00-24-37_00-25-07_label_B2-0-0__2.npy,B2-0-0
Salt.2010__#00-24-37_00-25-07_label_B2-0-0__3.npy,B2-0-0
Salt.2010__#00-24-37_00-25-07_label_B2-0-0__4.npy,B2-0-0
Salt.2010__#00-24-37_00-25-07_label_B2-0-0__5.npy,B2-0-0
Salt.2010__#00-24-37_00-25-07_label_B2-0-0__6.npy,B2-0-0
Salt.2010__#00-24-37_00-25-07_label_B2-0-0__7.npy,B2-0-0
Salt.2010__#00-24-37_00-25-07_label_B2-0-0__8.npy,B2-0-0
Salt.2010__#00-24-37_00-25-07_label_B2-0-0__9.npy,B2-0-0
Salt.2010__#00-28-03_00-28-35_label_B2-0-0__0.npy,B2-0-0
Salt.2010__#00-28-03_00-28-35_label_B2-0-0__1.npy,B2-0-0
Salt.2010__#00-28-03_00-28-35_label_B2-0-0__2.npy,B2-0-0
Salt.2010__#00-28-03_00-28-35_label_B2-0-0__3.npy,B2-0-0
Salt.2010__#00-28-03_00-28-35_label_B2-0-0__4.npy,B2-0-0
Salt.2010__#00-28-03_00-28-35_label_B2-0-0__5.npy,B2-0-0
Salt.2010__#00-28-03_00-28-35_label_B2-0-0__6.npy,B2-0-0
Salt.2010__#00-28-03_00-28-35_label_B2-0-0__7.npy,B2-0-0
Salt.2010__#00-28-03_00-28-35_label_B2-0-0__8.npy,B2-0-0
Salt.2010__#00-28-03_00-28-35_label_B2-0-0__9.npy,B2-0-0
Salt.2010__#00-34-53_00-35-20_label_B2-0-0__0.npy,B2-0-0
Salt.2010__#00-34-53_00-35-20_label_B2-0-0__1.npy,B2-0-0
Salt.2010__#00-34-53_00-35-20_label_B2-0-0__2.npy,B2-0-0
Salt.2010__#00-34-53_00-35-20_label_B2-0-0__3.npy,B2-0-0
Salt.2010__#00-34-53_00-35-20_label_B2-0-0__4.npy,B2-0-0
Salt.2010__#00-34-53_00-35-20_label_B2-0-0__5.npy,B2-0-0
Salt.2010__#00-34-53_00-35-20_label_B2-0-0__6.npy,B2-0-0
Salt.2010__#00-34-53_00-35-20_label_B2-0-0__7.npy,B2-0-0
Salt.2010__#00-34-53_00-35-20_label_B2-0-0__8.npy,B2-0-0
Salt.2010__#00-34-53_00-35-20_label_B2-0-0__9.npy,B2-0-0
Salt.2010__#00-36-10_00-36-40_label_B2-0-0__0.npy,B2-0-0
Salt.2010__#00-36-10_00-36-40_label_B2-0-0__1.npy,B2-0-0
Salt.2010__#00-36-10_00-36-40_label_B2-0-0__2.npy,B2-0-0
Salt.2010__#00-36-10_00-36-40_label_B2-0-0__3.npy,B2-0-0
Salt.2010__#00-36-10_00-36-40_label_B2-0-0__4.npy,B2-0-0
Salt.2010__#00-36-10_00-36-40_label_B2-0-0__5.npy,B2-0-0
Salt.2010__#00-36-10_00-36-40_label_B2-0-0__6.npy,B2-0-0
Salt.2010__#00-36-10_00-36-40_label_B2-0-0__7.npy,B2-0-0
Salt.2010__#00-36-10_00-36-40_label_B2-0-0__8.npy,B2-0-0
Salt.2010__#00-36-10_00-36-40_label_B2-0-0__9.npy,B2-0-0
Salt.2010__#00-51-17_00-51-40_label_B2-0-0__0.npy,B2-0-0
Salt.2010__#00-51-17_00-51-40_label_B2-0-0__1.npy,B2-0-0
Salt.2010__#00-51-17_00-51-40_label_B2-0-0__2.npy,B2-0-0
Salt.2010__#00-51-17_00-51-40_label_B2-0-0__3.npy,B2-0-0
Salt.2010__#00-51-17_00-51-40_label_B2-0-0__4.npy,B2-0-0
Salt.2010__#00-51-17_00-51-40_label_B2-0-0__5.npy,B2-0-0
Salt.2010__#00-51-17_00-51-40_label_B2-0-0__6.npy,B2-0-0
Salt.2010__#00-51-17_00-51-40_label_B2-0-0__7.npy,B2-0-0
Salt.2010__#00-51-17_00-51-40_label_B2-0-0__8.npy,B2-0-0
Salt.2010__#00-51-17_00-51-40_label_B2-0-0__9.npy,B2-0-0
Salt.2010__#00-52-08_00-52-38_label_B2-0-0__0.npy,B2-0-0
Salt.2010__#00-52-08_00-52-38_label_B2-0-0__1.npy,B2-0-0
Salt.2010__#00-52-08_00-52-38_label_B2-0-0__2.npy,B2-0-0
Salt.2010__#00-52-08_00-52-38_label_B2-0-0__3.npy,B2-0-0
Salt.2010__#00-52-08_00-52-38_label_B2-0-0__4.npy,B2-0-0
Salt.2010__#00-52-08_00-52-38_label_B2-0-0__5.npy,B2-0-0
Salt.2010__#00-52-08_00-52-38_label_B2-0-0__6.npy,B2-0-0
Salt.2010__#00-52-08_00-52-38_label_B2-0-0__7.npy,B2-0-0
Salt.2010__#00-52-08_00-52-38_label_B2-0-0__8.npy,B2-0-0
Salt.2010__#00-52-08_00-52-38_label_B2-0-0__9.npy,B2-0-0
Salt.2010__#01-19-30_01-19-54_label_B2-0-0__0.npy,B2-0-0
Salt.2010__#01-19-30_01-19-54_label_B2-0-0__1.npy,B2-0-0
Salt.2010__#01-19-30_01-19-54_label_B2-0-0__2.npy,B2-0-0
Salt.2010__#01-19-30_01-19-54_label_B2-0-0__3.npy,B2-0-0
Salt.2010__#01-19-30_01-19-54_label_B2-0-0__4.npy,B2-0-0
Salt.2010__#01-19-30_01-19-54_label_B2-0-0__5.npy,B2-0-0
Salt.2010__#01-19-30_01-19-54_label_B2-0-0__6.npy,B2-0-0
Salt.2010__#01-19-30_01-19-54_label_B2-0-0__7.npy,B2-0-0
Salt.2010__#01-19-30_01-19-54_label_B2-0-0__8.npy,B2-0-0
Salt.2010__#01-19-30_01-19-54_label_B2-0-0__9.npy,B2-0-0
Salt.2010__#01-20-25_01-21-00_label_B2-0-0__0.npy,B2-0-0
Salt.2010__#01-20-25_01-21-00_label_B2-0-0__1.npy,B2-0-0
Salt.2010__#01-20-25_01-21-00_label_B2-0-0__2.npy,B2-0-0
Salt.2010__#01-20-25_01-21-00_label_B2-0-0__3.npy,B2-0-0
Salt.2010__#01-20-25_01-21-00_label_B2-0-0__4.npy,B2-0-0
Salt.2010__#01-20-25_01-21-00_label_B2-0-0__5.npy,B2-0-0
Salt.2010__#01-20-25_01-21-00_label_B2-0-0__6.npy,B2-0-0
Salt.2010__#01-20-25_01-21-00_label_B2-0-0__7.npy,B2-0-0
Salt.2010__#01-20-25_01-21-00_label_B2-0-0__8.npy,B2-0-0
Salt.2010__#01-20-25_01-21-00_label_B2-0-0__9.npy,B2-0-0
Salt.2010__#01-25-00_01-25-25_label_B2-0-0__0.npy,B2-0-0
Salt.2010__#01-25-00_01-25-25_label_B2-0-0__1.npy,B2-0-0
Salt.2010__#01-25-00_01-25-25_label_B2-0-0__2.npy,B2-0-0
Salt.2010__#01-25-00_01-25-25_label_B2-0-0__3.npy,B2-0-0
Salt.2010__#01-25-00_01-25-25_label_B2-0-0__4.npy,B2-0-0
Salt.2010__#01-25-00_01-25-25_label_B2-0-0__5.npy,B2-0-0
Salt.2010__#01-25-00_01-25-25_label_B2-0-0__6.npy,B2-0-0
Salt.2010__#01-25-00_01-25-25_label_B2-0-0__7.npy,B2-0-0
Salt.2010__#01-25-00_01-25-25_label_B2-0-0__8.npy,B2-0-0
Salt.2010__#01-25-00_01-25-25_label_B2-0-0__9.npy,B2-0-0
Salt.2010__#01-25-52_01-26-27_label_B2-0-0__0.npy,B2-0-0
Salt.2010__#01-25-52_01-26-27_label_B2-0-0__1.npy,B2-0-0
Salt.2010__#01-25-52_01-26-27_label_B2-0-0__2.npy,B2-0-0
Salt.2010__#01-25-52_01-26-27_label_B2-0-0__3.npy,B2-0-0
Salt.2010__#01-25-52_01-26-27_label_B2-0-0__4.npy,B2-0-0
Salt.2010__#01-25-52_01-26-27_label_B2-0-0__5.npy,B2-0-0
Salt.2010__#01-25-52_01-26-27_label_B2-0-0__6.npy,B2-0-0
Salt.2010__#01-25-52_01-26-27_label_B2-0-0__7.npy,B2-0-0
Salt.2010__#01-25-52_01-26-27_label_B2-0-0__8.npy,B2-0-0
Salt.2010__#01-25-52_01-26-27_label_B2-0-0__9.npy,B2-0-0
Saving.Private.Ryan.1998__#00-55-35_00-55-55_label_B2-0-0__0.npy,B2-0-0
Saving.Private.Ryan.1998__#00-55-35_00-55-55_label_B2-0-0__1.npy,B2-0-0
Saving.Private.Ryan.1998__#00-55-35_00-55-55_label_B2-0-0__2.npy,B2-0-0
Saving.Private.Ryan.1998__#00-55-35_00-55-55_label_B2-0-0__3.npy,B2-0-0
Saving.Private.Ryan.1998__#00-55-35_00-55-55_label_B2-0-0__4.npy,B2-0-0
Saving.Private.Ryan.1998__#00-55-35_00-55-55_label_B2-0-0__5.npy,B2-0-0
Saving.Private.Ryan.1998__#00-55-35_00-55-55_label_B2-0-0__6.npy,B2-0-0
Saving.Private.Ryan.1998__#00-55-35_00-55-55_label_B2-0-0__7.npy,B2-0-0
Saving.Private.Ryan.1998__#00-55-35_00-55-55_label_B2-0-0__8.npy,B2-0-0
Saving.Private.Ryan.1998__#00-55-35_00-55-55_label_B2-0-0__9.npy,B2-0-0
Saving.Private.Ryan.1998__#00-58-47_00-59-44_label_B2-0-0__0.npy,B2-0-0
Saving.Private.Ryan.1998__#00-58-47_00-59-44_label_B2-0-0__1.npy,B2-0-0
Saving.Private.Ryan.1998__#00-58-47_00-59-44_label_B2-0-0__2.npy,B2-0-0
Saving.Private.Ryan.1998__#00-58-47_00-59-44_label_B2-0-0__3.npy,B2-0-0
Saving.Private.Ryan.1998__#00-58-47_00-59-44_label_B2-0-0__4.npy,B2-0-0
Saving.Private.Ryan.1998__#00-58-47_00-59-44_label_B2-0-0__5.npy,B2-0-0
Saving.Private.Ryan.1998__#00-58-47_00-59-44_label_B2-0-0__6.npy,B2-0-0
Saving.Private.Ryan.1998__#00-58-47_00-59-44_label_B2-0-0__7.npy,B2-0-0
Saving.Private.Ryan.1998__#00-58-47_00-59-44_label_B2-0-0__8.npy,B2-0-0
Saving.Private.Ryan.1998__#00-58-47_00-59-44_label_B2-0-0__9.npy,B2-0-0
Saving.Private.Ryan.1998__#01-26-59_01-27-49_label_B2-0-0__0.npy,B2-0-0
Saving.Private.Ryan.1998__#01-26-59_01-27-49_label_B2-0-0__1.npy,B2-0-0
Saving.Private.Ryan.1998__#01-26-59_01-27-49_label_B2-0-0__2.npy,B2-0-0
Saving.Private.Ryan.1998__#01-26-59_01-27-49_label_B2-0-0__3.npy,B2-0-0
Saving.Private.Ryan.1998__#01-26-59_01-27-49_label_B2-0-0__4.npy,B2-0-0
Saving.Private.Ryan.1998__#01-26-59_01-27-49_label_B2-0-0__5.npy,B2-0-0
Saving.Private.Ryan.1998__#01-26-59_01-27-49_label_B2-0-0__6.npy,B2-0-0
Saving.Private.Ryan.1998__#01-26-59_01-27-49_label_B2-0-0__7.npy,B2-0-0
Saving.Private.Ryan.1998__#01-26-59_01-27-49_label_B2-0-0__8.npy,B2-0-0
Saving.Private.Ryan.1998__#01-26-59_01-27-49_label_B2-0-0__9.npy,B2-0-0
Saving.Private.Ryan.1998__#02-13-16_02-13-45_label_B2-0-0__0.npy,B2-0-0
Saving.Private.Ryan.1998__#02-13-16_02-13-45_label_B2-0-0__1.npy,B2-0-0
Saving.Private.Ryan.1998__#02-13-16_02-13-45_label_B2-0-0__2.npy,B2-0-0
Saving.Private.Ryan.1998__#02-13-16_02-13-45_label_B2-0-0__3.npy,B2-0-0
Saving.Private.Ryan.1998__#02-13-16_02-13-45_label_B2-0-0__4.npy,B2-0-0
Saving.Private.Ryan.1998__#02-13-16_02-13-45_label_B2-0-0__5.npy,B2-0-0
Saving.Private.Ryan.1998__#02-13-16_02-13-45_label_B2-0-0__6.npy,B2-0-0
Saving.Private.Ryan.1998__#02-13-16_02-13-45_label_B2-0-0__7.npy,B2-0-0
Saving.Private.Ryan.1998__#02-13-16_02-13-45_label_B2-0-0__8.npy,B2-0-0
Saving.Private.Ryan.1998__#02-13-16_02-13-45_label_B2-0-0__9.npy,B2-0-0
Saving.Private.Ryan.1998__#02-17-44_02-18-50_label_B2-0-0__0.npy,B2-0-0
Saving.Private.Ryan.1998__#02-17-44_02-18-50_label_B2-0-0__1.npy,B2-0-0
Saving.Private.Ryan.1998__#02-17-44_02-18-50_label_B2-0-0__2.npy,B2-0-0
Saving.Private.Ryan.1998__#02-17-44_02-18-50_label_B2-0-0__3.npy,B2-0-0
Saving.Private.Ryan.1998__#02-17-44_02-18-50_label_B2-0-0__4.npy,B2-0-0
Saving.Private.Ryan.1998__#02-17-44_02-18-50_label_B2-0-0__5.npy,B2-0-0
Saving.Private.Ryan.1998__#02-17-44_02-18-50_label_B2-0-0__6.npy,B2-0-0
Saving.Private.Ryan.1998__#02-17-44_02-18-50_label_B2-0-0__7.npy,B2-0-0
Saving.Private.Ryan.1998__#02-17-44_02-18-50_label_B2-0-0__8.npy,B2-0-0
Saving.Private.Ryan.1998__#02-17-44_02-18-50_label_B2-0-0__9.npy,B2-0-0
Saving.Private.Ryan.1998__#02-19-02_02-20-00_label_B2-0-0__0.npy,B2-0-0
Saving.Private.Ryan.1998__#02-19-02_02-20-00_label_B2-0-0__1.npy,B2-0-0
Saving.Private.Ryan.1998__#02-19-02_02-20-00_label_B2-0-0__2.npy,B2-0-0
Saving.Private.Ryan.1998__#02-19-02_02-20-00_label_B2-0-0__3.npy,B2-0-0
Saving.Private.Ryan.1998__#02-19-02_02-20-00_label_B2-0-0__4.npy,B2-0-0
Saving.Private.Ryan.1998__#02-19-02_02-20-00_label_B2-0-0__5.npy,B2-0-0
Saving.Private.Ryan.1998__#02-19-02_02-20-00_label_B2-0-0__6.npy,B2-0-0
Saving.Private.Ryan.1998__#02-19-02_02-20-00_label_B2-0-0__7.npy,B2-0-0
Saving.Private.Ryan.1998__#02-19-02_02-20-00_label_B2-0-0__8.npy,B2-0-0
Saving.Private.Ryan.1998__#02-19-02_02-20-00_label_B2-0-0__9.npy,B2-0-0
Saving.Private.Ryan.1998__#02-22-13_02-23-00_label_B2-0-0__0.npy,B2-0-0
Saving.Private.Ryan.1998__#02-22-13_02-23-00_label_B2-0-0__1.npy,B2-0-0
Saving.Private.Ryan.1998__#02-22-13_02-23-00_label_B2-0-0__2.npy,B2-0-0
Saving.Private.Ryan.1998__#02-22-13_02-23-00_label_B2-0-0__3.npy,B2-0-0
Saving.Private.Ryan.1998__#02-22-13_02-23-00_label_B2-0-0__4.npy,B2-0-0
Saving.Private.Ryan.1998__#02-22-13_02-23-00_label_B2-0-0__5.npy,B2-0-0
Saving.Private.Ryan.1998__#02-22-13_02-23-00_label_B2-0-0__6.npy,B2-0-0
Saving.Private.Ryan.1998__#02-22-13_02-23-00_label_B2-0-0__7.npy,B2-0-0
Saving.Private.Ryan.1998__#02-22-13_02-23-00_label_B2-0-0__8.npy,B2-0-0
Saving.Private.Ryan.1998__#02-22-13_02-23-00_label_B2-0-0__9.npy,B2-0-0
Saving.Private.Ryan.1998__#02-23-28_02-23-58_label_B2-0-0__0.npy,B2-0-0
Saving.Private.Ryan.1998__#02-23-28_02-23-58_label_B2-0-0__1.npy,B2-0-0
Saving.Private.Ryan.1998__#02-23-28_02-23-58_label_B2-0-0__2.npy,B2-0-0
Saving.Private.Ryan.1998__#02-23-28_02-23-58_label_B2-0-0__3.npy,B2-0-0
Saving.Private.Ryan.1998__#02-23-28_02-23-58_label_B2-0-0__4.npy,B2-0-0
Saving.Private.Ryan.1998__#02-23-28_02-23-58_label_B2-0-0__5.npy,B2-0-0
Saving.Private.Ryan.1998__#02-23-28_02-23-58_label_B2-0-0__6.npy,B2-0-0
Saving.Private.Ryan.1998__#02-23-28_02-23-58_label_B2-0-0__7.npy,B2-0-0
Saving.Private.Ryan.1998__#02-23-28_02-23-58_label_B2-0-0__8.npy,B2-0-0
Saving.Private.Ryan.1998__#02-23-28_02-23-58_label_B2-0-0__9.npy,B2-0-0
Saving.Private.Ryan.1998__#02-32-23_02-33-09_label_B2-0-0__0.npy,B2-0-0
Saving.Private.Ryan.1998__#02-32-23_02-33-09_label_B2-0-0__1.npy,B2-0-0
Saving.Private.Ryan.1998__#02-32-23_02-33-09_label_B2-0-0__2.npy,B2-0-0
Saving.Private.Ryan.1998__#02-32-23_02-33-09_label_B2-0-0__3.npy,B2-0-0
Saving.Private.Ryan.1998__#02-32-23_02-33-09_label_B2-0-0__4.npy,B2-0-0
Saving.Private.Ryan.1998__#02-32-23_02-33-09_label_B2-0-0__5.npy,B2-0-0
Saving.Private.Ryan.1998__#02-32-23_02-33-09_label_B2-0-0__6.npy,B2-0-0
Saving.Private.Ryan.1998__#02-32-23_02-33-09_label_B2-0-0__7.npy,B2-0-0
Saving.Private.Ryan.1998__#02-32-23_02-33-09_label_B2-0-0__8.npy,B2-0-0
Saving.Private.Ryan.1998__#02-32-23_02-33-09_label_B2-0-0__9.npy,B2-0-0
Saving.Private.Ryan.1998__#02-34-36_02-34-57_label_B2-0-0__0.npy,B2-0-0
Saving.Private.Ryan.1998__#02-34-36_02-34-57_label_B2-0-0__1.npy,B2-0-0
Saving.Private.Ryan.1998__#02-34-36_02-34-57_label_B2-0-0__2.npy,B2-0-0
Saving.Private.Ryan.1998__#02-34-36_02-34-57_label_B2-0-0__3.npy,B2-0-0
Saving.Private.Ryan.1998__#02-34-36_02-34-57_label_B2-0-0__4.npy,B2-0-0
Saving.Private.Ryan.1998__#02-34-36_02-34-57_label_B2-0-0__5.npy,B2-0-0
Saving.Private.Ryan.1998__#02-34-36_02-34-57_label_B2-0-0__6.npy,B2-0-0
Saving.Private.Ryan.1998__#02-34-36_02-34-57_label_B2-0-0__7.npy,B2-0-0
Saving.Private.Ryan.1998__#02-34-36_02-34-57_label_B2-0-0__8.npy,B2-0-0
Saving.Private.Ryan.1998__#02-34-36_02-34-57_label_B2-0-0__9.npy,B2-0-0
Shoot.Em.Up.2007__#00-02-08_00-05-45_label_B2-0-0__0.npy,B2-0-0
Shoot.Em.Up.2007__#00-02-08_00-05-45_label_B2-0-0__1.npy,B2-0-0
Shoot.Em.Up.2007__#00-02-08_00-05-45_label_B2-0-0__2.npy,B2-0-0
Shoot.Em.Up.2007__#00-02-08_00-05-45_label_B2-0-0__3.npy,B2-0-0
Shoot.Em.Up.2007__#00-02-08_00-05-45_label_B2-0-0__4.npy,B2-0-0
Shoot.Em.Up.2007__#00-02-08_00-05-45_label_B2-0-0__5.npy,B2-0-0
Shoot.Em.Up.2007__#00-02-08_00-05-45_label_B2-0-0__6.npy,B2-0-0
Shoot.Em.Up.2007__#00-02-08_00-05-45_label_B2-0-0__7.npy,B2-0-0
Shoot.Em.Up.2007__#00-02-08_00-05-45_label_B2-0-0__8.npy,B2-0-0
Shoot.Em.Up.2007__#00-02-08_00-05-45_label_B2-0-0__9.npy,B2-0-0
Shoot.Em.Up.2007__#00-06-50_00-07-55_label_B2-0-0__0.npy,B2-0-0
Shoot.Em.Up.2007__#00-06-50_00-07-55_label_B2-0-0__1.npy,B2-0-0
Shoot.Em.Up.2007__#00-06-50_00-07-55_label_B2-0-0__2.npy,B2-0-0
Shoot.Em.Up.2007__#00-06-50_00-07-55_label_B2-0-0__3.npy,B2-0-0
Shoot.Em.Up.2007__#00-06-50_00-07-55_label_B2-0-0__4.npy,B2-0-0
Shoot.Em.Up.2007__#00-06-50_00-07-55_label_B2-0-0__5.npy,B2-0-0
Shoot.Em.Up.2007__#00-06-50_00-07-55_label_B2-0-0__6.npy,B2-0-0
Shoot.Em.Up.2007__#00-06-50_00-07-55_label_B2-0-0__7.npy,B2-0-0
Shoot.Em.Up.2007__#00-06-50_00-07-55_label_B2-0-0__8.npy,B2-0-0
Shoot.Em.Up.2007__#00-06-50_00-07-55_label_B2-0-0__9.npy,B2-0-0
Sin.City.2005__#0-09-48_0-10-10_label_B2-0-0__0.npy,B2-0-0
Sin.City.2005__#0-09-48_0-10-10_label_B2-0-0__1.npy,B2-0-0
Sin.City.2005__#0-09-48_0-10-10_label_B2-0-0__2.npy,B2-0-0
Sin.City.2005__#0-09-48_0-10-10_label_B2-0-0__3.npy,B2-0-0
Sin.City.2005__#0-09-48_0-10-10_label_B2-0-0__4.npy,B2-0-0
Sin.City.2005__#0-09-48_0-10-10_label_B2-0-0__5.npy,B2-0-0
Sin.City.2005__#0-09-48_0-10-10_label_B2-0-0__6.npy,B2-0-0
Sin.City.2005__#0-09-48_0-10-10_label_B2-0-0__7.npy,B2-0-0
Sin.City.2005__#0-09-48_0-10-10_label_B2-0-0__8.npy,B2-0-0
Sin.City.2005__#0-09-48_0-10-10_label_B2-0-0__9.npy,B2-0-0
Sin.City.2005__#0-12-05_0-12-32_label_B2-0-0__0.npy,B2-0-0
Sin.City.2005__#0-12-05_0-12-32_label_B2-0-0__1.npy,B2-0-0
Sin.City.2005__#0-12-05_0-12-32_label_B2-0-0__2.npy,B2-0-0
Sin.City.2005__#0-12-05_0-12-32_label_B2-0-0__3.npy,B2-0-0
Sin.City.2005__#0-12-05_0-12-32_label_B2-0-0__4.npy,B2-0-0
Sin.City.2005__#0-12-05_0-12-32_label_B2-0-0__5.npy,B2-0-0
Sin.City.2005__#0-12-05_0-12-32_label_B2-0-0__6.npy,B2-0-0
Sin.City.2005__#0-12-05_0-12-32_label_B2-0-0__7.npy,B2-0-0
Sin.City.2005__#0-12-05_0-12-32_label_B2-0-0__8.npy,B2-0-0
Sin.City.2005__#0-12-05_0-12-32_label_B2-0-0__9.npy,B2-0-0
Sin.City.2005__#0-23-41_0-23-56_label_B2-0-0__0.npy,B2-0-0
Sin.City.2005__#0-23-41_0-23-56_label_B2-0-0__1.npy,B2-0-0
Sin.City.2005__#0-23-41_0-23-56_label_B2-0-0__2.npy,B2-0-0
Sin.City.2005__#0-23-41_0-23-56_label_B2-0-0__3.npy,B2-0-0
Sin.City.2005__#0-23-41_0-23-56_label_B2-0-0__4.npy,B2-0-0
Sin.City.2005__#0-23-41_0-23-56_label_B2-0-0__5.npy,B2-0-0
Sin.City.2005__#0-23-41_0-23-56_label_B2-0-0__6.npy,B2-0-0
Sin.City.2005__#0-23-41_0-23-56_label_B2-0-0__7.npy,B2-0-0
Sin.City.2005__#0-23-41_0-23-56_label_B2-0-0__8.npy,B2-0-0
Sin.City.2005__#0-23-41_0-23-56_label_B2-0-0__9.npy,B2-0-0
Sin.City.2005__#01-13-58_01-15-00_label_B2-0-0__0.npy,B2-0-0
Sin.City.2005__#01-13-58_01-15-00_label_B2-0-0__1.npy,B2-0-0
Sin.City.2005__#01-13-58_01-15-00_label_B2-0-0__2.npy,B2-0-0
Sin.City.2005__#01-13-58_01-15-00_label_B2-0-0__3.npy,B2-0-0
Sin.City.2005__#01-13-58_01-15-00_label_B2-0-0__4.npy,B2-0-0
Sin.City.2005__#01-13-58_01-15-00_label_B2-0-0__5.npy,B2-0-0
Sin.City.2005__#01-13-58_01-15-00_label_B2-0-0__6.npy,B2-0-0
Sin.City.2005__#01-13-58_01-15-00_label_B2-0-0__7.npy,B2-0-0
Sin.City.2005__#01-13-58_01-15-00_label_B2-0-0__8.npy,B2-0-0
Sin.City.2005__#01-13-58_01-15-00_label_B2-0-0__9.npy,B2-0-0
Sin.City.2005__#01-24-50_01-25-55_label_B2-0-0__0.npy,B2-0-0
Sin.City.2005__#01-24-50_01-25-55_label_B2-0-0__1.npy,B2-0-0
Sin.City.2005__#01-24-50_01-25-55_label_B2-0-0__2.npy,B2-0-0
Sin.City.2005__#01-24-50_01-25-55_label_B2-0-0__3.npy,B2-0-0
Sin.City.2005__#01-24-50_01-25-55_label_B2-0-0__4.npy,B2-0-0
Sin.City.2005__#01-24-50_01-25-55_label_B2-0-0__5.npy,B2-0-0
Sin.City.2005__#01-24-50_01-25-55_label_B2-0-0__6.npy,B2-0-0
Sin.City.2005__#01-24-50_01-25-55_label_B2-0-0__7.npy,B2-0-0
Sin.City.2005__#01-24-50_01-25-55_label_B2-0-0__8.npy,B2-0-0
Sin.City.2005__#01-24-50_01-25-55_label_B2-0-0__9.npy,B2-0-0
Skyfall.2012__#00-03-40_00-04-10_label_B2-0-0__0.npy,B2-0-0
Skyfall.2012__#00-03-40_00-04-10_label_B2-0-0__1.npy,B2-0-0
Skyfall.2012__#00-03-40_00-04-10_label_B2-0-0__2.npy,B2-0-0
Skyfall.2012__#00-03-40_00-04-10_label_B2-0-0__3.npy,B2-0-0
Skyfall.2012__#00-03-40_00-04-10_label_B2-0-0__4.npy,B2-0-0
Skyfall.2012__#00-03-40_00-04-10_label_B2-0-0__5.npy,B2-0-0
Skyfall.2012__#00-03-40_00-04-10_label_B2-0-0__6.npy,B2-0-0
Skyfall.2012__#00-03-40_00-04-10_label_B2-0-0__7.npy,B2-0-0
Skyfall.2012__#00-03-40_00-04-10_label_B2-0-0__8.npy,B2-0-0
Skyfall.2012__#00-03-40_00-04-10_label_B2-0-0__9.npy,B2-0-0
Skyfall.2012__#00-07-04_00-07-23_label_B2-0-0__0.npy,B2-0-0
Skyfall.2012__#00-07-04_00-07-23_label_B2-0-0__1.npy,B2-0-0
Skyfall.2012__#00-07-04_00-07-23_label_B2-0-0__2.npy,B2-0-0
Skyfall.2012__#00-07-04_00-07-23_label_B2-0-0__3.npy,B2-0-0
Skyfall.2012__#00-07-04_00-07-23_label_B2-0-0__4.npy,B2-0-0
Skyfall.2012__#00-07-04_00-07-23_label_B2-0-0__5.npy,B2-0-0
Skyfall.2012__#00-07-04_00-07-23_label_B2-0-0__6.npy,B2-0-0
Skyfall.2012__#00-07-04_00-07-23_label_B2-0-0__7.npy,B2-0-0
Skyfall.2012__#00-07-04_00-07-23_label_B2-0-0__8.npy,B2-0-0
Skyfall.2012__#00-07-04_00-07-23_label_B2-0-0__9.npy,B2-0-0
Skyfall.2012__#00-07-24_00-07-46_label_B2-0-0__0.npy,B2-0-0
Skyfall.2012__#00-07-24_00-07-46_label_B2-0-0__1.npy,B2-0-0
Skyfall.2012__#00-07-24_00-07-46_label_B2-0-0__2.npy,B2-0-0
Skyfall.2012__#00-07-24_00-07-46_label_B2-0-0__3.npy,B2-0-0
Skyfall.2012__#00-07-24_00-07-46_label_B2-0-0__4.npy,B2-0-0
Skyfall.2012__#00-07-24_00-07-46_label_B2-0-0__5.npy,B2-0-0
Skyfall.2012__#00-07-24_00-07-46_label_B2-0-0__6.npy,B2-0-0
Skyfall.2012__#00-07-24_00-07-46_label_B2-0-0__7.npy,B2-0-0
Skyfall.2012__#00-07-24_00-07-46_label_B2-0-0__8.npy,B2-0-0
Skyfall.2012__#00-07-24_00-07-46_label_B2-0-0__9.npy,B2-0-0
Skyfall.2012__#00-07-50_00-08-21_label_B2-0-0__0.npy,B2-0-0
Skyfall.2012__#00-07-50_00-08-21_label_B2-0-0__1.npy,B2-0-0
Skyfall.2012__#00-07-50_00-08-21_label_B2-0-0__2.npy,B2-0-0
Skyfall.2012__#00-07-50_00-08-21_label_B2-0-0__3.npy,B2-0-0
Skyfall.2012__#00-07-50_00-08-21_label_B2-0-0__4.npy,B2-0-0
Skyfall.2012__#00-07-50_00-08-21_label_B2-0-0__5.npy,B2-0-0
Skyfall.2012__#00-07-50_00-08-21_label_B2-0-0__6.npy,B2-0-0
Skyfall.2012__#00-07-50_00-08-21_label_B2-0-0__7.npy,B2-0-0
Skyfall.2012__#00-07-50_00-08-21_label_B2-0-0__8.npy,B2-0-0
Skyfall.2012__#00-07-50_00-08-21_label_B2-0-0__9.npy,B2-0-0
Skyfall.2012__#00-08-30_00-08-50_label_B2-0-0__0.npy,B2-0-0
Skyfall.2012__#00-08-30_00-08-50_label_B2-0-0__1.npy,B2-0-0
Skyfall.2012__#00-08-30_00-08-50_label_B2-0-0__2.npy,B2-0-0
Skyfall.2012__#00-08-30_00-08-50_label_B2-0-0__3.npy,B2-0-0
Skyfall.2012__#00-08-30_00-08-50_label_B2-0-0__4.npy,B2-0-0
Skyfall.2012__#00-08-30_00-08-50_label_B2-0-0__5.npy,B2-0-0
Skyfall.2012__#00-08-30_00-08-50_label_B2-0-0__6.npy,B2-0-0
Skyfall.2012__#00-08-30_00-08-50_label_B2-0-0__7.npy,B2-0-0
Skyfall.2012__#00-08-30_00-08-50_label_B2-0-0__8.npy,B2-0-0
Skyfall.2012__#00-08-30_00-08-50_label_B2-0-0__9.npy,B2-0-0
Skyfall.2012__#00-30-00_00-31-20_label_B2-0-0__0.npy,B2-0-0
Skyfall.2012__#00-30-00_00-31-20_label_B2-0-0__1.npy,B2-0-0
Skyfall.2012__#00-30-00_00-31-20_label_B2-0-0__2.npy,B2-0-0
Skyfall.2012__#00-30-00_00-31-20_label_B2-0-0__3.npy,B2-0-0
Skyfall.2012__#00-30-00_00-31-20_label_B2-0-0__4.npy,B2-0-0
Skyfall.2012__#00-30-00_00-31-20_label_B2-0-0__5.npy,B2-0-0
Skyfall.2012__#00-30-00_00-31-20_label_B2-0-0__6.npy,B2-0-0
Skyfall.2012__#00-30-00_00-31-20_label_B2-0-0__7.npy,B2-0-0
Skyfall.2012__#00-30-00_00-31-20_label_B2-0-0__8.npy,B2-0-0
Skyfall.2012__#00-30-00_00-31-20_label_B2-0-0__9.npy,B2-0-0
Skyfall.2012__#00-44-00_00-44-20_label_B2-0-0__0.npy,B2-0-0
Skyfall.2012__#00-44-00_00-44-20_label_B2-0-0__1.npy,B2-0-0
Skyfall.2012__#00-44-00_00-44-20_label_B2-0-0__2.npy,B2-0-0
Skyfall.2012__#00-44-00_00-44-20_label_B2-0-0__3.npy,B2-0-0
Skyfall.2012__#00-44-00_00-44-20_label_B2-0-0__4.npy,B2-0-0
Skyfall.2012__#00-44-00_00-44-20_label_B2-0-0__5.npy,B2-0-0
Skyfall.2012__#00-44-00_00-44-20_label_B2-0-0__6.npy,B2-0-0
Skyfall.2012__#00-44-00_00-44-20_label_B2-0-0__7.npy,B2-0-0
Skyfall.2012__#00-44-00_00-44-20_label_B2-0-0__8.npy,B2-0-0
Skyfall.2012__#00-44-00_00-44-20_label_B2-0-0__9.npy,B2-0-0
Skyfall.2012__#01-19-10_01-20-00_label_B2-0-0__0.npy,B2-0-0
Skyfall.2012__#01-19-10_01-20-00_label_B2-0-0__1.npy,B2-0-0
Skyfall.2012__#01-19-10_01-20-00_label_B2-0-0__2.npy,B2-0-0
Skyfall.2012__#01-19-10_01-20-00_label_B2-0-0__3.npy,B2-0-0
Skyfall.2012__#01-19-10_01-20-00_label_B2-0-0__4.npy,B2-0-0
Skyfall.2012__#01-19-10_01-20-00_label_B2-0-0__5.npy,B2-0-0
Skyfall.2012__#01-19-10_01-20-00_label_B2-0-0__6.npy,B2-0-0
Skyfall.2012__#01-19-10_01-20-00_label_B2-0-0__7.npy,B2-0-0
Skyfall.2012__#01-19-10_01-20-00_label_B2-0-0__8.npy,B2-0-0
Skyfall.2012__#01-19-10_01-20-00_label_B2-0-0__9.npy,B2-0-0
Skyfall.2012__#01-40-40_01-42-20_label_B2-0-0__0.npy,B2-0-0
Skyfall.2012__#01-40-40_01-42-20_label_B2-0-0__1.npy,B2-0-0
Skyfall.2012__#01-40-40_01-42-20_label_B2-0-0__2.npy,B2-0-0
Skyfall.2012__#01-40-40_01-42-20_label_B2-0-0__3.npy,B2-0-0
Skyfall.2012__#01-40-40_01-42-20_label_B2-0-0__4.npy,B2-0-0
Skyfall.2012__#01-40-40_01-42-20_label_B2-0-0__5.npy,B2-0-0
Skyfall.2012__#01-40-40_01-42-20_label_B2-0-0__6.npy,B2-0-0
Skyfall.2012__#01-40-40_01-42-20_label_B2-0-0__7.npy,B2-0-0
Skyfall.2012__#01-40-40_01-42-20_label_B2-0-0__8.npy,B2-0-0
Skyfall.2012__#01-40-40_01-42-20_label_B2-0-0__9.npy,B2-0-0
Skyfall.2012__#01-56-57_01-57-27_label_B2-0-0__0.npy,B2-0-0
Skyfall.2012__#01-56-57_01-57-27_label_B2-0-0__1.npy,B2-0-0
Skyfall.2012__#01-56-57_01-57-27_label_B2-0-0__2.npy,B2-0-0
Skyfall.2012__#01-56-57_01-57-27_label_B2-0-0__3.npy,B2-0-0
Skyfall.2012__#01-56-57_01-57-27_label_B2-0-0__4.npy,B2-0-0
Skyfall.2012__#01-56-57_01-57-27_label_B2-0-0__5.npy,B2-0-0
Skyfall.2012__#01-56-57_01-57-27_label_B2-0-0__6.npy,B2-0-0
Skyfall.2012__#01-56-57_01-57-27_label_B2-0-0__7.npy,B2-0-0
Skyfall.2012__#01-56-57_01-57-27_label_B2-0-0__8.npy,B2-0-0
Skyfall.2012__#01-56-57_01-57-27_label_B2-0-0__9.npy,B2-0-0
Skyfall.2012__#02-07-10_02-07-45_label_B2-0-0__0.npy,B2-0-0
Skyfall.2012__#02-07-10_02-07-45_label_B2-0-0__1.npy,B2-0-0
Skyfall.2012__#02-07-10_02-07-45_label_B2-0-0__2.npy,B2-0-0
Skyfall.2012__#02-07-10_02-07-45_label_B2-0-0__3.npy,B2-0-0
Skyfall.2012__#02-07-10_02-07-45_label_B2-0-0__4.npy,B2-0-0
Skyfall.2012__#02-07-10_02-07-45_label_B2-0-0__5.npy,B2-0-0
Skyfall.2012__#02-07-10_02-07-45_label_B2-0-0__6.npy,B2-0-0
Skyfall.2012__#02-07-10_02-07-45_label_B2-0-0__7.npy,B2-0-0
Skyfall.2012__#02-07-10_02-07-45_label_B2-0-0__8.npy,B2-0-0
Skyfall.2012__#02-07-10_02-07-45_label_B2-0-0__9.npy,B2-0-0
Skyfall.2012__#02-08-20_02-08-43_label_B2-0-0__0.npy,B2-0-0
Skyfall.2012__#02-08-20_02-08-43_label_B2-0-0__1.npy,B2-0-0
Skyfall.2012__#02-08-20_02-08-43_label_B2-0-0__2.npy,B2-0-0
Skyfall.2012__#02-08-20_02-08-43_label_B2-0-0__3.npy,B2-0-0
Skyfall.2012__#02-08-20_02-08-43_label_B2-0-0__4.npy,B2-0-0
Skyfall.2012__#02-08-20_02-08-43_label_B2-0-0__5.npy,B2-0-0
Skyfall.2012__#02-08-20_02-08-43_label_B2-0-0__6.npy,B2-0-0
Skyfall.2012__#02-08-20_02-08-43_label_B2-0-0__7.npy,B2-0-0
Skyfall.2012__#02-08-20_02-08-43_label_B2-0-0__8.npy,B2-0-0
Skyfall.2012__#02-08-20_02-08-43_label_B2-0-0__9.npy,B2-0-0
Spectre.2015__#00-33-43_00-33-55_label_B2-0-0__0.npy,B2-0-0
Spectre.2015__#00-33-43_00-33-55_label_B2-0-0__1.npy,B2-0-0
Spectre.2015__#00-33-43_00-33-55_label_B2-0-0__2.npy,B2-0-0
Spectre.2015__#00-33-43_00-33-55_label_B2-0-0__3.npy,B2-0-0
Spectre.2015__#00-33-43_00-33-55_label_B2-0-0__4.npy,B2-0-0
Spectre.2015__#00-33-43_00-33-55_label_B2-0-0__5.npy,B2-0-0
Spectre.2015__#00-33-43_00-33-55_label_B2-0-0__6.npy,B2-0-0
Spectre.2015__#00-33-43_00-33-55_label_B2-0-0__7.npy,B2-0-0
Spectre.2015__#00-33-43_00-33-55_label_B2-0-0__8.npy,B2-0-0
Spectre.2015__#00-33-43_00-33-55_label_B2-0-0__9.npy,B2-0-0
Spectre.2015__#00-58-40_00-59-33_label_B2-0-0__0.npy,B2-0-0
Spectre.2015__#00-58-40_00-59-33_label_B2-0-0__1.npy,B2-0-0
Spectre.2015__#00-58-40_00-59-33_label_B2-0-0__2.npy,B2-0-0
Spectre.2015__#00-58-40_00-59-33_label_B2-0-0__3.npy,B2-0-0
Spectre.2015__#00-58-40_00-59-33_label_B2-0-0__4.npy,B2-0-0
Spectre.2015__#00-58-40_00-59-33_label_B2-0-0__5.npy,B2-0-0
Spectre.2015__#00-58-40_00-59-33_label_B2-0-0__6.npy,B2-0-0
Spectre.2015__#00-58-40_00-59-33_label_B2-0-0__7.npy,B2-0-0
Spectre.2015__#00-58-40_00-59-33_label_B2-0-0__8.npy,B2-0-0
Spectre.2015__#00-58-40_00-59-33_label_B2-0-0__9.npy,B2-0-0
Spectre.2015__#02-02-16_02-02-33_label_B2-0-0__0.npy,B2-0-0
Spectre.2015__#02-02-16_02-02-33_label_B2-0-0__1.npy,B2-0-0
Spectre.2015__#02-02-16_02-02-33_label_B2-0-0__2.npy,B2-0-0
Spectre.2015__#02-02-16_02-02-33_label_B2-0-0__3.npy,B2-0-0
Spectre.2015__#02-02-16_02-02-33_label_B2-0-0__4.npy,B2-0-0
Spectre.2015__#02-02-16_02-02-33_label_B2-0-0__5.npy,B2-0-0
Spectre.2015__#02-02-16_02-02-33_label_B2-0-0__6.npy,B2-0-0
Spectre.2015__#02-02-16_02-02-33_label_B2-0-0__7.npy,B2-0-0
Spectre.2015__#02-02-16_02-02-33_label_B2-0-0__8.npy,B2-0-0
Spectre.2015__#02-02-16_02-02-33_label_B2-0-0__9.npy,B2-0-0
Spectre.2015__#02-11-01_02-11-29_label_B2-0-0__0.npy,B2-0-0
Spectre.2015__#02-11-01_02-11-29_label_B2-0-0__1.npy,B2-0-0
Spectre.2015__#02-11-01_02-11-29_label_B2-0-0__2.npy,B2-0-0
Spectre.2015__#02-11-01_02-11-29_label_B2-0-0__3.npy,B2-0-0
Spectre.2015__#02-11-01_02-11-29_label_B2-0-0__4.npy,B2-0-0
Spectre.2015__#02-11-01_02-11-29_label_B2-0-0__5.npy,B2-0-0
Spectre.2015__#02-11-01_02-11-29_label_B2-0-0__6.npy,B2-0-0
Spectre.2015__#02-11-01_02-11-29_label_B2-0-0__7.npy,B2-0-0
Spectre.2015__#02-11-01_02-11-29_label_B2-0-0__8.npy,B2-0-0
Spectre.2015__#02-11-01_02-11-29_label_B2-0-0__9.npy,B2-0-0
Spectre.2015__#02-14-32_02-15-20_label_B2-0-0__0.npy,B2-0-0
Spectre.2015__#02-14-32_02-15-20_label_B2-0-0__1.npy,B2-0-0
Spectre.2015__#02-14-32_02-15-20_label_B2-0-0__2.npy,B2-0-0
Spectre.2015__#02-14-32_02-15-20_label_B2-0-0__3.npy,B2-0-0
Spectre.2015__#02-14-32_02-15-20_label_B2-0-0__4.npy,B2-0-0
Spectre.2015__#02-14-32_02-15-20_label_B2-0-0__5.npy,B2-0-0
Spectre.2015__#02-14-32_02-15-20_label_B2-0-0__6.npy,B2-0-0
Spectre.2015__#02-14-32_02-15-20_label_B2-0-0__7.npy,B2-0-0
Spectre.2015__#02-14-32_02-15-20_label_B2-0-0__8.npy,B2-0-0
Spectre.2015__#02-14-32_02-15-20_label_B2-0-0__9.npy,B2-0-0
Taken.2.UNRATED.EXTENDED.2012__#00-40-30_00-40-54_label_B2-0-0__0.npy,B2-0-0
Taken.2.UNRATED.EXTENDED.2012__#00-40-30_00-40-54_label_B2-0-0__1.npy,B2-0-0
Taken.2.UNRATED.EXTENDED.2012__#00-40-30_00-40-54_label_B2-0-0__2.npy,B2-0-0
Taken.2.UNRATED.EXTENDED.2012__#00-40-30_00-40-54_label_B2-0-0__3.npy,B2-0-0
Taken.2.UNRATED.EXTENDED.2012__#00-40-30_00-40-54_label_B2-0-0__4.npy,B2-0-0
Taken.2.UNRATED.EXTENDED.2012__#00-40-30_00-40-54_label_B2-0-0__5.npy,B2-0-0
Taken.2.UNRATED.EXTENDED.2012__#00-40-30_00-40-54_label_B2-0-0__6.npy,B2-0-0
Taken.2.UNRATED.EXTENDED.2012__#00-40-30_00-40-54_label_B2-0-0__7.npy,B2-0-0
Taken.2.UNRATED.EXTENDED.2012__#00-40-30_00-40-54_label_B2-0-0__8.npy,B2-0-0
Taken.2.UNRATED.EXTENDED.2012__#00-40-30_00-40-54_label_B2-0-0__9.npy,B2-0-0
Taken.2.UNRATED.EXTENDED.2012__#01-04-15_01-04-45_label_B2-0-0__0.npy,B2-0-0
Taken.2.UNRATED.EXTENDED.2012__#01-04-15_01-04-45_label_B2-0-0__1.npy,B2-0-0
Taken.2.UNRATED.EXTENDED.2012__#01-04-15_01-04-45_label_B2-0-0__2.npy,B2-0-0
Taken.2.UNRATED.EXTENDED.2012__#01-04-15_01-04-45_label_B2-0-0__3.npy,B2-0-0
Taken.2.UNRATED.EXTENDED.2012__#01-04-15_01-04-45_label_B2-0-0__4.npy,B2-0-0
Taken.2.UNRATED.EXTENDED.2012__#01-04-15_01-04-45_label_B2-0-0__5.npy,B2-0-0
Taken.2.UNRATED.EXTENDED.2012__#01-04-15_01-04-45_label_B2-0-0__6.npy,B2-0-0
Taken.2.UNRATED.EXTENDED.2012__#01-04-15_01-04-45_label_B2-0-0__7.npy,B2-0-0
Taken.2.UNRATED.EXTENDED.2012__#01-04-15_01-04-45_label_B2-0-0__8.npy,B2-0-0
Taken.2.UNRATED.EXTENDED.2012__#01-04-15_01-04-45_label_B2-0-0__9.npy,B2-0-0
Taken.2.UNRATED.EXTENDED.2012__#01-07-51_01-08-15_label_B2-0-0__0.npy,B2-0-0
Taken.2.UNRATED.EXTENDED.2012__#01-07-51_01-08-15_label_B2-0-0__1.npy,B2-0-0
Taken.2.UNRATED.EXTENDED.2012__#01-07-51_01-08-15_label_B2-0-0__2.npy,B2-0-0
Taken.2.UNRATED.EXTENDED.2012__#01-07-51_01-08-15_label_B2-0-0__3.npy,B2-0-0
Taken.2.UNRATED.EXTENDED.2012__#01-07-51_01-08-15_label_B2-0-0__4.npy,B2-0-0
Taken.2.UNRATED.EXTENDED.2012__#01-07-51_01-08-15_label_B2-0-0__5.npy,B2-0-0
Taken.2.UNRATED.EXTENDED.2012__#01-07-51_01-08-15_label_B2-0-0__6.npy,B2-0-0
Taken.2.UNRATED.EXTENDED.2012__#01-07-51_01-08-15_label_B2-0-0__7.npy,B2-0-0
Taken.2.UNRATED.EXTENDED.2012__#01-07-51_01-08-15_label_B2-0-0__8.npy,B2-0-0
Taken.2.UNRATED.EXTENDED.2012__#01-07-51_01-08-15_label_B2-0-0__9.npy,B2-0-0
Taken.2.UNRATED.EXTENDED.2012__#01-17-50_01-18-16_label_B2-0-0__0.npy,B2-0-0
Taken.2.UNRATED.EXTENDED.2012__#01-17-50_01-18-16_label_B2-0-0__1.npy,B2-0-0
Taken.2.UNRATED.EXTENDED.2012__#01-17-50_01-18-16_label_B2-0-0__2.npy,B2-0-0
Taken.2.UNRATED.EXTENDED.2012__#01-17-50_01-18-16_label_B2-0-0__3.npy,B2-0-0
Taken.2.UNRATED.EXTENDED.2012__#01-17-50_01-18-16_label_B2-0-0__4.npy,B2-0-0
Taken.2.UNRATED.EXTENDED.2012__#01-17-50_01-18-16_label_B2-0-0__5.npy,B2-0-0
Taken.2.UNRATED.EXTENDED.2012__#01-17-50_01-18-16_label_B2-0-0__6.npy,B2-0-0
Taken.2.UNRATED.EXTENDED.2012__#01-17-50_01-18-16_label_B2-0-0__7.npy,B2-0-0
Taken.2.UNRATED.EXTENDED.2012__#01-17-50_01-18-16_label_B2-0-0__8.npy,B2-0-0
Taken.2.UNRATED.EXTENDED.2012__#01-17-50_01-18-16_label_B2-0-0__9.npy,B2-0-0
Taken.3.2014__#00-22-56_00-23-18_label_B2-0-0__0.npy,B2-0-0
Taken.3.2014__#00-22-56_00-23-18_label_B2-0-0__1.npy,B2-0-0
Taken.3.2014__#00-22-56_00-23-18_label_B2-0-0__2.npy,B2-0-0
Taken.3.2014__#00-22-56_00-23-18_label_B2-0-0__3.npy,B2-0-0
Taken.3.2014__#00-22-56_00-23-18_label_B2-0-0__4.npy,B2-0-0
Taken.3.2014__#00-22-56_00-23-18_label_B2-0-0__5.npy,B2-0-0
Taken.3.2014__#00-22-56_00-23-18_label_B2-0-0__6.npy,B2-0-0
Taken.3.2014__#00-22-56_00-23-18_label_B2-0-0__7.npy,B2-0-0
Taken.3.2014__#00-22-56_00-23-18_label_B2-0-0__8.npy,B2-0-0
Taken.3.2014__#00-22-56_00-23-18_label_B2-0-0__9.npy,B2-0-0
Taken.3.2014__#00-47-50_00-48-22_label_B2-0-0__0.npy,B2-0-0
Taken.3.2014__#00-47-50_00-48-22_label_B2-0-0__1.npy,B2-0-0
Taken.3.2014__#00-47-50_00-48-22_label_B2-0-0__2.npy,B2-0-0
Taken.3.2014__#00-47-50_00-48-22_label_B2-0-0__3.npy,B2-0-0
Taken.3.2014__#00-47-50_00-48-22_label_B2-0-0__4.npy,B2-0-0
Taken.3.2014__#00-47-50_00-48-22_label_B2-0-0__5.npy,B2-0-0
Taken.3.2014__#00-47-50_00-48-22_label_B2-0-0__6.npy,B2-0-0
Taken.3.2014__#00-47-50_00-48-22_label_B2-0-0__7.npy,B2-0-0
Taken.3.2014__#00-47-50_00-48-22_label_B2-0-0__8.npy,B2-0-0
Taken.3.2014__#00-47-50_00-48-22_label_B2-0-0__9.npy,B2-0-0
Taken.3.2014__#01-21-19_01-24-00_label_B2-0-0__0.npy,B2-0-0
Taken.3.2014__#01-21-19_01-24-00_label_B2-0-0__1.npy,B2-0-0
Taken.3.2014__#01-21-19_01-24-00_label_B2-0-0__2.npy,B2-0-0
Taken.3.2014__#01-21-19_01-24-00_label_B2-0-0__3.npy,B2-0-0
Taken.3.2014__#01-21-19_01-24-00_label_B2-0-0__4.npy,B2-0-0
Taken.3.2014__#01-21-19_01-24-00_label_B2-0-0__5.npy,B2-0-0
Taken.3.2014__#01-21-19_01-24-00_label_B2-0-0__6.npy,B2-0-0
Taken.3.2014__#01-21-19_01-24-00_label_B2-0-0__7.npy,B2-0-0
Taken.3.2014__#01-21-19_01-24-00_label_B2-0-0__8.npy,B2-0-0
Taken.3.2014__#01-21-19_01-24-00_label_B2-0-0__9.npy,B2-0-0
Taken.3.2014__#01-33-31_01-34-30_label_B2-0-0__0.npy,B2-0-0
Taken.3.2014__#01-33-31_01-34-30_label_B2-0-0__1.npy,B2-0-0
Taken.3.2014__#01-33-31_01-34-30_label_B2-0-0__2.npy,B2-0-0
Taken.3.2014__#01-33-31_01-34-30_label_B2-0-0__3.npy,B2-0-0
Taken.3.2014__#01-33-31_01-34-30_label_B2-0-0__4.npy,B2-0-0
Taken.3.2014__#01-33-31_01-34-30_label_B2-0-0__5.npy,B2-0-0
Taken.3.2014__#01-33-31_01-34-30_label_B2-0-0__6.npy,B2-0-0
Taken.3.2014__#01-33-31_01-34-30_label_B2-0-0__7.npy,B2-0-0
Taken.3.2014__#01-33-31_01-34-30_label_B2-0-0__8.npy,B2-0-0
Taken.3.2014__#01-33-31_01-34-30_label_B2-0-0__9.npy,B2-0-0
Taken.3.2014__#01-37-20_01-37-37_label_B2-0-0__0.npy,B2-0-0
Taken.3.2014__#01-37-20_01-37-37_label_B2-0-0__1.npy,B2-0-0
Taken.3.2014__#01-37-20_01-37-37_label_B2-0-0__2.npy,B2-0-0
Taken.3.2014__#01-37-20_01-37-37_label_B2-0-0__3.npy,B2-0-0
Taken.3.2014__#01-37-20_01-37-37_label_B2-0-0__4.npy,B2-0-0
Taken.3.2014__#01-37-20_01-37-37_label_B2-0-0__5.npy,B2-0-0
Taken.3.2014__#01-37-20_01-37-37_label_B2-0-0__6.npy,B2-0-0
Taken.3.2014__#01-37-20_01-37-37_label_B2-0-0__7.npy,B2-0-0
Taken.3.2014__#01-37-20_01-37-37_label_B2-0-0__8.npy,B2-0-0
Taken.3.2014__#01-37-20_01-37-37_label_B2-0-0__9.npy,B2-0-0
Taken.Extended.Cut.2008__#01-09-33_01-09-50_label_B2-0-0__0.npy,B2-0-0
Taken.Extended.Cut.2008__#01-09-33_01-09-50_label_B2-0-0__1.npy,B2-0-0
Taken.Extended.Cut.2008__#01-09-33_01-09-50_label_B2-0-0__2.npy,B2-0-0
Taken.Extended.Cut.2008__#01-09-33_01-09-50_label_B2-0-0__3.npy,B2-0-0
Taken.Extended.Cut.2008__#01-09-33_01-09-50_label_B2-0-0__4.npy,B2-0-0
Taken.Extended.Cut.2008__#01-09-33_01-09-50_label_B2-0-0__5.npy,B2-0-0
Taken.Extended.Cut.2008__#01-09-33_01-09-50_label_B2-0-0__6.npy,B2-0-0
Taken.Extended.Cut.2008__#01-09-33_01-09-50_label_B2-0-0__7.npy,B2-0-0
Taken.Extended.Cut.2008__#01-09-33_01-09-50_label_B2-0-0__8.npy,B2-0-0
Taken.Extended.Cut.2008__#01-09-33_01-09-50_label_B2-0-0__9.npy,B2-0-0
Taken.Extended.Cut.2008__#01-22-50_01-23-22_label_B2-0-0__0.npy,B2-0-0
Taken.Extended.Cut.2008__#01-22-50_01-23-22_label_B2-0-0__1.npy,B2-0-0
Taken.Extended.Cut.2008__#01-22-50_01-23-22_label_B2-0-0__2.npy,B2-0-0
Taken.Extended.Cut.2008__#01-22-50_01-23-22_label_B2-0-0__3.npy,B2-0-0
Taken.Extended.Cut.2008__#01-22-50_01-23-22_label_B2-0-0__4.npy,B2-0-0
Taken.Extended.Cut.2008__#01-22-50_01-23-22_label_B2-0-0__5.npy,B2-0-0
Taken.Extended.Cut.2008__#01-22-50_01-23-22_label_B2-0-0__6.npy,B2-0-0
Taken.Extended.Cut.2008__#01-22-50_01-23-22_label_B2-0-0__7.npy,B2-0-0
Taken.Extended.Cut.2008__#01-22-50_01-23-22_label_B2-0-0__8.npy,B2-0-0
Taken.Extended.Cut.2008__#01-22-50_01-23-22_label_B2-0-0__9.npy,B2-0-0
Taken.Extended.Cut.2008__#01-24-51_01-25-07_label_B2-0-0__0.npy,B2-0-0
Taken.Extended.Cut.2008__#01-24-51_01-25-07_label_B2-0-0__1.npy,B2-0-0
Taken.Extended.Cut.2008__#01-24-51_01-25-07_label_B2-0-0__2.npy,B2-0-0
Taken.Extended.Cut.2008__#01-24-51_01-25-07_label_B2-0-0__3.npy,B2-0-0
Taken.Extended.Cut.2008__#01-24-51_01-25-07_label_B2-0-0__4.npy,B2-0-0
Taken.Extended.Cut.2008__#01-24-51_01-25-07_label_B2-0-0__5.npy,B2-0-0
Taken.Extended.Cut.2008__#01-24-51_01-25-07_label_B2-0-0__6.npy,B2-0-0
Taken.Extended.Cut.2008__#01-24-51_01-25-07_label_B2-0-0__7.npy,B2-0-0
Taken.Extended.Cut.2008__#01-24-51_01-25-07_label_B2-0-0__8.npy,B2-0-0
Taken.Extended.Cut.2008__#01-24-51_01-25-07_label_B2-0-0__9.npy,B2-0-0
The.Bourne.Identity.2002__#01-03-23_01-04-03_label_B2-0-0__0.npy,B2-0-0
The.Bourne.Identity.2002__#01-03-23_01-04-03_label_B2-0-0__1.npy,B2-0-0
The.Bourne.Identity.2002__#01-03-23_01-04-03_label_B2-0-0__2.npy,B2-0-0
The.Bourne.Identity.2002__#01-03-23_01-04-03_label_B2-0-0__3.npy,B2-0-0
The.Bourne.Identity.2002__#01-03-23_01-04-03_label_B2-0-0__4.npy,B2-0-0
The.Bourne.Identity.2002__#01-03-23_01-04-03_label_B2-0-0__5.npy,B2-0-0
The.Bourne.Identity.2002__#01-03-23_01-04-03_label_B2-0-0__6.npy,B2-0-0
The.Bourne.Identity.2002__#01-03-23_01-04-03_label_B2-0-0__7.npy,B2-0-0
The.Bourne.Identity.2002__#01-03-23_01-04-03_label_B2-0-0__8.npy,B2-0-0
The.Bourne.Identity.2002__#01-03-23_01-04-03_label_B2-0-0__9.npy,B2-0-0
The.Bourne.Identity.2002__#01-48-22_01-49-05_label_B2-0-0__0.npy,B2-0-0
The.Bourne.Identity.2002__#01-48-22_01-49-05_label_B2-0-0__1.npy,B2-0-0
The.Bourne.Identity.2002__#01-48-22_01-49-05_label_B2-0-0__2.npy,B2-0-0
The.Bourne.Identity.2002__#01-48-22_01-49-05_label_B2-0-0__3.npy,B2-0-0
The.Bourne.Identity.2002__#01-48-22_01-49-05_label_B2-0-0__4.npy,B2-0-0
The.Bourne.Identity.2002__#01-48-22_01-49-05_label_B2-0-0__5.npy,B2-0-0
The.Bourne.Identity.2002__#01-48-22_01-49-05_label_B2-0-0__6.npy,B2-0-0
The.Bourne.Identity.2002__#01-48-22_01-49-05_label_B2-0-0__7.npy,B2-0-0
The.Bourne.Identity.2002__#01-48-22_01-49-05_label_B2-0-0__8.npy,B2-0-0
The.Bourne.Identity.2002__#01-48-22_01-49-05_label_B2-0-0__9.npy,B2-0-0
The.Bourne.Legacy.2012__#0-33-16_0-33-44_label_B2-0-0__0.npy,B2-0-0
The.Bourne.Legacy.2012__#0-33-16_0-33-44_label_B2-0-0__1.npy,B2-0-0
The.Bourne.Legacy.2012__#0-33-16_0-33-44_label_B2-0-0__2.npy,B2-0-0
The.Bourne.Legacy.2012__#0-33-16_0-33-44_label_B2-0-0__3.npy,B2-0-0
The.Bourne.Legacy.2012__#0-33-16_0-33-44_label_B2-0-0__4.npy,B2-0-0
The.Bourne.Legacy.2012__#0-33-16_0-33-44_label_B2-0-0__5.npy,B2-0-0
The.Bourne.Legacy.2012__#0-33-16_0-33-44_label_B2-0-0__6.npy,B2-0-0
The.Bourne.Legacy.2012__#0-33-16_0-33-44_label_B2-0-0__7.npy,B2-0-0
The.Bourne.Legacy.2012__#0-33-16_0-33-44_label_B2-0-0__8.npy,B2-0-0
The.Bourne.Legacy.2012__#0-33-16_0-33-44_label_B2-0-0__9.npy,B2-0-0
The.Bourne.Legacy.2012__#0-38-41_0-38-51_label_B2-0-0__0.npy,B2-0-0
The.Bourne.Legacy.2012__#0-38-41_0-38-51_label_B2-0-0__1.npy,B2-0-0
The.Bourne.Legacy.2012__#0-38-41_0-38-51_label_B2-0-0__2.npy,B2-0-0
The.Bourne.Legacy.2012__#0-38-41_0-38-51_label_B2-0-0__3.npy,B2-0-0
The.Bourne.Legacy.2012__#0-38-41_0-38-51_label_B2-0-0__4.npy,B2-0-0
The.Bourne.Legacy.2012__#0-38-41_0-38-51_label_B2-0-0__5.npy,B2-0-0
The.Bourne.Legacy.2012__#0-38-41_0-38-51_label_B2-0-0__6.npy,B2-0-0
The.Bourne.Legacy.2012__#0-38-41_0-38-51_label_B2-0-0__7.npy,B2-0-0
The.Bourne.Legacy.2012__#0-38-41_0-38-51_label_B2-0-0__8.npy,B2-0-0
The.Bourne.Legacy.2012__#0-38-41_0-38-51_label_B2-0-0__9.npy,B2-0-0
The.Bourne.Legacy.2012__#0-44-41_0-47-56_label_B2-0-0__0.npy,B2-0-0
The.Bourne.Legacy.2012__#0-44-41_0-47-56_label_B2-0-0__1.npy,B2-0-0
The.Bourne.Legacy.2012__#0-44-41_0-47-56_label_B2-0-0__2.npy,B2-0-0
The.Bourne.Legacy.2012__#0-44-41_0-47-56_label_B2-0-0__3.npy,B2-0-0
The.Bourne.Legacy.2012__#0-44-41_0-47-56_label_B2-0-0__4.npy,B2-0-0
The.Bourne.Legacy.2012__#0-44-41_0-47-56_label_B2-0-0__5.npy,B2-0-0
The.Bourne.Legacy.2012__#0-44-41_0-47-56_label_B2-0-0__6.npy,B2-0-0
The.Bourne.Legacy.2012__#0-44-41_0-47-56_label_B2-0-0__7.npy,B2-0-0
The.Bourne.Legacy.2012__#0-44-41_0-47-56_label_B2-0-0__8.npy,B2-0-0
The.Bourne.Legacy.2012__#0-44-41_0-47-56_label_B2-0-0__9.npy,B2-0-0
The.Bourne.Legacy.2012__#01-01-52_01-03-52_label_B2-0-0__0.npy,B2-0-0
The.Bourne.Legacy.2012__#01-01-52_01-03-52_label_B2-0-0__1.npy,B2-0-0
The.Bourne.Legacy.2012__#01-01-52_01-03-52_label_B2-0-0__2.npy,B2-0-0
The.Bourne.Legacy.2012__#01-01-52_01-03-52_label_B2-0-0__3.npy,B2-0-0
The.Bourne.Legacy.2012__#01-01-52_01-03-52_label_B2-0-0__4.npy,B2-0-0
The.Bourne.Legacy.2012__#01-01-52_01-03-52_label_B2-0-0__5.npy,B2-0-0
The.Bourne.Legacy.2012__#01-01-52_01-03-52_label_B2-0-0__6.npy,B2-0-0
The.Bourne.Legacy.2012__#01-01-52_01-03-52_label_B2-0-0__7.npy,B2-0-0
The.Bourne.Legacy.2012__#01-01-52_01-03-52_label_B2-0-0__8.npy,B2-0-0
The.Bourne.Legacy.2012__#01-01-52_01-03-52_label_B2-0-0__9.npy,B2-0-0
The.Bourne.Legacy.2012__#01-03-59_01-04-59_label_B2-0-0__0.npy,B2-0-0
The.Bourne.Legacy.2012__#01-03-59_01-04-59_label_B2-0-0__1.npy,B2-0-0
The.Bourne.Legacy.2012__#01-03-59_01-04-59_label_B2-0-0__2.npy,B2-0-0
The.Bourne.Legacy.2012__#01-03-59_01-04-59_label_B2-0-0__3.npy,B2-0-0
The.Bourne.Legacy.2012__#01-03-59_01-04-59_label_B2-0-0__4.npy,B2-0-0
The.Bourne.Legacy.2012__#01-03-59_01-04-59_label_B2-0-0__5.npy,B2-0-0
The.Bourne.Legacy.2012__#01-03-59_01-04-59_label_B2-0-0__6.npy,B2-0-0
The.Bourne.Legacy.2012__#01-03-59_01-04-59_label_B2-0-0__7.npy,B2-0-0
The.Bourne.Legacy.2012__#01-03-59_01-04-59_label_B2-0-0__8.npy,B2-0-0
The.Bourne.Legacy.2012__#01-03-59_01-04-59_label_B2-0-0__9.npy,B2-0-0
The.Bourne.Legacy.2012__#01-59-04_01-59-30_label_B2-0-0__0.npy,B2-0-0
The.Bourne.Legacy.2012__#01-59-04_01-59-30_label_B2-0-0__1.npy,B2-0-0
The.Bourne.Legacy.2012__#01-59-04_01-59-30_label_B2-0-0__2.npy,B2-0-0
The.Bourne.Legacy.2012__#01-59-04_01-59-30_label_B2-0-0__3.npy,B2-0-0
The.Bourne.Legacy.2012__#01-59-04_01-59-30_label_B2-0-0__4.npy,B2-0-0
The.Bourne.Legacy.2012__#01-59-04_01-59-30_label_B2-0-0__5.npy,B2-0-0
The.Bourne.Legacy.2012__#01-59-04_01-59-30_label_B2-0-0__6.npy,B2-0-0
The.Bourne.Legacy.2012__#01-59-04_01-59-30_label_B2-0-0__7.npy,B2-0-0
The.Bourne.Legacy.2012__#01-59-04_01-59-30_label_B2-0-0__8.npy,B2-0-0
The.Bourne.Legacy.2012__#01-59-04_01-59-30_label_B2-0-0__9.npy,B2-0-0
The.Bourne.Supremacy.2004__#01-17-32_01-18-02_label_B2-0-0__0.npy,B2-0-0
The.Bourne.Supremacy.2004__#01-17-32_01-18-02_label_B2-0-0__1.npy,B2-0-0
The.Bourne.Supremacy.2004__#01-17-32_01-18-02_label_B2-0-0__2.npy,B2-0-0
The.Bourne.Supremacy.2004__#01-17-32_01-18-02_label_B2-0-0__3.npy,B2-0-0
The.Bourne.Supremacy.2004__#01-17-32_01-18-02_label_B2-0-0__4.npy,B2-0-0
The.Bourne.Supremacy.2004__#01-17-32_01-18-02_label_B2-0-0__5.npy,B2-0-0
The.Bourne.Supremacy.2004__#01-17-32_01-18-02_label_B2-0-0__6.npy,B2-0-0
The.Bourne.Supremacy.2004__#01-17-32_01-18-02_label_B2-0-0__7.npy,B2-0-0
The.Bourne.Supremacy.2004__#01-17-32_01-18-02_label_B2-0-0__8.npy,B2-0-0
The.Bourne.Supremacy.2004__#01-17-32_01-18-02_label_B2-0-0__9.npy,B2-0-0
The.Bourne.Ultimatum.2007__#0-24-51_0-26-35_label_B2-0-0__0.npy,B2-0-0
The.Bourne.Ultimatum.2007__#0-24-51_0-26-35_label_B2-0-0__1.npy,B2-0-0
The.Bourne.Ultimatum.2007__#0-24-51_0-26-35_label_B2-0-0__2.npy,B2-0-0
The.Bourne.Ultimatum.2007__#0-24-51_0-26-35_label_B2-0-0__3.npy,B2-0-0
The.Bourne.Ultimatum.2007__#0-24-51_0-26-35_label_B2-0-0__4.npy,B2-0-0
The.Bourne.Ultimatum.2007__#0-24-51_0-26-35_label_B2-0-0__5.npy,B2-0-0
The.Bourne.Ultimatum.2007__#0-24-51_0-26-35_label_B2-0-0__6.npy,B2-0-0
The.Bourne.Ultimatum.2007__#0-24-51_0-26-35_label_B2-0-0__7.npy,B2-0-0
The.Bourne.Ultimatum.2007__#0-24-51_0-26-35_label_B2-0-0__8.npy,B2-0-0
The.Bourne.Ultimatum.2007__#0-24-51_0-26-35_label_B2-0-0__9.npy,B2-0-0
The.Bourne.Ultimatum.2007__#01-24-32_01-24-55_label_B2-0-0__0.npy,B2-0-0
The.Bourne.Ultimatum.2007__#01-24-32_01-24-55_label_B2-0-0__1.npy,B2-0-0
The.Bourne.Ultimatum.2007__#01-24-32_01-24-55_label_B2-0-0__2.npy,B2-0-0
The.Bourne.Ultimatum.2007__#01-24-32_01-24-55_label_B2-0-0__3.npy,B2-0-0
The.Bourne.Ultimatum.2007__#01-24-32_01-24-55_label_B2-0-0__4.npy,B2-0-0
The.Bourne.Ultimatum.2007__#01-24-32_01-24-55_label_B2-0-0__5.npy,B2-0-0
The.Bourne.Ultimatum.2007__#01-24-32_01-24-55_label_B2-0-0__6.npy,B2-0-0
The.Bourne.Ultimatum.2007__#01-24-32_01-24-55_label_B2-0-0__7.npy,B2-0-0
The.Bourne.Ultimatum.2007__#01-24-32_01-24-55_label_B2-0-0__8.npy,B2-0-0
The.Bourne.Ultimatum.2007__#01-24-32_01-24-55_label_B2-0-0__9.npy,B2-0-0
The.Bourne.Ultimatum.2007__#01-42-09_01-42-54_label_B2-0-0__0.npy,B2-0-0
The.Bourne.Ultimatum.2007__#01-42-09_01-42-54_label_B2-0-0__1.npy,B2-0-0
The.Bourne.Ultimatum.2007__#01-42-09_01-42-54_label_B2-0-0__2.npy,B2-0-0
The.Bourne.Ultimatum.2007__#01-42-09_01-42-54_label_B2-0-0__3.npy,B2-0-0
The.Bourne.Ultimatum.2007__#01-42-09_01-42-54_label_B2-0-0__4.npy,B2-0-0
The.Bourne.Ultimatum.2007__#01-42-09_01-42-54_label_B2-0-0__5.npy,B2-0-0
The.Bourne.Ultimatum.2007__#01-42-09_01-42-54_label_B2-0-0__6.npy,B2-0-0
The.Bourne.Ultimatum.2007__#01-42-09_01-42-54_label_B2-0-0__7.npy,B2-0-0
The.Bourne.Ultimatum.2007__#01-42-09_01-42-54_label_B2-0-0__8.npy,B2-0-0
The.Bourne.Ultimatum.2007__#01-42-09_01-42-54_label_B2-0-0__9.npy,B2-0-0
The.Fast.and.the.Furious.2001__#01-31-10_01-31-55_label_B2-0-0__0.npy,B2-0-0
The.Fast.and.the.Furious.2001__#01-31-10_01-31-55_label_B2-0-0__1.npy,B2-0-0
The.Fast.and.the.Furious.2001__#01-31-10_01-31-55_label_B2-0-0__2.npy,B2-0-0
The.Fast.and.the.Furious.2001__#01-31-10_01-31-55_label_B2-0-0__3.npy,B2-0-0
The.Fast.and.the.Furious.2001__#01-31-10_01-31-55_label_B2-0-0__4.npy,B2-0-0
The.Fast.and.the.Furious.2001__#01-31-10_01-31-55_label_B2-0-0__5.npy,B2-0-0
The.Fast.and.the.Furious.2001__#01-31-10_01-31-55_label_B2-0-0__6.npy,B2-0-0
The.Fast.and.the.Furious.2001__#01-31-10_01-31-55_label_B2-0-0__7.npy,B2-0-0
The.Fast.and.the.Furious.2001__#01-31-10_01-31-55_label_B2-0-0__8.npy,B2-0-0
The.Fast.and.the.Furious.2001__#01-31-10_01-31-55_label_B2-0-0__9.npy,B2-0-0
The.Hurt.Locker.2008__#0-54-57_0-56-57_label_B2-0-0__0.npy,B2-0-0
The.Hurt.Locker.2008__#0-54-57_0-56-57_label_B2-0-0__1.npy,B2-0-0
The.Hurt.Locker.2008__#0-54-57_0-56-57_label_B2-0-0__2.npy,B2-0-0
The.Hurt.Locker.2008__#0-54-57_0-56-57_label_B2-0-0__3.npy,B2-0-0
The.Hurt.Locker.2008__#0-54-57_0-56-57_label_B2-0-0__4.npy,B2-0-0
The.Hurt.Locker.2008__#0-54-57_0-56-57_label_B2-0-0__5.npy,B2-0-0
The.Hurt.Locker.2008__#0-54-57_0-56-57_label_B2-0-0__6.npy,B2-0-0
The.Hurt.Locker.2008__#0-54-57_0-56-57_label_B2-0-0__7.npy,B2-0-0
The.Hurt.Locker.2008__#0-54-57_0-56-57_label_B2-0-0__8.npy,B2-0-0
The.Hurt.Locker.2008__#0-54-57_0-56-57_label_B2-0-0__9.npy,B2-0-0
The.Hurt.Locker.2008__#0-57-00_0-58-20_label_B2-0-0__0.npy,B2-0-0
The.Hurt.Locker.2008__#0-57-00_0-58-20_label_B2-0-0__1.npy,B2-0-0
The.Hurt.Locker.2008__#0-57-00_0-58-20_label_B2-0-0__2.npy,B2-0-0
The.Hurt.Locker.2008__#0-57-00_0-58-20_label_B2-0-0__3.npy,B2-0-0
The.Hurt.Locker.2008__#0-57-00_0-58-20_label_B2-0-0__4.npy,B2-0-0
The.Hurt.Locker.2008__#0-57-00_0-58-20_label_B2-0-0__5.npy,B2-0-0
The.Hurt.Locker.2008__#0-57-00_0-58-20_label_B2-0-0__6.npy,B2-0-0
The.Hurt.Locker.2008__#0-57-00_0-58-20_label_B2-0-0__7.npy,B2-0-0
The.Hurt.Locker.2008__#0-57-00_0-58-20_label_B2-0-0__8.npy,B2-0-0
The.Hurt.Locker.2008__#0-57-00_0-58-20_label_B2-0-0__9.npy,B2-0-0
The.Hurt.Locker.2008__#0-58-45_0-59-11_label_B2-0-0__0.npy,B2-0-0
The.Hurt.Locker.2008__#0-58-45_0-59-11_label_B2-0-0__1.npy,B2-0-0
The.Hurt.Locker.2008__#0-58-45_0-59-11_label_B2-0-0__2.npy,B2-0-0
The.Hurt.Locker.2008__#0-58-45_0-59-11_label_B2-0-0__3.npy,B2-0-0
The.Hurt.Locker.2008__#0-58-45_0-59-11_label_B2-0-0__4.npy,B2-0-0
The.Hurt.Locker.2008__#0-58-45_0-59-11_label_B2-0-0__5.npy,B2-0-0
The.Hurt.Locker.2008__#0-58-45_0-59-11_label_B2-0-0__6.npy,B2-0-0
The.Hurt.Locker.2008__#0-58-45_0-59-11_label_B2-0-0__7.npy,B2-0-0
The.Hurt.Locker.2008__#0-58-45_0-59-11_label_B2-0-0__8.npy,B2-0-0
The.Hurt.Locker.2008__#0-58-45_0-59-11_label_B2-0-0__9.npy,B2-0-0
The.Hurt.Locker.2008__#01-07-45_01-08-28_label_B2-0-0__0.npy,B2-0-0
The.Hurt.Locker.2008__#01-07-45_01-08-28_label_B2-0-0__1.npy,B2-0-0
The.Hurt.Locker.2008__#01-07-45_01-08-28_label_B2-0-0__2.npy,B2-0-0
The.Hurt.Locker.2008__#01-07-45_01-08-28_label_B2-0-0__3.npy,B2-0-0
The.Hurt.Locker.2008__#01-07-45_01-08-28_label_B2-0-0__4.npy,B2-0-0
The.Hurt.Locker.2008__#01-07-45_01-08-28_label_B2-0-0__5.npy,B2-0-0
The.Hurt.Locker.2008__#01-07-45_01-08-28_label_B2-0-0__6.npy,B2-0-0
The.Hurt.Locker.2008__#01-07-45_01-08-28_label_B2-0-0__7.npy,B2-0-0
The.Hurt.Locker.2008__#01-07-45_01-08-28_label_B2-0-0__8.npy,B2-0-0
The.Hurt.Locker.2008__#01-07-45_01-08-28_label_B2-0-0__9.npy,B2-0-0
The.World.Is.Not.Enough.1999__#00-36-30_00-36-45_label_B2-0-0__0.npy,B2-0-0
The.World.Is.Not.Enough.1999__#00-36-30_00-36-45_label_B2-0-0__1.npy,B2-0-0
The.World.Is.Not.Enough.1999__#00-36-30_00-36-45_label_B2-0-0__2.npy,B2-0-0
The.World.Is.Not.Enough.1999__#00-36-30_00-36-45_label_B2-0-0__3.npy,B2-0-0
The.World.Is.Not.Enough.1999__#00-36-30_00-36-45_label_B2-0-0__4.npy,B2-0-0
The.World.Is.Not.Enough.1999__#00-36-30_00-36-45_label_B2-0-0__5.npy,B2-0-0
The.World.Is.Not.Enough.1999__#00-36-30_00-36-45_label_B2-0-0__6.npy,B2-0-0
The.World.Is.Not.Enough.1999__#00-36-30_00-36-45_label_B2-0-0__7.npy,B2-0-0
The.World.Is.Not.Enough.1999__#00-36-30_00-36-45_label_B2-0-0__8.npy,B2-0-0
The.World.Is.Not.Enough.1999__#00-36-30_00-36-45_label_B2-0-0__9.npy,B2-0-0
The.World.Is.Not.Enough.1999__#01-03-31_01-04-14_label_B2-0-0__0.npy,B2-0-0
The.World.Is.Not.Enough.1999__#01-03-31_01-04-14_label_B2-0-0__1.npy,B2-0-0
The.World.Is.Not.Enough.1999__#01-03-31_01-04-14_label_B2-0-0__2.npy,B2-0-0
The.World.Is.Not.Enough.1999__#01-03-31_01-04-14_label_B2-0-0__3.npy,B2-0-0
The.World.Is.Not.Enough.1999__#01-03-31_01-04-14_label_B2-0-0__4.npy,B2-0-0
The.World.Is.Not.Enough.1999__#01-03-31_01-04-14_label_B2-0-0__5.npy,B2-0-0
The.World.Is.Not.Enough.1999__#01-03-31_01-04-14_label_B2-0-0__6.npy,B2-0-0
The.World.Is.Not.Enough.1999__#01-03-31_01-04-14_label_B2-0-0__7.npy,B2-0-0
The.World.Is.Not.Enough.1999__#01-03-31_01-04-14_label_B2-0-0__8.npy,B2-0-0
The.World.Is.Not.Enough.1999__#01-03-31_01-04-14_label_B2-0-0__9.npy,B2-0-0
The.World.Is.Not.Enough.1999__#01-04-52_01-05-12_label_B2-0-0__0.npy,B2-0-0
The.World.Is.Not.Enough.1999__#01-04-52_01-05-12_label_B2-0-0__1.npy,B2-0-0
The.World.Is.Not.Enough.1999__#01-04-52_01-05-12_label_B2-0-0__2.npy,B2-0-0
The.World.Is.Not.Enough.1999__#01-04-52_01-05-12_label_B2-0-0__3.npy,B2-0-0
The.World.Is.Not.Enough.1999__#01-04-52_01-05-12_label_B2-0-0__4.npy,B2-0-0
The.World.Is.Not.Enough.1999__#01-04-52_01-05-12_label_B2-0-0__5.npy,B2-0-0
The.World.Is.Not.Enough.1999__#01-04-52_01-05-12_label_B2-0-0__6.npy,B2-0-0
The.World.Is.Not.Enough.1999__#01-04-52_01-05-12_label_B2-0-0__7.npy,B2-0-0
The.World.Is.Not.Enough.1999__#01-04-52_01-05-12_label_B2-0-0__8.npy,B2-0-0
The.World.Is.Not.Enough.1999__#01-04-52_01-05-12_label_B2-0-0__9.npy,B2-0-0
The.World.Is.Not.Enough.1999__#01-46-48_01-47-32_label_B2-0-0__0.npy,B2-0-0
The.World.Is.Not.Enough.1999__#01-46-48_01-47-32_label_B2-0-0__1.npy,B2-0-0
The.World.Is.Not.Enough.1999__#01-46-48_01-47-32_label_B2-0-0__2.npy,B2-0-0
The.World.Is.Not.Enough.1999__#01-46-48_01-47-32_label_B2-0-0__3.npy,B2-0-0
The.World.Is.Not.Enough.1999__#01-46-48_01-47-32_label_B2-0-0__4.npy,B2-0-0
The.World.Is.Not.Enough.1999__#01-46-48_01-47-32_label_B2-0-0__5.npy,B2-0-0
The.World.Is.Not.Enough.1999__#01-46-48_01-47-32_label_B2-0-0__6.npy,B2-0-0
The.World.Is.Not.Enough.1999__#01-46-48_01-47-32_label_B2-0-0__7.npy,B2-0-0
The.World.Is.Not.Enough.1999__#01-46-48_01-47-32_label_B2-0-0__8.npy,B2-0-0
The.World.Is.Not.Enough.1999__#01-46-48_01-47-32_label_B2-0-0__9.npy,B2-0-0
The.World.Is.Not.Enough.1999__#01-48-36_01-48-50_label_B2-0-0__0.npy,B2-0-0
The.World.Is.Not.Enough.1999__#01-48-36_01-48-50_label_B2-0-0__1.npy,B2-0-0
The.World.Is.Not.Enough.1999__#01-48-36_01-48-50_label_B2-0-0__2.npy,B2-0-0
The.World.Is.Not.Enough.1999__#01-48-36_01-48-50_label_B2-0-0__3.npy,B2-0-0
The.World.Is.Not.Enough.1999__#01-48-36_01-48-50_label_B2-0-0__4.npy,B2-0-0
The.World.Is.Not.Enough.1999__#01-48-36_01-48-50_label_B2-0-0__5.npy,B2-0-0
The.World.Is.Not.Enough.1999__#01-48-36_01-48-50_label_B2-0-0__6.npy,B2-0-0
The.World.Is.Not.Enough.1999__#01-48-36_01-48-50_label_B2-0-0__7.npy,B2-0-0
The.World.Is.Not.Enough.1999__#01-48-36_01-48-50_label_B2-0-0__8.npy,B2-0-0
The.World.Is.Not.Enough.1999__#01-48-36_01-48-50_label_B2-0-0__9.npy,B2-0-0
Thelma...Louise.1991__#00-21-25_00-21-50_label_B2-0-0__0.npy,B2-0-0
Thelma...Louise.1991__#00-21-25_00-21-50_label_B2-0-0__1.npy,B2-0-0
Thelma...Louise.1991__#00-21-25_00-21-50_label_B2-0-0__2.npy,B2-0-0
Thelma...Louise.1991__#00-21-25_00-21-50_label_B2-0-0__3.npy,B2-0-0
Thelma...Louise.1991__#00-21-25_00-21-50_label_B2-0-0__4.npy,B2-0-0
Thelma...Louise.1991__#00-21-25_00-21-50_label_B2-0-0__5.npy,B2-0-0
Thelma...Louise.1991__#00-21-25_00-21-50_label_B2-0-0__6.npy,B2-0-0
Thelma...Louise.1991__#00-21-25_00-21-50_label_B2-0-0__7.npy,B2-0-0
Thelma...Louise.1991__#00-21-25_00-21-50_label_B2-0-0__8.npy,B2-0-0
Thelma...Louise.1991__#00-21-25_00-21-50_label_B2-0-0__9.npy,B2-0-0
Tropa.de.Elite.2.2010__#00-02-10_00-03-45_label_B2-0-0__0.npy,B2-0-0
Tropa.de.Elite.2.2010__#00-02-10_00-03-45_label_B2-0-0__1.npy,B2-0-0
Tropa.de.Elite.2.2010__#00-02-10_00-03-45_label_B2-0-0__2.npy,B2-0-0
Tropa.de.Elite.2.2010__#00-02-10_00-03-45_label_B2-0-0__3.npy,B2-0-0
Tropa.de.Elite.2.2010__#00-02-10_00-03-45_label_B2-0-0__4.npy,B2-0-0
Tropa.de.Elite.2.2010__#00-02-10_00-03-45_label_B2-0-0__5.npy,B2-0-0
Tropa.de.Elite.2.2010__#00-02-10_00-03-45_label_B2-0-0__6.npy,B2-0-0
Tropa.de.Elite.2.2010__#00-02-10_00-03-45_label_B2-0-0__7.npy,B2-0-0
Tropa.de.Elite.2.2010__#00-02-10_00-03-45_label_B2-0-0__8.npy,B2-0-0
Tropa.de.Elite.2.2010__#00-02-10_00-03-45_label_B2-0-0__9.npy,B2-0-0
Tropa.de.Elite.2.2010__#00-38-20_00-39-30_label_B2-0-0__0.npy,B2-0-0
Tropa.de.Elite.2.2010__#00-38-20_00-39-30_label_B2-0-0__1.npy,B2-0-0
Tropa.de.Elite.2.2010__#00-38-20_00-39-30_label_B2-0-0__2.npy,B2-0-0
Tropa.de.Elite.2.2010__#00-38-20_00-39-30_label_B2-0-0__3.npy,B2-0-0
Tropa.de.Elite.2.2010__#00-38-20_00-39-30_label_B2-0-0__4.npy,B2-0-0
Tropa.de.Elite.2.2010__#00-38-20_00-39-30_label_B2-0-0__5.npy,B2-0-0
Tropa.de.Elite.2.2010__#00-38-20_00-39-30_label_B2-0-0__6.npy,B2-0-0
Tropa.de.Elite.2.2010__#00-38-20_00-39-30_label_B2-0-0__7.npy,B2-0-0
Tropa.de.Elite.2.2010__#00-38-20_00-39-30_label_B2-0-0__8.npy,B2-0-0
Tropa.de.Elite.2.2010__#00-38-20_00-39-30_label_B2-0-0__9.npy,B2-0-0
Tropa.de.Elite.2.2010__#00-39-50_00-40-31_label_B2-0-0__0.npy,B2-0-0
Tropa.de.Elite.2.2010__#00-39-50_00-40-31_label_B2-0-0__1.npy,B2-0-0
Tropa.de.Elite.2.2010__#00-39-50_00-40-31_label_B2-0-0__2.npy,B2-0-0
Tropa.de.Elite.2.2010__#00-39-50_00-40-31_label_B2-0-0__3.npy,B2-0-0
Tropa.de.Elite.2.2010__#00-39-50_00-40-31_label_B2-0-0__4.npy,B2-0-0
Tropa.de.Elite.2.2010__#00-39-50_00-40-31_label_B2-0-0__5.npy,B2-0-0
Tropa.de.Elite.2.2010__#00-39-50_00-40-31_label_B2-0-0__6.npy,B2-0-0
Tropa.de.Elite.2.2010__#00-39-50_00-40-31_label_B2-0-0__7.npy,B2-0-0
Tropa.de.Elite.2.2010__#00-39-50_00-40-31_label_B2-0-0__8.npy,B2-0-0
Tropa.de.Elite.2.2010__#00-39-50_00-40-31_label_B2-0-0__9.npy,B2-0-0
Tropa.de.Elite.2.2010__#01-13-25_01-14-10_label_B2-0-0__0.npy,B2-0-0
Tropa.de.Elite.2.2010__#01-13-25_01-14-10_label_B2-0-0__1.npy,B2-0-0
Tropa.de.Elite.2.2010__#01-13-25_01-14-10_label_B2-0-0__2.npy,B2-0-0
Tropa.de.Elite.2.2010__#01-13-25_01-14-10_label_B2-0-0__3.npy,B2-0-0
Tropa.de.Elite.2.2010__#01-13-25_01-14-10_label_B2-0-0__4.npy,B2-0-0
Tropa.de.Elite.2.2010__#01-13-25_01-14-10_label_B2-0-0__5.npy,B2-0-0
Tropa.de.Elite.2.2010__#01-13-25_01-14-10_label_B2-0-0__6.npy,B2-0-0
Tropa.de.Elite.2.2010__#01-13-25_01-14-10_label_B2-0-0__7.npy,B2-0-0
Tropa.de.Elite.2.2010__#01-13-25_01-14-10_label_B2-0-0__8.npy,B2-0-0
Tropa.de.Elite.2.2010__#01-13-25_01-14-10_label_B2-0-0__9.npy,B2-0-0
Tropa.de.Elite.2.2010__#01-40-30_01-42-00_label_B2-0-0__0.npy,B2-0-0
Tropa.de.Elite.2.2010__#01-40-30_01-42-00_label_B2-0-0__1.npy,B2-0-0
Tropa.de.Elite.2.2010__#01-40-30_01-42-00_label_B2-0-0__2.npy,B2-0-0
Tropa.de.Elite.2.2010__#01-40-30_01-42-00_label_B2-0-0__3.npy,B2-0-0
Tropa.de.Elite.2.2010__#01-40-30_01-42-00_label_B2-0-0__4.npy,B2-0-0
Tropa.de.Elite.2.2010__#01-40-30_01-42-00_label_B2-0-0__5.npy,B2-0-0
Tropa.de.Elite.2.2010__#01-40-30_01-42-00_label_B2-0-0__6.npy,B2-0-0
Tropa.de.Elite.2.2010__#01-40-30_01-42-00_label_B2-0-0__7.npy,B2-0-0
Tropa.de.Elite.2.2010__#01-40-30_01-42-00_label_B2-0-0__8.npy,B2-0-0
Tropa.de.Elite.2.2010__#01-40-30_01-42-00_label_B2-0-0__9.npy,B2-0-0
Tropa.de.Elite.2007__#00-28-00_00-28-20_label_B2-0-0__0.npy,B2-0-0
Tropa.de.Elite.2007__#00-28-00_00-28-20_label_B2-0-0__1.npy,B2-0-0
Tropa.de.Elite.2007__#00-28-00_00-28-20_label_B2-0-0__2.npy,B2-0-0
Tropa.de.Elite.2007__#00-28-00_00-28-20_label_B2-0-0__3.npy,B2-0-0
Tropa.de.Elite.2007__#00-28-00_00-28-20_label_B2-0-0__4.npy,B2-0-0
Tropa.de.Elite.2007__#00-28-00_00-28-20_label_B2-0-0__5.npy,B2-0-0
Tropa.de.Elite.2007__#00-28-00_00-28-20_label_B2-0-0__6.npy,B2-0-0
Tropa.de.Elite.2007__#00-28-00_00-28-20_label_B2-0-0__7.npy,B2-0-0
Tropa.de.Elite.2007__#00-28-00_00-28-20_label_B2-0-0__8.npy,B2-0-0
Tropa.de.Elite.2007__#00-28-00_00-28-20_label_B2-0-0__9.npy,B2-0-0
Tropa.de.Elite.2007__#00-59-16_01-00-55_label_B2-0-0__0.npy,B2-0-0
Tropa.de.Elite.2007__#00-59-16_01-00-55_label_B2-0-0__1.npy,B2-0-0
Tropa.de.Elite.2007__#00-59-16_01-00-55_label_B2-0-0__2.npy,B2-0-0
Tropa.de.Elite.2007__#00-59-16_01-00-55_label_B2-0-0__3.npy,B2-0-0
Tropa.de.Elite.2007__#00-59-16_01-00-55_label_B2-0-0__4.npy,B2-0-0
Tropa.de.Elite.2007__#00-59-16_01-00-55_label_B2-0-0__5.npy,B2-0-0
Tropa.de.Elite.2007__#00-59-16_01-00-55_label_B2-0-0__6.npy,B2-0-0
Tropa.de.Elite.2007__#00-59-16_01-00-55_label_B2-0-0__7.npy,B2-0-0
Tropa.de.Elite.2007__#00-59-16_01-00-55_label_B2-0-0__8.npy,B2-0-0
Tropa.de.Elite.2007__#00-59-16_01-00-55_label_B2-0-0__9.npy,B2-0-0
Tropa.de.Elite.2007__#01-02-00_01-02-50_label_B2-0-0__0.npy,B2-0-0
Tropa.de.Elite.2007__#01-02-00_01-02-50_label_B2-0-0__1.npy,B2-0-0
Tropa.de.Elite.2007__#01-02-00_01-02-50_label_B2-0-0__2.npy,B2-0-0
Tropa.de.Elite.2007__#01-02-00_01-02-50_label_B2-0-0__3.npy,B2-0-0
Tropa.de.Elite.2007__#01-02-00_01-02-50_label_B2-0-0__4.npy,B2-0-0
Tropa.de.Elite.2007__#01-02-00_01-02-50_label_B2-0-0__5.npy,B2-0-0
Tropa.de.Elite.2007__#01-02-00_01-02-50_label_B2-0-0__6.npy,B2-0-0
Tropa.de.Elite.2007__#01-02-00_01-02-50_label_B2-0-0__7.npy,B2-0-0
Tropa.de.Elite.2007__#01-02-00_01-02-50_label_B2-0-0__8.npy,B2-0-0
Tropa.de.Elite.2007__#01-02-00_01-02-50_label_B2-0-0__9.npy,B2-0-0
Tropa.de.Elite.2007__#01-03-35_01-04-05_label_B2-0-0__0.npy,B2-0-0
Tropa.de.Elite.2007__#01-03-35_01-04-05_label_B2-0-0__1.npy,B2-0-0
Tropa.de.Elite.2007__#01-03-35_01-04-05_label_B2-0-0__2.npy,B2-0-0
Tropa.de.Elite.2007__#01-03-35_01-04-05_label_B2-0-0__3.npy,B2-0-0
Tropa.de.Elite.2007__#01-03-35_01-04-05_label_B2-0-0__4.npy,B2-0-0
Tropa.de.Elite.2007__#01-03-35_01-04-05_label_B2-0-0__5.npy,B2-0-0
Tropa.de.Elite.2007__#01-03-35_01-04-05_label_B2-0-0__6.npy,B2-0-0
Tropa.de.Elite.2007__#01-03-35_01-04-05_label_B2-0-0__7.npy,B2-0-0
Tropa.de.Elite.2007__#01-03-35_01-04-05_label_B2-0-0__8.npy,B2-0-0
Tropa.de.Elite.2007__#01-03-35_01-04-05_label_B2-0-0__9.npy,B2-0-0
Tropa.de.Elite.2007__#01-34-17_01-34-40_label_B2-0-0__0.npy,B2-0-0
Tropa.de.Elite.2007__#01-34-17_01-34-40_label_B2-0-0__1.npy,B2-0-0
Tropa.de.Elite.2007__#01-34-17_01-34-40_label_B2-0-0__2.npy,B2-0-0
Tropa.de.Elite.2007__#01-34-17_01-34-40_label_B2-0-0__3.npy,B2-0-0
Tropa.de.Elite.2007__#01-34-17_01-34-40_label_B2-0-0__4.npy,B2-0-0
Tropa.de.Elite.2007__#01-34-17_01-34-40_label_B2-0-0__5.npy,B2-0-0
Tropa.de.Elite.2007__#01-34-17_01-34-40_label_B2-0-0__6.npy,B2-0-0
Tropa.de.Elite.2007__#01-34-17_01-34-40_label_B2-0-0__7.npy,B2-0-0
Tropa.de.Elite.2007__#01-34-17_01-34-40_label_B2-0-0__8.npy,B2-0-0
Tropa.de.Elite.2007__#01-34-17_01-34-40_label_B2-0-0__9.npy,B2-0-0
Young.And.Dangerous.I.1996__#01-29-40_01-30-00_label_B2-0-0__0.npy,B2-0-0
Young.And.Dangerous.I.1996__#01-29-40_01-30-00_label_B2-0-0__1.npy,B2-0-0
Young.And.Dangerous.I.1996__#01-29-40_01-30-00_label_B2-0-0__2.npy,B2-0-0
Young.And.Dangerous.I.1996__#01-29-40_01-30-00_label_B2-0-0__3.npy,B2-0-0
Young.And.Dangerous.I.1996__#01-29-40_01-30-00_label_B2-0-0__4.npy,B2-0-0
Young.And.Dangerous.I.1996__#01-29-40_01-30-00_label_B2-0-0__5.npy,B2-0-0
Young.And.Dangerous.I.1996__#01-29-40_01-30-00_label_B2-0-0__6.npy,B2-0-0
Young.And.Dangerous.I.1996__#01-29-40_01-30-00_label_B2-0-0__7.npy,B2-0-0
Young.And.Dangerous.I.1996__#01-29-40_01-30-00_label_B2-0-0__8.npy,B2-0-0
Young.And.Dangerous.I.1996__#01-29-40_01-30-00_label_B2-0-0__9.npy,B2-0-0
Young.And.Dangerous.I.1996__#01-33-00_01-33-30_label_B2-0-0__0.npy,B2-0-0
Young.And.Dangerous.I.1996__#01-33-00_01-33-30_label_B2-0-0__1.npy,B2-0-0
Young.And.Dangerous.I.1996__#01-33-00_01-33-30_label_B2-0-0__2.npy,B2-0-0
Young.And.Dangerous.I.1996__#01-33-00_01-33-30_label_B2-0-0__3.npy,B2-0-0
Young.And.Dangerous.I.1996__#01-33-00_01-33-30_label_B2-0-0__4.npy,B2-0-0
Young.And.Dangerous.I.1996__#01-33-00_01-33-30_label_B2-0-0__5.npy,B2-0-0
Young.And.Dangerous.I.1996__#01-33-00_01-33-30_label_B2-0-0__6.npy,B2-0-0
Young.And.Dangerous.I.1996__#01-33-00_01-33-30_label_B2-0-0__7.npy,B2-0-0
Young.And.Dangerous.I.1996__#01-33-00_01-33-30_label_B2-0-0__8.npy,B2-0-0
Young.And.Dangerous.I.1996__#01-33-00_01-33-30_label_B2-0-0__9.npy,B2-0-0
Young.And.Dangerous.I.1996__#01-36-35_01-36-55_label_B2-0-0__0.npy,B2-0-0
Young.And.Dangerous.I.1996__#01-36-35_01-36-55_label_B2-0-0__1.npy,B2-0-0
Young.And.Dangerous.I.1996__#01-36-35_01-36-55_label_B2-0-0__2.npy,B2-0-0
Young.And.Dangerous.I.1996__#01-36-35_01-36-55_label_B2-0-0__3.npy,B2-0-0
Young.And.Dangerous.I.1996__#01-36-35_01-36-55_label_B2-0-0__4.npy,B2-0-0
Young.And.Dangerous.I.1996__#01-36-35_01-36-55_label_B2-0-0__5.npy,B2-0-0
Young.And.Dangerous.I.1996__#01-36-35_01-36-55_label_B2-0-0__6.npy,B2-0-0
Young.And.Dangerous.I.1996__#01-36-35_01-36-55_label_B2-0-0__7.npy,B2-0-0
Young.And.Dangerous.I.1996__#01-36-35_01-36-55_label_B2-0-0__8.npy,B2-0-0
Young.And.Dangerous.I.1996__#01-36-35_01-36-55_label_B2-0-0__9.npy,B2-0-0
Young.And.Dangerous.II.1996__#0-34-56_0-35-40_label_B2-0-0__0.npy,B2-0-0
Young.And.Dangerous.II.1996__#0-34-56_0-35-40_label_B2-0-0__1.npy,B2-0-0
Young.And.Dangerous.II.1996__#0-34-56_0-35-40_label_B2-0-0__2.npy,B2-0-0
Young.And.Dangerous.II.1996__#0-34-56_0-35-40_label_B2-0-0__3.npy,B2-0-0
Young.And.Dangerous.II.1996__#0-34-56_0-35-40_label_B2-0-0__4.npy,B2-0-0
Young.And.Dangerous.II.1996__#0-34-56_0-35-40_label_B2-0-0__5.npy,B2-0-0
Young.And.Dangerous.II.1996__#0-34-56_0-35-40_label_B2-0-0__6.npy,B2-0-0
Young.And.Dangerous.II.1996__#0-34-56_0-35-40_label_B2-0-0__7.npy,B2-0-0
Young.And.Dangerous.II.1996__#0-34-56_0-35-40_label_B2-0-0__8.npy,B2-0-0
Young.And.Dangerous.II.1996__#0-34-56_0-35-40_label_B2-0-0__9.npy,B2-0-0
Young.And.Dangerous.III.1996__#00-55-58_00-57-17_label_B2-0-0__0.npy,B2-0-0
Young.And.Dangerous.III.1996__#00-55-58_00-57-17_label_B2-0-0__1.npy,B2-0-0
Young.And.Dangerous.III.1996__#00-55-58_00-57-17_label_B2-0-0__2.npy,B2-0-0
Young.And.Dangerous.III.1996__#00-55-58_00-57-17_label_B2-0-0__3.npy,B2-0-0
Young.And.Dangerous.III.1996__#00-55-58_00-57-17_label_B2-0-0__4.npy,B2-0-0
Young.And.Dangerous.III.1996__#00-55-58_00-57-17_label_B2-0-0__5.npy,B2-0-0
Young.And.Dangerous.III.1996__#00-55-58_00-57-17_label_B2-0-0__6.npy,B2-0-0
Young.And.Dangerous.III.1996__#00-55-58_00-57-17_label_B2-0-0__7.npy,B2-0-0
Young.And.Dangerous.III.1996__#00-55-58_00-57-17_label_B2-0-0__8.npy,B2-0-0
Young.And.Dangerous.III.1996__#00-55-58_00-57-17_label_B2-0-0__9.npy,B2-0-0
v=CLFYvG6MsZU__#00-00-00_00-02-16_label_B2-0-0__0.npy,B2-0-0
v=CLFYvG6MsZU__#00-00-00_00-02-16_label_B2-0-0__1.npy,B2-0-0
v=CLFYvG6MsZU__#00-00-00_00-02-16_label_B2-0-0__2.npy,B2-0-0
v=CLFYvG6MsZU__#00-00-00_00-02-16_label_B2-0-0__3.npy,B2-0-0
v=CLFYvG6MsZU__#00-00-00_00-02-16_label_B2-0-0__4.npy,B2-0-0
v=CLFYvG6MsZU__#00-00-00_00-02-16_label_B2-0-0__5.npy,B2-0-0
v=CLFYvG6MsZU__#00-00-00_00-02-16_label_B2-0-0__6.npy,B2-0-0
v=CLFYvG6MsZU__#00-00-00_00-02-16_label_B2-0-0__7.npy,B2-0-0
v=CLFYvG6MsZU__#00-00-00_00-02-16_label_B2-0-0__8.npy,B2-0-0
v=CLFYvG6MsZU__#00-00-00_00-02-16_label_B2-0-0__9.npy,B2-0-0
wangted.2008__#0-03-56_0-04-25_label_B2-0-0__0.npy,B2-0-0
wangted.2008__#0-03-56_0-04-25_label_B2-0-0__1.npy,B2-0-0
wangted.2008__#0-03-56_0-04-25_label_B2-0-0__2.npy,B2-0-0
wangted.2008__#0-03-56_0-04-25_label_B2-0-0__3.npy,B2-0-0
wangted.2008__#0-03-56_0-04-25_label_B2-0-0__4.npy,B2-0-0
wangted.2008__#0-03-56_0-04-25_label_B2-0-0__5.npy,B2-0-0
wangted.2008__#0-03-56_0-04-25_label_B2-0-0__6.npy,B2-0-0
wangted.2008__#0-03-56_0-04-25_label_B2-0-0__7.npy,B2-0-0
wangted.2008__#0-03-56_0-04-25_label_B2-0-0__8.npy,B2-0-0
wangted.2008__#0-03-56_0-04-25_label_B2-0-0__9.npy,B2-0-0
wangted.2008__#0-04-55_0-05-58_label_B2-0-0__0.npy,B2-0-0
wangted.2008__#0-04-55_0-05-58_label_B2-0-0__1.npy,B2-0-0
wangted.2008__#0-04-55_0-05-58_label_B2-0-0__2.npy,B2-0-0
wangted.2008__#0-04-55_0-05-58_label_B2-0-0__3.npy,B2-0-0
wangted.2008__#0-04-55_0-05-58_label_B2-0-0__4.npy,B2-0-0
wangted.2008__#0-04-55_0-05-58_label_B2-0-0__5.npy,B2-0-0
wangted.2008__#0-04-55_0-05-58_label_B2-0-0__6.npy,B2-0-0
wangted.2008__#0-04-55_0-05-58_label_B2-0-0__7.npy,B2-0-0
wangted.2008__#0-04-55_0-05-58_label_B2-0-0__8.npy,B2-0-0
wangted.2008__#0-04-55_0-05-58_label_B2-0-0__9.npy,B2-0-0
wangted.2008__#0-39-22_0-39-34_label_B2-0-0__0.npy,B2-0-0
wangted.2008__#0-39-22_0-39-34_label_B2-0-0__1.npy,B2-0-0
wangted.2008__#0-39-22_0-39-34_label_B2-0-0__2.npy,B2-0-0
wangted.2008__#0-39-22_0-39-34_label_B2-0-0__3.npy,B2-0-0
wangted.2008__#0-39-22_0-39-34_label_B2-0-0__4.npy,B2-0-0
wangted.2008__#0-39-22_0-39-34_label_B2-0-0__5.npy,B2-0-0
wangted.2008__#0-39-22_0-39-34_label_B2-0-0__6.npy,B2-0-0
wangted.2008__#0-39-22_0-39-34_label_B2-0-0__7.npy,B2-0-0
wangted.2008__#0-39-22_0-39-34_label_B2-0-0__8.npy,B2-0-0
wangted.2008__#0-39-22_0-39-34_label_B2-0-0__9.npy,B2-0-0
wangted.2008__#01-02-12_01-02-32_label_B2-0-0__0.npy,B2-0-0
wangted.2008__#01-02-12_01-02-32_label_B2-0-0__1.npy,B2-0-0
wangted.2008__#01-02-12_01-02-32_label_B2-0-0__2.npy,B2-0-0
wangted.2008__#01-02-12_01-02-32_label_B2-0-0__3.npy,B2-0-0
wangted.2008__#01-02-12_01-02-32_label_B2-0-0__4.npy,B2-0-0
wangted.2008__#01-02-12_01-02-32_label_B2-0-0__5.npy,B2-0-0
wangted.2008__#01-02-12_01-02-32_label_B2-0-0__6.npy,B2-0-0
wangted.2008__#01-02-12_01-02-32_label_B2-0-0__7.npy,B2-0-0
wangted.2008__#01-02-12_01-02-32_label_B2-0-0__8.npy,B2-0-0
wangted.2008__#01-02-12_01-02-32_label_B2-0-0__9.npy,B2-0-0
wangted.2008__#01-04-32_01-06-49_label_B2-0-0__0.npy,B2-0-0
wangted.2008__#01-04-32_01-06-49_label_B2-0-0__1.npy,B2-0-0
wangted.2008__#01-04-32_01-06-49_label_B2-0-0__2.npy,B2-0-0
wangted.2008__#01-04-32_01-06-49_label_B2-0-0__3.npy,B2-0-0
wangted.2008__#01-04-32_01-06-49_label_B2-0-0__4.npy,B2-0-0
wangted.2008__#01-04-32_01-06-49_label_B2-0-0__5.npy,B2-0-0
wangted.2008__#01-04-32_01-06-49_label_B2-0-0__6.npy,B2-0-0
wangted.2008__#01-04-32_01-06-49_label_B2-0-0__7.npy,B2-0-0
wangted.2008__#01-04-32_01-06-49_label_B2-0-0__8.npy,B2-0-0
wangted.2008__#01-04-32_01-06-49_label_B2-0-0__9.npy,B2-0-0
Fast.Five.2011__#01-32-48_01-33-22_label_B2-G-B6__0.npy,B2-G-B6
Fast.Five.2011__#01-32-48_01-33-22_label_B2-G-B6__1.npy,B2-G-B6
Fast.Five.2011__#01-32-48_01-33-22_label_B2-G-B6__2.npy,B2-G-B6
Fast.Five.2011__#01-32-48_01-33-22_label_B2-G-B6__3.npy,B2-G-B6
Fast.Five.2011__#01-32-48_01-33-22_label_B2-G-B6__4.npy,B2-G-B6
Fast.Five.2011__#01-32-48_01-33-22_label_B2-G-B6__5.npy,B2-G-B6
Fast.Five.2011__#01-32-48_01-33-22_label_B2-G-B6__6.npy,B2-G-B6
Fast.Five.2011__#01-32-48_01-33-22_label_B2-G-B6__7.npy,B2-G-B6
Fast.Five.2011__#01-32-48_01-33-22_label_B2-G-B6__8.npy,B2-G-B6
Fast.Five.2011__#01-32-48_01-33-22_label_B2-G-B6__9.npy,B2-G-B6
Casino.Royale.2006__#02-10-15_02-14-15_label_B2-B1-0__0.npy,B2-B1-0
Casino.Royale.2006__#02-10-15_02-14-15_label_B2-B1-0__1.npy,B2-B1-0
Casino.Royale.2006__#02-10-15_02-14-15_label_B2-B1-0__2.npy,B2-B1-0
Casino.Royale.2006__#02-10-15_02-14-15_label_B2-B1-0__3.npy,B2-B1-0
Casino.Royale.2006__#02-10-15_02-14-15_label_B2-B1-0__4.npy,B2-B1-0
Casino.Royale.2006__#02-10-15_02-14-15_label_B2-B1-0__5.npy,B2-B1-0
Casino.Royale.2006__#02-10-15_02-14-15_label_B2-B1-0__6.npy,B2-B1-0
Casino.Royale.2006__#02-10-15_02-14-15_label_B2-B1-0__7.npy,B2-B1-0
Casino.Royale.2006__#02-10-15_02-14-15_label_B2-B1-0__8.npy,B2-B1-0
Casino.Royale.2006__#02-10-15_02-14-15_label_B2-B1-0__9.npy,B2-B1-0
Bullet.in.the.Head.1990__#02-05-23_02-06-45_label_G-B2-0__0.npy,G-B2-0
Bullet.in.the.Head.1990__#02-05-23_02-06-45_label_G-B2-0__1.npy,G-B2-0
Bullet.in.the.Head.1990__#02-05-23_02-06-45_label_G-B2-0__2.npy,G-B2-0
Bullet.in.the.Head.1990__#02-05-23_02-06-45_label_G-B2-0__3.npy,G-B2-0
Bullet.in.the.Head.1990__#02-05-23_02-06-45_label_G-B2-0__4.npy,G-B2-0
Bullet.in.the.Head.1990__#02-05-23_02-06-45_label_G-B2-0__5.npy,G-B2-0
Bullet.in.the.Head.1990__#02-05-23_02-06-45_label_G-B2-0__6.npy,G-B2-0
Bullet.in.the.Head.1990__#02-05-23_02-06-45_label_G-B2-0__7.npy,G-B2-0
Bullet.in.the.Head.1990__#02-05-23_02-06-45_label_G-B2-0__8.npy,G-B2-0
Bullet.in.the.Head.1990__#02-05-23_02-06-45_label_G-B2-0__9.npy,G-B2-0
GoldenEye.1995__#01-21-56_01-23-18_label_G-B2-B6__0.npy,G-B2-B6
GoldenEye.1995__#01-21-56_01-23-18_label_G-B2-B6__1.npy,G-B2-B6
GoldenEye.1995__#01-21-56_01-23-18_label_G-B2-B6__2.npy,G-B2-B6
GoldenEye.1995__#01-21-56_01-23-18_label_G-B2-B6__3.npy,G-B2-B6
GoldenEye.1995__#01-21-56_01-23-18_label_G-B2-B6__4.npy,G-B2-B6
GoldenEye.1995__#01-21-56_01-23-18_label_G-B2-B6__5.npy,G-B2-B6
GoldenEye.1995__#01-21-56_01-23-18_label_G-B2-B6__6.npy,G-B2-B6
GoldenEye.1995__#01-21-56_01-23-18_label_G-B2-B6__7.npy,G-B2-B6
GoldenEye.1995__#01-21-56_01-23-18_label_G-B2-B6__8.npy,G-B2-B6
GoldenEye.1995__#01-21-56_01-23-18_label_G-B2-B6__9.npy,G-B2-B6
Mission.Impossible.II.2000__#01-24-40_01-25-08_label_G-B2-0__0.npy,G-B2-0
Mission.Impossible.II.2000__#01-24-40_01-25-08_label_G-B2-0__1.npy,G-B2-0
Mission.Impossible.II.2000__#01-24-40_01-25-08_label_G-B2-0__2.npy,G-B2-0
Mission.Impossible.II.2000__#01-24-40_01-25-08_label_G-B2-0__3.npy,G-B2-0
Mission.Impossible.II.2000__#01-24-40_01-25-08_label_G-B2-0__4.npy,G-B2-0
Mission.Impossible.II.2000__#01-24-40_01-25-08_label_G-B2-0__5.npy,G-B2-0
Mission.Impossible.II.2000__#01-24-40_01-25-08_label_G-B2-0__6.npy,G-B2-0
Mission.Impossible.II.2000__#01-24-40_01-25-08_label_G-B2-0__7.npy,G-B2-0
Mission.Impossible.II.2000__#01-24-40_01-25-08_label_G-B2-0__8.npy,G-B2-0
Mission.Impossible.II.2000__#01-24-40_01-25-08_label_G-B2-0__9.npy,G-B2-0
Mission.Impossible.II.2000__#01-33-57_01-34-19_label_G-B2-0__0.npy,G-B2-0
Mission.Impossible.II.2000__#01-33-57_01-34-19_label_G-B2-0__1.npy,G-B2-0
Mission.Impossible.II.2000__#01-33-57_01-34-19_label_G-B2-0__2.npy,G-B2-0
Mission.Impossible.II.2000__#01-33-57_01-34-19_label_G-B2-0__3.npy,G-B2-0
Mission.Impossible.II.2000__#01-33-57_01-34-19_label_G-B2-0__4.npy,G-B2-0
Mission.Impossible.II.2000__#01-33-57_01-34-19_label_G-B2-0__5.npy,G-B2-0
Mission.Impossible.II.2000__#01-33-57_01-34-19_label_G-B2-0__6.npy,G-B2-0
Mission.Impossible.II.2000__#01-33-57_01-34-19_label_G-B2-0__7.npy,G-B2-0
Mission.Impossible.II.2000__#01-33-57_01-34-19_label_G-B2-0__8.npy,G-B2-0
Mission.Impossible.II.2000__#01-33-57_01-34-19_label_G-B2-0__9.npy,G-B2-0
Mission.Impossible.III.2006__#01-07-35_01-07-55_label_B2-G-0__0.npy,B2-G-0
Mission.Impossible.III.2006__#01-07-35_01-07-55_label_B2-G-0__1.npy,B2-G-0
Mission.Impossible.III.2006__#01-07-35_01-07-55_label_B2-G-0__2.npy,B2-G-0
Mission.Impossible.III.2006__#01-07-35_01-07-55_label_B2-G-0__3.npy,B2-G-0
Mission.Impossible.III.2006__#01-07-35_01-07-55_label_B2-G-0__4.npy,B2-G-0
Mission.Impossible.III.2006__#01-07-35_01-07-55_label_B2-G-0__5.npy,B2-G-0
Mission.Impossible.III.2006__#01-07-35_01-07-55_label_B2-G-0__6.npy,B2-G-0
Mission.Impossible.III.2006__#01-07-35_01-07-55_label_B2-G-0__7.npy,B2-G-0
Mission.Impossible.III.2006__#01-07-35_01-07-55_label_B2-G-0__8.npy,B2-G-0
Mission.Impossible.III.2006__#01-07-35_01-07-55_label_B2-G-0__9.npy,B2-G-0
Brick.Mansions.2014__#00-03-40_00-03-55_label_B1-B2-0__0.npy,B1-B2-0
Brick.Mansions.2014__#00-03-40_00-03-55_label_B1-B2-0__1.npy,B1-B2-0
Brick.Mansions.2014__#00-03-40_00-03-55_label_B1-B2-0__2.npy,B1-B2-0
Brick.Mansions.2014__#00-03-40_00-03-55_label_B1-B2-0__3.npy,B1-B2-0
Brick.Mansions.2014__#00-03-40_00-03-55_label_B1-B2-0__4.npy,B1-B2-0
Brick.Mansions.2014__#00-03-40_00-03-55_label_B1-B2-0__5.npy,B1-B2-0
Brick.Mansions.2014__#00-03-40_00-03-55_label_B1-B2-0__6.npy,B1-B2-0
Brick.Mansions.2014__#00-03-40_00-03-55_label_B1-B2-0__7.npy,B1-B2-0
Brick.Mansions.2014__#00-03-40_00-03-55_label_B1-B2-0__8.npy,B1-B2-0
Brick.Mansions.2014__#00-03-40_00-03-55_label_B1-B2-0__9.npy,B1-B2-0
Deadpool.2016__#01-01-24_01-01-39_label_B2-B1-0__0.npy,B2-B1-0
Deadpool.2016__#01-01-24_01-01-39_label_B2-B1-0__1.npy,B2-B1-0
Deadpool.2016__#01-01-24_01-01-39_label_B2-B1-0__2.npy,B2-B1-0
Deadpool.2016__#01-01-24_01-01-39_label_B2-B1-0__3.npy,B2-B1-0
Deadpool.2016__#01-01-24_01-01-39_label_B2-B1-0__4.npy,B2-B1-0
Deadpool.2016__#01-01-24_01-01-39_label_B2-B1-0__5.npy,B2-B1-0
Deadpool.2016__#01-01-24_01-01-39_label_B2-B1-0__6.npy,B2-B1-0
Deadpool.2016__#01-01-24_01-01-39_label_B2-B1-0__7.npy,B2-B1-0
Deadpool.2016__#01-01-24_01-01-39_label_B2-B1-0__8.npy,B2-B1-0
Deadpool.2016__#01-01-24_01-01-39_label_B2-B1-0__9.npy,B2-B1-0
Mission.Impossible.V.Rogue.Nation.2015__#01-55-51_01-57-18_label_B1-B2-0__0.npy,B1-B2-0
Mission.Impossible.V.Rogue.Nation.2015__#01-55-51_01-57-18_label_B1-B2-0__1.npy,B1-B2-0
Mission.Impossible.V.Rogue.Nation.2015__#01-55-51_01-57-18_label_B1-B2-0__2.npy,B1-B2-0
Mission.Impossible.V.Rogue.Nation.2015__#01-55-51_01-57-18_label_B1-B2-0__3.npy,B1-B2-0
Mission.Impossible.V.Rogue.Nation.2015__#01-55-51_01-57-18_label_B1-B2-0__4.npy,B1-B2-0
Mission.Impossible.V.Rogue.Nation.2015__#01-55-51_01-57-18_label_B1-B2-0__5.npy,B1-B2-0
Mission.Impossible.V.Rogue.Nation.2015__#01-55-51_01-57-18_label_B1-B2-0__6.npy,B1-B2-0
Mission.Impossible.V.Rogue.Nation.2015__#01-55-51_01-57-18_label_B1-B2-0__7.npy,B1-B2-0
Mission.Impossible.V.Rogue.Nation.2015__#01-55-51_01-57-18_label_B1-B2-0__8.npy,B1-B2-0
Mission.Impossible.V.Rogue.Nation.2015__#01-55-51_01-57-18_label_B1-B2-0__9.npy,B1-B2-0
Bad.Boys.II.2003__#02-15-48_02-18-12_label_B2-G-0__0.npy,B2-G-0
Bad.Boys.II.2003__#02-15-48_02-18-12_label_B2-G-0__1.npy,B2-G-0
Bad.Boys.II.2003__#02-15-48_02-18-12_label_B2-G-0__2.npy,B2-G-0
Bad.Boys.II.2003__#02-15-48_02-18-12_label_B2-G-0__3.npy,B2-G-0
Bad.Boys.II.2003__#02-15-48_02-18-12_label_B2-G-0__4.npy,B2-G-0
Bad.Boys.II.2003__#02-15-48_02-18-12_label_B2-G-0__5.npy,B2-G-0
Bad.Boys.II.2003__#02-15-48_02-18-12_label_B2-G-0__6.npy,B2-G-0
Bad.Boys.II.2003__#02-15-48_02-18-12_label_B2-G-0__7.npy,B2-G-0
Bad.Boys.II.2003__#02-15-48_02-18-12_label_B2-G-0__8.npy,B2-G-0
Bad.Boys.II.2003__#02-15-48_02-18-12_label_B2-G-0__9.npy,B2-G-0
Mission.Impossible.III.2006__#01-47-33_01-49-14_label_B1-B2-0__0.npy,B1-B2-0
Mission.Impossible.III.2006__#01-47-33_01-49-14_label_B1-B2-0__1.npy,B1-B2-0
Mission.Impossible.III.2006__#01-47-33_01-49-14_label_B1-B2-0__2.npy,B1-B2-0
Mission.Impossible.III.2006__#01-47-33_01-49-14_label_B1-B2-0__3.npy,B1-B2-0
Mission.Impossible.III.2006__#01-47-33_01-49-14_label_B1-B2-0__4.npy,B1-B2-0
Mission.Impossible.III.2006__#01-47-33_01-49-14_label_B1-B2-0__5.npy,B1-B2-0
Mission.Impossible.III.2006__#01-47-33_01-49-14_label_B1-B2-0__6.npy,B1-B2-0
Mission.Impossible.III.2006__#01-47-33_01-49-14_label_B1-B2-0__7.npy,B1-B2-0
Mission.Impossible.III.2006__#01-47-33_01-49-14_label_B1-B2-0__8.npy,B1-B2-0
Mission.Impossible.III.2006__#01-47-33_01-49-14_label_B1-B2-0__9.npy,B1-B2-0
Bullet.in.the.Head.1990__#00-26-20_00-28-45_label_G-B2-0__0.npy,G-B2-0
Bullet.in.the.Head.1990__#00-26-20_00-28-45_label_G-B2-0__1.npy,G-B2-0
Bullet.in.the.Head.1990__#00-26-20_00-28-45_label_G-B2-0__2.npy,G-B2-0
Bullet.in.the.Head.1990__#00-26-20_00-28-45_label_G-B2-0__3.npy,G-B2-0
Bullet.in.the.Head.1990__#00-26-20_00-28-45_label_G-B2-0__4.npy,G-B2-0
Bullet.in.the.Head.1990__#00-26-20_00-28-45_label_G-B2-0__5.npy,G-B2-0
Bullet.in.the.Head.1990__#00-26-20_00-28-45_label_G-B2-0__6.npy,G-B2-0
Bullet.in.the.Head.1990__#00-26-20_00-28-45_label_G-B2-0__7.npy,G-B2-0
Bullet.in.the.Head.1990__#00-26-20_00-28-45_label_G-B2-0__8.npy,G-B2-0
Bullet.in.the.Head.1990__#00-26-20_00-28-45_label_G-B2-0__9.npy,G-B2-0
Jason.Bourne.2016__#0-26-58_0-27-20_label_B2-B6-B1__0.npy,B2-B6-B1
Jason.Bourne.2016__#0-26-58_0-27-20_label_B2-B6-B1__1.npy,B2-B6-B1
Jason.Bourne.2016__#0-26-58_0-27-20_label_B2-B6-B1__2.npy,B2-B6-B1
Jason.Bourne.2016__#0-26-58_0-27-20_label_B2-B6-B1__3.npy,B2-B6-B1
Jason.Bourne.2016__#0-26-58_0-27-20_label_B2-B6-B1__4.npy,B2-B6-B1
Jason.Bourne.2016__#0-26-58_0-27-20_label_B2-B6-B1__5.npy,B2-B6-B1
Jason.Bourne.2016__#0-26-58_0-27-20_label_B2-B6-B1__6.npy,B2-B6-B1
Jason.Bourne.2016__#0-26-58_0-27-20_label_B2-B6-B1__7.npy,B2-B6-B1
Jason.Bourne.2016__#0-26-58_0-27-20_label_B2-B6-B1__8.npy,B2-B6-B1
Jason.Bourne.2016__#0-26-58_0-27-20_label_B2-B6-B1__9.npy,B2-B6-B1
Casino.Royale.2006__#00-16-55_00-18-30_label_B1-B2-0__0.npy,B1-B2-0
Casino.Royale.2006__#00-16-55_00-18-30_label_B1-B2-0__1.npy,B1-B2-0
Casino.Royale.2006__#00-16-55_00-18-30_label_B1-B2-0__2.npy,B1-B2-0
Casino.Royale.2006__#00-16-55_00-18-30_label_B1-B2-0__3.npy,B1-B2-0
Casino.Royale.2006__#00-16-55_00-18-30_label_B1-B2-0__4.npy,B1-B2-0
Casino.Royale.2006__#00-16-55_00-18-30_label_B1-B2-0__5.npy,B1-B2-0
Casino.Royale.2006__#00-16-55_00-18-30_label_B1-B2-0__6.npy,B1-B2-0
Casino.Royale.2006__#00-16-55_00-18-30_label_B1-B2-0__7.npy,B1-B2-0
Casino.Royale.2006__#00-16-55_00-18-30_label_B1-B2-0__8.npy,B1-B2-0
Casino.Royale.2006__#00-16-55_00-18-30_label_B1-B2-0__9.npy,B1-B2-0
City.of.God.2002__#01-54-15_01-56-20_label_B2-B6-0__0.npy,B2-B6-0
City.of.God.2002__#01-54-15_01-56-20_label_B2-B6-0__1.npy,B2-B6-0
City.of.God.2002__#01-54-15_01-56-20_label_B2-B6-0__2.npy,B2-B6-0
City.of.God.2002__#01-54-15_01-56-20_label_B2-B6-0__3.npy,B2-B6-0
City.of.God.2002__#01-54-15_01-56-20_label_B2-B6-0__4.npy,B2-B6-0
City.of.God.2002__#01-54-15_01-56-20_label_B2-B6-0__5.npy,B2-B6-0
City.of.God.2002__#01-54-15_01-56-20_label_B2-B6-0__6.npy,B2-B6-0
City.of.God.2002__#01-54-15_01-56-20_label_B2-B6-0__7.npy,B2-B6-0
City.of.God.2002__#01-54-15_01-56-20_label_B2-B6-0__8.npy,B2-B6-0
City.of.God.2002__#01-54-15_01-56-20_label_B2-B6-0__9.npy,B2-B6-0
Kingsman.The.Golden.Circle.2017__#02-06-23_02-08-23_label_B1-B2-0__0.npy,B1-B2-0
Kingsman.The.Golden.Circle.2017__#02-06-23_02-08-23_label_B1-B2-0__1.npy,B1-B2-0
Kingsman.The.Golden.Circle.2017__#02-06-23_02-08-23_label_B1-B2-0__2.npy,B1-B2-0
Kingsman.The.Golden.Circle.2017__#02-06-23_02-08-23_label_B1-B2-0__3.npy,B1-B2-0
Kingsman.The.Golden.Circle.2017__#02-06-23_02-08-23_label_B1-B2-0__4.npy,B1-B2-0
Kingsman.The.Golden.Circle.2017__#02-06-23_02-08-23_label_B1-B2-0__5.npy,B1-B2-0
Kingsman.The.Golden.Circle.2017__#02-06-23_02-08-23_label_B1-B2-0__6.npy,B1-B2-0
Kingsman.The.Golden.Circle.2017__#02-06-23_02-08-23_label_B1-B2-0__7.npy,B1-B2-0
Kingsman.The.Golden.Circle.2017__#02-06-23_02-08-23_label_B1-B2-0__8.npy,B1-B2-0
Kingsman.The.Golden.Circle.2017__#02-06-23_02-08-23_label_B1-B2-0__9.npy,B1-B2-0
City.of.God.2002__#00-19-34_00-20-05_label_B2-B5-0__0.npy,B2-B5-0
City.of.God.2002__#00-19-34_00-20-05_label_B2-B5-0__1.npy,B2-B5-0
City.of.God.2002__#00-19-34_00-20-05_label_B2-B5-0__2.npy,B2-B5-0
City.of.God.2002__#00-19-34_00-20-05_label_B2-B5-0__3.npy,B2-B5-0
City.of.God.2002__#00-19-34_00-20-05_label_B2-B5-0__4.npy,B2-B5-0
City.of.God.2002__#00-19-34_00-20-05_label_B2-B5-0__5.npy,B2-B5-0
City.of.God.2002__#00-19-34_00-20-05_label_B2-B5-0__6.npy,B2-B5-0
City.of.God.2002__#00-19-34_00-20-05_label_B2-B5-0__7.npy,B2-B5-0
City.of.God.2002__#00-19-34_00-20-05_label_B2-B5-0__8.npy,B2-B5-0
City.of.God.2002__#00-19-34_00-20-05_label_B2-B5-0__9.npy,B2-B5-0
Haywire.2011__#01-11-54_01-15-57_label_B1-B2-0__0.npy,B1-B2-0
Haywire.2011__#01-11-54_01-15-57_label_B1-B2-0__1.npy,B1-B2-0
Haywire.2011__#01-11-54_01-15-57_label_B1-B2-0__2.npy,B1-B2-0
Haywire.2011__#01-11-54_01-15-57_label_B1-B2-0__3.npy,B1-B2-0
Haywire.2011__#01-11-54_01-15-57_label_B1-B2-0__4.npy,B1-B2-0
Haywire.2011__#01-11-54_01-15-57_label_B1-B2-0__5.npy,B1-B2-0
Haywire.2011__#01-11-54_01-15-57_label_B1-B2-0__6.npy,B1-B2-0
Haywire.2011__#01-11-54_01-15-57_label_B1-B2-0__7.npy,B1-B2-0
Haywire.2011__#01-11-54_01-15-57_label_B1-B2-0__8.npy,B1-B2-0
Haywire.2011__#01-11-54_01-15-57_label_B1-B2-0__9.npy,B1-B2-0
Casino.Royale.2006__#01-19-46_01-21-46_label_B1-B2-0__0.npy,B1-B2-0
Casino.Royale.2006__#01-19-46_01-21-46_label_B1-B2-0__1.npy,B1-B2-0
Casino.Royale.2006__#01-19-46_01-21-46_label_B1-B2-0__2.npy,B1-B2-0
Casino.Royale.2006__#01-19-46_01-21-46_label_B1-B2-0__3.npy,B1-B2-0
Casino.Royale.2006__#01-19-46_01-21-46_label_B1-B2-0__4.npy,B1-B2-0
Casino.Royale.2006__#01-19-46_01-21-46_label_B1-B2-0__5.npy,B1-B2-0
Casino.Royale.2006__#01-19-46_01-21-46_label_B1-B2-0__6.npy,B1-B2-0
Casino.Royale.2006__#01-19-46_01-21-46_label_B1-B2-0__7.npy,B1-B2-0
Casino.Royale.2006__#01-19-46_01-21-46_label_B1-B2-0__8.npy,B1-B2-0
Casino.Royale.2006__#01-19-46_01-21-46_label_B1-B2-0__9.npy,B1-B2-0
Bullet.in.the.Head.1990__#00-45-00_00-46-20_label_B2-B1-0__0.npy,B2-B1-0
Bullet.in.the.Head.1990__#00-45-00_00-46-20_label_B2-B1-0__1.npy,B2-B1-0
Bullet.in.the.Head.1990__#00-45-00_00-46-20_label_B2-B1-0__2.npy,B2-B1-0
Bullet.in.the.Head.1990__#00-45-00_00-46-20_label_B2-B1-0__3.npy,B2-B1-0
Bullet.in.the.Head.1990__#00-45-00_00-46-20_label_B2-B1-0__4.npy,B2-B1-0
Bullet.in.the.Head.1990__#00-45-00_00-46-20_label_B2-B1-0__5.npy,B2-B1-0
Bullet.in.the.Head.1990__#00-45-00_00-46-20_label_B2-B1-0__6.npy,B2-B1-0
Bullet.in.the.Head.1990__#00-45-00_00-46-20_label_B2-B1-0__7.npy,B2-B1-0
Bullet.in.the.Head.1990__#00-45-00_00-46-20_label_B2-B1-0__8.npy,B2-B1-0
Bullet.in.the.Head.1990__#00-45-00_00-46-20_label_B2-B1-0__9.npy,B2-B1-0
Mission.Impossible.Ghost.Protocol.2011__#01-14-53_01-15-29_label_B1-B2-0__0.npy,B1-B2-0
Mission.Impossible.Ghost.Protocol.2011__#01-14-53_01-15-29_label_B1-B2-0__1.npy,B1-B2-0
Mission.Impossible.Ghost.Protocol.2011__#01-14-53_01-15-29_label_B1-B2-0__2.npy,B1-B2-0
Mission.Impossible.Ghost.Protocol.2011__#01-14-53_01-15-29_label_B1-B2-0__3.npy,B1-B2-0
Mission.Impossible.Ghost.Protocol.2011__#01-14-53_01-15-29_label_B1-B2-0__4.npy,B1-B2-0
Mission.Impossible.Ghost.Protocol.2011__#01-14-53_01-15-29_label_B1-B2-0__5.npy,B1-B2-0
Mission.Impossible.Ghost.Protocol.2011__#01-14-53_01-15-29_label_B1-B2-0__6.npy,B1-B2-0
Mission.Impossible.Ghost.Protocol.2011__#01-14-53_01-15-29_label_B1-B2-0__7.npy,B1-B2-0
Mission.Impossible.Ghost.Protocol.2011__#01-14-53_01-15-29_label_B1-B2-0__8.npy,B1-B2-0
Mission.Impossible.Ghost.Protocol.2011__#01-14-53_01-15-29_label_B1-B2-0__9.npy,B1-B2-0
Bullet.in.the.Head.1990__#01-19-10_01-21-30_label_B2-B5-0__0.npy,B2-B5-0
Bullet.in.the.Head.1990__#01-19-10_01-21-30_label_B2-B5-0__1.npy,B2-B5-0
Bullet.in.the.Head.1990__#01-19-10_01-21-30_label_B2-B5-0__2.npy,B2-B5-0
Bullet.in.the.Head.1990__#01-19-10_01-21-30_label_B2-B5-0__3.npy,B2-B5-0
Bullet.in.the.Head.1990__#01-19-10_01-21-30_label_B2-B5-0__4.npy,B2-B5-0
Bullet.in.the.Head.1990__#01-19-10_01-21-30_label_B2-B5-0__5.npy,B2-B5-0
Bullet.in.the.Head.1990__#01-19-10_01-21-30_label_B2-B5-0__6.npy,B2-B5-0
Bullet.in.the.Head.1990__#01-19-10_01-21-30_label_B2-B5-0__7.npy,B2-B5-0
Bullet.in.the.Head.1990__#01-19-10_01-21-30_label_B2-B5-0__8.npy,B2-B5-0
Bullet.in.the.Head.1990__#01-19-10_01-21-30_label_B2-B5-0__9.npy,B2-B5-0
Fast.Furious.6.2013__#00-21-52_00-23-08_label_G-B2-0__0.npy,G-B2-0
Fast.Furious.6.2013__#00-21-52_00-23-08_label_G-B2-0__1.npy,G-B2-0
Fast.Furious.6.2013__#00-21-52_00-23-08_label_G-B2-0__2.npy,G-B2-0
Fast.Furious.6.2013__#00-21-52_00-23-08_label_G-B2-0__3.npy,G-B2-0
Fast.Furious.6.2013__#00-21-52_00-23-08_label_G-B2-0__4.npy,G-B2-0
Fast.Furious.6.2013__#00-21-52_00-23-08_label_G-B2-0__5.npy,G-B2-0
Fast.Furious.6.2013__#00-21-52_00-23-08_label_G-B2-0__6.npy,G-B2-0
Fast.Furious.6.2013__#00-21-52_00-23-08_label_G-B2-0__7.npy,G-B2-0
Fast.Furious.6.2013__#00-21-52_00-23-08_label_G-B2-0__8.npy,G-B2-0
Fast.Furious.6.2013__#00-21-52_00-23-08_label_G-B2-0__9.npy,G-B2-0
City.Of.Men.2007__#01-30-15_01-31-37_label_B2-B6-0__0.npy,B2-B6-0
City.Of.Men.2007__#01-30-15_01-31-37_label_B2-B6-0__1.npy,B2-B6-0
City.Of.Men.2007__#01-30-15_01-31-37_label_B2-B6-0__2.npy,B2-B6-0
City.Of.Men.2007__#01-30-15_01-31-37_label_B2-B6-0__3.npy,B2-B6-0
City.Of.Men.2007__#01-30-15_01-31-37_label_B2-B6-0__4.npy,B2-B6-0
City.Of.Men.2007__#01-30-15_01-31-37_label_B2-B6-0__5.npy,B2-B6-0
City.Of.Men.2007__#01-30-15_01-31-37_label_B2-B6-0__6.npy,B2-B6-0
City.Of.Men.2007__#01-30-15_01-31-37_label_B2-B6-0__7.npy,B2-B6-0
City.Of.Men.2007__#01-30-15_01-31-37_label_B2-B6-0__8.npy,B2-B6-0
City.Of.Men.2007__#01-30-15_01-31-37_label_B2-B6-0__9.npy,B2-B6-0
Bullet.in.the.Head.1990__#01-28-30_01-33-00_label_B2-G-0__0.npy,B2-G-0
Bullet.in.the.Head.1990__#01-28-30_01-33-00_label_B2-G-0__1.npy,B2-G-0
Bullet.in.the.Head.1990__#01-28-30_01-33-00_label_B2-G-0__2.npy,B2-G-0
Bullet.in.the.Head.1990__#01-28-30_01-33-00_label_B2-G-0__3.npy,B2-G-0
Bullet.in.the.Head.1990__#01-28-30_01-33-00_label_B2-G-0__4.npy,B2-G-0
Bullet.in.the.Head.1990__#01-28-30_01-33-00_label_B2-G-0__5.npy,B2-G-0
Bullet.in.the.Head.1990__#01-28-30_01-33-00_label_B2-G-0__6.npy,B2-G-0
Bullet.in.the.Head.1990__#01-28-30_01-33-00_label_B2-G-0__7.npy,B2-G-0
Bullet.in.the.Head.1990__#01-28-30_01-33-00_label_B2-G-0__8.npy,B2-G-0
Bullet.in.the.Head.1990__#01-28-30_01-33-00_label_B2-G-0__9.npy,B2-G-0
Kingsman.The.Golden.Circle.2017__#01-52-11_01-55-03_label_B1-B2-G__0.npy,B1-B2-G
Kingsman.The.Golden.Circle.2017__#01-52-11_01-55-03_label_B1-B2-G__1.npy,B1-B2-G
Kingsman.The.Golden.Circle.2017__#01-52-11_01-55-03_label_B1-B2-G__2.npy,B1-B2-G
Kingsman.The.Golden.Circle.2017__#01-52-11_01-55-03_label_B1-B2-G__3.npy,B1-B2-G
Kingsman.The.Golden.Circle.2017__#01-52-11_01-55-03_label_B1-B2-G__4.npy,B1-B2-G
Kingsman.The.Golden.Circle.2017__#01-52-11_01-55-03_label_B1-B2-G__5.npy,B1-B2-G
Kingsman.The.Golden.Circle.2017__#01-52-11_01-55-03_label_B1-B2-G__6.npy,B1-B2-G
Kingsman.The.Golden.Circle.2017__#01-52-11_01-55-03_label_B1-B2-G__7.npy,B1-B2-G
Kingsman.The.Golden.Circle.2017__#01-52-11_01-55-03_label_B1-B2-G__8.npy,B1-B2-G
Kingsman.The.Golden.Circle.2017__#01-52-11_01-55-03_label_B1-B2-G__9.npy,B1-B2-G
Kingsman.The.Secret.Service.2014__#00-05-55_00-06-46_label_B1-B2-0__0.npy,B1-B2-0
Kingsman.The.Secret.Service.2014__#00-05-55_00-06-46_label_B1-B2-0__1.npy,B1-B2-0
Kingsman.The.Secret.Service.2014__#00-05-55_00-06-46_label_B1-B2-0__2.npy,B1-B2-0
Kingsman.The.Secret.Service.2014__#00-05-55_00-06-46_label_B1-B2-0__3.npy,B1-B2-0
Kingsman.The.Secret.Service.2014__#00-05-55_00-06-46_label_B1-B2-0__4.npy,B1-B2-0
Kingsman.The.Secret.Service.2014__#00-05-55_00-06-46_label_B1-B2-0__5.npy,B1-B2-0
Kingsman.The.Secret.Service.2014__#00-05-55_00-06-46_label_B1-B2-0__6.npy,B1-B2-0
Kingsman.The.Secret.Service.2014__#00-05-55_00-06-46_label_B1-B2-0__7.npy,B1-B2-0
Kingsman.The.Secret.Service.2014__#00-05-55_00-06-46_label_B1-B2-0__8.npy,B1-B2-0
Kingsman.The.Secret.Service.2014__#00-05-55_00-06-46_label_B1-B2-0__9.npy,B1-B2-0
Bullet.in.the.Head.1990__#00-52-55_00-54-30_label_B1-B2-G__0.npy,B1-B2-G
Bullet.in.the.Head.1990__#00-52-55_00-54-30_label_B1-B2-G__1.npy,B1-B2-G
Bullet.in.the.Head.1990__#00-52-55_00-54-30_label_B1-B2-G__2.npy,B1-B2-G
Bullet.in.the.Head.1990__#00-52-55_00-54-30_label_B1-B2-G__3.npy,B1-B2-G
Bullet.in.the.Head.1990__#00-52-55_00-54-30_label_B1-B2-G__4.npy,B1-B2-G
Bullet.in.the.Head.1990__#00-52-55_00-54-30_label_B1-B2-G__5.npy,B1-B2-G
Bullet.in.the.Head.1990__#00-52-55_00-54-30_label_B1-B2-G__6.npy,B1-B2-G
Bullet.in.the.Head.1990__#00-52-55_00-54-30_label_B1-B2-G__7.npy,B1-B2-G
Bullet.in.the.Head.1990__#00-52-55_00-54-30_label_B1-B2-G__8.npy,B1-B2-G
Bullet.in.the.Head.1990__#00-52-55_00-54-30_label_B1-B2-G__9.npy,B1-B2-G
Mission.Impossible.II.2000__#01-42-10_01-43-06_label_B2-G-0__0.npy,B2-G-0
Mission.Impossible.II.2000__#01-42-10_01-43-06_label_B2-G-0__1.npy,B2-G-0
Mission.Impossible.II.2000__#01-42-10_01-43-06_label_B2-G-0__2.npy,B2-G-0
Mission.Impossible.II.2000__#01-42-10_01-43-06_label_B2-G-0__3.npy,B2-G-0
Mission.Impossible.II.2000__#01-42-10_01-43-06_label_B2-G-0__4.npy,B2-G-0
Mission.Impossible.II.2000__#01-42-10_01-43-06_label_B2-G-0__5.npy,B2-G-0
Mission.Impossible.II.2000__#01-42-10_01-43-06_label_B2-G-0__6.npy,B2-G-0
Mission.Impossible.II.2000__#01-42-10_01-43-06_label_B2-G-0__7.npy,B2-G-0
Mission.Impossible.II.2000__#01-42-10_01-43-06_label_B2-G-0__8.npy,B2-G-0
Mission.Impossible.II.2000__#01-42-10_01-43-06_label_B2-G-0__9.npy,B2-G-0
Mission.Impossible.II.2000__#01-43-26_01-44-26_label_B2-B6-G__0.npy,B2-B6-G
Mission.Impossible.II.2000__#01-43-26_01-44-26_label_B2-B6-G__1.npy,B2-B6-G
Mission.Impossible.II.2000__#01-43-26_01-44-26_label_B2-B6-G__2.npy,B2-B6-G
Mission.Impossible.II.2000__#01-43-26_01-44-26_label_B2-B6-G__3.npy,B2-B6-G
Mission.Impossible.II.2000__#01-43-26_01-44-26_label_B2-B6-G__4.npy,B2-B6-G
Mission.Impossible.II.2000__#01-43-26_01-44-26_label_B2-B6-G__5.npy,B2-B6-G
Mission.Impossible.II.2000__#01-43-26_01-44-26_label_B2-B6-G__6.npy,B2-B6-G
Mission.Impossible.II.2000__#01-43-26_01-44-26_label_B2-B6-G__7.npy,B2-B6-G
Mission.Impossible.II.2000__#01-43-26_01-44-26_label_B2-B6-G__8.npy,B2-B6-G
Mission.Impossible.II.2000__#01-43-26_01-44-26_label_B2-B6-G__9.npy,B2-B6-G
Love.Death.and.Robots.S01E13__#0-07-49_0-11-46_label_B2-G-0__0.npy,B2-G-0
Love.Death.and.Robots.S01E13__#0-07-49_0-11-46_label_B2-G-0__1.npy,B2-G-0
Love.Death.and.Robots.S01E13__#0-07-49_0-11-46_label_B2-G-0__2.npy,B2-G-0
Love.Death.and.Robots.S01E13__#0-07-49_0-11-46_label_B2-G-0__3.npy,B2-G-0
Love.Death.and.Robots.S01E13__#0-07-49_0-11-46_label_B2-G-0__4.npy,B2-G-0
Love.Death.and.Robots.S01E13__#0-07-49_0-11-46_label_B2-G-0__5.npy,B2-G-0
Love.Death.and.Robots.S01E13__#0-07-49_0-11-46_label_B2-G-0__6.npy,B2-G-0
Love.Death.and.Robots.S01E13__#0-07-49_0-11-46_label_B2-G-0__7.npy,B2-G-0
Love.Death.and.Robots.S01E13__#0-07-49_0-11-46_label_B2-G-0__8.npy,B2-G-0
Love.Death.and.Robots.S01E13__#0-07-49_0-11-46_label_B2-G-0__9.npy,B2-G-0
Bullet.in.the.Head.1990__#01-01-11_01-04-01_label_G-B2-0__0.npy,G-B2-0
Bullet.in.the.Head.1990__#01-01-11_01-04-01_label_G-B2-0__1.npy,G-B2-0
Bullet.in.the.Head.1990__#01-01-11_01-04-01_label_G-B2-0__2.npy,G-B2-0
Bullet.in.the.Head.1990__#01-01-11_01-04-01_label_G-B2-0__3.npy,G-B2-0
Bullet.in.the.Head.1990__#01-01-11_01-04-01_label_G-B2-0__4.npy,G-B2-0
Bullet.in.the.Head.1990__#01-01-11_01-04-01_label_G-B2-0__5.npy,G-B2-0
Bullet.in.the.Head.1990__#01-01-11_01-04-01_label_G-B2-0__6.npy,G-B2-0
Bullet.in.the.Head.1990__#01-01-11_01-04-01_label_G-B2-0__7.npy,G-B2-0
Bullet.in.the.Head.1990__#01-01-11_01-04-01_label_G-B2-0__8.npy,G-B2-0
Bullet.in.the.Head.1990__#01-01-11_01-04-01_label_G-B2-0__9.npy,G-B2-0
Bullet.in.the.Head.1990__#01-07-01_01-10-00_label_B2-G-0__0.npy,B2-G-0
Bullet.in.the.Head.1990__#01-07-01_01-10-00_label_B2-G-0__1.npy,B2-G-0
Bullet.in.the.Head.1990__#01-07-01_01-10-00_label_B2-G-0__2.npy,B2-G-0
Bullet.in.the.Head.1990__#01-07-01_01-10-00_label_B2-G-0__3.npy,B2-G-0
Bullet.in.the.Head.1990__#01-07-01_01-10-00_label_B2-G-0__4.npy,B2-G-0
Bullet.in.the.Head.1990__#01-07-01_01-10-00_label_B2-G-0__5.npy,B2-G-0
Bullet.in.the.Head.1990__#01-07-01_01-10-00_label_B2-G-0__6.npy,B2-G-0
Bullet.in.the.Head.1990__#01-07-01_01-10-00_label_B2-G-0__7.npy,B2-G-0
Bullet.in.the.Head.1990__#01-07-01_01-10-00_label_B2-G-0__8.npy,B2-G-0
Bullet.in.the.Head.1990__#01-07-01_01-10-00_label_B2-G-0__9.npy,B2-G-0
Desperado.1995__#01-27-37_01-31-55_label_B2-G-0__0.npy,B2-G-0
Desperado.1995__#01-27-37_01-31-55_label_B2-G-0__1.npy,B2-G-0
Desperado.1995__#01-27-37_01-31-55_label_B2-G-0__2.npy,B2-G-0
Desperado.1995__#01-27-37_01-31-55_label_B2-G-0__3.npy,B2-G-0
Desperado.1995__#01-27-37_01-31-55_label_B2-G-0__4.npy,B2-G-0
Desperado.1995__#01-27-37_01-31-55_label_B2-G-0__5.npy,B2-G-0
Desperado.1995__#01-27-37_01-31-55_label_B2-G-0__6.npy,B2-G-0
Desperado.1995__#01-27-37_01-31-55_label_B2-G-0__7.npy,B2-G-0
Desperado.1995__#01-27-37_01-31-55_label_B2-G-0__8.npy,B2-G-0
Desperado.1995__#01-27-37_01-31-55_label_B2-G-0__9.npy,B2-G-0
Fury.2014__#01-48-19_01-56-29_label_B2-G-0__0.npy,B2-G-0
Fury.2014__#01-48-19_01-56-29_label_B2-G-0__1.npy,B2-G-0
Fury.2014__#01-48-19_01-56-29_label_B2-G-0__2.npy,B2-G-0
Fury.2014__#01-48-19_01-56-29_label_B2-G-0__3.npy,B2-G-0
Fury.2014__#01-48-19_01-56-29_label_B2-G-0__4.npy,B2-G-0
Fury.2014__#01-48-19_01-56-29_label_B2-G-0__5.npy,B2-G-0
Fury.2014__#01-48-19_01-56-29_label_B2-G-0__6.npy,B2-G-0
Fury.2014__#01-48-19_01-56-29_label_B2-G-0__7.npy,B2-G-0
Fury.2014__#01-48-19_01-56-29_label_B2-G-0__8.npy,B2-G-0
Fury.2014__#01-48-19_01-56-29_label_B2-G-0__9.npy,B2-G-0
Mission.Impossible.II.2000__#01-40-28_01-41-50_label_B2-G-0__0.npy,B2-G-0
Mission.Impossible.II.2000__#01-40-28_01-41-50_label_B2-G-0__1.npy,B2-G-0
Mission.Impossible.II.2000__#01-40-28_01-41-50_label_B2-G-0__2.npy,B2-G-0
Mission.Impossible.II.2000__#01-40-28_01-41-50_label_B2-G-0__3.npy,B2-G-0
Mission.Impossible.II.2000__#01-40-28_01-41-50_label_B2-G-0__4.npy,B2-G-0
Mission.Impossible.II.2000__#01-40-28_01-41-50_label_B2-G-0__5.npy,B2-G-0
Mission.Impossible.II.2000__#01-40-28_01-41-50_label_B2-G-0__6.npy,B2-G-0
Mission.Impossible.II.2000__#01-40-28_01-41-50_label_B2-G-0__7.npy,B2-G-0
Mission.Impossible.II.2000__#01-40-28_01-41-50_label_B2-G-0__8.npy,B2-G-0
Mission.Impossible.II.2000__#01-40-28_01-41-50_label_B2-G-0__9.npy,B2-G-0
Fast.Furious.2009__#01-35-00_01-35-48_label_B2-B6-B1__0.npy,B2-B6-B1
Fast.Furious.2009__#01-35-00_01-35-48_label_B2-B6-B1__1.npy,B2-B6-B1
Fast.Furious.2009__#01-35-00_01-35-48_label_B2-B6-B1__2.npy,B2-B6-B1
Fast.Furious.2009__#01-35-00_01-35-48_label_B2-B6-B1__3.npy,B2-B6-B1
Fast.Furious.2009__#01-35-00_01-35-48_label_B2-B6-B1__4.npy,B2-B6-B1
Fast.Furious.2009__#01-35-00_01-35-48_label_B2-B6-B1__5.npy,B2-B6-B1
Fast.Furious.2009__#01-35-00_01-35-48_label_B2-B6-B1__6.npy,B2-B6-B1
Fast.Furious.2009__#01-35-00_01-35-48_label_B2-B6-B1__7.npy,B2-B6-B1
Fast.Furious.2009__#01-35-00_01-35-48_label_B2-B6-B1__8.npy,B2-B6-B1
Fast.Furious.2009__#01-35-00_01-35-48_label_B2-B6-B1__9.npy,B2-B6-B1
Fast.Furious.6.2013__#00-23-40_00-24-31_label_B6-B2-0__0.npy,B6-B2-0
Fast.Furious.6.2013__#00-23-40_00-24-31_label_B6-B2-0__1.npy,B6-B2-0
Fast.Furious.6.2013__#00-23-40_00-24-31_label_B6-B2-0__2.npy,B6-B2-0
Fast.Furious.6.2013__#00-23-40_00-24-31_label_B6-B2-0__3.npy,B6-B2-0
Fast.Furious.6.2013__#00-23-40_00-24-31_label_B6-B2-0__4.npy,B6-B2-0
Fast.Furious.6.2013__#00-23-40_00-24-31_label_B6-B2-0__5.npy,B6-B2-0
Fast.Furious.6.2013__#00-23-40_00-24-31_label_B6-B2-0__6.npy,B6-B2-0
Fast.Furious.6.2013__#00-23-40_00-24-31_label_B6-B2-0__7.npy,B6-B2-0
Fast.Furious.6.2013__#00-23-40_00-24-31_label_B6-B2-0__8.npy,B6-B2-0
Fast.Furious.6.2013__#00-23-40_00-24-31_label_B6-B2-0__9.npy,B6-B2-0
Fast.Five.2011__#01-33-25_01-34-41_label_B2-G-0__0.npy,B2-G-0
Fast.Five.2011__#01-33-25_01-34-41_label_B2-G-0__1.npy,B2-G-0
Fast.Five.2011__#01-33-25_01-34-41_label_B2-G-0__2.npy,B2-G-0
Fast.Five.2011__#01-33-25_01-34-41_label_B2-G-0__3.npy,B2-G-0
Fast.Five.2011__#01-33-25_01-34-41_label_B2-G-0__4.npy,B2-G-0
Fast.Five.2011__#01-33-25_01-34-41_label_B2-G-0__5.npy,B2-G-0
Fast.Five.2011__#01-33-25_01-34-41_label_B2-G-0__6.npy,B2-G-0
Fast.Five.2011__#01-33-25_01-34-41_label_B2-G-0__7.npy,B2-G-0
Fast.Five.2011__#01-33-25_01-34-41_label_B2-G-0__8.npy,B2-G-0
Fast.Five.2011__#01-33-25_01-34-41_label_B2-G-0__9.npy,B2-G-0
Hot.Fuzz.2007__#01-41-50_01-44-10_label_B1-B2-0__0.npy,B1-B2-0
Hot.Fuzz.2007__#01-41-50_01-44-10_label_B1-B2-0__1.npy,B1-B2-0
Hot.Fuzz.2007__#01-41-50_01-44-10_label_B1-B2-0__2.npy,B1-B2-0
Hot.Fuzz.2007__#01-41-50_01-44-10_label_B1-B2-0__3.npy,B1-B2-0
Hot.Fuzz.2007__#01-41-50_01-44-10_label_B1-B2-0__4.npy,B1-B2-0
Hot.Fuzz.2007__#01-41-50_01-44-10_label_B1-B2-0__5.npy,B1-B2-0
Hot.Fuzz.2007__#01-41-50_01-44-10_label_B1-B2-0__6.npy,B1-B2-0
Hot.Fuzz.2007__#01-41-50_01-44-10_label_B1-B2-0__7.npy,B1-B2-0
Hot.Fuzz.2007__#01-41-50_01-44-10_label_B1-B2-0__8.npy,B1-B2-0
Hot.Fuzz.2007__#01-41-50_01-44-10_label_B1-B2-0__9.npy,B1-B2-0
GoldenEye.1995__#00-05-41_00-07-32_label_B2-G-0__0.npy,B2-G-0
GoldenEye.1995__#00-05-41_00-07-32_label_B2-G-0__1.npy,B2-G-0
GoldenEye.1995__#00-05-41_00-07-32_label_B2-G-0__2.npy,B2-G-0
GoldenEye.1995__#00-05-41_00-07-32_label_B2-G-0__3.npy,B2-G-0
GoldenEye.1995__#00-05-41_00-07-32_label_B2-G-0__4.npy,B2-G-0
GoldenEye.1995__#00-05-41_00-07-32_label_B2-G-0__5.npy,B2-G-0
GoldenEye.1995__#00-05-41_00-07-32_label_B2-G-0__6.npy,B2-G-0
GoldenEye.1995__#00-05-41_00-07-32_label_B2-G-0__7.npy,B2-G-0
GoldenEye.1995__#00-05-41_00-07-32_label_B2-G-0__8.npy,B2-G-0
GoldenEye.1995__#00-05-41_00-07-32_label_B2-G-0__9.npy,B2-G-0
Bullet.in.the.Head.1990__#01-46-45_01-47-50_label_B5-B2-0__0.npy,B5-B2-0
Bullet.in.the.Head.1990__#01-46-45_01-47-50_label_B5-B2-0__1.npy,B5-B2-0
Bullet.in.the.Head.1990__#01-46-45_01-47-50_label_B5-B2-0__2.npy,B5-B2-0
Bullet.in.the.Head.1990__#01-46-45_01-47-50_label_B5-B2-0__3.npy,B5-B2-0
Bullet.in.the.Head.1990__#01-46-45_01-47-50_label_B5-B2-0__4.npy,B5-B2-0
Bullet.in.the.Head.1990__#01-46-45_01-47-50_label_B5-B2-0__5.npy,B5-B2-0
Bullet.in.the.Head.1990__#01-46-45_01-47-50_label_B5-B2-0__6.npy,B5-B2-0
Bullet.in.the.Head.1990__#01-46-45_01-47-50_label_B5-B2-0__7.npy,B5-B2-0
Bullet.in.the.Head.1990__#01-46-45_01-47-50_label_B5-B2-0__8.npy,B5-B2-0
Bullet.in.the.Head.1990__#01-46-45_01-47-50_label_B5-B2-0__9.npy,B5-B2-0
Fury.2014__#01-58-01_01-59-04_label_B2-G-0__0.npy,B2-G-0
Fury.2014__#01-58-01_01-59-04_label_B2-G-0__1.npy,B2-G-0
Fury.2014__#01-58-01_01-59-04_label_B2-G-0__2.npy,B2-G-0
Fury.2014__#01-58-01_01-59-04_label_B2-G-0__3.npy,B2-G-0
Fury.2014__#01-58-01_01-59-04_label_B2-G-0__4.npy,B2-G-0
Fury.2014__#01-58-01_01-59-04_label_B2-G-0__5.npy,B2-G-0
Fury.2014__#01-58-01_01-59-04_label_B2-G-0__6.npy,B2-G-0
Fury.2014__#01-58-01_01-59-04_label_B2-G-0__7.npy,B2-G-0
Fury.2014__#01-58-01_01-59-04_label_B2-G-0__8.npy,B2-G-0
Fury.2014__#01-58-01_01-59-04_label_B2-G-0__9.npy,B2-G-0
Mission.Impossible.III.2006__#01-31-37_01-32-20_label_B2-B6-0__0.npy,B2-B6-0
Mission.Impossible.III.2006__#01-31-37_01-32-20_label_B2-B6-0__1.npy,B2-B6-0
Mission.Impossible.III.2006__#01-31-37_01-32-20_label_B2-B6-0__2.npy,B2-B6-0
Mission.Impossible.III.2006__#01-31-37_01-32-20_label_B2-B6-0__3.npy,B2-B6-0
Mission.Impossible.III.2006__#01-31-37_01-32-20_label_B2-B6-0__4.npy,B2-B6-0
Mission.Impossible.III.2006__#01-31-37_01-32-20_label_B2-B6-0__5.npy,B2-B6-0
Mission.Impossible.III.2006__#01-31-37_01-32-20_label_B2-B6-0__6.npy,B2-B6-0
Mission.Impossible.III.2006__#01-31-37_01-32-20_label_B2-B6-0__7.npy,B2-B6-0
Mission.Impossible.III.2006__#01-31-37_01-32-20_label_B2-B6-0__8.npy,B2-B6-0
Mission.Impossible.III.2006__#01-31-37_01-32-20_label_B2-B6-0__9.npy,B2-B6-0
Love.Death.and.Robots.S01E15__#0-04-22_0-05-00_label_G-B2-0__0.npy,G-B2-0
Love.Death.and.Robots.S01E15__#0-04-22_0-05-00_label_G-B2-0__1.npy,G-B2-0
Love.Death.and.Robots.S01E15__#0-04-22_0-05-00_label_G-B2-0__2.npy,G-B2-0
Love.Death.and.Robots.S01E15__#0-04-22_0-05-00_label_G-B2-0__3.npy,G-B2-0
Love.Death.and.Robots.S01E15__#0-04-22_0-05-00_label_G-B2-0__4.npy,G-B2-0
Love.Death.and.Robots.S01E15__#0-04-22_0-05-00_label_G-B2-0__5.npy,G-B2-0
Love.Death.and.Robots.S01E15__#0-04-22_0-05-00_label_G-B2-0__6.npy,G-B2-0
Love.Death.and.Robots.S01E15__#0-04-22_0-05-00_label_G-B2-0__7.npy,G-B2-0
Love.Death.and.Robots.S01E15__#0-04-22_0-05-00_label_G-B2-0__8.npy,G-B2-0
Love.Death.and.Robots.S01E15__#0-04-22_0-05-00_label_G-B2-0__9.npy,G-B2-0
Desperado.1995__#00-31-12_00-37-04_label_B1-B2-0__0.npy,B1-B2-0
Desperado.1995__#00-31-12_00-37-04_label_B1-B2-0__1.npy,B1-B2-0
Desperado.1995__#00-31-12_00-37-04_label_B1-B2-0__2.npy,B1-B2-0
Desperado.1995__#00-31-12_00-37-04_label_B1-B2-0__3.npy,B1-B2-0
Desperado.1995__#00-31-12_00-37-04_label_B1-B2-0__4.npy,B1-B2-0
Desperado.1995__#00-31-12_00-37-04_label_B1-B2-0__5.npy,B1-B2-0
Desperado.1995__#00-31-12_00-37-04_label_B1-B2-0__6.npy,B1-B2-0
Desperado.1995__#00-31-12_00-37-04_label_B1-B2-0__7.npy,B1-B2-0
Desperado.1995__#00-31-12_00-37-04_label_B1-B2-0__8.npy,B1-B2-0
Desperado.1995__#00-31-12_00-37-04_label_B1-B2-0__9.npy,B1-B2-0
Mission.Impossible.III.2006__#00-17-45_00-18-13_label_B2-G-0__0.npy,B2-G-0
Mission.Impossible.III.2006__#00-17-45_00-18-13_label_B2-G-0__1.npy,B2-G-0
Mission.Impossible.III.2006__#00-17-45_00-18-13_label_B2-G-0__2.npy,B2-G-0
Mission.Impossible.III.2006__#00-17-45_00-18-13_label_B2-G-0__3.npy,B2-G-0
Mission.Impossible.III.2006__#00-17-45_00-18-13_label_B2-G-0__4.npy,B2-G-0
Mission.Impossible.III.2006__#00-17-45_00-18-13_label_B2-G-0__5.npy,B2-G-0
Mission.Impossible.III.2006__#00-17-45_00-18-13_label_B2-G-0__6.npy,B2-G-0
Mission.Impossible.III.2006__#00-17-45_00-18-13_label_B2-G-0__7.npy,B2-G-0
Mission.Impossible.III.2006__#00-17-45_00-18-13_label_B2-G-0__8.npy,B2-G-0
Mission.Impossible.III.2006__#00-17-45_00-18-13_label_B2-G-0__9.npy,B2-G-0
Bad.Boys.II.2003__#02-07-07_02-12-05_label_B2-G-0__0.npy,B2-G-0
Bad.Boys.II.2003__#02-07-07_02-12-05_label_B2-G-0__1.npy,B2-G-0
Bad.Boys.II.2003__#02-07-07_02-12-05_label_B2-G-0__2.npy,B2-G-0
Bad.Boys.II.2003__#02-07-07_02-12-05_label_B2-G-0__3.npy,B2-G-0
Bad.Boys.II.2003__#02-07-07_02-12-05_label_B2-G-0__4.npy,B2-G-0
Bad.Boys.II.2003__#02-07-07_02-12-05_label_B2-G-0__5.npy,B2-G-0
Bad.Boys.II.2003__#02-07-07_02-12-05_label_B2-G-0__6.npy,B2-G-0
Bad.Boys.II.2003__#02-07-07_02-12-05_label_B2-G-0__7.npy,B2-G-0
Bad.Boys.II.2003__#02-07-07_02-12-05_label_B2-G-0__8.npy,B2-G-0
Bad.Boys.II.2003__#02-07-07_02-12-05_label_B2-G-0__9.npy,B2-G-0
Fury.2014__#00-46-02_00-48-53_label_B2-G-0__0.npy,B2-G-0
Fury.2014__#00-46-02_00-48-53_label_B2-G-0__1.npy,B2-G-0
Fury.2014__#00-46-02_00-48-53_label_B2-G-0__2.npy,B2-G-0
Fury.2014__#00-46-02_00-48-53_label_B2-G-0__3.npy,B2-G-0
Fury.2014__#00-46-02_00-48-53_label_B2-G-0__4.npy,B2-G-0
Fury.2014__#00-46-02_00-48-53_label_B2-G-0__5.npy,B2-G-0
Fury.2014__#00-46-02_00-48-53_label_B2-G-0__6.npy,B2-G-0
Fury.2014__#00-46-02_00-48-53_label_B2-G-0__7.npy,B2-G-0
Fury.2014__#00-46-02_00-48-53_label_B2-G-0__8.npy,B2-G-0
Fury.2014__#00-46-02_00-48-53_label_B2-G-0__9.npy,B2-G-0
Jason.Bourne.2016__#0-31-46_0-32-10_label_B2-B6-0__0.npy,B2-B6-0
Jason.Bourne.2016__#0-31-46_0-32-10_label_B2-B6-0__1.npy,B2-B6-0
Jason.Bourne.2016__#0-31-46_0-32-10_label_B2-B6-0__2.npy,B2-B6-0
Jason.Bourne.2016__#0-31-46_0-32-10_label_B2-B6-0__3.npy,B2-B6-0
Jason.Bourne.2016__#0-31-46_0-32-10_label_B2-B6-0__4.npy,B2-B6-0
Jason.Bourne.2016__#0-31-46_0-32-10_label_B2-B6-0__5.npy,B2-B6-0
Jason.Bourne.2016__#0-31-46_0-32-10_label_B2-B6-0__6.npy,B2-B6-0
Jason.Bourne.2016__#0-31-46_0-32-10_label_B2-B6-0__7.npy,B2-B6-0
Jason.Bourne.2016__#0-31-46_0-32-10_label_B2-B6-0__8.npy,B2-B6-0
Jason.Bourne.2016__#0-31-46_0-32-10_label_B2-B6-0__9.npy,B2-B6-0
Kingsman.The.Secret.Service.2014__#01-52-00_01-52-50_label_B1-B2-0__0.npy,B1-B2-0
Kingsman.The.Secret.Service.2014__#01-52-00_01-52-50_label_B1-B2-0__1.npy,B1-B2-0
Kingsman.The.Secret.Service.2014__#01-52-00_01-52-50_label_B1-B2-0__2.npy,B1-B2-0
Kingsman.The.Secret.Service.2014__#01-52-00_01-52-50_label_B1-B2-0__3.npy,B1-B2-0
Kingsman.The.Secret.Service.2014__#01-52-00_01-52-50_label_B1-B2-0__4.npy,B1-B2-0
Kingsman.The.Secret.Service.2014__#01-52-00_01-52-50_label_B1-B2-0__5.npy,B1-B2-0
Kingsman.The.Secret.Service.2014__#01-52-00_01-52-50_label_B1-B2-0__6.npy,B1-B2-0
Kingsman.The.Secret.Service.2014__#01-52-00_01-52-50_label_B1-B2-0__7.npy,B1-B2-0
Kingsman.The.Secret.Service.2014__#01-52-00_01-52-50_label_B1-B2-0__8.npy,B1-B2-0
Kingsman.The.Secret.Service.2014__#01-52-00_01-52-50_label_B1-B2-0__9.npy,B1-B2-0
Fury.2014__#00-23-40_00-24-42_label_B2-G-0__0.npy,B2-G-0
Fury.2014__#00-23-40_00-24-42_label_B2-G-0__1.npy,B2-G-0
Fury.2014__#00-23-40_00-24-42_label_B2-G-0__2.npy,B2-G-0
Fury.2014__#00-23-40_00-24-42_label_B2-G-0__3.npy,B2-G-0
Fury.2014__#00-23-40_00-24-42_label_B2-G-0__4.npy,B2-G-0
Fury.2014__#00-23-40_00-24-42_label_B2-G-0__5.npy,B2-G-0
Fury.2014__#00-23-40_00-24-42_label_B2-G-0__6.npy,B2-G-0
Fury.2014__#00-23-40_00-24-42_label_B2-G-0__7.npy,B2-G-0
Fury.2014__#00-23-40_00-24-42_label_B2-G-0__8.npy,B2-G-0
Fury.2014__#00-23-40_00-24-42_label_B2-G-0__9.npy,B2-G-0
Bad.Boys.II.2003__#00-30-16_00-36-53_label_B2-B6-G__0.npy,B2-B6-G
Bad.Boys.II.2003__#00-30-16_00-36-53_label_B2-B6-G__1.npy,B2-B6-G
Bad.Boys.II.2003__#00-30-16_00-36-53_label_B2-B6-G__2.npy,B2-B6-G
Bad.Boys.II.2003__#00-30-16_00-36-53_label_B2-B6-G__3.npy,B2-B6-G
Bad.Boys.II.2003__#00-30-16_00-36-53_label_B2-B6-G__4.npy,B2-B6-G
Bad.Boys.II.2003__#00-30-16_00-36-53_label_B2-B6-G__5.npy,B2-B6-G
Bad.Boys.II.2003__#00-30-16_00-36-53_label_B2-B6-G__6.npy,B2-B6-G
Bad.Boys.II.2003__#00-30-16_00-36-53_label_B2-B6-G__7.npy,B2-B6-G
Bad.Boys.II.2003__#00-30-16_00-36-53_label_B2-B6-G__8.npy,B2-B6-G
Bad.Boys.II.2003__#00-30-16_00-36-53_label_B2-B6-G__9.npy,B2-B6-G
Casino.Royale.2006__#00-11-35_00-12-05_label_B2-B6-0__0.npy,B2-B6-0
Casino.Royale.2006__#00-11-35_00-12-05_label_B2-B6-0__1.npy,B2-B6-0
Casino.Royale.2006__#00-11-35_00-12-05_label_B2-B6-0__2.npy,B2-B6-0
Casino.Royale.2006__#00-11-35_00-12-05_label_B2-B6-0__3.npy,B2-B6-0
Casino.Royale.2006__#00-11-35_00-12-05_label_B2-B6-0__4.npy,B2-B6-0
Casino.Royale.2006__#00-11-35_00-12-05_label_B2-B6-0__5.npy,B2-B6-0
Casino.Royale.2006__#00-11-35_00-12-05_label_B2-B6-0__6.npy,B2-B6-0
Casino.Royale.2006__#00-11-35_00-12-05_label_B2-B6-0__7.npy,B2-B6-0
Casino.Royale.2006__#00-11-35_00-12-05_label_B2-B6-0__8.npy,B2-B6-0
Casino.Royale.2006__#00-11-35_00-12-05_label_B2-B6-0__9.npy,B2-B6-0
Love.Death.and.Robots.S01E13__#0-03-24_0-06-43_label_B2-G-0__0.npy,B2-G-0
Love.Death.and.Robots.S01E13__#0-03-24_0-06-43_label_B2-G-0__1.npy,B2-G-0
Love.Death.and.Robots.S01E13__#0-03-24_0-06-43_label_B2-G-0__2.npy,B2-G-0
Love.Death.and.Robots.S01E13__#0-03-24_0-06-43_label_B2-G-0__3.npy,B2-G-0
Love.Death.and.Robots.S01E13__#0-03-24_0-06-43_label_B2-G-0__4.npy,B2-G-0
Love.Death.and.Robots.S01E13__#0-03-24_0-06-43_label_B2-G-0__5.npy,B2-G-0
Love.Death.and.Robots.S01E13__#0-03-24_0-06-43_label_B2-G-0__6.npy,B2-G-0
Love.Death.and.Robots.S01E13__#0-03-24_0-06-43_label_B2-G-0__7.npy,B2-G-0
Love.Death.and.Robots.S01E13__#0-03-24_0-06-43_label_B2-G-0__8.npy,B2-G-0
Love.Death.and.Robots.S01E13__#0-03-24_0-06-43_label_B2-G-0__9.npy,B2-G-0
Fury.2014__#00-31-22_00-35-11_label_B2-G-0__0.npy,B2-G-0
Fury.2014__#00-31-22_00-35-11_label_B2-G-0__1.npy,B2-G-0
Fury.2014__#00-31-22_00-35-11_label_B2-G-0__2.npy,B2-G-0
Fury.2014__#00-31-22_00-35-11_label_B2-G-0__3.npy,B2-G-0
Fury.2014__#00-31-22_00-35-11_label_B2-G-0__4.npy,B2-G-0
Fury.2014__#00-31-22_00-35-11_label_B2-G-0__5.npy,B2-G-0
Fury.2014__#00-31-22_00-35-11_label_B2-G-0__6.npy,B2-G-0
Fury.2014__#00-31-22_00-35-11_label_B2-G-0__7.npy,B2-G-0
Fury.2014__#00-31-22_00-35-11_label_B2-G-0__8.npy,B2-G-0
Fury.2014__#00-31-22_00-35-11_label_B2-G-0__9.npy,B2-G-0
Bullet.in.the.Head.1990__#01-13-41_01-16-02_label_B2-G-0__0.npy,B2-G-0
Bullet.in.the.Head.1990__#01-13-41_01-16-02_label_B2-G-0__1.npy,B2-G-0
Bullet.in.the.Head.1990__#01-13-41_01-16-02_label_B2-G-0__2.npy,B2-G-0
Bullet.in.the.Head.1990__#01-13-41_01-16-02_label_B2-G-0__3.npy,B2-G-0
Bullet.in.the.Head.1990__#01-13-41_01-16-02_label_B2-G-0__4.npy,B2-G-0
Bullet.in.the.Head.1990__#01-13-41_01-16-02_label_B2-G-0__5.npy,B2-G-0
Bullet.in.the.Head.1990__#01-13-41_01-16-02_label_B2-G-0__6.npy,B2-G-0
Bullet.in.the.Head.1990__#01-13-41_01-16-02_label_B2-G-0__7.npy,B2-G-0
Bullet.in.the.Head.1990__#01-13-41_01-16-02_label_B2-G-0__8.npy,B2-G-0
Bullet.in.the.Head.1990__#01-13-41_01-16-02_label_B2-G-0__9.npy,B2-G-0
Spectre.2015__#00-05-40_00-06-05_label_B2-G-0__0.npy,B2-G-0
Spectre.2015__#00-05-40_00-06-05_label_B2-G-0__1.npy,B2-G-0
Spectre.2015__#00-05-40_00-06-05_label_B2-G-0__2.npy,B2-G-0
Spectre.2015__#00-05-40_00-06-05_label_B2-G-0__3.npy,B2-G-0
Spectre.2015__#00-05-40_00-06-05_label_B2-G-0__4.npy,B2-G-0
Spectre.2015__#00-05-40_00-06-05_label_B2-G-0__5.npy,B2-G-0
Spectre.2015__#00-05-40_00-06-05_label_B2-G-0__6.npy,B2-G-0
Spectre.2015__#00-05-40_00-06-05_label_B2-G-0__7.npy,B2-G-0
Spectre.2015__#00-05-40_00-06-05_label_B2-G-0__8.npy,B2-G-0
Spectre.2015__#00-05-40_00-06-05_label_B2-G-0__9.npy,B2-G-0
Quantum.Of.Solace.2008__#00-13-19_00-14-55_label_B1-B2-0__0.npy,B1-B2-0
Quantum.Of.Solace.2008__#00-13-19_00-14-55_label_B1-B2-0__1.npy,B1-B2-0
Quantum.Of.Solace.2008__#00-13-19_00-14-55_label_B1-B2-0__2.npy,B1-B2-0
Quantum.Of.Solace.2008__#00-13-19_00-14-55_label_B1-B2-0__3.npy,B1-B2-0
Quantum.Of.Solace.2008__#00-13-19_00-14-55_label_B1-B2-0__4.npy,B1-B2-0
Quantum.Of.Solace.2008__#00-13-19_00-14-55_label_B1-B2-0__5.npy,B1-B2-0
Quantum.Of.Solace.2008__#00-13-19_00-14-55_label_B1-B2-0__6.npy,B1-B2-0
Quantum.Of.Solace.2008__#00-13-19_00-14-55_label_B1-B2-0__7.npy,B1-B2-0
Quantum.Of.Solace.2008__#00-13-19_00-14-55_label_B1-B2-0__8.npy,B1-B2-0
Quantum.Of.Solace.2008__#00-13-19_00-14-55_label_B1-B2-0__9.npy,B1-B2-0
Taken.Extended.Cut.2008__#00-50-10_00-50-35_label_B2-B6-0__0.npy,B2-B6-0
Taken.Extended.Cut.2008__#00-50-10_00-50-35_label_B2-B6-0__1.npy,B2-B6-0
Taken.Extended.Cut.2008__#00-50-10_00-50-35_label_B2-B6-0__2.npy,B2-B6-0
Taken.Extended.Cut.2008__#00-50-10_00-50-35_label_B2-B6-0__3.npy,B2-B6-0
Taken.Extended.Cut.2008__#00-50-10_00-50-35_label_B2-B6-0__4.npy,B2-B6-0
Taken.Extended.Cut.2008__#00-50-10_00-50-35_label_B2-B6-0__5.npy,B2-B6-0
Taken.Extended.Cut.2008__#00-50-10_00-50-35_label_B2-B6-0__6.npy,B2-B6-0
Taken.Extended.Cut.2008__#00-50-10_00-50-35_label_B2-B6-0__7.npy,B2-B6-0
Taken.Extended.Cut.2008__#00-50-10_00-50-35_label_B2-B6-0__8.npy,B2-B6-0
Taken.Extended.Cut.2008__#00-50-10_00-50-35_label_B2-B6-0__9.npy,B2-B6-0
Skyfall.2012__#02-01-38_02-02-00_label_B2-G-0__0.npy,B2-G-0
Skyfall.2012__#02-01-38_02-02-00_label_B2-G-0__1.npy,B2-G-0
Skyfall.2012__#02-01-38_02-02-00_label_B2-G-0__2.npy,B2-G-0
Skyfall.2012__#02-01-38_02-02-00_label_B2-G-0__3.npy,B2-G-0
Skyfall.2012__#02-01-38_02-02-00_label_B2-G-0__4.npy,B2-G-0
Skyfall.2012__#02-01-38_02-02-00_label_B2-G-0__5.npy,B2-G-0
Skyfall.2012__#02-01-38_02-02-00_label_B2-G-0__6.npy,B2-G-0
Skyfall.2012__#02-01-38_02-02-00_label_B2-G-0__7.npy,B2-G-0
Skyfall.2012__#02-01-38_02-02-00_label_B2-G-0__8.npy,B2-G-0
Skyfall.2012__#02-01-38_02-02-00_label_B2-G-0__9.npy,B2-G-0
Saving.Private.Ryan.1998__#00-10-58_00-23-50_label_B2-G-0__0.npy,B2-G-0
Saving.Private.Ryan.1998__#00-10-58_00-23-50_label_B2-G-0__1.npy,B2-G-0
Saving.Private.Ryan.1998__#00-10-58_00-23-50_label_B2-G-0__2.npy,B2-G-0
Saving.Private.Ryan.1998__#00-10-58_00-23-50_label_B2-G-0__3.npy,B2-G-0
Saving.Private.Ryan.1998__#00-10-58_00-23-50_label_B2-G-0__4.npy,B2-G-0
Saving.Private.Ryan.1998__#00-10-58_00-23-50_label_B2-G-0__5.npy,B2-G-0
Saving.Private.Ryan.1998__#00-10-58_00-23-50_label_B2-G-0__6.npy,B2-G-0
Saving.Private.Ryan.1998__#00-10-58_00-23-50_label_B2-G-0__7.npy,B2-G-0
Saving.Private.Ryan.1998__#00-10-58_00-23-50_label_B2-G-0__8.npy,B2-G-0
Saving.Private.Ryan.1998__#00-10-58_00-23-50_label_B2-G-0__9.npy,B2-G-0
The.Bourne.Identity.2002__#0-42-20_0-46-42_label_B1-B2-0__0.npy,B1-B2-0
The.Bourne.Identity.2002__#0-42-20_0-46-42_label_B1-B2-0__1.npy,B1-B2-0
The.Bourne.Identity.2002__#0-42-20_0-46-42_label_B1-B2-0__2.npy,B1-B2-0
The.Bourne.Identity.2002__#0-42-20_0-46-42_label_B1-B2-0__3.npy,B1-B2-0
The.Bourne.Identity.2002__#0-42-20_0-46-42_label_B1-B2-0__4.npy,B1-B2-0
The.Bourne.Identity.2002__#0-42-20_0-46-42_label_B1-B2-0__5.npy,B1-B2-0
The.Bourne.Identity.2002__#0-42-20_0-46-42_label_B1-B2-0__6.npy,B1-B2-0
The.Bourne.Identity.2002__#0-42-20_0-46-42_label_B1-B2-0__7.npy,B1-B2-0
The.Bourne.Identity.2002__#0-42-20_0-46-42_label_B1-B2-0__8.npy,B1-B2-0
The.Bourne.Identity.2002__#0-42-20_0-46-42_label_B1-B2-0__9.npy,B1-B2-0
The.Hurt.Locker.2008__#0-31-49_0-33-38_label_G-B2-0__0.npy,G-B2-0
The.Hurt.Locker.2008__#0-31-49_0-33-38_label_G-B2-0__1.npy,G-B2-0
The.Hurt.Locker.2008__#0-31-49_0-33-38_label_G-B2-0__2.npy,G-B2-0
The.Hurt.Locker.2008__#0-31-49_0-33-38_label_G-B2-0__3.npy,G-B2-0
The.Hurt.Locker.2008__#0-31-49_0-33-38_label_G-B2-0__4.npy,G-B2-0
The.Hurt.Locker.2008__#0-31-49_0-33-38_label_G-B2-0__5.npy,G-B2-0
The.Hurt.Locker.2008__#0-31-49_0-33-38_label_G-B2-0__6.npy,G-B2-0
The.Hurt.Locker.2008__#0-31-49_0-33-38_label_G-B2-0__7.npy,G-B2-0
The.Hurt.Locker.2008__#0-31-49_0-33-38_label_G-B2-0__8.npy,G-B2-0
The.Hurt.Locker.2008__#0-31-49_0-33-38_label_G-B2-0__9.npy,G-B2-0
Skyfall.2012__#02-02-50_02-03-30_label_B2-G-0__0.npy,B2-G-0
Skyfall.2012__#02-02-50_02-03-30_label_B2-G-0__1.npy,B2-G-0
Skyfall.2012__#02-02-50_02-03-30_label_B2-G-0__2.npy,B2-G-0
Skyfall.2012__#02-02-50_02-03-30_label_B2-G-0__3.npy,B2-G-0
Skyfall.2012__#02-02-50_02-03-30_label_B2-G-0__4.npy,B2-G-0
Skyfall.2012__#02-02-50_02-03-30_label_B2-G-0__5.npy,B2-G-0
Skyfall.2012__#02-02-50_02-03-30_label_B2-G-0__6.npy,B2-G-0
Skyfall.2012__#02-02-50_02-03-30_label_B2-G-0__7.npy,B2-G-0
Skyfall.2012__#02-02-50_02-03-30_label_B2-G-0__8.npy,B2-G-0
Skyfall.2012__#02-02-50_02-03-30_label_B2-G-0__9.npy,B2-G-0
Sin.City.2005__#0-15-15_0-16-11_label_B1-B2-B6__0.npy,B1-B2-B6
Sin.City.2005__#0-15-15_0-16-11_label_B1-B2-B6__1.npy,B1-B2-B6
Sin.City.2005__#0-15-15_0-16-11_label_B1-B2-B6__2.npy,B1-B2-B6
Sin.City.2005__#0-15-15_0-16-11_label_B1-B2-B6__3.npy,B1-B2-B6
Sin.City.2005__#0-15-15_0-16-11_label_B1-B2-B6__4.npy,B1-B2-B6
Sin.City.2005__#0-15-15_0-16-11_label_B1-B2-B6__5.npy,B1-B2-B6
Sin.City.2005__#0-15-15_0-16-11_label_B1-B2-B6__6.npy,B1-B2-B6
Sin.City.2005__#0-15-15_0-16-11_label_B1-B2-B6__7.npy,B1-B2-B6
Sin.City.2005__#0-15-15_0-16-11_label_B1-B2-B6__8.npy,B1-B2-B6
Sin.City.2005__#0-15-15_0-16-11_label_B1-B2-B6__9.npy,B1-B2-B6
Saving.Private.Ryan.1998__#00-24-06_00-28-42_label_B2-G-0__0.npy,B2-G-0
Saving.Private.Ryan.1998__#00-24-06_00-28-42_label_B2-G-0__1.npy,B2-G-0
Saving.Private.Ryan.1998__#00-24-06_00-28-42_label_B2-G-0__2.npy,B2-G-0
Saving.Private.Ryan.1998__#00-24-06_00-28-42_label_B2-G-0__3.npy,B2-G-0
Saving.Private.Ryan.1998__#00-24-06_00-28-42_label_B2-G-0__4.npy,B2-G-0
Saving.Private.Ryan.1998__#00-24-06_00-28-42_label_B2-G-0__5.npy,B2-G-0
Saving.Private.Ryan.1998__#00-24-06_00-28-42_label_B2-G-0__6.npy,B2-G-0
Saving.Private.Ryan.1998__#00-24-06_00-28-42_label_B2-G-0__7.npy,B2-G-0
Saving.Private.Ryan.1998__#00-24-06_00-28-42_label_B2-G-0__8.npy,B2-G-0
Saving.Private.Ryan.1998__#00-24-06_00-28-42_label_B2-G-0__9.npy,B2-G-0
The.World.Is.Not.Enough.1999__#01-53-10_01-53-33_label_B2-B1-0__0.npy,B2-B1-0
The.World.Is.Not.Enough.1999__#01-53-10_01-53-33_label_B2-B1-0__1.npy,B2-B1-0
The.World.Is.Not.Enough.1999__#01-53-10_01-53-33_label_B2-B1-0__2.npy,B2-B1-0
The.World.Is.Not.Enough.1999__#01-53-10_01-53-33_label_B2-B1-0__3.npy,B2-B1-0
The.World.Is.Not.Enough.1999__#01-53-10_01-53-33_label_B2-B1-0__4.npy,B2-B1-0
The.World.Is.Not.Enough.1999__#01-53-10_01-53-33_label_B2-B1-0__5.npy,B2-B1-0
The.World.Is.Not.Enough.1999__#01-53-10_01-53-33_label_B2-B1-0__6.npy,B2-B1-0
The.World.Is.Not.Enough.1999__#01-53-10_01-53-33_label_B2-B1-0__7.npy,B2-B1-0
The.World.Is.Not.Enough.1999__#01-53-10_01-53-33_label_B2-B1-0__8.npy,B2-B1-0
The.World.Is.Not.Enough.1999__#01-53-10_01-53-33_label_B2-B1-0__9.npy,B2-B1-0
Shoot.Em.Up.2007__#00-59-28_01-01-20_label_B2-B6-0__0.npy,B2-B6-0
Shoot.Em.Up.2007__#00-59-28_01-01-20_label_B2-B6-0__1.npy,B2-B6-0
Shoot.Em.Up.2007__#00-59-28_01-01-20_label_B2-B6-0__2.npy,B2-B6-0
Shoot.Em.Up.2007__#00-59-28_01-01-20_label_B2-B6-0__3.npy,B2-B6-0
Shoot.Em.Up.2007__#00-59-28_01-01-20_label_B2-B6-0__4.npy,B2-B6-0
Shoot.Em.Up.2007__#00-59-28_01-01-20_label_B2-B6-0__5.npy,B2-B6-0
Shoot.Em.Up.2007__#00-59-28_01-01-20_label_B2-B6-0__6.npy,B2-B6-0
Shoot.Em.Up.2007__#00-59-28_01-01-20_label_B2-B6-0__7.npy,B2-B6-0
Shoot.Em.Up.2007__#00-59-28_01-01-20_label_B2-B6-0__8.npy,B2-B6-0
Shoot.Em.Up.2007__#00-59-28_01-01-20_label_B2-B6-0__9.npy,B2-B6-0
Rush.Hour.1998.BluRay__#00-02-23_00-04-02_label_B1-B2-0__0.npy,B1-B2-0
Rush.Hour.1998.BluRay__#00-02-23_00-04-02_label_B1-B2-0__1.npy,B1-B2-0
Rush.Hour.1998.BluRay__#00-02-23_00-04-02_label_B1-B2-0__2.npy,B1-B2-0
Rush.Hour.1998.BluRay__#00-02-23_00-04-02_label_B1-B2-0__3.npy,B1-B2-0
Rush.Hour.1998.BluRay__#00-02-23_00-04-02_label_B1-B2-0__4.npy,B1-B2-0
Rush.Hour.1998.BluRay__#00-02-23_00-04-02_label_B1-B2-0__5.npy,B1-B2-0
Rush.Hour.1998.BluRay__#00-02-23_00-04-02_label_B1-B2-0__6.npy,B1-B2-0
Rush.Hour.1998.BluRay__#00-02-23_00-04-02_label_B1-B2-0__7.npy,B1-B2-0
Rush.Hour.1998.BluRay__#00-02-23_00-04-02_label_B1-B2-0__8.npy,B1-B2-0
Rush.Hour.1998.BluRay__#00-02-23_00-04-02_label_B1-B2-0__9.npy,B1-B2-0
Taken.3.2014__#01-34-30_01-36-00_label_B5-B1-B2__0.npy,B5-B1-B2
Taken.3.2014__#01-34-30_01-36-00_label_B5-B1-B2__1.npy,B5-B1-B2
Taken.3.2014__#01-34-30_01-36-00_label_B5-B1-B2__2.npy,B5-B1-B2
Taken.3.2014__#01-34-30_01-36-00_label_B5-B1-B2__3.npy,B5-B1-B2
Taken.3.2014__#01-34-30_01-36-00_label_B5-B1-B2__4.npy,B5-B1-B2
Taken.3.2014__#01-34-30_01-36-00_label_B5-B1-B2__5.npy,B5-B1-B2
Taken.3.2014__#01-34-30_01-36-00_label_B5-B1-B2__6.npy,B5-B1-B2
Taken.3.2014__#01-34-30_01-36-00_label_B5-B1-B2__7.npy,B5-B1-B2
Taken.3.2014__#01-34-30_01-36-00_label_B5-B1-B2__8.npy,B5-B1-B2
Taken.3.2014__#01-34-30_01-36-00_label_B5-B1-B2__9.npy,B5-B1-B2
Saving.Private.Ryan.1998__#00-09-34_00-10-31_label_G-B2-0__0.npy,G-B2-0
Saving.Private.Ryan.1998__#00-09-34_00-10-31_label_G-B2-0__1.npy,G-B2-0
Saving.Private.Ryan.1998__#00-09-34_00-10-31_label_G-B2-0__2.npy,G-B2-0
Saving.Private.Ryan.1998__#00-09-34_00-10-31_label_G-B2-0__3.npy,G-B2-0
Saving.Private.Ryan.1998__#00-09-34_00-10-31_label_G-B2-0__4.npy,G-B2-0
Saving.Private.Ryan.1998__#00-09-34_00-10-31_label_G-B2-0__5.npy,G-B2-0
Saving.Private.Ryan.1998__#00-09-34_00-10-31_label_G-B2-0__6.npy,G-B2-0
Saving.Private.Ryan.1998__#00-09-34_00-10-31_label_G-B2-0__7.npy,G-B2-0
Saving.Private.Ryan.1998__#00-09-34_00-10-31_label_G-B2-0__8.npy,G-B2-0
Saving.Private.Ryan.1998__#00-09-34_00-10-31_label_G-B2-0__9.npy,G-B2-0
The.Bourne.Supremacy.2004__#01-25-38_01-26-16_label_B2-B1-0__0.npy,B2-B1-0
The.Bourne.Supremacy.2004__#01-25-38_01-26-16_label_B2-B1-0__1.npy,B2-B1-0
The.Bourne.Supremacy.2004__#01-25-38_01-26-16_label_B2-B1-0__2.npy,B2-B1-0
The.Bourne.Supremacy.2004__#01-25-38_01-26-16_label_B2-B1-0__3.npy,B2-B1-0
The.Bourne.Supremacy.2004__#01-25-38_01-26-16_label_B2-B1-0__4.npy,B2-B1-0
The.Bourne.Supremacy.2004__#01-25-38_01-26-16_label_B2-B1-0__5.npy,B2-B1-0
The.Bourne.Supremacy.2004__#01-25-38_01-26-16_label_B2-B1-0__6.npy,B2-B1-0
The.Bourne.Supremacy.2004__#01-25-38_01-26-16_label_B2-B1-0__7.npy,B2-B1-0
The.Bourne.Supremacy.2004__#01-25-38_01-26-16_label_B2-B1-0__8.npy,B2-B1-0
The.Bourne.Supremacy.2004__#01-25-38_01-26-16_label_B2-B1-0__9.npy,B2-B1-0
Taken.3.2014__#01-31-31_01-33-30_label_B2-B1-0__0.npy,B2-B1-0
Taken.3.2014__#01-31-31_01-33-30_label_B2-B1-0__1.npy,B2-B1-0
Taken.3.2014__#01-31-31_01-33-30_label_B2-B1-0__2.npy,B2-B1-0
Taken.3.2014__#01-31-31_01-33-30_label_B2-B1-0__3.npy,B2-B1-0
Taken.3.2014__#01-31-31_01-33-30_label_B2-B1-0__4.npy,B2-B1-0
Taken.3.2014__#01-31-31_01-33-30_label_B2-B1-0__5.npy,B2-B1-0
Taken.3.2014__#01-31-31_01-33-30_label_B2-B1-0__6.npy,B2-B1-0
Taken.3.2014__#01-31-31_01-33-30_label_B2-B1-0__7.npy,B2-B1-0
Taken.3.2014__#01-31-31_01-33-30_label_B2-B1-0__8.npy,B2-B1-0
Taken.3.2014__#01-31-31_01-33-30_label_B2-B1-0__9.npy,B2-B1-0
Saving.Private.Ryan.1998__#01-27-49_01-28-33_label_G-B2-0__0.npy,G-B2-0
Saving.Private.Ryan.1998__#01-27-49_01-28-33_label_G-B2-0__1.npy,G-B2-0
Saving.Private.Ryan.1998__#01-27-49_01-28-33_label_G-B2-0__2.npy,G-B2-0
Saving.Private.Ryan.1998__#01-27-49_01-28-33_label_G-B2-0__3.npy,G-B2-0
Saving.Private.Ryan.1998__#01-27-49_01-28-33_label_G-B2-0__4.npy,G-B2-0
Saving.Private.Ryan.1998__#01-27-49_01-28-33_label_G-B2-0__5.npy,G-B2-0
Saving.Private.Ryan.1998__#01-27-49_01-28-33_label_G-B2-0__6.npy,G-B2-0
Saving.Private.Ryan.1998__#01-27-49_01-28-33_label_G-B2-0__7.npy,G-B2-0
Saving.Private.Ryan.1998__#01-27-49_01-28-33_label_G-B2-0__8.npy,G-B2-0
Saving.Private.Ryan.1998__#01-27-49_01-28-33_label_G-B2-0__9.npy,G-B2-0
Rush.Hour.3.2007.BluRay__#00-18-47_00-20-11_label_B2-B1-0__0.npy,B2-B1-0
Rush.Hour.3.2007.BluRay__#00-18-47_00-20-11_label_B2-B1-0__1.npy,B2-B1-0
Rush.Hour.3.2007.BluRay__#00-18-47_00-20-11_label_B2-B1-0__2.npy,B2-B1-0
Rush.Hour.3.2007.BluRay__#00-18-47_00-20-11_label_B2-B1-0__3.npy,B2-B1-0
Rush.Hour.3.2007.BluRay__#00-18-47_00-20-11_label_B2-B1-0__4.npy,B2-B1-0
Rush.Hour.3.2007.BluRay__#00-18-47_00-20-11_label_B2-B1-0__5.npy,B2-B1-0
Rush.Hour.3.2007.BluRay__#00-18-47_00-20-11_label_B2-B1-0__6.npy,B2-B1-0
Rush.Hour.3.2007.BluRay__#00-18-47_00-20-11_label_B2-B1-0__7.npy,B2-B1-0
Rush.Hour.3.2007.BluRay__#00-18-47_00-20-11_label_B2-B1-0__8.npy,B2-B1-0
Rush.Hour.3.2007.BluRay__#00-18-47_00-20-11_label_B2-B1-0__9.npy,B2-B1-0
Taken.2.UNRATED.EXTENDED.2012__#01-06-50_01-07-40_label_B2-B6-0__0.npy,B2-B6-0
Taken.2.UNRATED.EXTENDED.2012__#01-06-50_01-07-40_label_B2-B6-0__1.npy,B2-B6-0
Taken.2.UNRATED.EXTENDED.2012__#01-06-50_01-07-40_label_B2-B6-0__2.npy,B2-B6-0
Taken.2.UNRATED.EXTENDED.2012__#01-06-50_01-07-40_label_B2-B6-0__3.npy,B2-B6-0
Taken.2.UNRATED.EXTENDED.2012__#01-06-50_01-07-40_label_B2-B6-0__4.npy,B2-B6-0
Taken.2.UNRATED.EXTENDED.2012__#01-06-50_01-07-40_label_B2-B6-0__5.npy,B2-B6-0
Taken.2.UNRATED.EXTENDED.2012__#01-06-50_01-07-40_label_B2-B6-0__6.npy,B2-B6-0
Taken.2.UNRATED.EXTENDED.2012__#01-06-50_01-07-40_label_B2-B6-0__7.npy,B2-B6-0
Taken.2.UNRATED.EXTENDED.2012__#01-06-50_01-07-40_label_B2-B6-0__8.npy,B2-B6-0
Taken.2.UNRATED.EXTENDED.2012__#01-06-50_01-07-40_label_B2-B6-0__9.npy,B2-B6-0
Taken.3.2014__#01-44-39_01-45-00_label_B1-B2-B5__0.npy,B1-B2-B5
Taken.3.2014__#01-44-39_01-45-00_label_B1-B2-B5__1.npy,B1-B2-B5
Taken.3.2014__#01-44-39_01-45-00_label_B1-B2-B5__2.npy,B1-B2-B5
Taken.3.2014__#01-44-39_01-45-00_label_B1-B2-B5__3.npy,B1-B2-B5
Taken.3.2014__#01-44-39_01-45-00_label_B1-B2-B5__4.npy,B1-B2-B5
Taken.3.2014__#01-44-39_01-45-00_label_B1-B2-B5__5.npy,B1-B2-B5
Taken.3.2014__#01-44-39_01-45-00_label_B1-B2-B5__6.npy,B1-B2-B5
Taken.3.2014__#01-44-39_01-45-00_label_B1-B2-B5__7.npy,B1-B2-B5
Taken.3.2014__#01-44-39_01-45-00_label_B1-B2-B5__8.npy,B1-B2-B5
Taken.3.2014__#01-44-39_01-45-00_label_B1-B2-B5__9.npy,B1-B2-B5
The.Bourne.Ultimatum.2007__#01-06-36_01-09-15_label_B1-B2-0__0.npy,B1-B2-0
The.Bourne.Ultimatum.2007__#01-06-36_01-09-15_label_B1-B2-0__1.npy,B1-B2-0
The.Bourne.Ultimatum.2007__#01-06-36_01-09-15_label_B1-B2-0__2.npy,B1-B2-0
The.Bourne.Ultimatum.2007__#01-06-36_01-09-15_label_B1-B2-0__3.npy,B1-B2-0
The.Bourne.Ultimatum.2007__#01-06-36_01-09-15_label_B1-B2-0__4.npy,B1-B2-0
The.Bourne.Ultimatum.2007__#01-06-36_01-09-15_label_B1-B2-0__5.npy,B1-B2-0
The.Bourne.Ultimatum.2007__#01-06-36_01-09-15_label_B1-B2-0__6.npy,B1-B2-0
The.Bourne.Ultimatum.2007__#01-06-36_01-09-15_label_B1-B2-0__7.npy,B1-B2-0
The.Bourne.Ultimatum.2007__#01-06-36_01-09-15_label_B1-B2-0__8.npy,B1-B2-0
The.Bourne.Ultimatum.2007__#01-06-36_01-09-15_label_B1-B2-0__9.npy,B1-B2-0
The.Bourne.Identity.2002__#01-45-47_01-48-00_label_B2-B1-0__0.npy,B2-B1-0
The.Bourne.Identity.2002__#01-45-47_01-48-00_label_B2-B1-0__1.npy,B2-B1-0
The.Bourne.Identity.2002__#01-45-47_01-48-00_label_B2-B1-0__2.npy,B2-B1-0
The.Bourne.Identity.2002__#01-45-47_01-48-00_label_B2-B1-0__3.npy,B2-B1-0
The.Bourne.Identity.2002__#01-45-47_01-48-00_label_B2-B1-0__4.npy,B2-B1-0
The.Bourne.Identity.2002__#01-45-47_01-48-00_label_B2-B1-0__5.npy,B2-B1-0
The.Bourne.Identity.2002__#01-45-47_01-48-00_label_B2-B1-0__6.npy,B2-B1-0
The.Bourne.Identity.2002__#01-45-47_01-48-00_label_B2-B1-0__7.npy,B2-B1-0
The.Bourne.Identity.2002__#01-45-47_01-48-00_label_B2-B1-0__8.npy,B2-B1-0
The.Bourne.Identity.2002__#01-45-47_01-48-00_label_B2-B1-0__9.npy,B2-B1-0
Tropa.de.Elite.2.2010__#01-07-00_01-10-00_label_B2-B6-0__0.npy,B2-B6-0
Tropa.de.Elite.2.2010__#01-07-00_01-10-00_label_B2-B6-0__1.npy,B2-B6-0
Tropa.de.Elite.2.2010__#01-07-00_01-10-00_label_B2-B6-0__2.npy,B2-B6-0
Tropa.de.Elite.2.2010__#01-07-00_01-10-00_label_B2-B6-0__3.npy,B2-B6-0
Tropa.de.Elite.2.2010__#01-07-00_01-10-00_label_B2-B6-0__4.npy,B2-B6-0
Tropa.de.Elite.2.2010__#01-07-00_01-10-00_label_B2-B6-0__5.npy,B2-B6-0
Tropa.de.Elite.2.2010__#01-07-00_01-10-00_label_B2-B6-0__6.npy,B2-B6-0
Tropa.de.Elite.2.2010__#01-07-00_01-10-00_label_B2-B6-0__7.npy,B2-B6-0
Tropa.de.Elite.2.2010__#01-07-00_01-10-00_label_B2-B6-0__8.npy,B2-B6-0
Tropa.de.Elite.2.2010__#01-07-00_01-10-00_label_B2-B6-0__9.npy,B2-B6-0
Tropa.de.Elite.2.2010__#00-10-02_00-13-15_label_B4-B2-B1__0.npy,B4-B2-B1
Tropa.de.Elite.2.2010__#00-10-02_00-13-15_label_B4-B2-B1__1.npy,B4-B2-B1
Tropa.de.Elite.2.2010__#00-10-02_00-13-15_label_B4-B2-B1__2.npy,B4-B2-B1
Tropa.de.Elite.2.2010__#00-10-02_00-13-15_label_B4-B2-B1__3.npy,B4-B2-B1
Tropa.de.Elite.2.2010__#00-10-02_00-13-15_label_B4-B2-B1__4.npy,B4-B2-B1
Tropa.de.Elite.2.2010__#00-10-02_00-13-15_label_B4-B2-B1__5.npy,B4-B2-B1
Tropa.de.Elite.2.2010__#00-10-02_00-13-15_label_B4-B2-B1__6.npy,B4-B2-B1
Tropa.de.Elite.2.2010__#00-10-02_00-13-15_label_B4-B2-B1__7.npy,B4-B2-B1
Tropa.de.Elite.2.2010__#00-10-02_00-13-15_label_B4-B2-B1__8.npy,B4-B2-B1
Tropa.de.Elite.2.2010__#00-10-02_00-13-15_label_B4-B2-B1__9.npy,B4-B2-B1
Spectre.2015__#01-56-13_01-57-08_label_B2-G-B1__0.npy,B2-G-B1
Spectre.2015__#01-56-13_01-57-08_label_B2-G-B1__1.npy,B2-G-B1
Spectre.2015__#01-56-13_01-57-08_label_B2-G-B1__2.npy,B2-G-B1
Spectre.2015__#01-56-13_01-57-08_label_B2-G-B1__3.npy,B2-G-B1
Spectre.2015__#01-56-13_01-57-08_label_B2-G-B1__4.npy,B2-G-B1
Spectre.2015__#01-56-13_01-57-08_label_B2-G-B1__5.npy,B2-G-B1
Spectre.2015__#01-56-13_01-57-08_label_B2-G-B1__6.npy,B2-G-B1
Spectre.2015__#01-56-13_01-57-08_label_B2-G-B1__7.npy,B2-G-B1
Spectre.2015__#01-56-13_01-57-08_label_B2-G-B1__8.npy,B2-G-B1
Spectre.2015__#01-56-13_01-57-08_label_B2-G-B1__9.npy,B2-G-B1
Skyfall.2012__#00-49-02_00-50-00_label_B2-B1-0__0.npy,B2-B1-0
Skyfall.2012__#00-49-02_00-50-00_label_B2-B1-0__1.npy,B2-B1-0
Skyfall.2012__#00-49-02_00-50-00_label_B2-B1-0__2.npy,B2-B1-0
Skyfall.2012__#00-49-02_00-50-00_label_B2-B1-0__3.npy,B2-B1-0
Skyfall.2012__#00-49-02_00-50-00_label_B2-B1-0__4.npy,B2-B1-0
Skyfall.2012__#00-49-02_00-50-00_label_B2-B1-0__5.npy,B2-B1-0
Skyfall.2012__#00-49-02_00-50-00_label_B2-B1-0__6.npy,B2-B1-0
Skyfall.2012__#00-49-02_00-50-00_label_B2-B1-0__7.npy,B2-B1-0
Skyfall.2012__#00-49-02_00-50-00_label_B2-B1-0__8.npy,B2-B1-0
Skyfall.2012__#00-49-02_00-50-00_label_B2-B1-0__9.npy,B2-B1-0
Sin.City.2005__#01-41-09_01-41-44_label_B2-B6-0__0.npy,B2-B6-0
Sin.City.2005__#01-41-09_01-41-44_label_B2-B6-0__1.npy,B2-B6-0
Sin.City.2005__#01-41-09_01-41-44_label_B2-B6-0__2.npy,B2-B6-0
Sin.City.2005__#01-41-09_01-41-44_label_B2-B6-0__3.npy,B2-B6-0
Sin.City.2005__#01-41-09_01-41-44_label_B2-B6-0__4.npy,B2-B6-0
Sin.City.2005__#01-41-09_01-41-44_label_B2-B6-0__5.npy,B2-B6-0
Sin.City.2005__#01-41-09_01-41-44_label_B2-B6-0__6.npy,B2-B6-0
Sin.City.2005__#01-41-09_01-41-44_label_B2-B6-0__7.npy,B2-B6-0
Sin.City.2005__#01-41-09_01-41-44_label_B2-B6-0__8.npy,B2-B6-0
Sin.City.2005__#01-41-09_01-41-44_label_B2-B6-0__9.npy,B2-B6-0
Quantum.Of.Solace.2008__#01-22-53_01-23-55_label_B2-B1-0__0.npy,B2-B1-0
Quantum.Of.Solace.2008__#01-22-53_01-23-55_label_B2-B1-0__1.npy,B2-B1-0
Quantum.Of.Solace.2008__#01-22-53_01-23-55_label_B2-B1-0__2.npy,B2-B1-0
Quantum.Of.Solace.2008__#01-22-53_01-23-55_label_B2-B1-0__3.npy,B2-B1-0
Quantum.Of.Solace.2008__#01-22-53_01-23-55_label_B2-B1-0__4.npy,B2-B1-0
Quantum.Of.Solace.2008__#01-22-53_01-23-55_label_B2-B1-0__5.npy,B2-B1-0
Quantum.Of.Solace.2008__#01-22-53_01-23-55_label_B2-B1-0__6.npy,B2-B1-0
Quantum.Of.Solace.2008__#01-22-53_01-23-55_label_B2-B1-0__7.npy,B2-B1-0
Quantum.Of.Solace.2008__#01-22-53_01-23-55_label_B2-B1-0__8.npy,B2-B1-0
Quantum.Of.Solace.2008__#01-22-53_01-23-55_label_B2-B1-0__9.npy,B2-B1-0
Taken.2.UNRATED.EXTENDED.2012__#00-58-30_00-59-12_label_B2-B1-0__0.npy,B2-B1-0
Taken.2.UNRATED.EXTENDED.2012__#00-58-30_00-59-12_label_B2-B1-0__1.npy,B2-B1-0
Taken.2.UNRATED.EXTENDED.2012__#00-58-30_00-59-12_label_B2-B1-0__2.npy,B2-B1-0
Taken.2.UNRATED.EXTENDED.2012__#00-58-30_00-59-12_label_B2-B1-0__3.npy,B2-B1-0
Taken.2.UNRATED.EXTENDED.2012__#00-58-30_00-59-12_label_B2-B1-0__4.npy,B2-B1-0
Taken.2.UNRATED.EXTENDED.2012__#00-58-30_00-59-12_label_B2-B1-0__5.npy,B2-B1-0
Taken.2.UNRATED.EXTENDED.2012__#00-58-30_00-59-12_label_B2-B1-0__6.npy,B2-B1-0
Taken.2.UNRATED.EXTENDED.2012__#00-58-30_00-59-12_label_B2-B1-0__7.npy,B2-B1-0
Taken.2.UNRATED.EXTENDED.2012__#00-58-30_00-59-12_label_B2-B1-0__8.npy,B2-B1-0
Taken.2.UNRATED.EXTENDED.2012__#00-58-30_00-59-12_label_B2-B1-0__9.npy,B2-B1-0
The.World.Is.Not.Enough.1999__#00-02-15_00-02-45_label_G-B2-B1__0.npy,G-B2-B1
The.World.Is.Not.Enough.1999__#00-02-15_00-02-45_label_G-B2-B1__1.npy,G-B2-B1
The.World.Is.Not.Enough.1999__#00-02-15_00-02-45_label_G-B2-B1__2.npy,G-B2-B1
The.World.Is.Not.Enough.1999__#00-02-15_00-02-45_label_G-B2-B1__3.npy,G-B2-B1
The.World.Is.Not.Enough.1999__#00-02-15_00-02-45_label_G-B2-B1__4.npy,G-B2-B1
The.World.Is.Not.Enough.1999__#00-02-15_00-02-45_label_G-B2-B1__5.npy,G-B2-B1
The.World.Is.Not.Enough.1999__#00-02-15_00-02-45_label_G-B2-B1__6.npy,G-B2-B1
The.World.Is.Not.Enough.1999__#00-02-15_00-02-45_label_G-B2-B1__7.npy,G-B2-B1
The.World.Is.Not.Enough.1999__#00-02-15_00-02-45_label_G-B2-B1__8.npy,G-B2-B1
The.World.Is.Not.Enough.1999__#00-02-15_00-02-45_label_G-B2-B1__9.npy,G-B2-B1
v=7_1PfqGVSg0__#00-00-00_00-03-08_label_B2-G-0__0.npy,B2-G-0
v=7_1PfqGVSg0__#00-00-00_00-03-08_label_B2-G-0__1.npy,B2-G-0
v=7_1PfqGVSg0__#00-00-00_00-03-08_label_B2-G-0__2.npy,B2-G-0
v=7_1PfqGVSg0__#00-00-00_00-03-08_label_B2-G-0__3.npy,B2-G-0
v=7_1PfqGVSg0__#00-00-00_00-03-08_label_B2-G-0__4.npy,B2-G-0
v=7_1PfqGVSg0__#00-00-00_00-03-08_label_B2-G-0__5.npy,B2-G-0
v=7_1PfqGVSg0__#00-00-00_00-03-08_label_B2-G-0__6.npy,B2-G-0
v=7_1PfqGVSg0__#00-00-00_00-03-08_label_B2-G-0__7.npy,B2-G-0
v=7_1PfqGVSg0__#00-00-00_00-03-08_label_B2-G-0__8.npy,B2-G-0
v=7_1PfqGVSg0__#00-00-00_00-03-08_label_B2-G-0__9.npy,B2-G-0
Rush.Hour.1998.BluRay__#01-18-52_01-20-08_label_B2-B6-0__0.npy,B2-B6-0
Rush.Hour.1998.BluRay__#01-18-52_01-20-08_label_B2-B6-0__1.npy,B2-B6-0
Rush.Hour.1998.BluRay__#01-18-52_01-20-08_label_B2-B6-0__2.npy,B2-B6-0
Rush.Hour.1998.BluRay__#01-18-52_01-20-08_label_B2-B6-0__3.npy,B2-B6-0
Rush.Hour.1998.BluRay__#01-18-52_01-20-08_label_B2-B6-0__4.npy,B2-B6-0
Rush.Hour.1998.BluRay__#01-18-52_01-20-08_label_B2-B6-0__5.npy,B2-B6-0
Rush.Hour.1998.BluRay__#01-18-52_01-20-08_label_B2-B6-0__6.npy,B2-B6-0
Rush.Hour.1998.BluRay__#01-18-52_01-20-08_label_B2-B6-0__7.npy,B2-B6-0
Rush.Hour.1998.BluRay__#01-18-52_01-20-08_label_B2-B6-0__8.npy,B2-B6-0
Rush.Hour.1998.BluRay__#01-18-52_01-20-08_label_B2-B6-0__9.npy,B2-B6-0
Taken.Extended.Cut.2008__#01-22-28_01-22-40_label_B1-B2-0__0.npy,B1-B2-0
Taken.Extended.Cut.2008__#01-22-28_01-22-40_label_B1-B2-0__1.npy,B1-B2-0
Taken.Extended.Cut.2008__#01-22-28_01-22-40_label_B1-B2-0__2.npy,B1-B2-0
Taken.Extended.Cut.2008__#01-22-28_01-22-40_label_B1-B2-0__3.npy,B1-B2-0
Taken.Extended.Cut.2008__#01-22-28_01-22-40_label_B1-B2-0__4.npy,B1-B2-0
Taken.Extended.Cut.2008__#01-22-28_01-22-40_label_B1-B2-0__5.npy,B1-B2-0
Taken.Extended.Cut.2008__#01-22-28_01-22-40_label_B1-B2-0__6.npy,B1-B2-0
Taken.Extended.Cut.2008__#01-22-28_01-22-40_label_B1-B2-0__7.npy,B1-B2-0
Taken.Extended.Cut.2008__#01-22-28_01-22-40_label_B1-B2-0__8.npy,B1-B2-0
Taken.Extended.Cut.2008__#01-22-28_01-22-40_label_B1-B2-0__9.npy,B1-B2-0
Quantum.Of.Solace.2008__#00-31-25_00-32-31_label_B2-G-B6__0.npy,B2-G-B6
Quantum.Of.Solace.2008__#00-31-25_00-32-31_label_B2-G-B6__1.npy,B2-G-B6
Quantum.Of.Solace.2008__#00-31-25_00-32-31_label_B2-G-B6__2.npy,B2-G-B6
Quantum.Of.Solace.2008__#00-31-25_00-32-31_label_B2-G-B6__3.npy,B2-G-B6
Quantum.Of.Solace.2008__#00-31-25_00-32-31_label_B2-G-B6__4.npy,B2-G-B6
Quantum.Of.Solace.2008__#00-31-25_00-32-31_label_B2-G-B6__5.npy,B2-G-B6
Quantum.Of.Solace.2008__#00-31-25_00-32-31_label_B2-G-B6__6.npy,B2-G-B6
Quantum.Of.Solace.2008__#00-31-25_00-32-31_label_B2-G-B6__7.npy,B2-G-B6
Quantum.Of.Solace.2008__#00-31-25_00-32-31_label_B2-G-B6__8.npy,B2-G-B6
Quantum.Of.Solace.2008__#00-31-25_00-32-31_label_B2-G-B6__9.npy,B2-G-B6
Quantum.Of.Solace.2008__#01-02-03_01-02-46_label_B2-B1-0__0.npy,B2-B1-0
Quantum.Of.Solace.2008__#01-02-03_01-02-46_label_B2-B1-0__1.npy,B2-B1-0
Quantum.Of.Solace.2008__#01-02-03_01-02-46_label_B2-B1-0__2.npy,B2-B1-0
Quantum.Of.Solace.2008__#01-02-03_01-02-46_label_B2-B1-0__3.npy,B2-B1-0
Quantum.Of.Solace.2008__#01-02-03_01-02-46_label_B2-B1-0__4.npy,B2-B1-0
Quantum.Of.Solace.2008__#01-02-03_01-02-46_label_B2-B1-0__5.npy,B2-B1-0
Quantum.Of.Solace.2008__#01-02-03_01-02-46_label_B2-B1-0__6.npy,B2-B1-0
Quantum.Of.Solace.2008__#01-02-03_01-02-46_label_B2-B1-0__7.npy,B2-B1-0
Quantum.Of.Solace.2008__#01-02-03_01-02-46_label_B2-B1-0__8.npy,B2-B1-0
Quantum.Of.Solace.2008__#01-02-03_01-02-46_label_B2-B1-0__9.npy,B2-B1-0
Taken.Extended.Cut.2008__#00-49-20_00-49-55_label_B2-B6-0__0.npy,B2-B6-0
Taken.Extended.Cut.2008__#00-49-20_00-49-55_label_B2-B6-0__1.npy,B2-B6-0
Taken.Extended.Cut.2008__#00-49-20_00-49-55_label_B2-B6-0__2.npy,B2-B6-0
Taken.Extended.Cut.2008__#00-49-20_00-49-55_label_B2-B6-0__3.npy,B2-B6-0
Taken.Extended.Cut.2008__#00-49-20_00-49-55_label_B2-B6-0__4.npy,B2-B6-0
Taken.Extended.Cut.2008__#00-49-20_00-49-55_label_B2-B6-0__5.npy,B2-B6-0
Taken.Extended.Cut.2008__#00-49-20_00-49-55_label_B2-B6-0__6.npy,B2-B6-0
Taken.Extended.Cut.2008__#00-49-20_00-49-55_label_B2-B6-0__7.npy,B2-B6-0
Taken.Extended.Cut.2008__#00-49-20_00-49-55_label_B2-B6-0__8.npy,B2-B6-0
Taken.Extended.Cut.2008__#00-49-20_00-49-55_label_B2-B6-0__9.npy,B2-B6-0
Shoot.Em.Up.2007__#00-11-10_00-12-10_label_B2-B1-0__0.npy,B2-B1-0
Shoot.Em.Up.2007__#00-11-10_00-12-10_label_B2-B1-0__1.npy,B2-B1-0
Shoot.Em.Up.2007__#00-11-10_00-12-10_label_B2-B1-0__2.npy,B2-B1-0
Shoot.Em.Up.2007__#00-11-10_00-12-10_label_B2-B1-0__3.npy,B2-B1-0
Shoot.Em.Up.2007__#00-11-10_00-12-10_label_B2-B1-0__4.npy,B2-B1-0
Shoot.Em.Up.2007__#00-11-10_00-12-10_label_B2-B1-0__5.npy,B2-B1-0
Shoot.Em.Up.2007__#00-11-10_00-12-10_label_B2-B1-0__6.npy,B2-B1-0
Shoot.Em.Up.2007__#00-11-10_00-12-10_label_B2-B1-0__7.npy,B2-B1-0
Shoot.Em.Up.2007__#00-11-10_00-12-10_label_B2-B1-0__8.npy,B2-B1-0
Shoot.Em.Up.2007__#00-11-10_00-12-10_label_B2-B1-0__9.npy,B2-B1-0
Operation.Red.Sea.2018__#01-32-16_01-33-29_label_B2-G-0__0.npy,B2-G-0
Operation.Red.Sea.2018__#01-32-16_01-33-29_label_B2-G-0__1.npy,B2-G-0
Operation.Red.Sea.2018__#01-32-16_01-33-29_label_B2-G-0__2.npy,B2-G-0
Operation.Red.Sea.2018__#01-32-16_01-33-29_label_B2-G-0__3.npy,B2-G-0
Operation.Red.Sea.2018__#01-32-16_01-33-29_label_B2-G-0__4.npy,B2-G-0
Operation.Red.Sea.2018__#01-32-16_01-33-29_label_B2-G-0__5.npy,B2-G-0
Operation.Red.Sea.2018__#01-32-16_01-33-29_label_B2-G-0__6.npy,B2-G-0
Operation.Red.Sea.2018__#01-32-16_01-33-29_label_B2-G-0__7.npy,B2-G-0
Operation.Red.Sea.2018__#01-32-16_01-33-29_label_B2-G-0__8.npy,B2-G-0
Operation.Red.Sea.2018__#01-32-16_01-33-29_label_B2-G-0__9.npy,B2-G-0
The.Bourne.Ultimatum.2007__#01-29-00_01-31-37_label_B6-B2-0__0.npy,B6-B2-0
The.Bourne.Ultimatum.2007__#01-29-00_01-31-37_label_B6-B2-0__1.npy,B6-B2-0
The.Bourne.Ultimatum.2007__#01-29-00_01-31-37_label_B6-B2-0__2.npy,B6-B2-0
The.Bourne.Ultimatum.2007__#01-29-00_01-31-37_label_B6-B2-0__3.npy,B6-B2-0
The.Bourne.Ultimatum.2007__#01-29-00_01-31-37_label_B6-B2-0__4.npy,B6-B2-0
The.Bourne.Ultimatum.2007__#01-29-00_01-31-37_label_B6-B2-0__5.npy,B6-B2-0
The.Bourne.Ultimatum.2007__#01-29-00_01-31-37_label_B6-B2-0__6.npy,B6-B2-0
The.Bourne.Ultimatum.2007__#01-29-00_01-31-37_label_B6-B2-0__7.npy,B6-B2-0
The.Bourne.Ultimatum.2007__#01-29-00_01-31-37_label_B6-B2-0__8.npy,B6-B2-0
The.Bourne.Ultimatum.2007__#01-29-00_01-31-37_label_B6-B2-0__9.npy,B6-B2-0
The.Bourne.Ultimatum.2007__#0-36-52_0-39-16_label_B2-B1-0__0.npy,B2-B1-0
The.Bourne.Ultimatum.2007__#0-36-52_0-39-16_label_B2-B1-0__1.npy,B2-B1-0
The.Bourne.Ultimatum.2007__#0-36-52_0-39-16_label_B2-B1-0__2.npy,B2-B1-0
The.Bourne.Ultimatum.2007__#0-36-52_0-39-16_label_B2-B1-0__3.npy,B2-B1-0
The.Bourne.Ultimatum.2007__#0-36-52_0-39-16_label_B2-B1-0__4.npy,B2-B1-0
The.Bourne.Ultimatum.2007__#0-36-52_0-39-16_label_B2-B1-0__5.npy,B2-B1-0
The.Bourne.Ultimatum.2007__#0-36-52_0-39-16_label_B2-B1-0__6.npy,B2-B1-0
The.Bourne.Ultimatum.2007__#0-36-52_0-39-16_label_B2-B1-0__7.npy,B2-B1-0
The.Bourne.Ultimatum.2007__#0-36-52_0-39-16_label_B2-B1-0__8.npy,B2-B1-0
The.Bourne.Ultimatum.2007__#0-36-52_0-39-16_label_B2-B1-0__9.npy,B2-B1-0
Rush.Hour.3.2007.BluRay__#01-17-08_01-17-48_label_B1-B2-0__0.npy,B1-B2-0
Rush.Hour.3.2007.BluRay__#01-17-08_01-17-48_label_B1-B2-0__1.npy,B1-B2-0
Rush.Hour.3.2007.BluRay__#01-17-08_01-17-48_label_B1-B2-0__2.npy,B1-B2-0
Rush.Hour.3.2007.BluRay__#01-17-08_01-17-48_label_B1-B2-0__3.npy,B1-B2-0
Rush.Hour.3.2007.BluRay__#01-17-08_01-17-48_label_B1-B2-0__4.npy,B1-B2-0
Rush.Hour.3.2007.BluRay__#01-17-08_01-17-48_label_B1-B2-0__5.npy,B1-B2-0
Rush.Hour.3.2007.BluRay__#01-17-08_01-17-48_label_B1-B2-0__6.npy,B1-B2-0
Rush.Hour.3.2007.BluRay__#01-17-08_01-17-48_label_B1-B2-0__7.npy,B1-B2-0
Rush.Hour.3.2007.BluRay__#01-17-08_01-17-48_label_B1-B2-0__8.npy,B1-B2-0
Rush.Hour.3.2007.BluRay__#01-17-08_01-17-48_label_B1-B2-0__9.npy,B1-B2-0
The.Hurt.Locker.2008__#0-54-27_0-54-51_label_G-B2-0__0.npy,G-B2-0
The.Hurt.Locker.2008__#0-54-27_0-54-51_label_G-B2-0__1.npy,G-B2-0
The.Hurt.Locker.2008__#0-54-27_0-54-51_label_G-B2-0__2.npy,G-B2-0
The.Hurt.Locker.2008__#0-54-27_0-54-51_label_G-B2-0__3.npy,G-B2-0
The.Hurt.Locker.2008__#0-54-27_0-54-51_label_G-B2-0__4.npy,G-B2-0
The.Hurt.Locker.2008__#0-54-27_0-54-51_label_G-B2-0__5.npy,G-B2-0
The.Hurt.Locker.2008__#0-54-27_0-54-51_label_G-B2-0__6.npy,G-B2-0
The.Hurt.Locker.2008__#0-54-27_0-54-51_label_G-B2-0__7.npy,G-B2-0
The.Hurt.Locker.2008__#0-54-27_0-54-51_label_G-B2-0__8.npy,G-B2-0
The.Hurt.Locker.2008__#0-54-27_0-54-51_label_G-B2-0__9.npy,G-B2-0
Sin.City.2005__#0-20-08_0-21-21_label_B1-B2-0__0.npy,B1-B2-0
Sin.City.2005__#0-20-08_0-21-21_label_B1-B2-0__1.npy,B1-B2-0
Sin.City.2005__#0-20-08_0-21-21_label_B1-B2-0__2.npy,B1-B2-0
Sin.City.2005__#0-20-08_0-21-21_label_B1-B2-0__3.npy,B1-B2-0
Sin.City.2005__#0-20-08_0-21-21_label_B1-B2-0__4.npy,B1-B2-0
Sin.City.2005__#0-20-08_0-21-21_label_B1-B2-0__5.npy,B1-B2-0
Sin.City.2005__#0-20-08_0-21-21_label_B1-B2-0__6.npy,B1-B2-0
Sin.City.2005__#0-20-08_0-21-21_label_B1-B2-0__7.npy,B1-B2-0
Sin.City.2005__#0-20-08_0-21-21_label_B1-B2-0__8.npy,B1-B2-0
Sin.City.2005__#0-20-08_0-21-21_label_B1-B2-0__9.npy,B1-B2-0
Tropa.de.Elite.2.2010__#00-44-02_00-45-10_label_B1-B2-0__0.npy,B1-B2-0
Tropa.de.Elite.2.2010__#00-44-02_00-45-10_label_B1-B2-0__1.npy,B1-B2-0
Tropa.de.Elite.2.2010__#00-44-02_00-45-10_label_B1-B2-0__2.npy,B1-B2-0
Tropa.de.Elite.2.2010__#00-44-02_00-45-10_label_B1-B2-0__3.npy,B1-B2-0
Tropa.de.Elite.2.2010__#00-44-02_00-45-10_label_B1-B2-0__4.npy,B1-B2-0
Tropa.de.Elite.2.2010__#00-44-02_00-45-10_label_B1-B2-0__5.npy,B1-B2-0
Tropa.de.Elite.2.2010__#00-44-02_00-45-10_label_B1-B2-0__6.npy,B1-B2-0
Tropa.de.Elite.2.2010__#00-44-02_00-45-10_label_B1-B2-0__7.npy,B1-B2-0
Tropa.de.Elite.2.2010__#00-44-02_00-45-10_label_B1-B2-0__8.npy,B1-B2-0
Tropa.de.Elite.2.2010__#00-44-02_00-45-10_label_B1-B2-0__9.npy,B1-B2-0
Rush.Hour.1998.BluRay__#01-22-19_01-24-06_label_B1-B2-0__0.npy,B1-B2-0
Rush.Hour.1998.BluRay__#01-22-19_01-24-06_label_B1-B2-0__1.npy,B1-B2-0
Rush.Hour.1998.BluRay__#01-22-19_01-24-06_label_B1-B2-0__2.npy,B1-B2-0
Rush.Hour.1998.BluRay__#01-22-19_01-24-06_label_B1-B2-0__3.npy,B1-B2-0
Rush.Hour.1998.BluRay__#01-22-19_01-24-06_label_B1-B2-0__4.npy,B1-B2-0
Rush.Hour.1998.BluRay__#01-22-19_01-24-06_label_B1-B2-0__5.npy,B1-B2-0
Rush.Hour.1998.BluRay__#01-22-19_01-24-06_label_B1-B2-0__6.npy,B1-B2-0
Rush.Hour.1998.BluRay__#01-22-19_01-24-06_label_B1-B2-0__7.npy,B1-B2-0
Rush.Hour.1998.BluRay__#01-22-19_01-24-06_label_B1-B2-0__8.npy,B1-B2-0
Rush.Hour.1998.BluRay__#01-22-19_01-24-06_label_B1-B2-0__9.npy,B1-B2-0
Operation.Red.Sea.2018__#0-34-30_0-34-53_label_B2-G-0__0.npy,B2-G-0
Operation.Red.Sea.2018__#0-34-30_0-34-53_label_B2-G-0__1.npy,B2-G-0
Operation.Red.Sea.2018__#0-34-30_0-34-53_label_B2-G-0__2.npy,B2-G-0
Operation.Red.Sea.2018__#0-34-30_0-34-53_label_B2-G-0__3.npy,B2-G-0
Operation.Red.Sea.2018__#0-34-30_0-34-53_label_B2-G-0__4.npy,B2-G-0
Operation.Red.Sea.2018__#0-34-30_0-34-53_label_B2-G-0__5.npy,B2-G-0
Operation.Red.Sea.2018__#0-34-30_0-34-53_label_B2-G-0__6.npy,B2-G-0
Operation.Red.Sea.2018__#0-34-30_0-34-53_label_B2-G-0__7.npy,B2-G-0
Operation.Red.Sea.2018__#0-34-30_0-34-53_label_B2-G-0__8.npy,B2-G-0
Operation.Red.Sea.2018__#0-34-30_0-34-53_label_B2-G-0__9.npy,B2-G-0
v=17opHdt3xc8__#1_label_G-B2-0__0.npy,G-B2-0
v=17opHdt3xc8__#1_label_G-B2-0__1.npy,G-B2-0
v=17opHdt3xc8__#1_label_G-B2-0__2.npy,G-B2-0
v=17opHdt3xc8__#1_label_G-B2-0__3.npy,G-B2-0
v=17opHdt3xc8__#1_label_G-B2-0__4.npy,G-B2-0
v=17opHdt3xc8__#1_label_G-B2-0__5.npy,G-B2-0
v=17opHdt3xc8__#1_label_G-B2-0__6.npy,G-B2-0
v=17opHdt3xc8__#1_label_G-B2-0__7.npy,G-B2-0
v=17opHdt3xc8__#1_label_G-B2-0__8.npy,G-B2-0
v=17opHdt3xc8__#1_label_G-B2-0__9.npy,G-B2-0
v=HNh3XuCFowA__#1_label_B2-G-0__0.npy,B2-G-0
v=HNh3XuCFowA__#1_label_B2-G-0__1.npy,B2-G-0
v=HNh3XuCFowA__#1_label_B2-G-0__2.npy,B2-G-0
v=HNh3XuCFowA__#1_label_B2-G-0__3.npy,B2-G-0
v=HNh3XuCFowA__#1_label_B2-G-0__4.npy,B2-G-0
v=HNh3XuCFowA__#1_label_B2-G-0__5.npy,B2-G-0
v=HNh3XuCFowA__#1_label_B2-G-0__6.npy,B2-G-0
v=HNh3XuCFowA__#1_label_B2-G-0__7.npy,B2-G-0
v=HNh3XuCFowA__#1_label_B2-G-0__8.npy,B2-G-0
v=HNh3XuCFowA__#1_label_B2-G-0__9.npy,B2-G-0
v=20kXPI2DX_U__#1_label_B2-G-B6__0.npy,B2-G-B6
v=20kXPI2DX_U__#1_label_B2-G-B6__1.npy,B2-G-B6
v=20kXPI2DX_U__#1_label_B2-G-B6__2.npy,B2-G-B6
v=20kXPI2DX_U__#1_label_B2-G-B6__3.npy,B2-G-B6
v=20kXPI2DX_U__#1_label_B2-G-B6__4.npy,B2-G-B6
v=20kXPI2DX_U__#1_label_B2-G-B6__5.npy,B2-G-B6
v=20kXPI2DX_U__#1_label_B2-G-B6__6.npy,B2-G-B6
v=20kXPI2DX_U__#1_label_B2-G-B6__7.npy,B2-G-B6
v=20kXPI2DX_U__#1_label_B2-G-B6__8.npy,B2-G-B6
v=20kXPI2DX_U__#1_label_B2-G-B6__9.npy,B2-G-B6
v=pxW4Xfn0Rk8__#1_label_G-B2-0__0.npy,G-B2-0
v=pxW4Xfn0Rk8__#1_label_G-B2-0__1.npy,G-B2-0
v=pxW4Xfn0Rk8__#1_label_G-B2-0__2.npy,G-B2-0
v=pxW4Xfn0Rk8__#1_label_G-B2-0__3.npy,G-B2-0
v=pxW4Xfn0Rk8__#1_label_G-B2-0__4.npy,G-B2-0
v=pxW4Xfn0Rk8__#1_label_G-B2-0__5.npy,G-B2-0
v=pxW4Xfn0Rk8__#1_label_G-B2-0__6.npy,G-B2-0
v=pxW4Xfn0Rk8__#1_label_G-B2-0__7.npy,G-B2-0
v=pxW4Xfn0Rk8__#1_label_G-B2-0__8.npy,G-B2-0
v=pxW4Xfn0Rk8__#1_label_G-B2-0__9.npy,G-B2-0
v=KksmTloMKuQ__#00-00-00_00-03-06_label_B2-G-0__0.npy,B2-G-0
v=KksmTloMKuQ__#00-00-00_00-03-06_label_B2-G-0__1.npy,B2-G-0
v=KksmTloMKuQ__#00-00-00_00-03-06_label_B2-G-0__2.npy,B2-G-0
v=KksmTloMKuQ__#00-00-00_00-03-06_label_B2-G-0__3.npy,B2-G-0
v=KksmTloMKuQ__#00-00-00_00-03-06_label_B2-G-0__4.npy,B2-G-0
v=KksmTloMKuQ__#00-00-00_00-03-06_label_B2-G-0__5.npy,B2-G-0
v=KksmTloMKuQ__#00-00-00_00-03-06_label_B2-G-0__6.npy,B2-G-0
v=KksmTloMKuQ__#00-00-00_00-03-06_label_B2-G-0__7.npy,B2-G-0
v=KksmTloMKuQ__#00-00-00_00-03-06_label_B2-G-0__8.npy,B2-G-0
v=KksmTloMKuQ__#00-00-00_00-03-06_label_B2-G-0__9.npy,B2-G-0
Young.And.Dangerous.III.1996__#01-19-42_01-20-28_label_B2-B1-0__0.npy,B2-B1-0
Young.And.Dangerous.III.1996__#01-19-42_01-20-28_label_B2-B1-0__1.npy,B2-B1-0
Young.And.Dangerous.III.1996__#01-19-42_01-20-28_label_B2-B1-0__2.npy,B2-B1-0
Young.And.Dangerous.III.1996__#01-19-42_01-20-28_label_B2-B1-0__3.npy,B2-B1-0
Young.And.Dangerous.III.1996__#01-19-42_01-20-28_label_B2-B1-0__4.npy,B2-B1-0
Young.And.Dangerous.III.1996__#01-19-42_01-20-28_label_B2-B1-0__5.npy,B2-B1-0
Young.And.Dangerous.III.1996__#01-19-42_01-20-28_label_B2-B1-0__6.npy,B2-B1-0
Young.And.Dangerous.III.1996__#01-19-42_01-20-28_label_B2-B1-0__7.npy,B2-B1-0
Young.And.Dangerous.III.1996__#01-19-42_01-20-28_label_B2-B1-0__8.npy,B2-B1-0
Young.And.Dangerous.III.1996__#01-19-42_01-20-28_label_B2-B1-0__9.npy,B2-B1-0
wangted.2008__#01-32-25_01-33-30_label_B1-B2-0__0.npy,B1-B2-0
wangted.2008__#01-32-25_01-33-30_label_B1-B2-0__1.npy,B1-B2-0
wangted.2008__#01-32-25_01-33-30_label_B1-B2-0__2.npy,B1-B2-0
wangted.2008__#01-32-25_01-33-30_label_B1-B2-0__3.npy,B1-B2-0
wangted.2008__#01-32-25_01-33-30_label_B1-B2-0__4.npy,B1-B2-0
wangted.2008__#01-32-25_01-33-30_label_B1-B2-0__5.npy,B1-B2-0
wangted.2008__#01-32-25_01-33-30_label_B1-B2-0__6.npy,B1-B2-0
wangted.2008__#01-32-25_01-33-30_label_B1-B2-0__7.npy,B1-B2-0
wangted.2008__#01-32-25_01-33-30_label_B1-B2-0__8.npy,B1-B2-0
wangted.2008__#01-32-25_01-33-30_label_B1-B2-0__9.npy,B1-B2-0
The.Pursuit.of.Happyness.2006__#00-33-52_00-38-31_label_A__0.npy,A
The.Pursuit.of.Happyness.2006__#00-33-52_00-38-31_label_A__1.npy,A
The.Pursuit.of.Happyness.2006__#00-33-52_00-38-31_label_A__2.npy,A
The.Pursuit.of.Happyness.2006__#00-33-52_00-38-31_label_A__3.npy,A
The.Pursuit.of.Happyness.2006__#00-33-52_00-38-31_label_A__4.npy,A
The.Pursuit.of.Happyness.2006__#00-33-52_00-38-31_label_A__5.npy,A
The.Pursuit.of.Happyness.2006__#00-33-52_00-38-31_label_A__6.npy,A
The.Pursuit.of.Happyness.2006__#00-33-52_00-38-31_label_A__7.npy,A
The.Pursuit.of.Happyness.2006__#00-33-52_00-38-31_label_A__8.npy,A
The.Pursuit.of.Happyness.2006__#00-33-52_00-38-31_label_A__9.npy,A
v=DeUSwzw847M__#1_label_A__0.npy,A
v=DeUSwzw847M__#1_label_A__1.npy,A
v=DeUSwzw847M__#1_label_A__2.npy,A
v=DeUSwzw847M__#1_label_A__3.npy,A
v=DeUSwzw847M__#1_label_A__4.npy,A
v=DeUSwzw847M__#1_label_A__5.npy,A
v=DeUSwzw847M__#1_label_A__6.npy,A
v=DeUSwzw847M__#1_label_A__7.npy,A
v=DeUSwzw847M__#1_label_A__8.npy,A
v=DeUSwzw847M__#1_label_A__9.npy,A
Hear.Me.2009__#00-01-45_00-04-15_label_A__0.npy,A
Hear.Me.2009__#00-01-45_00-04-15_label_A__1.npy,A
Hear.Me.2009__#00-01-45_00-04-15_label_A__2.npy,A
Hear.Me.2009__#00-01-45_00-04-15_label_A__3.npy,A
Hear.Me.2009__#00-01-45_00-04-15_label_A__4.npy,A
Hear.Me.2009__#00-01-45_00-04-15_label_A__5.npy,A
Hear.Me.2009__#00-01-45_00-04-15_label_A__6.npy,A
Hear.Me.2009__#00-01-45_00-04-15_label_A__7.npy,A
Hear.Me.2009__#00-01-45_00-04-15_label_A__8.npy,A
Hear.Me.2009__#00-01-45_00-04-15_label_A__9.npy,A
v=F-FNZyVzoJA__#1_label_A__0.npy,A
v=F-FNZyVzoJA__#1_label_A__1.npy,A
v=F-FNZyVzoJA__#1_label_A__2.npy,A
v=F-FNZyVzoJA__#1_label_A__3.npy,A
v=F-FNZyVzoJA__#1_label_A__4.npy,A
v=F-FNZyVzoJA__#1_label_A__5.npy,A
v=F-FNZyVzoJA__#1_label_A__6.npy,A
v=F-FNZyVzoJA__#1_label_A__7.npy,A
v=F-FNZyVzoJA__#1_label_A__8.npy,A
v=F-FNZyVzoJA__#1_label_A__9.npy,A
Love.Actually.2003__#01-30-25_01-33-56_label_A__0.npy,A
Love.Actually.2003__#01-30-25_01-33-56_label_A__1.npy,A
Love.Actually.2003__#01-30-25_01-33-56_label_A__2.npy,A
Love.Actually.2003__#01-30-25_01-33-56_label_A__3.npy,A
Love.Actually.2003__#01-30-25_01-33-56_label_A__4.npy,A
Love.Actually.2003__#01-30-25_01-33-56_label_A__5.npy,A
Love.Actually.2003__#01-30-25_01-33-56_label_A__6.npy,A
Love.Actually.2003__#01-30-25_01-33-56_label_A__7.npy,A
Love.Actually.2003__#01-30-25_01-33-56_label_A__8.npy,A
Love.Actually.2003__#01-30-25_01-33-56_label_A__9.npy,A
v=eAgqJnO3kr8__#00-30-00_00-36-00_label_A__0.npy,A
v=eAgqJnO3kr8__#00-30-00_00-36-00_label_A__1.npy,A
v=eAgqJnO3kr8__#00-30-00_00-36-00_label_A__2.npy,A
v=eAgqJnO3kr8__#00-30-00_00-36-00_label_A__3.npy,A
v=eAgqJnO3kr8__#00-30-00_00-36-00_label_A__4.npy,A
v=eAgqJnO3kr8__#00-30-00_00-36-00_label_A__5.npy,A
v=eAgqJnO3kr8__#00-30-00_00-36-00_label_A__6.npy,A
v=eAgqJnO3kr8__#00-30-00_00-36-00_label_A__7.npy,A
v=eAgqJnO3kr8__#00-30-00_00-36-00_label_A__8.npy,A
v=eAgqJnO3kr8__#00-30-00_00-36-00_label_A__9.npy,A
Election.2005__#01-12-58_01-14-11_label_A__0.npy,A
Election.2005__#01-12-58_01-14-11_label_A__1.npy,A
Election.2005__#01-12-58_01-14-11_label_A__2.npy,A
Election.2005__#01-12-58_01-14-11_label_A__3.npy,A
Election.2005__#01-12-58_01-14-11_label_A__4.npy,A
Election.2005__#01-12-58_01-14-11_label_A__5.npy,A
Election.2005__#01-12-58_01-14-11_label_A__6.npy,A
Election.2005__#01-12-58_01-14-11_label_A__7.npy,A
Election.2005__#01-12-58_01-14-11_label_A__8.npy,A
Election.2005__#01-12-58_01-14-11_label_A__9.npy,A
Mission.Impossible.II.2000__#01-56-14_01-58-10_label_A__0.npy,A
Mission.Impossible.II.2000__#01-56-14_01-58-10_label_A__1.npy,A
Mission.Impossible.II.2000__#01-56-14_01-58-10_label_A__2.npy,A
Mission.Impossible.II.2000__#01-56-14_01-58-10_label_A__3.npy,A
Mission.Impossible.II.2000__#01-56-14_01-58-10_label_A__4.npy,A
Mission.Impossible.II.2000__#01-56-14_01-58-10_label_A__5.npy,A
Mission.Impossible.II.2000__#01-56-14_01-58-10_label_A__6.npy,A
Mission.Impossible.II.2000__#01-56-14_01-58-10_label_A__7.npy,A
Mission.Impossible.II.2000__#01-56-14_01-58-10_label_A__8.npy,A
Mission.Impossible.II.2000__#01-56-14_01-58-10_label_A__9.npy,A
v=YLupFOFCOds__#1_label_A__0.npy,A
v=YLupFOFCOds__#1_label_A__1.npy,A
v=YLupFOFCOds__#1_label_A__2.npy,A
v=YLupFOFCOds__#1_label_A__3.npy,A
v=YLupFOFCOds__#1_label_A__4.npy,A
v=YLupFOFCOds__#1_label_A__5.npy,A
v=YLupFOFCOds__#1_label_A__6.npy,A
v=YLupFOFCOds__#1_label_A__7.npy,A
v=YLupFOFCOds__#1_label_A__8.npy,A
v=YLupFOFCOds__#1_label_A__9.npy,A
v=vsI_pKNcgeQ__#00-09-00_00-12-00_label_A__0.npy,A
v=vsI_pKNcgeQ__#00-09-00_00-12-00_label_A__1.npy,A
v=vsI_pKNcgeQ__#00-09-00_00-12-00_label_A__2.npy,A
v=vsI_pKNcgeQ__#00-09-00_00-12-00_label_A__3.npy,A
v=vsI_pKNcgeQ__#00-09-00_00-12-00_label_A__4.npy,A
v=vsI_pKNcgeQ__#00-09-00_00-12-00_label_A__5.npy,A
v=vsI_pKNcgeQ__#00-09-00_00-12-00_label_A__6.npy,A
v=vsI_pKNcgeQ__#00-09-00_00-12-00_label_A__7.npy,A
v=vsI_pKNcgeQ__#00-09-00_00-12-00_label_A__8.npy,A
v=vsI_pKNcgeQ__#00-09-00_00-12-00_label_A__9.npy,A
v=9eME1y6V-T4__#01-12-00_01-18-00_label_A__0.npy,A
v=9eME1y6V-T4__#01-12-00_01-18-00_label_A__1.npy,A
v=9eME1y6V-T4__#01-12-00_01-18-00_label_A__2.npy,A
v=9eME1y6V-T4__#01-12-00_01-18-00_label_A__3.npy,A
v=9eME1y6V-T4__#01-12-00_01-18-00_label_A__4.npy,A
v=9eME1y6V-T4__#01-12-00_01-18-00_label_A__5.npy,A
v=9eME1y6V-T4__#01-12-00_01-18-00_label_A__6.npy,A
v=9eME1y6V-T4__#01-12-00_01-18-00_label_A__7.npy,A
v=9eME1y6V-T4__#01-12-00_01-18-00_label_A__8.npy,A
v=9eME1y6V-T4__#01-12-00_01-18-00_label_A__9.npy,A
Be.with.You.2018__#00-40-52_00-42-01_label_A__0.npy,A
Be.with.You.2018__#00-40-52_00-42-01_label_A__1.npy,A
Be.with.You.2018__#00-40-52_00-42-01_label_A__2.npy,A
Be.with.You.2018__#00-40-52_00-42-01_label_A__3.npy,A
Be.with.You.2018__#00-40-52_00-42-01_label_A__4.npy,A
Be.with.You.2018__#00-40-52_00-42-01_label_A__5.npy,A
Be.with.You.2018__#00-40-52_00-42-01_label_A__6.npy,A
Be.with.You.2018__#00-40-52_00-42-01_label_A__7.npy,A
Be.with.You.2018__#00-40-52_00-42-01_label_A__8.npy,A
Be.with.You.2018__#00-40-52_00-42-01_label_A__9.npy,A
Flipped.2010__#01-14-30_01-16-51_label_A__0.npy,A
Flipped.2010__#01-14-30_01-16-51_label_A__1.npy,A
Flipped.2010__#01-14-30_01-16-51_label_A__2.npy,A
Flipped.2010__#01-14-30_01-16-51_label_A__3.npy,A
Flipped.2010__#01-14-30_01-16-51_label_A__4.npy,A
Flipped.2010__#01-14-30_01-16-51_label_A__5.npy,A
Flipped.2010__#01-14-30_01-16-51_label_A__6.npy,A
Flipped.2010__#01-14-30_01-16-51_label_A__7.npy,A
Flipped.2010__#01-14-30_01-16-51_label_A__8.npy,A
Flipped.2010__#01-14-30_01-16-51_label_A__9.npy,A
v=yGotXLo4I5U__#1_label_A__0.npy,A
v=yGotXLo4I5U__#1_label_A__1.npy,A
v=yGotXLo4I5U__#1_label_A__2.npy,A
v=yGotXLo4I5U__#1_label_A__3.npy,A
v=yGotXLo4I5U__#1_label_A__4.npy,A
v=yGotXLo4I5U__#1_label_A__5.npy,A
v=yGotXLo4I5U__#1_label_A__6.npy,A
v=yGotXLo4I5U__#1_label_A__7.npy,A
v=yGotXLo4I5U__#1_label_A__8.npy,A
v=yGotXLo4I5U__#1_label_A__9.npy,A
v=qYyM0ta0NIY__#1_label_A__0.npy,A
v=qYyM0ta0NIY__#1_label_A__1.npy,A
v=qYyM0ta0NIY__#1_label_A__2.npy,A
v=qYyM0ta0NIY__#1_label_A__3.npy,A
v=qYyM0ta0NIY__#1_label_A__4.npy,A
v=qYyM0ta0NIY__#1_label_A__5.npy,A
v=qYyM0ta0NIY__#1_label_A__6.npy,A
v=qYyM0ta0NIY__#1_label_A__7.npy,A
v=qYyM0ta0NIY__#1_label_A__8.npy,A
v=qYyM0ta0NIY__#1_label_A__9.npy,A
v=5dRZK_P5D3c__#1_label_A__0.npy,A
v=5dRZK_P5D3c__#1_label_A__1.npy,A
v=5dRZK_P5D3c__#1_label_A__2.npy,A
v=5dRZK_P5D3c__#1_label_A__3.npy,A
v=5dRZK_P5D3c__#1_label_A__4.npy,A
v=5dRZK_P5D3c__#1_label_A__5.npy,A
v=5dRZK_P5D3c__#1_label_A__6.npy,A
v=5dRZK_P5D3c__#1_label_A__7.npy,A
v=5dRZK_P5D3c__#1_label_A__8.npy,A
v=5dRZK_P5D3c__#1_label_A__9.npy,A
The.Bourne.Ultimatum.2007__#0-31-52_0-32-52_label_A__0.npy,A
The.Bourne.Ultimatum.2007__#0-31-52_0-32-52_label_A__1.npy,A
The.Bourne.Ultimatum.2007__#0-31-52_0-32-52_label_A__2.npy,A
The.Bourne.Ultimatum.2007__#0-31-52_0-32-52_label_A__3.npy,A
The.Bourne.Ultimatum.2007__#0-31-52_0-32-52_label_A__4.npy,A
The.Bourne.Ultimatum.2007__#0-31-52_0-32-52_label_A__5.npy,A
The.Bourne.Ultimatum.2007__#0-31-52_0-32-52_label_A__6.npy,A
The.Bourne.Ultimatum.2007__#0-31-52_0-32-52_label_A__7.npy,A
The.Bourne.Ultimatum.2007__#0-31-52_0-32-52_label_A__8.npy,A
The.Bourne.Ultimatum.2007__#0-31-52_0-32-52_label_A__9.npy,A
Bullet.in.the.Head.1990__#01-54-10_01-55-41_label_A__0.npy,A
Bullet.in.the.Head.1990__#01-54-10_01-55-41_label_A__1.npy,A
Bullet.in.the.Head.1990__#01-54-10_01-55-41_label_A__2.npy,A
Bullet.in.the.Head.1990__#01-54-10_01-55-41_label_A__3.npy,A
Bullet.in.the.Head.1990__#01-54-10_01-55-41_label_A__4.npy,A
Bullet.in.the.Head.1990__#01-54-10_01-55-41_label_A__5.npy,A
Bullet.in.the.Head.1990__#01-54-10_01-55-41_label_A__6.npy,A
Bullet.in.the.Head.1990__#01-54-10_01-55-41_label_A__7.npy,A
Bullet.in.the.Head.1990__#01-54-10_01-55-41_label_A__8.npy,A
Bullet.in.the.Head.1990__#01-54-10_01-55-41_label_A__9.npy,A
v=8j8dy47BXHk__#1_label_A__0.npy,A
v=8j8dy47BXHk__#1_label_A__1.npy,A
v=8j8dy47BXHk__#1_label_A__2.npy,A
v=8j8dy47BXHk__#1_label_A__3.npy,A
v=8j8dy47BXHk__#1_label_A__4.npy,A
v=8j8dy47BXHk__#1_label_A__5.npy,A
v=8j8dy47BXHk__#1_label_A__6.npy,A
v=8j8dy47BXHk__#1_label_A__7.npy,A
v=8j8dy47BXHk__#1_label_A__8.npy,A
v=8j8dy47BXHk__#1_label_A__9.npy,A
One.Day.2011__#00-42-52_00-45-31_label_A__0.npy,A
One.Day.2011__#00-42-52_00-45-31_label_A__1.npy,A
One.Day.2011__#00-42-52_00-45-31_label_A__2.npy,A
One.Day.2011__#00-42-52_00-45-31_label_A__3.npy,A
One.Day.2011__#00-42-52_00-45-31_label_A__4.npy,A
One.Day.2011__#00-42-52_00-45-31_label_A__5.npy,A
One.Day.2011__#00-42-52_00-45-31_label_A__6.npy,A
One.Day.2011__#00-42-52_00-45-31_label_A__7.npy,A
One.Day.2011__#00-42-52_00-45-31_label_A__8.npy,A
One.Day.2011__#00-42-52_00-45-31_label_A__9.npy,A
v=sm32v-vwuiQ__#1_label_A__0.npy,A
v=sm32v-vwuiQ__#1_label_A__1.npy,A
v=sm32v-vwuiQ__#1_label_A__2.npy,A
v=sm32v-vwuiQ__#1_label_A__3.npy,A
v=sm32v-vwuiQ__#1_label_A__4.npy,A
v=sm32v-vwuiQ__#1_label_A__5.npy,A
v=sm32v-vwuiQ__#1_label_A__6.npy,A
v=sm32v-vwuiQ__#1_label_A__7.npy,A
v=sm32v-vwuiQ__#1_label_A__8.npy,A
v=sm32v-vwuiQ__#1_label_A__9.npy,A
Hear.Me.2009__#01-34-18_01-38-11_label_A__0.npy,A
Hear.Me.2009__#01-34-18_01-38-11_label_A__1.npy,A
Hear.Me.2009__#01-34-18_01-38-11_label_A__2.npy,A
Hear.Me.2009__#01-34-18_01-38-11_label_A__3.npy,A
Hear.Me.2009__#01-34-18_01-38-11_label_A__4.npy,A
Hear.Me.2009__#01-34-18_01-38-11_label_A__5.npy,A
Hear.Me.2009__#01-34-18_01-38-11_label_A__6.npy,A
Hear.Me.2009__#01-34-18_01-38-11_label_A__7.npy,A
Hear.Me.2009__#01-34-18_01-38-11_label_A__8.npy,A
Hear.Me.2009__#01-34-18_01-38-11_label_A__9.npy,A
v=yZ2wlTAN49g__#00-12-00_00-15-00_label_A__0.npy,A
v=yZ2wlTAN49g__#00-12-00_00-15-00_label_A__1.npy,A
v=yZ2wlTAN49g__#00-12-00_00-15-00_label_A__2.npy,A
v=yZ2wlTAN49g__#00-12-00_00-15-00_label_A__3.npy,A
v=yZ2wlTAN49g__#00-12-00_00-15-00_label_A__4.npy,A
v=yZ2wlTAN49g__#00-12-00_00-15-00_label_A__5.npy,A
v=yZ2wlTAN49g__#00-12-00_00-15-00_label_A__6.npy,A
v=yZ2wlTAN49g__#00-12-00_00-15-00_label_A__7.npy,A
v=yZ2wlTAN49g__#00-12-00_00-15-00_label_A__8.npy,A
v=yZ2wlTAN49g__#00-12-00_00-15-00_label_A__9.npy,A
IP.Man.2.2010__#01-16-59_01-17-19_label_A__0.npy,A
IP.Man.2.2010__#01-16-59_01-17-19_label_A__1.npy,A
IP.Man.2.2010__#01-16-59_01-17-19_label_A__2.npy,A
IP.Man.2.2010__#01-16-59_01-17-19_label_A__3.npy,A
IP.Man.2.2010__#01-16-59_01-17-19_label_A__4.npy,A
IP.Man.2.2010__#01-16-59_01-17-19_label_A__5.npy,A
IP.Man.2.2010__#01-16-59_01-17-19_label_A__6.npy,A
IP.Man.2.2010__#01-16-59_01-17-19_label_A__7.npy,A
IP.Man.2.2010__#01-16-59_01-17-19_label_A__8.npy,A
IP.Man.2.2010__#01-16-59_01-17-19_label_A__9.npy,A
v=fkps18H3SXY__#01-06-00_01-12-00_label_A__0.npy,A
v=fkps18H3SXY__#01-06-00_01-12-00_label_A__1.npy,A
v=fkps18H3SXY__#01-06-00_01-12-00_label_A__2.npy,A
v=fkps18H3SXY__#01-06-00_01-12-00_label_A__3.npy,A
v=fkps18H3SXY__#01-06-00_01-12-00_label_A__4.npy,A
v=fkps18H3SXY__#01-06-00_01-12-00_label_A__5.npy,A
v=fkps18H3SXY__#01-06-00_01-12-00_label_A__6.npy,A
v=fkps18H3SXY__#01-06-00_01-12-00_label_A__7.npy,A
v=fkps18H3SXY__#01-06-00_01-12-00_label_A__8.npy,A
v=fkps18H3SXY__#01-06-00_01-12-00_label_A__9.npy,A
Casino.Royale.2006__#02-16-49_02-19-45_label_A__0.npy,A
Casino.Royale.2006__#02-16-49_02-19-45_label_A__1.npy,A
Casino.Royale.2006__#02-16-49_02-19-45_label_A__2.npy,A
Casino.Royale.2006__#02-16-49_02-19-45_label_A__3.npy,A
Casino.Royale.2006__#02-16-49_02-19-45_label_A__4.npy,A
Casino.Royale.2006__#02-16-49_02-19-45_label_A__5.npy,A
Casino.Royale.2006__#02-16-49_02-19-45_label_A__6.npy,A
Casino.Royale.2006__#02-16-49_02-19-45_label_A__7.npy,A
Casino.Royale.2006__#02-16-49_02-19-45_label_A__8.npy,A
Casino.Royale.2006__#02-16-49_02-19-45_label_A__9.npy,A
v=f6j3YWgVBto__#00-02-30_00-03-40_label_A__0.npy,A
v=f6j3YWgVBto__#00-02-30_00-03-40_label_A__1.npy,A
v=f6j3YWgVBto__#00-02-30_00-03-40_label_A__2.npy,A
v=f6j3YWgVBto__#00-02-30_00-03-40_label_A__3.npy,A
v=f6j3YWgVBto__#00-02-30_00-03-40_label_A__4.npy,A
v=f6j3YWgVBto__#00-02-30_00-03-40_label_A__5.npy,A
v=f6j3YWgVBto__#00-02-30_00-03-40_label_A__6.npy,A
v=f6j3YWgVBto__#00-02-30_00-03-40_label_A__7.npy,A
v=f6j3YWgVBto__#00-02-30_00-03-40_label_A__8.npy,A
v=f6j3YWgVBto__#00-02-30_00-03-40_label_A__9.npy,A
The.Notebook.2004__#00-01-45_00-02-50_label_A__0.npy,A
The.Notebook.2004__#00-01-45_00-02-50_label_A__1.npy,A
The.Notebook.2004__#00-01-45_00-02-50_label_A__2.npy,A
The.Notebook.2004__#00-01-45_00-02-50_label_A__3.npy,A
The.Notebook.2004__#00-01-45_00-02-50_label_A__4.npy,A
The.Notebook.2004__#00-01-45_00-02-50_label_A__5.npy,A
The.Notebook.2004__#00-01-45_00-02-50_label_A__6.npy,A
The.Notebook.2004__#00-01-45_00-02-50_label_A__7.npy,A
The.Notebook.2004__#00-01-45_00-02-50_label_A__8.npy,A
The.Notebook.2004__#00-01-45_00-02-50_label_A__9.npy,A
v=EFwhDzC7Ec4__#1_label_A__0.npy,A
v=EFwhDzC7Ec4__#1_label_A__1.npy,A
v=EFwhDzC7Ec4__#1_label_A__2.npy,A
v=EFwhDzC7Ec4__#1_label_A__3.npy,A
v=EFwhDzC7Ec4__#1_label_A__4.npy,A
v=EFwhDzC7Ec4__#1_label_A__5.npy,A
v=EFwhDzC7Ec4__#1_label_A__6.npy,A
v=EFwhDzC7Ec4__#1_label_A__7.npy,A
v=EFwhDzC7Ec4__#1_label_A__8.npy,A
v=EFwhDzC7Ec4__#1_label_A__9.npy,A
v=zK2uHh96pFU__#1_label_A__0.npy,A
v=zK2uHh96pFU__#1_label_A__1.npy,A
v=zK2uHh96pFU__#1_label_A__2.npy,A
v=zK2uHh96pFU__#1_label_A__3.npy,A
v=zK2uHh96pFU__#1_label_A__4.npy,A
v=zK2uHh96pFU__#1_label_A__5.npy,A
v=zK2uHh96pFU__#1_label_A__6.npy,A
v=zK2uHh96pFU__#1_label_A__7.npy,A
v=zK2uHh96pFU__#1_label_A__8.npy,A
v=zK2uHh96pFU__#1_label_A__9.npy,A
v=Dp8eCpcOgzE__#1_label_A__0.npy,A
v=Dp8eCpcOgzE__#1_label_A__1.npy,A
v=Dp8eCpcOgzE__#1_label_A__2.npy,A
v=Dp8eCpcOgzE__#1_label_A__3.npy,A
v=Dp8eCpcOgzE__#1_label_A__4.npy,A
v=Dp8eCpcOgzE__#1_label_A__5.npy,A
v=Dp8eCpcOgzE__#1_label_A__6.npy,A
v=Dp8eCpcOgzE__#1_label_A__7.npy,A
v=Dp8eCpcOgzE__#1_label_A__8.npy,A
v=Dp8eCpcOgzE__#1_label_A__9.npy,A
v=LdpHrAESsrY__#1_label_A__0.npy,A
v=LdpHrAESsrY__#1_label_A__1.npy,A
v=LdpHrAESsrY__#1_label_A__2.npy,A
v=LdpHrAESsrY__#1_label_A__3.npy,A
v=LdpHrAESsrY__#1_label_A__4.npy,A
v=LdpHrAESsrY__#1_label_A__5.npy,A
v=LdpHrAESsrY__#1_label_A__6.npy,A
v=LdpHrAESsrY__#1_label_A__7.npy,A
v=LdpHrAESsrY__#1_label_A__8.npy,A
v=LdpHrAESsrY__#1_label_A__9.npy,A
v=gt0QF8-dTNw__#1_label_A__0.npy,A
v=gt0QF8-dTNw__#1_label_A__1.npy,A
v=gt0QF8-dTNw__#1_label_A__2.npy,A
v=gt0QF8-dTNw__#1_label_A__3.npy,A
v=gt0QF8-dTNw__#1_label_A__4.npy,A
v=gt0QF8-dTNw__#1_label_A__5.npy,A
v=gt0QF8-dTNw__#1_label_A__6.npy,A
v=gt0QF8-dTNw__#1_label_A__7.npy,A
v=gt0QF8-dTNw__#1_label_A__8.npy,A
v=gt0QF8-dTNw__#1_label_A__9.npy,A
v=SdYFFo_tsfk__#00-48-00_00-54-00_label_A__0.npy,A
v=SdYFFo_tsfk__#00-48-00_00-54-00_label_A__1.npy,A
v=SdYFFo_tsfk__#00-48-00_00-54-00_label_A__2.npy,A
v=SdYFFo_tsfk__#00-48-00_00-54-00_label_A__3.npy,A
v=SdYFFo_tsfk__#00-48-00_00-54-00_label_A__4.npy,A
v=SdYFFo_tsfk__#00-48-00_00-54-00_label_A__5.npy,A
v=SdYFFo_tsfk__#00-48-00_00-54-00_label_A__6.npy,A
v=SdYFFo_tsfk__#00-48-00_00-54-00_label_A__7.npy,A
v=SdYFFo_tsfk__#00-48-00_00-54-00_label_A__8.npy,A
v=SdYFFo_tsfk__#00-48-00_00-54-00_label_A__9.npy,A
v=F5MTD1pUjwM__#1_label_A__0.npy,A
v=F5MTD1pUjwM__#1_label_A__1.npy,A
v=F5MTD1pUjwM__#1_label_A__2.npy,A
v=F5MTD1pUjwM__#1_label_A__3.npy,A
v=F5MTD1pUjwM__#1_label_A__4.npy,A
v=F5MTD1pUjwM__#1_label_A__5.npy,A
v=F5MTD1pUjwM__#1_label_A__6.npy,A
v=F5MTD1pUjwM__#1_label_A__7.npy,A
v=F5MTD1pUjwM__#1_label_A__8.npy,A
v=F5MTD1pUjwM__#1_label_A__9.npy,A
The.Notebook.2004__#00-42-52_00-45-31_label_A__0.npy,A
The.Notebook.2004__#00-42-52_00-45-31_label_A__1.npy,A
The.Notebook.2004__#00-42-52_00-45-31_label_A__2.npy,A
The.Notebook.2004__#00-42-52_00-45-31_label_A__3.npy,A
The.Notebook.2004__#00-42-52_00-45-31_label_A__4.npy,A
The.Notebook.2004__#00-42-52_00-45-31_label_A__5.npy,A
The.Notebook.2004__#00-42-52_00-45-31_label_A__6.npy,A
The.Notebook.2004__#00-42-52_00-45-31_label_A__7.npy,A
The.Notebook.2004__#00-42-52_00-45-31_label_A__8.npy,A
The.Notebook.2004__#00-42-52_00-45-31_label_A__9.npy,A
v=wqPSsu7XQ74__#1_label_A__0.npy,A
v=wqPSsu7XQ74__#1_label_A__1.npy,A
v=wqPSsu7XQ74__#1_label_A__2.npy,A
v=wqPSsu7XQ74__#1_label_A__3.npy,A
v=wqPSsu7XQ74__#1_label_A__4.npy,A
v=wqPSsu7XQ74__#1_label_A__5.npy,A
v=wqPSsu7XQ74__#1_label_A__6.npy,A
v=wqPSsu7XQ74__#1_label_A__7.npy,A
v=wqPSsu7XQ74__#1_label_A__8.npy,A
v=wqPSsu7XQ74__#1_label_A__9.npy,A
v=fkps18H3SXY__#01-48-00_01-54-00_label_A__0.npy,A
v=fkps18H3SXY__#01-48-00_01-54-00_label_A__1.npy,A
v=fkps18H3SXY__#01-48-00_01-54-00_label_A__2.npy,A
v=fkps18H3SXY__#01-48-00_01-54-00_label_A__3.npy,A
v=fkps18H3SXY__#01-48-00_01-54-00_label_A__4.npy,A
v=fkps18H3SXY__#01-48-00_01-54-00_label_A__5.npy,A
v=fkps18H3SXY__#01-48-00_01-54-00_label_A__6.npy,A
v=fkps18H3SXY__#01-48-00_01-54-00_label_A__7.npy,A
v=fkps18H3SXY__#01-48-00_01-54-00_label_A__8.npy,A
v=fkps18H3SXY__#01-48-00_01-54-00_label_A__9.npy,A
The.Intouchables.2011__#00-01-45_00-02-50_label_A__0.npy,A
The.Intouchables.2011__#00-01-45_00-02-50_label_A__1.npy,A
The.Intouchables.2011__#00-01-45_00-02-50_label_A__2.npy,A
The.Intouchables.2011__#00-01-45_00-02-50_label_A__3.npy,A
The.Intouchables.2011__#00-01-45_00-02-50_label_A__4.npy,A
The.Intouchables.2011__#00-01-45_00-02-50_label_A__5.npy,A
The.Intouchables.2011__#00-01-45_00-02-50_label_A__6.npy,A
The.Intouchables.2011__#00-01-45_00-02-50_label_A__7.npy,A
The.Intouchables.2011__#00-01-45_00-02-50_label_A__8.npy,A
The.Intouchables.2011__#00-01-45_00-02-50_label_A__9.npy,A
The.Pursuit.of.Happyness.2006__#01-50-00_01-53-10_label_A__0.npy,A
The.Pursuit.of.Happyness.2006__#01-50-00_01-53-10_label_A__1.npy,A
The.Pursuit.of.Happyness.2006__#01-50-00_01-53-10_label_A__2.npy,A
The.Pursuit.of.Happyness.2006__#01-50-00_01-53-10_label_A__3.npy,A
The.Pursuit.of.Happyness.2006__#01-50-00_01-53-10_label_A__4.npy,A
The.Pursuit.of.Happyness.2006__#01-50-00_01-53-10_label_A__5.npy,A
The.Pursuit.of.Happyness.2006__#01-50-00_01-53-10_label_A__6.npy,A
The.Pursuit.of.Happyness.2006__#01-50-00_01-53-10_label_A__7.npy,A
The.Pursuit.of.Happyness.2006__#01-50-00_01-53-10_label_A__8.npy,A
The.Pursuit.of.Happyness.2006__#01-50-00_01-53-10_label_A__9.npy,A
v=AqFWYZsOgWY__#00-42-00_00-45-00_label_A__0.npy,A
v=AqFWYZsOgWY__#00-42-00_00-45-00_label_A__1.npy,A
v=AqFWYZsOgWY__#00-42-00_00-45-00_label_A__2.npy,A
v=AqFWYZsOgWY__#00-42-00_00-45-00_label_A__3.npy,A
v=AqFWYZsOgWY__#00-42-00_00-45-00_label_A__4.npy,A
v=AqFWYZsOgWY__#00-42-00_00-45-00_label_A__5.npy,A
v=AqFWYZsOgWY__#00-42-00_00-45-00_label_A__6.npy,A
v=AqFWYZsOgWY__#00-42-00_00-45-00_label_A__7.npy,A
v=AqFWYZsOgWY__#00-42-00_00-45-00_label_A__8.npy,A
v=AqFWYZsOgWY__#00-42-00_00-45-00_label_A__9.npy,A
v=-Iu0pvZP-dM__#1_label_A__0.npy,A
v=-Iu0pvZP-dM__#1_label_A__1.npy,A
v=-Iu0pvZP-dM__#1_label_A__2.npy,A
v=-Iu0pvZP-dM__#1_label_A__3.npy,A
v=-Iu0pvZP-dM__#1_label_A__4.npy,A
v=-Iu0pvZP-dM__#1_label_A__5.npy,A
v=-Iu0pvZP-dM__#1_label_A__6.npy,A
v=-Iu0pvZP-dM__#1_label_A__7.npy,A
v=-Iu0pvZP-dM__#1_label_A__8.npy,A
v=-Iu0pvZP-dM__#1_label_A__9.npy,A
v=9MDCwQ8_85g__#1_label_A__0.npy,A
v=9MDCwQ8_85g__#1_label_A__1.npy,A
v=9MDCwQ8_85g__#1_label_A__2.npy,A
v=9MDCwQ8_85g__#1_label_A__3.npy,A
v=9MDCwQ8_85g__#1_label_A__4.npy,A
v=9MDCwQ8_85g__#1_label_A__5.npy,A
v=9MDCwQ8_85g__#1_label_A__6.npy,A
v=9MDCwQ8_85g__#1_label_A__7.npy,A
v=9MDCwQ8_85g__#1_label_A__8.npy,A
v=9MDCwQ8_85g__#1_label_A__9.npy,A
Hear.Me.2009__#00-33-52_00-38-31_label_A__0.npy,A
Hear.Me.2009__#00-33-52_00-38-31_label_A__1.npy,A
Hear.Me.2009__#00-33-52_00-38-31_label_A__2.npy,A
Hear.Me.2009__#00-33-52_00-38-31_label_A__3.npy,A
Hear.Me.2009__#00-33-52_00-38-31_label_A__4.npy,A
Hear.Me.2009__#00-33-52_00-38-31_label_A__5.npy,A
Hear.Me.2009__#00-33-52_00-38-31_label_A__6.npy,A
Hear.Me.2009__#00-33-52_00-38-31_label_A__7.npy,A
Hear.Me.2009__#00-33-52_00-38-31_label_A__8.npy,A
Hear.Me.2009__#00-33-52_00-38-31_label_A__9.npy,A
v=G0jMP0ZFkTo__#1_label_A__0.npy,A
v=G0jMP0ZFkTo__#1_label_A__1.npy,A
v=G0jMP0ZFkTo__#1_label_A__2.npy,A
v=G0jMP0ZFkTo__#1_label_A__3.npy,A
v=G0jMP0ZFkTo__#1_label_A__4.npy,A
v=G0jMP0ZFkTo__#1_label_A__5.npy,A
v=G0jMP0ZFkTo__#1_label_A__6.npy,A
v=G0jMP0ZFkTo__#1_label_A__7.npy,A
v=G0jMP0ZFkTo__#1_label_A__8.npy,A
v=G0jMP0ZFkTo__#1_label_A__9.npy,A
One.Day.2011__#00-25-20_00-28-20_label_A__0.npy,A
One.Day.2011__#00-25-20_00-28-20_label_A__1.npy,A
One.Day.2011__#00-25-20_00-28-20_label_A__2.npy,A
One.Day.2011__#00-25-20_00-28-20_label_A__3.npy,A
One.Day.2011__#00-25-20_00-28-20_label_A__4.npy,A
One.Day.2011__#00-25-20_00-28-20_label_A__5.npy,A
One.Day.2011__#00-25-20_00-28-20_label_A__6.npy,A
One.Day.2011__#00-25-20_00-28-20_label_A__7.npy,A
One.Day.2011__#00-25-20_00-28-20_label_A__8.npy,A
One.Day.2011__#00-25-20_00-28-20_label_A__9.npy,A
Deadpool.2016__#0-30-17_0-31-51_label_A__0.npy,A
Deadpool.2016__#0-30-17_0-31-51_label_A__1.npy,A
Deadpool.2016__#0-30-17_0-31-51_label_A__2.npy,A
Deadpool.2016__#0-30-17_0-31-51_label_A__3.npy,A
Deadpool.2016__#0-30-17_0-31-51_label_A__4.npy,A
Deadpool.2016__#0-30-17_0-31-51_label_A__5.npy,A
Deadpool.2016__#0-30-17_0-31-51_label_A__6.npy,A
Deadpool.2016__#0-30-17_0-31-51_label_A__7.npy,A
Deadpool.2016__#0-30-17_0-31-51_label_A__8.npy,A
Deadpool.2016__#0-30-17_0-31-51_label_A__9.npy,A
NewAdd.NBA-2017.12.25_CLE@GSW__#00-00-00_00-21-00_label_A__0.npy,A
NewAdd.NBA-2017.12.25_CLE@GSW__#00-00-00_00-21-00_label_A__1.npy,A
NewAdd.NBA-2017.12.25_CLE@GSW__#00-00-00_00-21-00_label_A__2.npy,A
NewAdd.NBA-2017.12.25_CLE@GSW__#00-00-00_00-21-00_label_A__3.npy,A
NewAdd.NBA-2017.12.25_CLE@GSW__#00-00-00_00-21-00_label_A__4.npy,A
NewAdd.NBA-2017.12.25_CLE@GSW__#00-00-00_00-21-00_label_A__5.npy,A
NewAdd.NBA-2017.12.25_CLE@GSW__#00-00-00_00-21-00_label_A__6.npy,A
NewAdd.NBA-2017.12.25_CLE@GSW__#00-00-00_00-21-00_label_A__7.npy,A
NewAdd.NBA-2017.12.25_CLE@GSW__#00-00-00_00-21-00_label_A__8.npy,A
NewAdd.NBA-2017.12.25_CLE@GSW__#00-00-00_00-21-00_label_A__9.npy,A
v=xQHgnSWizWE__#00-09-00_00-12-23_label_A__0.npy,A
v=xQHgnSWizWE__#00-09-00_00-12-23_label_A__1.npy,A
v=xQHgnSWizWE__#00-09-00_00-12-23_label_A__2.npy,A
v=xQHgnSWizWE__#00-09-00_00-12-23_label_A__3.npy,A
v=xQHgnSWizWE__#00-09-00_00-12-23_label_A__4.npy,A
v=xQHgnSWizWE__#00-09-00_00-12-23_label_A__5.npy,A
v=xQHgnSWizWE__#00-09-00_00-12-23_label_A__6.npy,A
v=xQHgnSWizWE__#00-09-00_00-12-23_label_A__7.npy,A
v=xQHgnSWizWE__#00-09-00_00-12-23_label_A__8.npy,A
v=xQHgnSWizWE__#00-09-00_00-12-23_label_A__9.npy,A
Before.Sunset.2004__#00-45-40_00-47-30_label_A__0.npy,A
Before.Sunset.2004__#00-45-40_00-47-30_label_A__1.npy,A
Before.Sunset.2004__#00-45-40_00-47-30_label_A__2.npy,A
Before.Sunset.2004__#00-45-40_00-47-30_label_A__3.npy,A
Before.Sunset.2004__#00-45-40_00-47-30_label_A__4.npy,A
Before.Sunset.2004__#00-45-40_00-47-30_label_A__5.npy,A
Before.Sunset.2004__#00-45-40_00-47-30_label_A__6.npy,A
Before.Sunset.2004__#00-45-40_00-47-30_label_A__7.npy,A
Before.Sunset.2004__#00-45-40_00-47-30_label_A__8.npy,A
Before.Sunset.2004__#00-45-40_00-47-30_label_A__9.npy,A
Taken.3.2014__#01-48-52_01-49-42_label_A__0.npy,A
Taken.3.2014__#01-48-52_01-49-42_label_A__1.npy,A
Taken.3.2014__#01-48-52_01-49-42_label_A__2.npy,A
Taken.3.2014__#01-48-52_01-49-42_label_A__3.npy,A
Taken.3.2014__#01-48-52_01-49-42_label_A__4.npy,A
Taken.3.2014__#01-48-52_01-49-42_label_A__5.npy,A
Taken.3.2014__#01-48-52_01-49-42_label_A__6.npy,A
Taken.3.2014__#01-48-52_01-49-42_label_A__7.npy,A
Taken.3.2014__#01-48-52_01-49-42_label_A__8.npy,A
Taken.3.2014__#01-48-52_01-49-42_label_A__9.npy,A
v=syqoZ2md7_Q__#1_label_A__0.npy,A
v=syqoZ2md7_Q__#1_label_A__1.npy,A
v=syqoZ2md7_Q__#1_label_A__2.npy,A
v=syqoZ2md7_Q__#1_label_A__3.npy,A
v=syqoZ2md7_Q__#1_label_A__4.npy,A
v=syqoZ2md7_Q__#1_label_A__5.npy,A
v=syqoZ2md7_Q__#1_label_A__6.npy,A
v=syqoZ2md7_Q__#1_label_A__7.npy,A
v=syqoZ2md7_Q__#1_label_A__8.npy,A
v=syqoZ2md7_Q__#1_label_A__9.npy,A
v=oNHEAtcrn4c__#1_label_A__0.npy,A
v=oNHEAtcrn4c__#1_label_A__1.npy,A
v=oNHEAtcrn4c__#1_label_A__2.npy,A
v=oNHEAtcrn4c__#1_label_A__3.npy,A
v=oNHEAtcrn4c__#1_label_A__4.npy,A
v=oNHEAtcrn4c__#1_label_A__5.npy,A
v=oNHEAtcrn4c__#1_label_A__6.npy,A
v=oNHEAtcrn4c__#1_label_A__7.npy,A
v=oNHEAtcrn4c__#1_label_A__8.npy,A
v=oNHEAtcrn4c__#1_label_A__9.npy,A
City.of.God.2002__#00-03-54_00-04-32_label_A__0.npy,A
City.of.God.2002__#00-03-54_00-04-32_label_A__1.npy,A
City.of.God.2002__#00-03-54_00-04-32_label_A__2.npy,A
City.of.God.2002__#00-03-54_00-04-32_label_A__3.npy,A
City.of.God.2002__#00-03-54_00-04-32_label_A__4.npy,A
City.of.God.2002__#00-03-54_00-04-32_label_A__5.npy,A
City.of.God.2002__#00-03-54_00-04-32_label_A__6.npy,A
City.of.God.2002__#00-03-54_00-04-32_label_A__7.npy,A
City.of.God.2002__#00-03-54_00-04-32_label_A__8.npy,A
City.of.God.2002__#00-03-54_00-04-32_label_A__9.npy,A
Desperado.1995__#01-36-33_01-37-50_label_A__0.npy,A
Desperado.1995__#01-36-33_01-37-50_label_A__1.npy,A
Desperado.1995__#01-36-33_01-37-50_label_A__2.npy,A
Desperado.1995__#01-36-33_01-37-50_label_A__3.npy,A
Desperado.1995__#01-36-33_01-37-50_label_A__4.npy,A
Desperado.1995__#01-36-33_01-37-50_label_A__5.npy,A
Desperado.1995__#01-36-33_01-37-50_label_A__6.npy,A
Desperado.1995__#01-36-33_01-37-50_label_A__7.npy,A
Desperado.1995__#01-36-33_01-37-50_label_A__8.npy,A
Desperado.1995__#01-36-33_01-37-50_label_A__9.npy,A
v=Z_38otWdwpc__#1_label_A__0.npy,A
v=Z_38otWdwpc__#1_label_A__1.npy,A
v=Z_38otWdwpc__#1_label_A__2.npy,A
v=Z_38otWdwpc__#1_label_A__3.npy,A
v=Z_38otWdwpc__#1_label_A__4.npy,A
v=Z_38otWdwpc__#1_label_A__5.npy,A
v=Z_38otWdwpc__#1_label_A__6.npy,A
v=Z_38otWdwpc__#1_label_A__7.npy,A
v=Z_38otWdwpc__#1_label_A__8.npy,A
v=Z_38otWdwpc__#1_label_A__9.npy,A
IP.Man.2.2010__#01-40-31_01-43-41_label_A__0.npy,A
IP.Man.2.2010__#01-40-31_01-43-41_label_A__1.npy,A
IP.Man.2.2010__#01-40-31_01-43-41_label_A__2.npy,A
IP.Man.2.2010__#01-40-31_01-43-41_label_A__3.npy,A
IP.Man.2.2010__#01-40-31_01-43-41_label_A__4.npy,A
IP.Man.2.2010__#01-40-31_01-43-41_label_A__5.npy,A
IP.Man.2.2010__#01-40-31_01-43-41_label_A__6.npy,A
IP.Man.2.2010__#01-40-31_01-43-41_label_A__7.npy,A
IP.Man.2.2010__#01-40-31_01-43-41_label_A__8.npy,A
IP.Man.2.2010__#01-40-31_01-43-41_label_A__9.npy,A
Hear.Me.2009__#01-04-40_01-06-59_label_A__0.npy,A
Hear.Me.2009__#01-04-40_01-06-59_label_A__1.npy,A
Hear.Me.2009__#01-04-40_01-06-59_label_A__2.npy,A
Hear.Me.2009__#01-04-40_01-06-59_label_A__3.npy,A
Hear.Me.2009__#01-04-40_01-06-59_label_A__4.npy,A
Hear.Me.2009__#01-04-40_01-06-59_label_A__5.npy,A
Hear.Me.2009__#01-04-40_01-06-59_label_A__6.npy,A
Hear.Me.2009__#01-04-40_01-06-59_label_A__7.npy,A
Hear.Me.2009__#01-04-40_01-06-59_label_A__8.npy,A
Hear.Me.2009__#01-04-40_01-06-59_label_A__9.npy,A
The.Pursuit.of.Happyness.2006__#00-40-52_00-42-31_label_A__0.npy,A
The.Pursuit.of.Happyness.2006__#00-40-52_00-42-31_label_A__1.npy,A
The.Pursuit.of.Happyness.2006__#00-40-52_00-42-31_label_A__2.npy,A
The.Pursuit.of.Happyness.2006__#00-40-52_00-42-31_label_A__3.npy,A
The.Pursuit.of.Happyness.2006__#00-40-52_00-42-31_label_A__4.npy,A
The.Pursuit.of.Happyness.2006__#00-40-52_00-42-31_label_A__5.npy,A
The.Pursuit.of.Happyness.2006__#00-40-52_00-42-31_label_A__6.npy,A
The.Pursuit.of.Happyness.2006__#00-40-52_00-42-31_label_A__7.npy,A
The.Pursuit.of.Happyness.2006__#00-40-52_00-42-31_label_A__8.npy,A
The.Pursuit.of.Happyness.2006__#00-40-52_00-42-31_label_A__9.npy,A
Ip.Man.2008__#00-07-38_00-09-35_label_A__0.npy,A
Ip.Man.2008__#00-07-38_00-09-35_label_A__1.npy,A
Ip.Man.2008__#00-07-38_00-09-35_label_A__2.npy,A
Ip.Man.2008__#00-07-38_00-09-35_label_A__3.npy,A
Ip.Man.2008__#00-07-38_00-09-35_label_A__4.npy,A
Ip.Man.2008__#00-07-38_00-09-35_label_A__5.npy,A
Ip.Man.2008__#00-07-38_00-09-35_label_A__6.npy,A
Ip.Man.2008__#00-07-38_00-09-35_label_A__7.npy,A
Ip.Man.2008__#00-07-38_00-09-35_label_A__8.npy,A
Ip.Man.2008__#00-07-38_00-09-35_label_A__9.npy,A
v=fRRcbRdeJOk__#1_label_A__0.npy,A
v=fRRcbRdeJOk__#1_label_A__1.npy,A
v=fRRcbRdeJOk__#1_label_A__2.npy,A
v=fRRcbRdeJOk__#1_label_A__3.npy,A
v=fRRcbRdeJOk__#1_label_A__4.npy,A
v=fRRcbRdeJOk__#1_label_A__5.npy,A
v=fRRcbRdeJOk__#1_label_A__6.npy,A
v=fRRcbRdeJOk__#1_label_A__7.npy,A
v=fRRcbRdeJOk__#1_label_A__8.npy,A
v=fRRcbRdeJOk__#1_label_A__9.npy,A
Your.Name.2016__#00-17-30_00-19-10_label_A__0.npy,A
Your.Name.2016__#00-17-30_00-19-10_label_A__1.npy,A
Your.Name.2016__#00-17-30_00-19-10_label_A__2.npy,A
Your.Name.2016__#00-17-30_00-19-10_label_A__3.npy,A
Your.Name.2016__#00-17-30_00-19-10_label_A__4.npy,A
Your.Name.2016__#00-17-30_00-19-10_label_A__5.npy,A
Your.Name.2016__#00-17-30_00-19-10_label_A__6.npy,A
Your.Name.2016__#00-17-30_00-19-10_label_A__7.npy,A
Your.Name.2016__#00-17-30_00-19-10_label_A__8.npy,A
Your.Name.2016__#00-17-30_00-19-10_label_A__9.npy,A
v=k47D9tERpu8__#1_label_A__0.npy,A
v=k47D9tERpu8__#1_label_A__1.npy,A
v=k47D9tERpu8__#1_label_A__2.npy,A
v=k47D9tERpu8__#1_label_A__3.npy,A
v=k47D9tERpu8__#1_label_A__4.npy,A
v=k47D9tERpu8__#1_label_A__5.npy,A
v=k47D9tERpu8__#1_label_A__6.npy,A
v=k47D9tERpu8__#1_label_A__7.npy,A
v=k47D9tERpu8__#1_label_A__8.npy,A
v=k47D9tERpu8__#1_label_A__9.npy,A
v=Bc_ALE4oGSE__#1_label_A__0.npy,A
v=Bc_ALE4oGSE__#1_label_A__1.npy,A
v=Bc_ALE4oGSE__#1_label_A__2.npy,A
v=Bc_ALE4oGSE__#1_label_A__3.npy,A
v=Bc_ALE4oGSE__#1_label_A__4.npy,A
v=Bc_ALE4oGSE__#1_label_A__5.npy,A
v=Bc_ALE4oGSE__#1_label_A__6.npy,A
v=Bc_ALE4oGSE__#1_label_A__7.npy,A
v=Bc_ALE4oGSE__#1_label_A__8.npy,A
v=Bc_ALE4oGSE__#1_label_A__9.npy,A
The.Bourne.Supremacy.2004__#0-52-00_0-52-52_label_A__0.npy,A
The.Bourne.Supremacy.2004__#0-52-00_0-52-52_label_A__1.npy,A
The.Bourne.Supremacy.2004__#0-52-00_0-52-52_label_A__2.npy,A
The.Bourne.Supremacy.2004__#0-52-00_0-52-52_label_A__3.npy,A
The.Bourne.Supremacy.2004__#0-52-00_0-52-52_label_A__4.npy,A
The.Bourne.Supremacy.2004__#0-52-00_0-52-52_label_A__5.npy,A
The.Bourne.Supremacy.2004__#0-52-00_0-52-52_label_A__6.npy,A
The.Bourne.Supremacy.2004__#0-52-00_0-52-52_label_A__7.npy,A
The.Bourne.Supremacy.2004__#0-52-00_0-52-52_label_A__8.npy,A
The.Bourne.Supremacy.2004__#0-52-00_0-52-52_label_A__9.npy,A
Young.And.Dangerous.II.1996__#0-43-09_0-44-09_label_A__0.npy,A
Young.And.Dangerous.II.1996__#0-43-09_0-44-09_label_A__1.npy,A
Young.And.Dangerous.II.1996__#0-43-09_0-44-09_label_A__2.npy,A
Young.And.Dangerous.II.1996__#0-43-09_0-44-09_label_A__3.npy,A
Young.And.Dangerous.II.1996__#0-43-09_0-44-09_label_A__4.npy,A
Young.And.Dangerous.II.1996__#0-43-09_0-44-09_label_A__5.npy,A
Young.And.Dangerous.II.1996__#0-43-09_0-44-09_label_A__6.npy,A
Young.And.Dangerous.II.1996__#0-43-09_0-44-09_label_A__7.npy,A
Young.And.Dangerous.II.1996__#0-43-09_0-44-09_label_A__8.npy,A
Young.And.Dangerous.II.1996__#0-43-09_0-44-09_label_A__9.npy,A
Hear.Me.2009__#00-56-40_01-02-02_label_A__0.npy,A
Hear.Me.2009__#00-56-40_01-02-02_label_A__1.npy,A
Hear.Me.2009__#00-56-40_01-02-02_label_A__2.npy,A
Hear.Me.2009__#00-56-40_01-02-02_label_A__3.npy,A
Hear.Me.2009__#00-56-40_01-02-02_label_A__4.npy,A
Hear.Me.2009__#00-56-40_01-02-02_label_A__5.npy,A
Hear.Me.2009__#00-56-40_01-02-02_label_A__6.npy,A
Hear.Me.2009__#00-56-40_01-02-02_label_A__7.npy,A
Hear.Me.2009__#00-56-40_01-02-02_label_A__8.npy,A
Hear.Me.2009__#00-56-40_01-02-02_label_A__9.npy,A
v=DtJqTsE8cB8__#1_label_A__0.npy,A
v=DtJqTsE8cB8__#1_label_A__1.npy,A
v=DtJqTsE8cB8__#1_label_A__2.npy,A
v=DtJqTsE8cB8__#1_label_A__3.npy,A
v=DtJqTsE8cB8__#1_label_A__4.npy,A
v=DtJqTsE8cB8__#1_label_A__5.npy,A
v=DtJqTsE8cB8__#1_label_A__6.npy,A
v=DtJqTsE8cB8__#1_label_A__7.npy,A
v=DtJqTsE8cB8__#1_label_A__8.npy,A
v=DtJqTsE8cB8__#1_label_A__9.npy,A
v=MyM5G7fo7Gg__#00-09-00_00-12-00_label_A__0.npy,A
v=MyM5G7fo7Gg__#00-09-00_00-12-00_label_A__1.npy,A
v=MyM5G7fo7Gg__#00-09-00_00-12-00_label_A__2.npy,A
v=MyM5G7fo7Gg__#00-09-00_00-12-00_label_A__3.npy,A
v=MyM5G7fo7Gg__#00-09-00_00-12-00_label_A__4.npy,A
v=MyM5G7fo7Gg__#00-09-00_00-12-00_label_A__5.npy,A
v=MyM5G7fo7Gg__#00-09-00_00-12-00_label_A__6.npy,A
v=MyM5G7fo7Gg__#00-09-00_00-12-00_label_A__7.npy,A
v=MyM5G7fo7Gg__#00-09-00_00-12-00_label_A__8.npy,A
v=MyM5G7fo7Gg__#00-09-00_00-12-00_label_A__9.npy,A
v=jAvOGTD7_pU__#00-15-00_00-18-00_label_A__0.npy,A
v=jAvOGTD7_pU__#00-15-00_00-18-00_label_A__1.npy,A
v=jAvOGTD7_pU__#00-15-00_00-18-00_label_A__2.npy,A
v=jAvOGTD7_pU__#00-15-00_00-18-00_label_A__3.npy,A
v=jAvOGTD7_pU__#00-15-00_00-18-00_label_A__4.npy,A
v=jAvOGTD7_pU__#00-15-00_00-18-00_label_A__5.npy,A
v=jAvOGTD7_pU__#00-15-00_00-18-00_label_A__6.npy,A
v=jAvOGTD7_pU__#00-15-00_00-18-00_label_A__7.npy,A
v=jAvOGTD7_pU__#00-15-00_00-18-00_label_A__8.npy,A
v=jAvOGTD7_pU__#00-15-00_00-18-00_label_A__9.npy,A
v=Ao8Ipkl2Dag__#1_label_A__0.npy,A
v=Ao8Ipkl2Dag__#1_label_A__1.npy,A
v=Ao8Ipkl2Dag__#1_label_A__2.npy,A
v=Ao8Ipkl2Dag__#1_label_A__3.npy,A
v=Ao8Ipkl2Dag__#1_label_A__4.npy,A
v=Ao8Ipkl2Dag__#1_label_A__5.npy,A
v=Ao8Ipkl2Dag__#1_label_A__6.npy,A
v=Ao8Ipkl2Dag__#1_label_A__7.npy,A
v=Ao8Ipkl2Dag__#1_label_A__8.npy,A
v=Ao8Ipkl2Dag__#1_label_A__9.npy,A
v=mtY1Nxn6_J4__#1_label_A__0.npy,A
v=mtY1Nxn6_J4__#1_label_A__1.npy,A
v=mtY1Nxn6_J4__#1_label_A__2.npy,A
v=mtY1Nxn6_J4__#1_label_A__3.npy,A
v=mtY1Nxn6_J4__#1_label_A__4.npy,A
v=mtY1Nxn6_J4__#1_label_A__5.npy,A
v=mtY1Nxn6_J4__#1_label_A__6.npy,A
v=mtY1Nxn6_J4__#1_label_A__7.npy,A
v=mtY1Nxn6_J4__#1_label_A__8.npy,A
v=mtY1Nxn6_J4__#1_label_A__9.npy,A
Bullet.in.the.Head.1990__#00-46-24_00-48-52_label_A__0.npy,A
Bullet.in.the.Head.1990__#00-46-24_00-48-52_label_A__1.npy,A
Bullet.in.the.Head.1990__#00-46-24_00-48-52_label_A__2.npy,A
Bullet.in.the.Head.1990__#00-46-24_00-48-52_label_A__3.npy,A
Bullet.in.the.Head.1990__#00-46-24_00-48-52_label_A__4.npy,A
Bullet.in.the.Head.1990__#00-46-24_00-48-52_label_A__5.npy,A
Bullet.in.the.Head.1990__#00-46-24_00-48-52_label_A__6.npy,A
Bullet.in.the.Head.1990__#00-46-24_00-48-52_label_A__7.npy,A
Bullet.in.the.Head.1990__#00-46-24_00-48-52_label_A__8.npy,A
Bullet.in.the.Head.1990__#00-46-24_00-48-52_label_A__9.npy,A
The.Pursuit.of.Happyness.2006__#01-39-05_01-46-40_label_A__0.npy,A
The.Pursuit.of.Happyness.2006__#01-39-05_01-46-40_label_A__1.npy,A
The.Pursuit.of.Happyness.2006__#01-39-05_01-46-40_label_A__2.npy,A
The.Pursuit.of.Happyness.2006__#01-39-05_01-46-40_label_A__3.npy,A
The.Pursuit.of.Happyness.2006__#01-39-05_01-46-40_label_A__4.npy,A
The.Pursuit.of.Happyness.2006__#01-39-05_01-46-40_label_A__5.npy,A
The.Pursuit.of.Happyness.2006__#01-39-05_01-46-40_label_A__6.npy,A
The.Pursuit.of.Happyness.2006__#01-39-05_01-46-40_label_A__7.npy,A
The.Pursuit.of.Happyness.2006__#01-39-05_01-46-40_label_A__8.npy,A
The.Pursuit.of.Happyness.2006__#01-39-05_01-46-40_label_A__9.npy,A
v=vFPQ_NiDBIU__#00-12-00_00-18-00_label_A__0.npy,A
v=vFPQ_NiDBIU__#00-12-00_00-18-00_label_A__1.npy,A
v=vFPQ_NiDBIU__#00-12-00_00-18-00_label_A__2.npy,A
v=vFPQ_NiDBIU__#00-12-00_00-18-00_label_A__3.npy,A
v=vFPQ_NiDBIU__#00-12-00_00-18-00_label_A__4.npy,A
v=vFPQ_NiDBIU__#00-12-00_00-18-00_label_A__5.npy,A
v=vFPQ_NiDBIU__#00-12-00_00-18-00_label_A__6.npy,A
v=vFPQ_NiDBIU__#00-12-00_00-18-00_label_A__7.npy,A
v=vFPQ_NiDBIU__#00-12-00_00-18-00_label_A__8.npy,A
v=vFPQ_NiDBIU__#00-12-00_00-18-00_label_A__9.npy,A
v=KUZQsnmCV20__#1_label_A__0.npy,A
v=KUZQsnmCV20__#1_label_A__1.npy,A
v=KUZQsnmCV20__#1_label_A__2.npy,A
v=KUZQsnmCV20__#1_label_A__3.npy,A
v=KUZQsnmCV20__#1_label_A__4.npy,A
v=KUZQsnmCV20__#1_label_A__5.npy,A
v=KUZQsnmCV20__#1_label_A__6.npy,A
v=KUZQsnmCV20__#1_label_A__7.npy,A
v=KUZQsnmCV20__#1_label_A__8.npy,A
v=KUZQsnmCV20__#1_label_A__9.npy,A
v=JzrpCC7XmyE__#01-30-00_01-36-00_label_A__0.npy,A
v=JzrpCC7XmyE__#01-30-00_01-36-00_label_A__1.npy,A
v=JzrpCC7XmyE__#01-30-00_01-36-00_label_A__2.npy,A
v=JzrpCC7XmyE__#01-30-00_01-36-00_label_A__3.npy,A
v=JzrpCC7XmyE__#01-30-00_01-36-00_label_A__4.npy,A
v=JzrpCC7XmyE__#01-30-00_01-36-00_label_A__5.npy,A
v=JzrpCC7XmyE__#01-30-00_01-36-00_label_A__6.npy,A
v=JzrpCC7XmyE__#01-30-00_01-36-00_label_A__7.npy,A
v=JzrpCC7XmyE__#01-30-00_01-36-00_label_A__8.npy,A
v=JzrpCC7XmyE__#01-30-00_01-36-00_label_A__9.npy,A
v=hdPTRcsFN5w__#00-06-00_00-09-00_label_A__0.npy,A
v=hdPTRcsFN5w__#00-06-00_00-09-00_label_A__1.npy,A
v=hdPTRcsFN5w__#00-06-00_00-09-00_label_A__2.npy,A
v=hdPTRcsFN5w__#00-06-00_00-09-00_label_A__3.npy,A
v=hdPTRcsFN5w__#00-06-00_00-09-00_label_A__4.npy,A
v=hdPTRcsFN5w__#00-06-00_00-09-00_label_A__5.npy,A
v=hdPTRcsFN5w__#00-06-00_00-09-00_label_A__6.npy,A
v=hdPTRcsFN5w__#00-06-00_00-09-00_label_A__7.npy,A
v=hdPTRcsFN5w__#00-06-00_00-09-00_label_A__8.npy,A
v=hdPTRcsFN5w__#00-06-00_00-09-00_label_A__9.npy,A
v=LHXgxw6OHX0__#1_label_A__0.npy,A
v=LHXgxw6OHX0__#1_label_A__1.npy,A
v=LHXgxw6OHX0__#1_label_A__2.npy,A
v=LHXgxw6OHX0__#1_label_A__3.npy,A
v=LHXgxw6OHX0__#1_label_A__4.npy,A
v=LHXgxw6OHX0__#1_label_A__5.npy,A
v=LHXgxw6OHX0__#1_label_A__6.npy,A
v=LHXgxw6OHX0__#1_label_A__7.npy,A
v=LHXgxw6OHX0__#1_label_A__8.npy,A
v=LHXgxw6OHX0__#1_label_A__9.npy,A
v=SdYFFo_tsfk__#00-54-00_01-00-00_label_A__0.npy,A
v=SdYFFo_tsfk__#00-54-00_01-00-00_label_A__1.npy,A
v=SdYFFo_tsfk__#00-54-00_01-00-00_label_A__2.npy,A
v=SdYFFo_tsfk__#00-54-00_01-00-00_label_A__3.npy,A
v=SdYFFo_tsfk__#00-54-00_01-00-00_label_A__4.npy,A
v=SdYFFo_tsfk__#00-54-00_01-00-00_label_A__5.npy,A
v=SdYFFo_tsfk__#00-54-00_01-00-00_label_A__6.npy,A
v=SdYFFo_tsfk__#00-54-00_01-00-00_label_A__7.npy,A
v=SdYFFo_tsfk__#00-54-00_01-00-00_label_A__8.npy,A
v=SdYFFo_tsfk__#00-54-00_01-00-00_label_A__9.npy,A
v=D2FdA8QHiYk__#1_label_A__0.npy,A
v=D2FdA8QHiYk__#1_label_A__1.npy,A
v=D2FdA8QHiYk__#1_label_A__2.npy,A
v=D2FdA8QHiYk__#1_label_A__3.npy,A
v=D2FdA8QHiYk__#1_label_A__4.npy,A
v=D2FdA8QHiYk__#1_label_A__5.npy,A
v=D2FdA8QHiYk__#1_label_A__6.npy,A
v=D2FdA8QHiYk__#1_label_A__7.npy,A
v=D2FdA8QHiYk__#1_label_A__8.npy,A
v=D2FdA8QHiYk__#1_label_A__9.npy,A
Rush.Hour.1998.BluRay__#01-29-16_01-32-06_label_A__0.npy,A
Rush.Hour.1998.BluRay__#01-29-16_01-32-06_label_A__1.npy,A
Rush.Hour.1998.BluRay__#01-29-16_01-32-06_label_A__2.npy,A
Rush.Hour.1998.BluRay__#01-29-16_01-32-06_label_A__3.npy,A
Rush.Hour.1998.BluRay__#01-29-16_01-32-06_label_A__4.npy,A
Rush.Hour.1998.BluRay__#01-29-16_01-32-06_label_A__5.npy,A
Rush.Hour.1998.BluRay__#01-29-16_01-32-06_label_A__6.npy,A
Rush.Hour.1998.BluRay__#01-29-16_01-32-06_label_A__7.npy,A
Rush.Hour.1998.BluRay__#01-29-16_01-32-06_label_A__8.npy,A
Rush.Hour.1998.BluRay__#01-29-16_01-32-06_label_A__9.npy,A
Love.Me.If.You.Dare.2003__#00-04-20_00-06-15_label_A__0.npy,A
Love.Me.If.You.Dare.2003__#00-04-20_00-06-15_label_A__1.npy,A
Love.Me.If.You.Dare.2003__#00-04-20_00-06-15_label_A__2.npy,A
Love.Me.If.You.Dare.2003__#00-04-20_00-06-15_label_A__3.npy,A
Love.Me.If.You.Dare.2003__#00-04-20_00-06-15_label_A__4.npy,A
Love.Me.If.You.Dare.2003__#00-04-20_00-06-15_label_A__5.npy,A
Love.Me.If.You.Dare.2003__#00-04-20_00-06-15_label_A__6.npy,A
Love.Me.If.You.Dare.2003__#00-04-20_00-06-15_label_A__7.npy,A
Love.Me.If.You.Dare.2003__#00-04-20_00-06-15_label_A__8.npy,A
Love.Me.If.You.Dare.2003__#00-04-20_00-06-15_label_A__9.npy,A
v=H9Y5_X1sEEA__#00-21-00_00-24-00_label_A__0.npy,A
v=H9Y5_X1sEEA__#00-21-00_00-24-00_label_A__1.npy,A
v=H9Y5_X1sEEA__#00-21-00_00-24-00_label_A__2.npy,A
v=H9Y5_X1sEEA__#00-21-00_00-24-00_label_A__3.npy,A
v=H9Y5_X1sEEA__#00-21-00_00-24-00_label_A__4.npy,A
v=H9Y5_X1sEEA__#00-21-00_00-24-00_label_A__5.npy,A
v=H9Y5_X1sEEA__#00-21-00_00-24-00_label_A__6.npy,A
v=H9Y5_X1sEEA__#00-21-00_00-24-00_label_A__7.npy,A
v=H9Y5_X1sEEA__#00-21-00_00-24-00_label_A__8.npy,A
v=H9Y5_X1sEEA__#00-21-00_00-24-00_label_A__9.npy,A
v=cW-t_V4XW08__#1_label_A__0.npy,A
v=cW-t_V4XW08__#1_label_A__1.npy,A
v=cW-t_V4XW08__#1_label_A__2.npy,A
v=cW-t_V4XW08__#1_label_A__3.npy,A
v=cW-t_V4XW08__#1_label_A__4.npy,A
v=cW-t_V4XW08__#1_label_A__5.npy,A
v=cW-t_V4XW08__#1_label_A__6.npy,A
v=cW-t_V4XW08__#1_label_A__7.npy,A
v=cW-t_V4XW08__#1_label_A__8.npy,A
v=cW-t_V4XW08__#1_label_A__9.npy,A
v=q2gFNklxvts__#1_label_A__0.npy,A
v=q2gFNklxvts__#1_label_A__1.npy,A
v=q2gFNklxvts__#1_label_A__2.npy,A
v=q2gFNklxvts__#1_label_A__3.npy,A
v=q2gFNklxvts__#1_label_A__4.npy,A
v=q2gFNklxvts__#1_label_A__5.npy,A
v=q2gFNklxvts__#1_label_A__6.npy,A
v=q2gFNklxvts__#1_label_A__7.npy,A
v=q2gFNklxvts__#1_label_A__8.npy,A
v=q2gFNklxvts__#1_label_A__9.npy,A
v=EwfW3NxN2qA__#1_label_A__0.npy,A
v=EwfW3NxN2qA__#1_label_A__1.npy,A
v=EwfW3NxN2qA__#1_label_A__2.npy,A
v=EwfW3NxN2qA__#1_label_A__3.npy,A
v=EwfW3NxN2qA__#1_label_A__4.npy,A
v=EwfW3NxN2qA__#1_label_A__5.npy,A
v=EwfW3NxN2qA__#1_label_A__6.npy,A
v=EwfW3NxN2qA__#1_label_A__7.npy,A
v=EwfW3NxN2qA__#1_label_A__8.npy,A
v=EwfW3NxN2qA__#1_label_A__9.npy,A
v=Q-s3TzUsxM0__#1_label_A__0.npy,A
v=Q-s3TzUsxM0__#1_label_A__1.npy,A
v=Q-s3TzUsxM0__#1_label_A__2.npy,A
v=Q-s3TzUsxM0__#1_label_A__3.npy,A
v=Q-s3TzUsxM0__#1_label_A__4.npy,A
v=Q-s3TzUsxM0__#1_label_A__5.npy,A
v=Q-s3TzUsxM0__#1_label_A__6.npy,A
v=Q-s3TzUsxM0__#1_label_A__7.npy,A
v=Q-s3TzUsxM0__#1_label_A__8.npy,A
v=Q-s3TzUsxM0__#1_label_A__9.npy,A
v=oEJO_alA5vU__#1_label_A__0.npy,A
v=oEJO_alA5vU__#1_label_A__1.npy,A
v=oEJO_alA5vU__#1_label_A__2.npy,A
v=oEJO_alA5vU__#1_label_A__3.npy,A
v=oEJO_alA5vU__#1_label_A__4.npy,A
v=oEJO_alA5vU__#1_label_A__5.npy,A
v=oEJO_alA5vU__#1_label_A__6.npy,A
v=oEJO_alA5vU__#1_label_A__7.npy,A
v=oEJO_alA5vU__#1_label_A__8.npy,A
v=oEJO_alA5vU__#1_label_A__9.npy,A
v=tTnlWuVPXeg__#1_label_A__0.npy,A
v=tTnlWuVPXeg__#1_label_A__1.npy,A
v=tTnlWuVPXeg__#1_label_A__2.npy,A
v=tTnlWuVPXeg__#1_label_A__3.npy,A
v=tTnlWuVPXeg__#1_label_A__4.npy,A
v=tTnlWuVPXeg__#1_label_A__5.npy,A
v=tTnlWuVPXeg__#1_label_A__6.npy,A
v=tTnlWuVPXeg__#1_label_A__7.npy,A
v=tTnlWuVPXeg__#1_label_A__8.npy,A
v=tTnlWuVPXeg__#1_label_A__9.npy,A
Salt.2010__#01-08-26_01-09-42_label_A__0.npy,A
Salt.2010__#01-08-26_01-09-42_label_A__1.npy,A
Salt.2010__#01-08-26_01-09-42_label_A__2.npy,A
Salt.2010__#01-08-26_01-09-42_label_A__3.npy,A
Salt.2010__#01-08-26_01-09-42_label_A__4.npy,A
Salt.2010__#01-08-26_01-09-42_label_A__5.npy,A
Salt.2010__#01-08-26_01-09-42_label_A__6.npy,A
Salt.2010__#01-08-26_01-09-42_label_A__7.npy,A
Salt.2010__#01-08-26_01-09-42_label_A__8.npy,A
Salt.2010__#01-08-26_01-09-42_label_A__9.npy,A
v=EkMUrBdbrBg__#1_label_A__0.npy,A
v=EkMUrBdbrBg__#1_label_A__1.npy,A
v=EkMUrBdbrBg__#1_label_A__2.npy,A
v=EkMUrBdbrBg__#1_label_A__3.npy,A
v=EkMUrBdbrBg__#1_label_A__4.npy,A
v=EkMUrBdbrBg__#1_label_A__5.npy,A
v=EkMUrBdbrBg__#1_label_A__6.npy,A
v=EkMUrBdbrBg__#1_label_A__7.npy,A
v=EkMUrBdbrBg__#1_label_A__8.npy,A
v=EkMUrBdbrBg__#1_label_A__9.npy,A
The.Intouchables.2011__#00-40-52_00-42-31_label_A__0.npy,A
The.Intouchables.2011__#00-40-52_00-42-31_label_A__1.npy,A
The.Intouchables.2011__#00-40-52_00-42-31_label_A__2.npy,A
The.Intouchables.2011__#00-40-52_00-42-31_label_A__3.npy,A
The.Intouchables.2011__#00-40-52_00-42-31_label_A__4.npy,A
The.Intouchables.2011__#00-40-52_00-42-31_label_A__5.npy,A
The.Intouchables.2011__#00-40-52_00-42-31_label_A__6.npy,A
The.Intouchables.2011__#00-40-52_00-42-31_label_A__7.npy,A
The.Intouchables.2011__#00-40-52_00-42-31_label_A__8.npy,A
The.Intouchables.2011__#00-40-52_00-42-31_label_A__9.npy,A
A.Beautiful.Mind.2001__#00-16-18_00-17-09_label_A__0.npy,A
A.Beautiful.Mind.2001__#00-16-18_00-17-09_label_A__1.npy,A
A.Beautiful.Mind.2001__#00-16-18_00-17-09_label_A__2.npy,A
A.Beautiful.Mind.2001__#00-16-18_00-17-09_label_A__3.npy,A
A.Beautiful.Mind.2001__#00-16-18_00-17-09_label_A__4.npy,A
A.Beautiful.Mind.2001__#00-16-18_00-17-09_label_A__5.npy,A
A.Beautiful.Mind.2001__#00-16-18_00-17-09_label_A__6.npy,A
A.Beautiful.Mind.2001__#00-16-18_00-17-09_label_A__7.npy,A
A.Beautiful.Mind.2001__#00-16-18_00-17-09_label_A__8.npy,A
A.Beautiful.Mind.2001__#00-16-18_00-17-09_label_A__9.npy,A
v=p0h0xyCrkHI__#1_label_A__0.npy,A
v=p0h0xyCrkHI__#1_label_A__1.npy,A
v=p0h0xyCrkHI__#1_label_A__2.npy,A
v=p0h0xyCrkHI__#1_label_A__3.npy,A
v=p0h0xyCrkHI__#1_label_A__4.npy,A
v=p0h0xyCrkHI__#1_label_A__5.npy,A
v=p0h0xyCrkHI__#1_label_A__6.npy,A
v=p0h0xyCrkHI__#1_label_A__7.npy,A
v=p0h0xyCrkHI__#1_label_A__8.npy,A
v=p0h0xyCrkHI__#1_label_A__9.npy,A
v=p2ggHwtb-Zg__#00-03-00_00-06-00_label_A__0.npy,A
v=p2ggHwtb-Zg__#00-03-00_00-06-00_label_A__1.npy,A
v=p2ggHwtb-Zg__#00-03-00_00-06-00_label_A__2.npy,A
v=p2ggHwtb-Zg__#00-03-00_00-06-00_label_A__3.npy,A
v=p2ggHwtb-Zg__#00-03-00_00-06-00_label_A__4.npy,A
v=p2ggHwtb-Zg__#00-03-00_00-06-00_label_A__5.npy,A
v=p2ggHwtb-Zg__#00-03-00_00-06-00_label_A__6.npy,A
v=p2ggHwtb-Zg__#00-03-00_00-06-00_label_A__7.npy,A
v=p2ggHwtb-Zg__#00-03-00_00-06-00_label_A__8.npy,A
v=p2ggHwtb-Zg__#00-03-00_00-06-00_label_A__9.npy,A
v=gZR1CvSQntE__#1_label_A__0.npy,A
v=gZR1CvSQntE__#1_label_A__1.npy,A
v=gZR1CvSQntE__#1_label_A__2.npy,A
v=gZR1CvSQntE__#1_label_A__3.npy,A
v=gZR1CvSQntE__#1_label_A__4.npy,A
v=gZR1CvSQntE__#1_label_A__5.npy,A
v=gZR1CvSQntE__#1_label_A__6.npy,A
v=gZR1CvSQntE__#1_label_A__7.npy,A
v=gZR1CvSQntE__#1_label_A__8.npy,A
v=gZR1CvSQntE__#1_label_A__9.npy,A
The.Notebook.2004__#00-17-30_00-19-10_label_A__0.npy,A
The.Notebook.2004__#00-17-30_00-19-10_label_A__1.npy,A
The.Notebook.2004__#00-17-30_00-19-10_label_A__2.npy,A
The.Notebook.2004__#00-17-30_00-19-10_label_A__3.npy,A
The.Notebook.2004__#00-17-30_00-19-10_label_A__4.npy,A
The.Notebook.2004__#00-17-30_00-19-10_label_A__5.npy,A
The.Notebook.2004__#00-17-30_00-19-10_label_A__6.npy,A
The.Notebook.2004__#00-17-30_00-19-10_label_A__7.npy,A
The.Notebook.2004__#00-17-30_00-19-10_label_A__8.npy,A
The.Notebook.2004__#00-17-30_00-19-10_label_A__9.npy,A
v=vFPQ_NiDBIU__#02-54-00_03-00-00_label_A__0.npy,A
v=vFPQ_NiDBIU__#02-54-00_03-00-00_label_A__1.npy,A
v=vFPQ_NiDBIU__#02-54-00_03-00-00_label_A__2.npy,A
v=vFPQ_NiDBIU__#02-54-00_03-00-00_label_A__3.npy,A
v=vFPQ_NiDBIU__#02-54-00_03-00-00_label_A__4.npy,A
v=vFPQ_NiDBIU__#02-54-00_03-00-00_label_A__5.npy,A
v=vFPQ_NiDBIU__#02-54-00_03-00-00_label_A__6.npy,A
v=vFPQ_NiDBIU__#02-54-00_03-00-00_label_A__7.npy,A
v=vFPQ_NiDBIU__#02-54-00_03-00-00_label_A__8.npy,A
v=vFPQ_NiDBIU__#02-54-00_03-00-00_label_A__9.npy,A
v=Huf3QpHTSyk__#1_label_A__0.npy,A
v=Huf3QpHTSyk__#1_label_A__1.npy,A
v=Huf3QpHTSyk__#1_label_A__2.npy,A
v=Huf3QpHTSyk__#1_label_A__3.npy,A
v=Huf3QpHTSyk__#1_label_A__4.npy,A
v=Huf3QpHTSyk__#1_label_A__5.npy,A
v=Huf3QpHTSyk__#1_label_A__6.npy,A
v=Huf3QpHTSyk__#1_label_A__7.npy,A
v=Huf3QpHTSyk__#1_label_A__8.npy,A
v=Huf3QpHTSyk__#1_label_A__9.npy,A
Hot.Fuzz.2007__#00-08-11_00-10-43_label_A__0.npy,A
Hot.Fuzz.2007__#00-08-11_00-10-43_label_A__1.npy,A
Hot.Fuzz.2007__#00-08-11_00-10-43_label_A__2.npy,A
Hot.Fuzz.2007__#00-08-11_00-10-43_label_A__3.npy,A
Hot.Fuzz.2007__#00-08-11_00-10-43_label_A__4.npy,A
Hot.Fuzz.2007__#00-08-11_00-10-43_label_A__5.npy,A
Hot.Fuzz.2007__#00-08-11_00-10-43_label_A__6.npy,A
Hot.Fuzz.2007__#00-08-11_00-10-43_label_A__7.npy,A
Hot.Fuzz.2007__#00-08-11_00-10-43_label_A__8.npy,A
Hot.Fuzz.2007__#00-08-11_00-10-43_label_A__9.npy,A
Your.Name.2016__#01-32-40_01-36-08_label_A__0.npy,A
Your.Name.2016__#01-32-40_01-36-08_label_A__1.npy,A
Your.Name.2016__#01-32-40_01-36-08_label_A__2.npy,A
Your.Name.2016__#01-32-40_01-36-08_label_A__3.npy,A
Your.Name.2016__#01-32-40_01-36-08_label_A__4.npy,A
Your.Name.2016__#01-32-40_01-36-08_label_A__5.npy,A
Your.Name.2016__#01-32-40_01-36-08_label_A__6.npy,A
Your.Name.2016__#01-32-40_01-36-08_label_A__7.npy,A
Your.Name.2016__#01-32-40_01-36-08_label_A__8.npy,A
Your.Name.2016__#01-32-40_01-36-08_label_A__9.npy,A
Mission.Impossible.V.Rogue.Nation.2015__#00-58-50_00-59-50_label_A__0.npy,A
Mission.Impossible.V.Rogue.Nation.2015__#00-58-50_00-59-50_label_A__1.npy,A
Mission.Impossible.V.Rogue.Nation.2015__#00-58-50_00-59-50_label_A__2.npy,A
Mission.Impossible.V.Rogue.Nation.2015__#00-58-50_00-59-50_label_A__3.npy,A
Mission.Impossible.V.Rogue.Nation.2015__#00-58-50_00-59-50_label_A__4.npy,A
Mission.Impossible.V.Rogue.Nation.2015__#00-58-50_00-59-50_label_A__5.npy,A
Mission.Impossible.V.Rogue.Nation.2015__#00-58-50_00-59-50_label_A__6.npy,A
Mission.Impossible.V.Rogue.Nation.2015__#00-58-50_00-59-50_label_A__7.npy,A
Mission.Impossible.V.Rogue.Nation.2015__#00-58-50_00-59-50_label_A__8.npy,A
Mission.Impossible.V.Rogue.Nation.2015__#00-58-50_00-59-50_label_A__9.npy,A
The.Notebook.2004__#00-40-52_00-42-01_label_A__0.npy,A
The.Notebook.2004__#00-40-52_00-42-01_label_A__1.npy,A
The.Notebook.2004__#00-40-52_00-42-01_label_A__2.npy,A
The.Notebook.2004__#00-40-52_00-42-01_label_A__3.npy,A
The.Notebook.2004__#00-40-52_00-42-01_label_A__4.npy,A
The.Notebook.2004__#00-40-52_00-42-01_label_A__5.npy,A
The.Notebook.2004__#00-40-52_00-42-01_label_A__6.npy,A
The.Notebook.2004__#00-40-52_00-42-01_label_A__7.npy,A
The.Notebook.2004__#00-40-52_00-42-01_label_A__8.npy,A
The.Notebook.2004__#00-40-52_00-42-01_label_A__9.npy,A
v=2l5XPZK-55g__#1_label_A__0.npy,A
v=2l5XPZK-55g__#1_label_A__1.npy,A
v=2l5XPZK-55g__#1_label_A__2.npy,A
v=2l5XPZK-55g__#1_label_A__3.npy,A
v=2l5XPZK-55g__#1_label_A__4.npy,A
v=2l5XPZK-55g__#1_label_A__5.npy,A
v=2l5XPZK-55g__#1_label_A__6.npy,A
v=2l5XPZK-55g__#1_label_A__7.npy,A
v=2l5XPZK-55g__#1_label_A__8.npy,A
v=2l5XPZK-55g__#1_label_A__9.npy,A
v=p2ggHwtb-Zg__#00-27-00_00-30-45_label_A__0.npy,A
v=p2ggHwtb-Zg__#00-27-00_00-30-45_label_A__1.npy,A
v=p2ggHwtb-Zg__#00-27-00_00-30-45_label_A__2.npy,A
v=p2ggHwtb-Zg__#00-27-00_00-30-45_label_A__3.npy,A
v=p2ggHwtb-Zg__#00-27-00_00-30-45_label_A__4.npy,A
v=p2ggHwtb-Zg__#00-27-00_00-30-45_label_A__5.npy,A
v=p2ggHwtb-Zg__#00-27-00_00-30-45_label_A__6.npy,A
v=p2ggHwtb-Zg__#00-27-00_00-30-45_label_A__7.npy,A
v=p2ggHwtb-Zg__#00-27-00_00-30-45_label_A__8.npy,A
v=p2ggHwtb-Zg__#00-27-00_00-30-45_label_A__9.npy,A
New.Kids.Turbo.2010__#00-46-23_00-47-55_label_A__0.npy,A
New.Kids.Turbo.2010__#00-46-23_00-47-55_label_A__1.npy,A
New.Kids.Turbo.2010__#00-46-23_00-47-55_label_A__2.npy,A
New.Kids.Turbo.2010__#00-46-23_00-47-55_label_A__3.npy,A
New.Kids.Turbo.2010__#00-46-23_00-47-55_label_A__4.npy,A
New.Kids.Turbo.2010__#00-46-23_00-47-55_label_A__5.npy,A
New.Kids.Turbo.2010__#00-46-23_00-47-55_label_A__6.npy,A
New.Kids.Turbo.2010__#00-46-23_00-47-55_label_A__7.npy,A
New.Kids.Turbo.2010__#00-46-23_00-47-55_label_A__8.npy,A
New.Kids.Turbo.2010__#00-46-23_00-47-55_label_A__9.npy,A
v=_7WGxbsaeGs__#1_label_A__0.npy,A
v=_7WGxbsaeGs__#1_label_A__1.npy,A
v=_7WGxbsaeGs__#1_label_A__2.npy,A
v=_7WGxbsaeGs__#1_label_A__3.npy,A
v=_7WGxbsaeGs__#1_label_A__4.npy,A
v=_7WGxbsaeGs__#1_label_A__5.npy,A
v=_7WGxbsaeGs__#1_label_A__6.npy,A
v=_7WGxbsaeGs__#1_label_A__7.npy,A
v=_7WGxbsaeGs__#1_label_A__8.npy,A
v=_7WGxbsaeGs__#1_label_A__9.npy,A
The.Fast.and.the.Furious.2001__#00-09-25_00-10-20_label_A__0.npy,A
The.Fast.and.the.Furious.2001__#00-09-25_00-10-20_label_A__1.npy,A
The.Fast.and.the.Furious.2001__#00-09-25_00-10-20_label_A__2.npy,A
The.Fast.and.the.Furious.2001__#00-09-25_00-10-20_label_A__3.npy,A
The.Fast.and.the.Furious.2001__#00-09-25_00-10-20_label_A__4.npy,A
The.Fast.and.the.Furious.2001__#00-09-25_00-10-20_label_A__5.npy,A
The.Fast.and.the.Furious.2001__#00-09-25_00-10-20_label_A__6.npy,A
The.Fast.and.the.Furious.2001__#00-09-25_00-10-20_label_A__7.npy,A
The.Fast.and.the.Furious.2001__#00-09-25_00-10-20_label_A__8.npy,A
The.Fast.and.the.Furious.2001__#00-09-25_00-10-20_label_A__9.npy,A
v=JY7tS_4kDEI__#1_label_A__0.npy,A
v=JY7tS_4kDEI__#1_label_A__1.npy,A
v=JY7tS_4kDEI__#1_label_A__2.npy,A
v=JY7tS_4kDEI__#1_label_A__3.npy,A
v=JY7tS_4kDEI__#1_label_A__4.npy,A
v=JY7tS_4kDEI__#1_label_A__5.npy,A
v=JY7tS_4kDEI__#1_label_A__6.npy,A
v=JY7tS_4kDEI__#1_label_A__7.npy,A
v=JY7tS_4kDEI__#1_label_A__8.npy,A
v=JY7tS_4kDEI__#1_label_A__9.npy,A
v=enYITYwvPAQ__#00-00-00_00-03-00_label_A__0.npy,A
v=enYITYwvPAQ__#00-00-00_00-03-00_label_A__1.npy,A
v=enYITYwvPAQ__#00-00-00_00-03-00_label_A__2.npy,A
v=enYITYwvPAQ__#00-00-00_00-03-00_label_A__3.npy,A
v=enYITYwvPAQ__#00-00-00_00-03-00_label_A__4.npy,A
v=enYITYwvPAQ__#00-00-00_00-03-00_label_A__5.npy,A
v=enYITYwvPAQ__#00-00-00_00-03-00_label_A__6.npy,A
v=enYITYwvPAQ__#00-00-00_00-03-00_label_A__7.npy,A
v=enYITYwvPAQ__#00-00-00_00-03-00_label_A__8.npy,A
v=enYITYwvPAQ__#00-00-00_00-03-00_label_A__9.npy,A
God.Bless.America.2011__#00-20-55_00-22-32_label_A__0.npy,A
God.Bless.America.2011__#00-20-55_00-22-32_label_A__1.npy,A
God.Bless.America.2011__#00-20-55_00-22-32_label_A__2.npy,A
God.Bless.America.2011__#00-20-55_00-22-32_label_A__3.npy,A
God.Bless.America.2011__#00-20-55_00-22-32_label_A__4.npy,A
God.Bless.America.2011__#00-20-55_00-22-32_label_A__5.npy,A
God.Bless.America.2011__#00-20-55_00-22-32_label_A__6.npy,A
God.Bless.America.2011__#00-20-55_00-22-32_label_A__7.npy,A
God.Bless.America.2011__#00-20-55_00-22-32_label_A__8.npy,A
God.Bless.America.2011__#00-20-55_00-22-32_label_A__9.npy,A
v=laEaWPqfT1k__#1_label_A__0.npy,A
v=laEaWPqfT1k__#1_label_A__1.npy,A
v=laEaWPqfT1k__#1_label_A__2.npy,A
v=laEaWPqfT1k__#1_label_A__3.npy,A
v=laEaWPqfT1k__#1_label_A__4.npy,A
v=laEaWPqfT1k__#1_label_A__5.npy,A
v=laEaWPqfT1k__#1_label_A__6.npy,A
v=laEaWPqfT1k__#1_label_A__7.npy,A
v=laEaWPqfT1k__#1_label_A__8.npy,A
v=laEaWPqfT1k__#1_label_A__9.npy,A
The.Intouchables.2011__#01-21-00_01-26-08_label_A__0.npy,A
The.Intouchables.2011__#01-21-00_01-26-08_label_A__1.npy,A
The.Intouchables.2011__#01-21-00_01-26-08_label_A__2.npy,A
The.Intouchables.2011__#01-21-00_01-26-08_label_A__3.npy,A
The.Intouchables.2011__#01-21-00_01-26-08_label_A__4.npy,A
The.Intouchables.2011__#01-21-00_01-26-08_label_A__5.npy,A
The.Intouchables.2011__#01-21-00_01-26-08_label_A__6.npy,A
The.Intouchables.2011__#01-21-00_01-26-08_label_A__7.npy,A
The.Intouchables.2011__#01-21-00_01-26-08_label_A__8.npy,A
The.Intouchables.2011__#01-21-00_01-26-08_label_A__9.npy,A
A.Beautiful.Mind.2001__#00-31-05_00-32-05_label_A__0.npy,A
A.Beautiful.Mind.2001__#00-31-05_00-32-05_label_A__1.npy,A
A.Beautiful.Mind.2001__#00-31-05_00-32-05_label_A__2.npy,A
A.Beautiful.Mind.2001__#00-31-05_00-32-05_label_A__3.npy,A
A.Beautiful.Mind.2001__#00-31-05_00-32-05_label_A__4.npy,A
A.Beautiful.Mind.2001__#00-31-05_00-32-05_label_A__5.npy,A
A.Beautiful.Mind.2001__#00-31-05_00-32-05_label_A__6.npy,A
A.Beautiful.Mind.2001__#00-31-05_00-32-05_label_A__7.npy,A
A.Beautiful.Mind.2001__#00-31-05_00-32-05_label_A__8.npy,A
A.Beautiful.Mind.2001__#00-31-05_00-32-05_label_A__9.npy,A
v=vpWuJWFQK60__#1_label_A__0.npy,A
v=vpWuJWFQK60__#1_label_A__1.npy,A
v=vpWuJWFQK60__#1_label_A__2.npy,A
v=vpWuJWFQK60__#1_label_A__3.npy,A
v=vpWuJWFQK60__#1_label_A__4.npy,A
v=vpWuJWFQK60__#1_label_A__5.npy,A
v=vpWuJWFQK60__#1_label_A__6.npy,A
v=vpWuJWFQK60__#1_label_A__7.npy,A
v=vpWuJWFQK60__#1_label_A__8.npy,A
v=vpWuJWFQK60__#1_label_A__9.npy,A
Love.Me.If.You.Dare.2003__#00-49-48_00-51-12_label_A__0.npy,A
Love.Me.If.You.Dare.2003__#00-49-48_00-51-12_label_A__1.npy,A
Love.Me.If.You.Dare.2003__#00-49-48_00-51-12_label_A__2.npy,A
Love.Me.If.You.Dare.2003__#00-49-48_00-51-12_label_A__3.npy,A
Love.Me.If.You.Dare.2003__#00-49-48_00-51-12_label_A__4.npy,A
Love.Me.If.You.Dare.2003__#00-49-48_00-51-12_label_A__5.npy,A
Love.Me.If.You.Dare.2003__#00-49-48_00-51-12_label_A__6.npy,A
Love.Me.If.You.Dare.2003__#00-49-48_00-51-12_label_A__7.npy,A
Love.Me.If.You.Dare.2003__#00-49-48_00-51-12_label_A__8.npy,A
Love.Me.If.You.Dare.2003__#00-49-48_00-51-12_label_A__9.npy,A
v=9eME1y6V-T4__#00-00-00_00-06-00_label_A__0.npy,A
v=9eME1y6V-T4__#00-00-00_00-06-00_label_A__1.npy,A
v=9eME1y6V-T4__#00-00-00_00-06-00_label_A__2.npy,A
v=9eME1y6V-T4__#00-00-00_00-06-00_label_A__3.npy,A
v=9eME1y6V-T4__#00-00-00_00-06-00_label_A__4.npy,A
v=9eME1y6V-T4__#00-00-00_00-06-00_label_A__5.npy,A
v=9eME1y6V-T4__#00-00-00_00-06-00_label_A__6.npy,A
v=9eME1y6V-T4__#00-00-00_00-06-00_label_A__7.npy,A
v=9eME1y6V-T4__#00-00-00_00-06-00_label_A__8.npy,A
v=9eME1y6V-T4__#00-00-00_00-06-00_label_A__9.npy,A
Fast.Furious.6.2013__#01-05-40_01-07-59_label_A__0.npy,A
Fast.Furious.6.2013__#01-05-40_01-07-59_label_A__1.npy,A
Fast.Furious.6.2013__#01-05-40_01-07-59_label_A__2.npy,A
Fast.Furious.6.2013__#01-05-40_01-07-59_label_A__3.npy,A
Fast.Furious.6.2013__#01-05-40_01-07-59_label_A__4.npy,A
Fast.Furious.6.2013__#01-05-40_01-07-59_label_A__5.npy,A
Fast.Furious.6.2013__#01-05-40_01-07-59_label_A__6.npy,A
Fast.Furious.6.2013__#01-05-40_01-07-59_label_A__7.npy,A
Fast.Furious.6.2013__#01-05-40_01-07-59_label_A__8.npy,A
Fast.Furious.6.2013__#01-05-40_01-07-59_label_A__9.npy,A
v=H9Y5_X1sEEA__#00-51-00_00-54-00_label_A__0.npy,A
v=H9Y5_X1sEEA__#00-51-00_00-54-00_label_A__1.npy,A
v=H9Y5_X1sEEA__#00-51-00_00-54-00_label_A__2.npy,A
v=H9Y5_X1sEEA__#00-51-00_00-54-00_label_A__3.npy,A
v=H9Y5_X1sEEA__#00-51-00_00-54-00_label_A__4.npy,A
v=H9Y5_X1sEEA__#00-51-00_00-54-00_label_A__5.npy,A
v=H9Y5_X1sEEA__#00-51-00_00-54-00_label_A__6.npy,A
v=H9Y5_X1sEEA__#00-51-00_00-54-00_label_A__7.npy,A
v=H9Y5_X1sEEA__#00-51-00_00-54-00_label_A__8.npy,A
v=H9Y5_X1sEEA__#00-51-00_00-54-00_label_A__9.npy,A
v=aBJJ9CDYqUc__#1_label_A__0.npy,A
v=aBJJ9CDYqUc__#1_label_A__1.npy,A
v=aBJJ9CDYqUc__#1_label_A__2.npy,A
v=aBJJ9CDYqUc__#1_label_A__3.npy,A
v=aBJJ9CDYqUc__#1_label_A__4.npy,A
v=aBJJ9CDYqUc__#1_label_A__5.npy,A
v=aBJJ9CDYqUc__#1_label_A__6.npy,A
v=aBJJ9CDYqUc__#1_label_A__7.npy,A
v=aBJJ9CDYqUc__#1_label_A__8.npy,A
v=aBJJ9CDYqUc__#1_label_A__9.npy,A
Fast.Five.2011__#01-06-30_01-06-53_label_A__0.npy,A
Fast.Five.2011__#01-06-30_01-06-53_label_A__1.npy,A
Fast.Five.2011__#01-06-30_01-06-53_label_A__2.npy,A
Fast.Five.2011__#01-06-30_01-06-53_label_A__3.npy,A
Fast.Five.2011__#01-06-30_01-06-53_label_A__4.npy,A
Fast.Five.2011__#01-06-30_01-06-53_label_A__5.npy,A
Fast.Five.2011__#01-06-30_01-06-53_label_A__6.npy,A
Fast.Five.2011__#01-06-30_01-06-53_label_A__7.npy,A
Fast.Five.2011__#01-06-30_01-06-53_label_A__8.npy,A
Fast.Five.2011__#01-06-30_01-06-53_label_A__9.npy,A
v=K5UBRXOHTuM__#1_label_A__0.npy,A
v=K5UBRXOHTuM__#1_label_A__1.npy,A
v=K5UBRXOHTuM__#1_label_A__2.npy,A
v=K5UBRXOHTuM__#1_label_A__3.npy,A
v=K5UBRXOHTuM__#1_label_A__4.npy,A
v=K5UBRXOHTuM__#1_label_A__5.npy,A
v=K5UBRXOHTuM__#1_label_A__6.npy,A
v=K5UBRXOHTuM__#1_label_A__7.npy,A
v=K5UBRXOHTuM__#1_label_A__8.npy,A
v=K5UBRXOHTuM__#1_label_A__9.npy,A
v=pbDdY9ZOlfw__#1_label_A__0.npy,A
v=pbDdY9ZOlfw__#1_label_A__1.npy,A
v=pbDdY9ZOlfw__#1_label_A__2.npy,A
v=pbDdY9ZOlfw__#1_label_A__3.npy,A
v=pbDdY9ZOlfw__#1_label_A__4.npy,A
v=pbDdY9ZOlfw__#1_label_A__5.npy,A
v=pbDdY9ZOlfw__#1_label_A__6.npy,A
v=pbDdY9ZOlfw__#1_label_A__7.npy,A
v=pbDdY9ZOlfw__#1_label_A__8.npy,A
v=pbDdY9ZOlfw__#1_label_A__9.npy,A
Be.with.You.2018__#00-45-40_00-47-30_label_A__0.npy,A
Be.with.You.2018__#00-45-40_00-47-30_label_A__1.npy,A
Be.with.You.2018__#00-45-40_00-47-30_label_A__2.npy,A
Be.with.You.2018__#00-45-40_00-47-30_label_A__3.npy,A
Be.with.You.2018__#00-45-40_00-47-30_label_A__4.npy,A
Be.with.You.2018__#00-45-40_00-47-30_label_A__5.npy,A
Be.with.You.2018__#00-45-40_00-47-30_label_A__6.npy,A
Be.with.You.2018__#00-45-40_00-47-30_label_A__7.npy,A
Be.with.You.2018__#00-45-40_00-47-30_label_A__8.npy,A
Be.with.You.2018__#00-45-40_00-47-30_label_A__9.npy,A
Operation.Red.Sea.2018__#02-14-39_02-15-09_label_A__0.npy,A
Operation.Red.Sea.2018__#02-14-39_02-15-09_label_A__1.npy,A
Operation.Red.Sea.2018__#02-14-39_02-15-09_label_A__2.npy,A
Operation.Red.Sea.2018__#02-14-39_02-15-09_label_A__3.npy,A
Operation.Red.Sea.2018__#02-14-39_02-15-09_label_A__4.npy,A
Operation.Red.Sea.2018__#02-14-39_02-15-09_label_A__5.npy,A
Operation.Red.Sea.2018__#02-14-39_02-15-09_label_A__6.npy,A
Operation.Red.Sea.2018__#02-14-39_02-15-09_label_A__7.npy,A
Operation.Red.Sea.2018__#02-14-39_02-15-09_label_A__8.npy,A
Operation.Red.Sea.2018__#02-14-39_02-15-09_label_A__9.npy,A
v=hBnl8q1Sonw__#1_label_A__0.npy,A
v=hBnl8q1Sonw__#1_label_A__1.npy,A
v=hBnl8q1Sonw__#1_label_A__2.npy,A
v=hBnl8q1Sonw__#1_label_A__3.npy,A
v=hBnl8q1Sonw__#1_label_A__4.npy,A
v=hBnl8q1Sonw__#1_label_A__5.npy,A
v=hBnl8q1Sonw__#1_label_A__6.npy,A
v=hBnl8q1Sonw__#1_label_A__7.npy,A
v=hBnl8q1Sonw__#1_label_A__8.npy,A
v=hBnl8q1Sonw__#1_label_A__9.npy,A
Hear.Me.2009__#00-16-18_00-17-27_label_A__0.npy,A
Hear.Me.2009__#00-16-18_00-17-27_label_A__1.npy,A
Hear.Me.2009__#00-16-18_00-17-27_label_A__2.npy,A
Hear.Me.2009__#00-16-18_00-17-27_label_A__3.npy,A
Hear.Me.2009__#00-16-18_00-17-27_label_A__4.npy,A
Hear.Me.2009__#00-16-18_00-17-27_label_A__5.npy,A
Hear.Me.2009__#00-16-18_00-17-27_label_A__6.npy,A
Hear.Me.2009__#00-16-18_00-17-27_label_A__7.npy,A
Hear.Me.2009__#00-16-18_00-17-27_label_A__8.npy,A
Hear.Me.2009__#00-16-18_00-17-27_label_A__9.npy,A
v=JzrpCC7XmyE__#00-12-00_00-18-00_label_A__0.npy,A
v=JzrpCC7XmyE__#00-12-00_00-18-00_label_A__1.npy,A
v=JzrpCC7XmyE__#00-12-00_00-18-00_label_A__2.npy,A
v=JzrpCC7XmyE__#00-12-00_00-18-00_label_A__3.npy,A
v=JzrpCC7XmyE__#00-12-00_00-18-00_label_A__4.npy,A
v=JzrpCC7XmyE__#00-12-00_00-18-00_label_A__5.npy,A
v=JzrpCC7XmyE__#00-12-00_00-18-00_label_A__6.npy,A
v=JzrpCC7XmyE__#00-12-00_00-18-00_label_A__7.npy,A
v=JzrpCC7XmyE__#00-12-00_00-18-00_label_A__8.npy,A
v=JzrpCC7XmyE__#00-12-00_00-18-00_label_A__9.npy,A
v=PGgd2Wdu5-0__#1_label_A__0.npy,A
v=PGgd2Wdu5-0__#1_label_A__1.npy,A
v=PGgd2Wdu5-0__#1_label_A__2.npy,A
v=PGgd2Wdu5-0__#1_label_A__3.npy,A
v=PGgd2Wdu5-0__#1_label_A__4.npy,A
v=PGgd2Wdu5-0__#1_label_A__5.npy,A
v=PGgd2Wdu5-0__#1_label_A__6.npy,A
v=PGgd2Wdu5-0__#1_label_A__7.npy,A
v=PGgd2Wdu5-0__#1_label_A__8.npy,A
v=PGgd2Wdu5-0__#1_label_A__9.npy,A
New.Kids.Turbo.2010__#00-01-11_00-02-07_label_A__0.npy,A
New.Kids.Turbo.2010__#00-01-11_00-02-07_label_A__1.npy,A
New.Kids.Turbo.2010__#00-01-11_00-02-07_label_A__2.npy,A
New.Kids.Turbo.2010__#00-01-11_00-02-07_label_A__3.npy,A
New.Kids.Turbo.2010__#00-01-11_00-02-07_label_A__4.npy,A
New.Kids.Turbo.2010__#00-01-11_00-02-07_label_A__5.npy,A
New.Kids.Turbo.2010__#00-01-11_00-02-07_label_A__6.npy,A
New.Kids.Turbo.2010__#00-01-11_00-02-07_label_A__7.npy,A
New.Kids.Turbo.2010__#00-01-11_00-02-07_label_A__8.npy,A
New.Kids.Turbo.2010__#00-01-11_00-02-07_label_A__9.npy,A
The.Notebook.2004__#00-37-14_00-40-31_label_A__0.npy,A
The.Notebook.2004__#00-37-14_00-40-31_label_A__1.npy,A
The.Notebook.2004__#00-37-14_00-40-31_label_A__2.npy,A
The.Notebook.2004__#00-37-14_00-40-31_label_A__3.npy,A
The.Notebook.2004__#00-37-14_00-40-31_label_A__4.npy,A
The.Notebook.2004__#00-37-14_00-40-31_label_A__5.npy,A
The.Notebook.2004__#00-37-14_00-40-31_label_A__6.npy,A
The.Notebook.2004__#00-37-14_00-40-31_label_A__7.npy,A
The.Notebook.2004__#00-37-14_00-40-31_label_A__8.npy,A
The.Notebook.2004__#00-37-14_00-40-31_label_A__9.npy,A
v=CvLYGoF6CxA__#1_label_A__0.npy,A
v=CvLYGoF6CxA__#1_label_A__1.npy,A
v=CvLYGoF6CxA__#1_label_A__2.npy,A
v=CvLYGoF6CxA__#1_label_A__3.npy,A
v=CvLYGoF6CxA__#1_label_A__4.npy,A
v=CvLYGoF6CxA__#1_label_A__5.npy,A
v=CvLYGoF6CxA__#1_label_A__6.npy,A
v=CvLYGoF6CxA__#1_label_A__7.npy,A
v=CvLYGoF6CxA__#1_label_A__8.npy,A
v=CvLYGoF6CxA__#1_label_A__9.npy,A
v=c3SjiQMCnwc__#1_label_A__0.npy,A
v=c3SjiQMCnwc__#1_label_A__1.npy,A
v=c3SjiQMCnwc__#1_label_A__2.npy,A
v=c3SjiQMCnwc__#1_label_A__3.npy,A
v=c3SjiQMCnwc__#1_label_A__4.npy,A
v=c3SjiQMCnwc__#1_label_A__5.npy,A
v=c3SjiQMCnwc__#1_label_A__6.npy,A
v=c3SjiQMCnwc__#1_label_A__7.npy,A
v=c3SjiQMCnwc__#1_label_A__8.npy,A
v=c3SjiQMCnwc__#1_label_A__9.npy,A
v=aVFZdMu2Onk__#1_label_A__0.npy,A
v=aVFZdMu2Onk__#1_label_A__1.npy,A
v=aVFZdMu2Onk__#1_label_A__2.npy,A
v=aVFZdMu2Onk__#1_label_A__3.npy,A
v=aVFZdMu2Onk__#1_label_A__4.npy,A
v=aVFZdMu2Onk__#1_label_A__5.npy,A
v=aVFZdMu2Onk__#1_label_A__6.npy,A
v=aVFZdMu2Onk__#1_label_A__7.npy,A
v=aVFZdMu2Onk__#1_label_A__8.npy,A
v=aVFZdMu2Onk__#1_label_A__9.npy,A
Your.Name.2016__#01-05-30_01-08-59_label_A__0.npy,A
Your.Name.2016__#01-05-30_01-08-59_label_A__1.npy,A
Your.Name.2016__#01-05-30_01-08-59_label_A__2.npy,A
Your.Name.2016__#01-05-30_01-08-59_label_A__3.npy,A
Your.Name.2016__#01-05-30_01-08-59_label_A__4.npy,A
Your.Name.2016__#01-05-30_01-08-59_label_A__5.npy,A
Your.Name.2016__#01-05-30_01-08-59_label_A__6.npy,A
Your.Name.2016__#01-05-30_01-08-59_label_A__7.npy,A
Your.Name.2016__#01-05-30_01-08-59_label_A__8.npy,A
Your.Name.2016__#01-05-30_01-08-59_label_A__9.npy,A
Taken.3.2014__#01-27-08_01-28-25_label_A__0.npy,A
Taken.3.2014__#01-27-08_01-28-25_label_A__1.npy,A
Taken.3.2014__#01-27-08_01-28-25_label_A__2.npy,A
Taken.3.2014__#01-27-08_01-28-25_label_A__3.npy,A
Taken.3.2014__#01-27-08_01-28-25_label_A__4.npy,A
Taken.3.2014__#01-27-08_01-28-25_label_A__5.npy,A
Taken.3.2014__#01-27-08_01-28-25_label_A__6.npy,A
Taken.3.2014__#01-27-08_01-28-25_label_A__7.npy,A
Taken.3.2014__#01-27-08_01-28-25_label_A__8.npy,A
Taken.3.2014__#01-27-08_01-28-25_label_A__9.npy,A
Braveheart.1995__#01-44-05_01-45-55_label_A__0.npy,A
Braveheart.1995__#01-44-05_01-45-55_label_A__1.npy,A
Braveheart.1995__#01-44-05_01-45-55_label_A__2.npy,A
Braveheart.1995__#01-44-05_01-45-55_label_A__3.npy,A
Braveheart.1995__#01-44-05_01-45-55_label_A__4.npy,A
Braveheart.1995__#01-44-05_01-45-55_label_A__5.npy,A
Braveheart.1995__#01-44-05_01-45-55_label_A__6.npy,A
Braveheart.1995__#01-44-05_01-45-55_label_A__7.npy,A
Braveheart.1995__#01-44-05_01-45-55_label_A__8.npy,A
Braveheart.1995__#01-44-05_01-45-55_label_A__9.npy,A
v=arFPbZ_f2AI__#1_label_A__0.npy,A
v=arFPbZ_f2AI__#1_label_A__1.npy,A
v=arFPbZ_f2AI__#1_label_A__2.npy,A
v=arFPbZ_f2AI__#1_label_A__3.npy,A
v=arFPbZ_f2AI__#1_label_A__4.npy,A
v=arFPbZ_f2AI__#1_label_A__5.npy,A
v=arFPbZ_f2AI__#1_label_A__6.npy,A
v=arFPbZ_f2AI__#1_label_A__7.npy,A
v=arFPbZ_f2AI__#1_label_A__8.npy,A
v=arFPbZ_f2AI__#1_label_A__9.npy,A
v=LEkNtRnxy0o__#1_label_A__0.npy,A
v=LEkNtRnxy0o__#1_label_A__1.npy,A
v=LEkNtRnxy0o__#1_label_A__2.npy,A
v=LEkNtRnxy0o__#1_label_A__3.npy,A
v=LEkNtRnxy0o__#1_label_A__4.npy,A
v=LEkNtRnxy0o__#1_label_A__5.npy,A
v=LEkNtRnxy0o__#1_label_A__6.npy,A
v=LEkNtRnxy0o__#1_label_A__7.npy,A
v=LEkNtRnxy0o__#1_label_A__8.npy,A
v=LEkNtRnxy0o__#1_label_A__9.npy,A
v=Y3O4IOaKZqU__#1_label_A__0.npy,A
v=Y3O4IOaKZqU__#1_label_A__1.npy,A
v=Y3O4IOaKZqU__#1_label_A__2.npy,A
v=Y3O4IOaKZqU__#1_label_A__3.npy,A
v=Y3O4IOaKZqU__#1_label_A__4.npy,A
v=Y3O4IOaKZqU__#1_label_A__5.npy,A
v=Y3O4IOaKZqU__#1_label_A__6.npy,A
v=Y3O4IOaKZqU__#1_label_A__7.npy,A
v=Y3O4IOaKZqU__#1_label_A__8.npy,A
v=Y3O4IOaKZqU__#1_label_A__9.npy,A
v=F1jpCBPiWS4__#1_label_A__0.npy,A
v=F1jpCBPiWS4__#1_label_A__1.npy,A
v=F1jpCBPiWS4__#1_label_A__2.npy,A
v=F1jpCBPiWS4__#1_label_A__3.npy,A
v=F1jpCBPiWS4__#1_label_A__4.npy,A
v=F1jpCBPiWS4__#1_label_A__5.npy,A
v=F1jpCBPiWS4__#1_label_A__6.npy,A
v=F1jpCBPiWS4__#1_label_A__7.npy,A
v=F1jpCBPiWS4__#1_label_A__8.npy,A
v=F1jpCBPiWS4__#1_label_A__9.npy,A
Shoplifters.2018__#01-21-00_01-26-08_label_A__0.npy,A
Shoplifters.2018__#01-21-00_01-26-08_label_A__1.npy,A
Shoplifters.2018__#01-21-00_01-26-08_label_A__2.npy,A
Shoplifters.2018__#01-21-00_01-26-08_label_A__3.npy,A
Shoplifters.2018__#01-21-00_01-26-08_label_A__4.npy,A
Shoplifters.2018__#01-21-00_01-26-08_label_A__5.npy,A
Shoplifters.2018__#01-21-00_01-26-08_label_A__6.npy,A
Shoplifters.2018__#01-21-00_01-26-08_label_A__7.npy,A
Shoplifters.2018__#01-21-00_01-26-08_label_A__8.npy,A
Shoplifters.2018__#01-21-00_01-26-08_label_A__9.npy,A
v=gqZcOX9Ay_o__#1_label_A__0.npy,A
v=gqZcOX9Ay_o__#1_label_A__1.npy,A
v=gqZcOX9Ay_o__#1_label_A__2.npy,A
v=gqZcOX9Ay_o__#1_label_A__3.npy,A
v=gqZcOX9Ay_o__#1_label_A__4.npy,A
v=gqZcOX9Ay_o__#1_label_A__5.npy,A
v=gqZcOX9Ay_o__#1_label_A__6.npy,A
v=gqZcOX9Ay_o__#1_label_A__7.npy,A
v=gqZcOX9Ay_o__#1_label_A__8.npy,A
v=gqZcOX9Ay_o__#1_label_A__9.npy,A
Good.Will.Hunting.1997__#00-16-18_00-18-09_label_A__0.npy,A
Good.Will.Hunting.1997__#00-16-18_00-18-09_label_A__1.npy,A
Good.Will.Hunting.1997__#00-16-18_00-18-09_label_A__2.npy,A
Good.Will.Hunting.1997__#00-16-18_00-18-09_label_A__3.npy,A
Good.Will.Hunting.1997__#00-16-18_00-18-09_label_A__4.npy,A
Good.Will.Hunting.1997__#00-16-18_00-18-09_label_A__5.npy,A
Good.Will.Hunting.1997__#00-16-18_00-18-09_label_A__6.npy,A
Good.Will.Hunting.1997__#00-16-18_00-18-09_label_A__7.npy,A
Good.Will.Hunting.1997__#00-16-18_00-18-09_label_A__8.npy,A
Good.Will.Hunting.1997__#00-16-18_00-18-09_label_A__9.npy,A
v=aJBgFvbod2I__#1_label_A__0.npy,A
v=aJBgFvbod2I__#1_label_A__1.npy,A
v=aJBgFvbod2I__#1_label_A__2.npy,A
v=aJBgFvbod2I__#1_label_A__3.npy,A
v=aJBgFvbod2I__#1_label_A__4.npy,A
v=aJBgFvbod2I__#1_label_A__5.npy,A
v=aJBgFvbod2I__#1_label_A__6.npy,A
v=aJBgFvbod2I__#1_label_A__7.npy,A
v=aJBgFvbod2I__#1_label_A__8.npy,A
v=aJBgFvbod2I__#1_label_A__9.npy,A
v=tREGcpKagNw__#1_label_A__0.npy,A
v=tREGcpKagNw__#1_label_A__1.npy,A
v=tREGcpKagNw__#1_label_A__2.npy,A
v=tREGcpKagNw__#1_label_A__3.npy,A
v=tREGcpKagNw__#1_label_A__4.npy,A
v=tREGcpKagNw__#1_label_A__5.npy,A
v=tREGcpKagNw__#1_label_A__6.npy,A
v=tREGcpKagNw__#1_label_A__7.npy,A
v=tREGcpKagNw__#1_label_A__8.npy,A
v=tREGcpKagNw__#1_label_A__9.npy,A
v=F_pE1VJaudU__#1_label_A__0.npy,A
v=F_pE1VJaudU__#1_label_A__1.npy,A
v=F_pE1VJaudU__#1_label_A__2.npy,A
v=F_pE1VJaudU__#1_label_A__3.npy,A
v=F_pE1VJaudU__#1_label_A__4.npy,A
v=F_pE1VJaudU__#1_label_A__5.npy,A
v=F_pE1VJaudU__#1_label_A__6.npy,A
v=F_pE1VJaudU__#1_label_A__7.npy,A
v=F_pE1VJaudU__#1_label_A__8.npy,A
v=F_pE1VJaudU__#1_label_A__9.npy,A
NewAdd.NBA-2017.12.25_CLE@GSW__#00-44-20_01-08-34_label_A__0.npy,A
NewAdd.NBA-2017.12.25_CLE@GSW__#00-44-20_01-08-34_label_A__1.npy,A
NewAdd.NBA-2017.12.25_CLE@GSW__#00-44-20_01-08-34_label_A__2.npy,A
NewAdd.NBA-2017.12.25_CLE@GSW__#00-44-20_01-08-34_label_A__3.npy,A
NewAdd.NBA-2017.12.25_CLE@GSW__#00-44-20_01-08-34_label_A__4.npy,A
NewAdd.NBA-2017.12.25_CLE@GSW__#00-44-20_01-08-34_label_A__5.npy,A
NewAdd.NBA-2017.12.25_CLE@GSW__#00-44-20_01-08-34_label_A__6.npy,A
NewAdd.NBA-2017.12.25_CLE@GSW__#00-44-20_01-08-34_label_A__7.npy,A
NewAdd.NBA-2017.12.25_CLE@GSW__#00-44-20_01-08-34_label_A__8.npy,A
NewAdd.NBA-2017.12.25_CLE@GSW__#00-44-20_01-08-34_label_A__9.npy,A
v=7elCHOJESNw__#1_label_A__0.npy,A
v=7elCHOJESNw__#1_label_A__1.npy,A
v=7elCHOJESNw__#1_label_A__2.npy,A
v=7elCHOJESNw__#1_label_A__3.npy,A
v=7elCHOJESNw__#1_label_A__4.npy,A
v=7elCHOJESNw__#1_label_A__5.npy,A
v=7elCHOJESNw__#1_label_A__6.npy,A
v=7elCHOJESNw__#1_label_A__7.npy,A
v=7elCHOJESNw__#1_label_A__8.npy,A
v=7elCHOJESNw__#1_label_A__9.npy,A
v=9eME1y6V-T4__#00-54-00_01-00-00_label_A__0.npy,A
v=9eME1y6V-T4__#00-54-00_01-00-00_label_A__1.npy,A
v=9eME1y6V-T4__#00-54-00_01-00-00_label_A__2.npy,A
v=9eME1y6V-T4__#00-54-00_01-00-00_label_A__3.npy,A
v=9eME1y6V-T4__#00-54-00_01-00-00_label_A__4.npy,A
v=9eME1y6V-T4__#00-54-00_01-00-00_label_A__5.npy,A
v=9eME1y6V-T4__#00-54-00_01-00-00_label_A__6.npy,A
v=9eME1y6V-T4__#00-54-00_01-00-00_label_A__7.npy,A
v=9eME1y6V-T4__#00-54-00_01-00-00_label_A__8.npy,A
v=9eME1y6V-T4__#00-54-00_01-00-00_label_A__9.npy,A
v=BSHQ4Zq_hHY__#1_label_A__0.npy,A
v=BSHQ4Zq_hHY__#1_label_A__1.npy,A
v=BSHQ4Zq_hHY__#1_label_A__2.npy,A
v=BSHQ4Zq_hHY__#1_label_A__3.npy,A
v=BSHQ4Zq_hHY__#1_label_A__4.npy,A
v=BSHQ4Zq_hHY__#1_label_A__5.npy,A
v=BSHQ4Zq_hHY__#1_label_A__6.npy,A
v=BSHQ4Zq_hHY__#1_label_A__7.npy,A
v=BSHQ4Zq_hHY__#1_label_A__8.npy,A
v=BSHQ4Zq_hHY__#1_label_A__9.npy,A
A.Beautiful.Mind.2001__#00-32-07_00-36-45_label_A__0.npy,A
A.Beautiful.Mind.2001__#00-32-07_00-36-45_label_A__1.npy,A
A.Beautiful.Mind.2001__#00-32-07_00-36-45_label_A__2.npy,A
A.Beautiful.Mind.2001__#00-32-07_00-36-45_label_A__3.npy,A
A.Beautiful.Mind.2001__#00-32-07_00-36-45_label_A__4.npy,A
A.Beautiful.Mind.2001__#00-32-07_00-36-45_label_A__5.npy,A
A.Beautiful.Mind.2001__#00-32-07_00-36-45_label_A__6.npy,A
A.Beautiful.Mind.2001__#00-32-07_00-36-45_label_A__7.npy,A
A.Beautiful.Mind.2001__#00-32-07_00-36-45_label_A__8.npy,A
A.Beautiful.Mind.2001__#00-32-07_00-36-45_label_A__9.npy,A
About.Time.2013__#01-26-10_01-28-00_label_A__0.npy,A
About.Time.2013__#01-26-10_01-28-00_label_A__1.npy,A
About.Time.2013__#01-26-10_01-28-00_label_A__2.npy,A
About.Time.2013__#01-26-10_01-28-00_label_A__3.npy,A
About.Time.2013__#01-26-10_01-28-00_label_A__4.npy,A
About.Time.2013__#01-26-10_01-28-00_label_A__5.npy,A
About.Time.2013__#01-26-10_01-28-00_label_A__6.npy,A
About.Time.2013__#01-26-10_01-28-00_label_A__7.npy,A
About.Time.2013__#01-26-10_01-28-00_label_A__8.npy,A
About.Time.2013__#01-26-10_01-28-00_label_A__9.npy,A
A.Beautiful.Mind.2001__#00-45-40_00-47-30_label_A__0.npy,A
A.Beautiful.Mind.2001__#00-45-40_00-47-30_label_A__1.npy,A
A.Beautiful.Mind.2001__#00-45-40_00-47-30_label_A__2.npy,A
A.Beautiful.Mind.2001__#00-45-40_00-47-30_label_A__3.npy,A
A.Beautiful.Mind.2001__#00-45-40_00-47-30_label_A__4.npy,A
A.Beautiful.Mind.2001__#00-45-40_00-47-30_label_A__5.npy,A
A.Beautiful.Mind.2001__#00-45-40_00-47-30_label_A__6.npy,A
A.Beautiful.Mind.2001__#00-45-40_00-47-30_label_A__7.npy,A
A.Beautiful.Mind.2001__#00-45-40_00-47-30_label_A__8.npy,A
A.Beautiful.Mind.2001__#00-45-40_00-47-30_label_A__9.npy,A
Mission.Impossible.V.Rogue.Nation.2015__#00-42-52_00-43-41_label_A__0.npy,A
Mission.Impossible.V.Rogue.Nation.2015__#00-42-52_00-43-41_label_A__1.npy,A
Mission.Impossible.V.Rogue.Nation.2015__#00-42-52_00-43-41_label_A__2.npy,A
Mission.Impossible.V.Rogue.Nation.2015__#00-42-52_00-43-41_label_A__3.npy,A
Mission.Impossible.V.Rogue.Nation.2015__#00-42-52_00-43-41_label_A__4.npy,A
Mission.Impossible.V.Rogue.Nation.2015__#00-42-52_00-43-41_label_A__5.npy,A
Mission.Impossible.V.Rogue.Nation.2015__#00-42-52_00-43-41_label_A__6.npy,A
Mission.Impossible.V.Rogue.Nation.2015__#00-42-52_00-43-41_label_A__7.npy,A
Mission.Impossible.V.Rogue.Nation.2015__#00-42-52_00-43-41_label_A__8.npy,A
Mission.Impossible.V.Rogue.Nation.2015__#00-42-52_00-43-41_label_A__9.npy,A
Your.Name.2016__#01-22-20_01-24-05_label_A__0.npy,A
Your.Name.2016__#01-22-20_01-24-05_label_A__1.npy,A
Your.Name.2016__#01-22-20_01-24-05_label_A__2.npy,A
Your.Name.2016__#01-22-20_01-24-05_label_A__3.npy,A
Your.Name.2016__#01-22-20_01-24-05_label_A__4.npy,A
Your.Name.2016__#01-22-20_01-24-05_label_A__5.npy,A
Your.Name.2016__#01-22-20_01-24-05_label_A__6.npy,A
Your.Name.2016__#01-22-20_01-24-05_label_A__7.npy,A
Your.Name.2016__#01-22-20_01-24-05_label_A__8.npy,A
Your.Name.2016__#01-22-20_01-24-05_label_A__9.npy,A
Good.Will.Hunting.1997__#01-14-30_01-16-59_label_A__0.npy,A
Good.Will.Hunting.1997__#01-14-30_01-16-59_label_A__1.npy,A
Good.Will.Hunting.1997__#01-14-30_01-16-59_label_A__2.npy,A
Good.Will.Hunting.1997__#01-14-30_01-16-59_label_A__3.npy,A
Good.Will.Hunting.1997__#01-14-30_01-16-59_label_A__4.npy,A
Good.Will.Hunting.1997__#01-14-30_01-16-59_label_A__5.npy,A
Good.Will.Hunting.1997__#01-14-30_01-16-59_label_A__6.npy,A
Good.Will.Hunting.1997__#01-14-30_01-16-59_label_A__7.npy,A
Good.Will.Hunting.1997__#01-14-30_01-16-59_label_A__8.npy,A
Good.Will.Hunting.1997__#01-14-30_01-16-59_label_A__9.npy,A
v=hdPTRcsFN5w__#00-00-00_00-03-00_label_A__0.npy,A
v=hdPTRcsFN5w__#00-00-00_00-03-00_label_A__1.npy,A
v=hdPTRcsFN5w__#00-00-00_00-03-00_label_A__2.npy,A
v=hdPTRcsFN5w__#00-00-00_00-03-00_label_A__3.npy,A
v=hdPTRcsFN5w__#00-00-00_00-03-00_label_A__4.npy,A
v=hdPTRcsFN5w__#00-00-00_00-03-00_label_A__5.npy,A
v=hdPTRcsFN5w__#00-00-00_00-03-00_label_A__6.npy,A
v=hdPTRcsFN5w__#00-00-00_00-03-00_label_A__7.npy,A
v=hdPTRcsFN5w__#00-00-00_00-03-00_label_A__8.npy,A
v=hdPTRcsFN5w__#00-00-00_00-03-00_label_A__9.npy,A
About.Time.2013__#00-45-40_00-47-30_label_A__0.npy,A
About.Time.2013__#00-45-40_00-47-30_label_A__1.npy,A
About.Time.2013__#00-45-40_00-47-30_label_A__2.npy,A
About.Time.2013__#00-45-40_00-47-30_label_A__3.npy,A
About.Time.2013__#00-45-40_00-47-30_label_A__4.npy,A
About.Time.2013__#00-45-40_00-47-30_label_A__5.npy,A
About.Time.2013__#00-45-40_00-47-30_label_A__6.npy,A
About.Time.2013__#00-45-40_00-47-30_label_A__7.npy,A
About.Time.2013__#00-45-40_00-47-30_label_A__8.npy,A
About.Time.2013__#00-45-40_00-47-30_label_A__9.npy,A
Deadpool.2.2018__#01-12-12_01-12-50_label_A__0.npy,A
Deadpool.2.2018__#01-12-12_01-12-50_label_A__1.npy,A
Deadpool.2.2018__#01-12-12_01-12-50_label_A__2.npy,A
Deadpool.2.2018__#01-12-12_01-12-50_label_A__3.npy,A
Deadpool.2.2018__#01-12-12_01-12-50_label_A__4.npy,A
Deadpool.2.2018__#01-12-12_01-12-50_label_A__5.npy,A
Deadpool.2.2018__#01-12-12_01-12-50_label_A__6.npy,A
Deadpool.2.2018__#01-12-12_01-12-50_label_A__7.npy,A
Deadpool.2.2018__#01-12-12_01-12-50_label_A__8.npy,A
Deadpool.2.2018__#01-12-12_01-12-50_label_A__9.npy,A
Flipped.2010__#00-01-45_00-02-50_label_A__0.npy,A
Flipped.2010__#00-01-45_00-02-50_label_A__1.npy,A
Flipped.2010__#00-01-45_00-02-50_label_A__2.npy,A
Flipped.2010__#00-01-45_00-02-50_label_A__3.npy,A
Flipped.2010__#00-01-45_00-02-50_label_A__4.npy,A
Flipped.2010__#00-01-45_00-02-50_label_A__5.npy,A
Flipped.2010__#00-01-45_00-02-50_label_A__6.npy,A
Flipped.2010__#00-01-45_00-02-50_label_A__7.npy,A
Flipped.2010__#00-01-45_00-02-50_label_A__8.npy,A
Flipped.2010__#00-01-45_00-02-50_label_A__9.npy,A
v=7NuWGTbPcEA__#1_label_A__0.npy,A
v=7NuWGTbPcEA__#1_label_A__1.npy,A
v=7NuWGTbPcEA__#1_label_A__2.npy,A
v=7NuWGTbPcEA__#1_label_A__3.npy,A
v=7NuWGTbPcEA__#1_label_A__4.npy,A
v=7NuWGTbPcEA__#1_label_A__5.npy,A
v=7NuWGTbPcEA__#1_label_A__6.npy,A
v=7NuWGTbPcEA__#1_label_A__7.npy,A
v=7NuWGTbPcEA__#1_label_A__8.npy,A
v=7NuWGTbPcEA__#1_label_A__9.npy,A
v=PyMx1dista8__#1_label_A__0.npy,A
v=PyMx1dista8__#1_label_A__1.npy,A
v=PyMx1dista8__#1_label_A__2.npy,A
v=PyMx1dista8__#1_label_A__3.npy,A
v=PyMx1dista8__#1_label_A__4.npy,A
v=PyMx1dista8__#1_label_A__5.npy,A
v=PyMx1dista8__#1_label_A__6.npy,A
v=PyMx1dista8__#1_label_A__7.npy,A
v=PyMx1dista8__#1_label_A__8.npy,A
v=PyMx1dista8__#1_label_A__9.npy,A
Braveheart.1995__#02-23-30_02-24-27_label_A__0.npy,A
Braveheart.1995__#02-23-30_02-24-27_label_A__1.npy,A
Braveheart.1995__#02-23-30_02-24-27_label_A__2.npy,A
Braveheart.1995__#02-23-30_02-24-27_label_A__3.npy,A
Braveheart.1995__#02-23-30_02-24-27_label_A__4.npy,A
Braveheart.1995__#02-23-30_02-24-27_label_A__5.npy,A
Braveheart.1995__#02-23-30_02-24-27_label_A__6.npy,A
Braveheart.1995__#02-23-30_02-24-27_label_A__7.npy,A
Braveheart.1995__#02-23-30_02-24-27_label_A__8.npy,A
Braveheart.1995__#02-23-30_02-24-27_label_A__9.npy,A
Love.Me.If.You.Dare.2003__#00-59-50_01-01-45_label_A__0.npy,A
Love.Me.If.You.Dare.2003__#00-59-50_01-01-45_label_A__1.npy,A
Love.Me.If.You.Dare.2003__#00-59-50_01-01-45_label_A__2.npy,A
Love.Me.If.You.Dare.2003__#00-59-50_01-01-45_label_A__3.npy,A
Love.Me.If.You.Dare.2003__#00-59-50_01-01-45_label_A__4.npy,A
Love.Me.If.You.Dare.2003__#00-59-50_01-01-45_label_A__5.npy,A
Love.Me.If.You.Dare.2003__#00-59-50_01-01-45_label_A__6.npy,A
Love.Me.If.You.Dare.2003__#00-59-50_01-01-45_label_A__7.npy,A
Love.Me.If.You.Dare.2003__#00-59-50_01-01-45_label_A__8.npy,A
Love.Me.If.You.Dare.2003__#00-59-50_01-01-45_label_A__9.npy,A
v=EEvhwtXACxY__#1_label_A__0.npy,A
v=EEvhwtXACxY__#1_label_A__1.npy,A
v=EEvhwtXACxY__#1_label_A__2.npy,A
v=EEvhwtXACxY__#1_label_A__3.npy,A
v=EEvhwtXACxY__#1_label_A__4.npy,A
v=EEvhwtXACxY__#1_label_A__5.npy,A
v=EEvhwtXACxY__#1_label_A__6.npy,A
v=EEvhwtXACxY__#1_label_A__7.npy,A
v=EEvhwtXACxY__#1_label_A__8.npy,A
v=EEvhwtXACxY__#1_label_A__9.npy,A
v=hjSknAf3QdI__#1_label_A__0.npy,A
v=hjSknAf3QdI__#1_label_A__1.npy,A
v=hjSknAf3QdI__#1_label_A__2.npy,A
v=hjSknAf3QdI__#1_label_A__3.npy,A
v=hjSknAf3QdI__#1_label_A__4.npy,A
v=hjSknAf3QdI__#1_label_A__5.npy,A
v=hjSknAf3QdI__#1_label_A__6.npy,A
v=hjSknAf3QdI__#1_label_A__7.npy,A
v=hjSknAf3QdI__#1_label_A__8.npy,A
v=hjSknAf3QdI__#1_label_A__9.npy,A
v=fkps18H3SXY__#01-36-00_01-42-00_label_A__0.npy,A
v=fkps18H3SXY__#01-36-00_01-42-00_label_A__1.npy,A
v=fkps18H3SXY__#01-36-00_01-42-00_label_A__2.npy,A
v=fkps18H3SXY__#01-36-00_01-42-00_label_A__3.npy,A
v=fkps18H3SXY__#01-36-00_01-42-00_label_A__4.npy,A
v=fkps18H3SXY__#01-36-00_01-42-00_label_A__5.npy,A
v=fkps18H3SXY__#01-36-00_01-42-00_label_A__6.npy,A
v=fkps18H3SXY__#01-36-00_01-42-00_label_A__7.npy,A
v=fkps18H3SXY__#01-36-00_01-42-00_label_A__8.npy,A
v=fkps18H3SXY__#01-36-00_01-42-00_label_A__9.npy,A
Still.Walking.2008__#00-49-48_00-51-12_label_A__0.npy,A
Still.Walking.2008__#00-49-48_00-51-12_label_A__1.npy,A
Still.Walking.2008__#00-49-48_00-51-12_label_A__2.npy,A
Still.Walking.2008__#00-49-48_00-51-12_label_A__3.npy,A
Still.Walking.2008__#00-49-48_00-51-12_label_A__4.npy,A
Still.Walking.2008__#00-49-48_00-51-12_label_A__5.npy,A
Still.Walking.2008__#00-49-48_00-51-12_label_A__6.npy,A
Still.Walking.2008__#00-49-48_00-51-12_label_A__7.npy,A
Still.Walking.2008__#00-49-48_00-51-12_label_A__8.npy,A
Still.Walking.2008__#00-49-48_00-51-12_label_A__9.npy,A
v=D-UniZ9NmDg__#1_label_A__0.npy,A
v=D-UniZ9NmDg__#1_label_A__1.npy,A
v=D-UniZ9NmDg__#1_label_A__2.npy,A
v=D-UniZ9NmDg__#1_label_A__3.npy,A
v=D-UniZ9NmDg__#1_label_A__4.npy,A
v=D-UniZ9NmDg__#1_label_A__5.npy,A
v=D-UniZ9NmDg__#1_label_A__6.npy,A
v=D-UniZ9NmDg__#1_label_A__7.npy,A
v=D-UniZ9NmDg__#1_label_A__8.npy,A
v=D-UniZ9NmDg__#1_label_A__9.npy,A
v=tli7JFkuDfU__#1_label_A__0.npy,A
v=tli7JFkuDfU__#1_label_A__1.npy,A
v=tli7JFkuDfU__#1_label_A__2.npy,A
v=tli7JFkuDfU__#1_label_A__3.npy,A
v=tli7JFkuDfU__#1_label_A__4.npy,A
v=tli7JFkuDfU__#1_label_A__5.npy,A
v=tli7JFkuDfU__#1_label_A__6.npy,A
v=tli7JFkuDfU__#1_label_A__7.npy,A
v=tli7JFkuDfU__#1_label_A__8.npy,A
v=tli7JFkuDfU__#1_label_A__9.npy,A
Fury.2014__#00-41-33_00-43-12_label_A__0.npy,A
Fury.2014__#00-41-33_00-43-12_label_A__1.npy,A
Fury.2014__#00-41-33_00-43-12_label_A__2.npy,A
Fury.2014__#00-41-33_00-43-12_label_A__3.npy,A
Fury.2014__#00-41-33_00-43-12_label_A__4.npy,A
Fury.2014__#00-41-33_00-43-12_label_A__5.npy,A
Fury.2014__#00-41-33_00-43-12_label_A__6.npy,A
Fury.2014__#00-41-33_00-43-12_label_A__7.npy,A
Fury.2014__#00-41-33_00-43-12_label_A__8.npy,A
Fury.2014__#00-41-33_00-43-12_label_A__9.npy,A
Tropa.de.Elite.2007__#00-15-08_00-17-08_label_A__0.npy,A
Tropa.de.Elite.2007__#00-15-08_00-17-08_label_A__1.npy,A
Tropa.de.Elite.2007__#00-15-08_00-17-08_label_A__2.npy,A
Tropa.de.Elite.2007__#00-15-08_00-17-08_label_A__3.npy,A
Tropa.de.Elite.2007__#00-15-08_00-17-08_label_A__4.npy,A
Tropa.de.Elite.2007__#00-15-08_00-17-08_label_A__5.npy,A
Tropa.de.Elite.2007__#00-15-08_00-17-08_label_A__6.npy,A
Tropa.de.Elite.2007__#00-15-08_00-17-08_label_A__7.npy,A
Tropa.de.Elite.2007__#00-15-08_00-17-08_label_A__8.npy,A
Tropa.de.Elite.2007__#00-15-08_00-17-08_label_A__9.npy,A
About.Time.2013__#00-56-40_01-02-02_label_A__0.npy,A
About.Time.2013__#00-56-40_01-02-02_label_A__1.npy,A
About.Time.2013__#00-56-40_01-02-02_label_A__2.npy,A
About.Time.2013__#00-56-40_01-02-02_label_A__3.npy,A
About.Time.2013__#00-56-40_01-02-02_label_A__4.npy,A
About.Time.2013__#00-56-40_01-02-02_label_A__5.npy,A
About.Time.2013__#00-56-40_01-02-02_label_A__6.npy,A
About.Time.2013__#00-56-40_01-02-02_label_A__7.npy,A
About.Time.2013__#00-56-40_01-02-02_label_A__8.npy,A
About.Time.2013__#00-56-40_01-02-02_label_A__9.npy,A
GoldenEye.1995__#01-35-37_01-39-00_label_A__0.npy,A
GoldenEye.1995__#01-35-37_01-39-00_label_A__1.npy,A
GoldenEye.1995__#01-35-37_01-39-00_label_A__2.npy,A
GoldenEye.1995__#01-35-37_01-39-00_label_A__3.npy,A
GoldenEye.1995__#01-35-37_01-39-00_label_A__4.npy,A
GoldenEye.1995__#01-35-37_01-39-00_label_A__5.npy,A
GoldenEye.1995__#01-35-37_01-39-00_label_A__6.npy,A
GoldenEye.1995__#01-35-37_01-39-00_label_A__7.npy,A
GoldenEye.1995__#01-35-37_01-39-00_label_A__8.npy,A
GoldenEye.1995__#01-35-37_01-39-00_label_A__9.npy,A
A.Beautiful.Mind.2001__#00-01-45_00-02-50_label_A__0.npy,A
A.Beautiful.Mind.2001__#00-01-45_00-02-50_label_A__1.npy,A
A.Beautiful.Mind.2001__#00-01-45_00-02-50_label_A__2.npy,A
A.Beautiful.Mind.2001__#00-01-45_00-02-50_label_A__3.npy,A
A.Beautiful.Mind.2001__#00-01-45_00-02-50_label_A__4.npy,A
A.Beautiful.Mind.2001__#00-01-45_00-02-50_label_A__5.npy,A
A.Beautiful.Mind.2001__#00-01-45_00-02-50_label_A__6.npy,A
A.Beautiful.Mind.2001__#00-01-45_00-02-50_label_A__7.npy,A
A.Beautiful.Mind.2001__#00-01-45_00-02-50_label_A__8.npy,A
A.Beautiful.Mind.2001__#00-01-45_00-02-50_label_A__9.npy,A
Fast.Furious.6.2013__#00-12-41_00-15-45_label_A__0.npy,A
Fast.Furious.6.2013__#00-12-41_00-15-45_label_A__1.npy,A
Fast.Furious.6.2013__#00-12-41_00-15-45_label_A__2.npy,A
Fast.Furious.6.2013__#00-12-41_00-15-45_label_A__3.npy,A
Fast.Furious.6.2013__#00-12-41_00-15-45_label_A__4.npy,A
Fast.Furious.6.2013__#00-12-41_00-15-45_label_A__5.npy,A
Fast.Furious.6.2013__#00-12-41_00-15-45_label_A__6.npy,A
Fast.Furious.6.2013__#00-12-41_00-15-45_label_A__7.npy,A
Fast.Furious.6.2013__#00-12-41_00-15-45_label_A__8.npy,A
Fast.Furious.6.2013__#00-12-41_00-15-45_label_A__9.npy,A
Bad.Boys.II.2003__#01-46-00_01-48-35_label_A__0.npy,A
Bad.Boys.II.2003__#01-46-00_01-48-35_label_A__1.npy,A
Bad.Boys.II.2003__#01-46-00_01-48-35_label_A__2.npy,A
Bad.Boys.II.2003__#01-46-00_01-48-35_label_A__3.npy,A
Bad.Boys.II.2003__#01-46-00_01-48-35_label_A__4.npy,A
Bad.Boys.II.2003__#01-46-00_01-48-35_label_A__5.npy,A
Bad.Boys.II.2003__#01-46-00_01-48-35_label_A__6.npy,A
Bad.Boys.II.2003__#01-46-00_01-48-35_label_A__7.npy,A
Bad.Boys.II.2003__#01-46-00_01-48-35_label_A__8.npy,A
Bad.Boys.II.2003__#01-46-00_01-48-35_label_A__9.npy,A
Be.with.You.2018__#01-29-31_01-31-00_label_A__0.npy,A
Be.with.You.2018__#01-29-31_01-31-00_label_A__1.npy,A
Be.with.You.2018__#01-29-31_01-31-00_label_A__2.npy,A
Be.with.You.2018__#01-29-31_01-31-00_label_A__3.npy,A
Be.with.You.2018__#01-29-31_01-31-00_label_A__4.npy,A
Be.with.You.2018__#01-29-31_01-31-00_label_A__5.npy,A
Be.with.You.2018__#01-29-31_01-31-00_label_A__6.npy,A
Be.with.You.2018__#01-29-31_01-31-00_label_A__7.npy,A
Be.with.You.2018__#01-29-31_01-31-00_label_A__8.npy,A
Be.with.You.2018__#01-29-31_01-31-00_label_A__9.npy,A
v=sgYJ3bqSkN8__#1_label_A__0.npy,A
v=sgYJ3bqSkN8__#1_label_A__1.npy,A
v=sgYJ3bqSkN8__#1_label_A__2.npy,A
v=sgYJ3bqSkN8__#1_label_A__3.npy,A
v=sgYJ3bqSkN8__#1_label_A__4.npy,A
v=sgYJ3bqSkN8__#1_label_A__5.npy,A
v=sgYJ3bqSkN8__#1_label_A__6.npy,A
v=sgYJ3bqSkN8__#1_label_A__7.npy,A
v=sgYJ3bqSkN8__#1_label_A__8.npy,A
v=sgYJ3bqSkN8__#1_label_A__9.npy,A
Before.Sunrise.1995__#00-08-55_00-10-50_label_A__0.npy,A
Before.Sunrise.1995__#00-08-55_00-10-50_label_A__1.npy,A
Before.Sunrise.1995__#00-08-55_00-10-50_label_A__2.npy,A
Before.Sunrise.1995__#00-08-55_00-10-50_label_A__3.npy,A
Before.Sunrise.1995__#00-08-55_00-10-50_label_A__4.npy,A
Before.Sunrise.1995__#00-08-55_00-10-50_label_A__5.npy,A
Before.Sunrise.1995__#00-08-55_00-10-50_label_A__6.npy,A
Before.Sunrise.1995__#00-08-55_00-10-50_label_A__7.npy,A
Before.Sunrise.1995__#00-08-55_00-10-50_label_A__8.npy,A
Before.Sunrise.1995__#00-08-55_00-10-50_label_A__9.npy,A
v=9eME1y6V-T4__#00-36-00_00-42-00_label_A__0.npy,A
v=9eME1y6V-T4__#00-36-00_00-42-00_label_A__1.npy,A
v=9eME1y6V-T4__#00-36-00_00-42-00_label_A__2.npy,A
v=9eME1y6V-T4__#00-36-00_00-42-00_label_A__3.npy,A
v=9eME1y6V-T4__#00-36-00_00-42-00_label_A__4.npy,A
v=9eME1y6V-T4__#00-36-00_00-42-00_label_A__5.npy,A
v=9eME1y6V-T4__#00-36-00_00-42-00_label_A__6.npy,A
v=9eME1y6V-T4__#00-36-00_00-42-00_label_A__7.npy,A
v=9eME1y6V-T4__#00-36-00_00-42-00_label_A__8.npy,A
v=9eME1y6V-T4__#00-36-00_00-42-00_label_A__9.npy,A
Saving.Private.Ryan.1998__#00-01-26_00-04-07_label_A__0.npy,A
Saving.Private.Ryan.1998__#00-01-26_00-04-07_label_A__1.npy,A
Saving.Private.Ryan.1998__#00-01-26_00-04-07_label_A__2.npy,A
Saving.Private.Ryan.1998__#00-01-26_00-04-07_label_A__3.npy,A
Saving.Private.Ryan.1998__#00-01-26_00-04-07_label_A__4.npy,A
Saving.Private.Ryan.1998__#00-01-26_00-04-07_label_A__5.npy,A
Saving.Private.Ryan.1998__#00-01-26_00-04-07_label_A__6.npy,A
Saving.Private.Ryan.1998__#00-01-26_00-04-07_label_A__7.npy,A
Saving.Private.Ryan.1998__#00-01-26_00-04-07_label_A__8.npy,A
Saving.Private.Ryan.1998__#00-01-26_00-04-07_label_A__9.npy,A
v=H9Y5_X1sEEA__#00-15-00_00-18-00_label_A__0.npy,A
v=H9Y5_X1sEEA__#00-15-00_00-18-00_label_A__1.npy,A
v=H9Y5_X1sEEA__#00-15-00_00-18-00_label_A__2.npy,A
v=H9Y5_X1sEEA__#00-15-00_00-18-00_label_A__3.npy,A
v=H9Y5_X1sEEA__#00-15-00_00-18-00_label_A__4.npy,A
v=H9Y5_X1sEEA__#00-15-00_00-18-00_label_A__5.npy,A
v=H9Y5_X1sEEA__#00-15-00_00-18-00_label_A__6.npy,A
v=H9Y5_X1sEEA__#00-15-00_00-18-00_label_A__7.npy,A
v=H9Y5_X1sEEA__#00-15-00_00-18-00_label_A__8.npy,A
v=H9Y5_X1sEEA__#00-15-00_00-18-00_label_A__9.npy,A
The.Bourne.Supremacy.2004__#0-10-00_0-12-00_label_A__0.npy,A
The.Bourne.Supremacy.2004__#0-10-00_0-12-00_label_A__1.npy,A
The.Bourne.Supremacy.2004__#0-10-00_0-12-00_label_A__2.npy,A
The.Bourne.Supremacy.2004__#0-10-00_0-12-00_label_A__3.npy,A
The.Bourne.Supremacy.2004__#0-10-00_0-12-00_label_A__4.npy,A
The.Bourne.Supremacy.2004__#0-10-00_0-12-00_label_A__5.npy,A
The.Bourne.Supremacy.2004__#0-10-00_0-12-00_label_A__6.npy,A
The.Bourne.Supremacy.2004__#0-10-00_0-12-00_label_A__7.npy,A
The.Bourne.Supremacy.2004__#0-10-00_0-12-00_label_A__8.npy,A
The.Bourne.Supremacy.2004__#0-10-00_0-12-00_label_A__9.npy,A
Law.Abiding.Citizen.2009__#00-10-50_00-11-50_label_A__0.npy,A
Law.Abiding.Citizen.2009__#00-10-50_00-11-50_label_A__1.npy,A
Law.Abiding.Citizen.2009__#00-10-50_00-11-50_label_A__2.npy,A
Law.Abiding.Citizen.2009__#00-10-50_00-11-50_label_A__3.npy,A
Law.Abiding.Citizen.2009__#00-10-50_00-11-50_label_A__4.npy,A
Law.Abiding.Citizen.2009__#00-10-50_00-11-50_label_A__5.npy,A
Law.Abiding.Citizen.2009__#00-10-50_00-11-50_label_A__6.npy,A
Law.Abiding.Citizen.2009__#00-10-50_00-11-50_label_A__7.npy,A
Law.Abiding.Citizen.2009__#00-10-50_00-11-50_label_A__8.npy,A
Law.Abiding.Citizen.2009__#00-10-50_00-11-50_label_A__9.npy,A
Shoplifters.2018__#00-16-18_00-17-27_label_A__0.npy,A
Shoplifters.2018__#00-16-18_00-17-27_label_A__1.npy,A
Shoplifters.2018__#00-16-18_00-17-27_label_A__2.npy,A
Shoplifters.2018__#00-16-18_00-17-27_label_A__3.npy,A
Shoplifters.2018__#00-16-18_00-17-27_label_A__4.npy,A
Shoplifters.2018__#00-16-18_00-17-27_label_A__5.npy,A
Shoplifters.2018__#00-16-18_00-17-27_label_A__6.npy,A
Shoplifters.2018__#00-16-18_00-17-27_label_A__7.npy,A
Shoplifters.2018__#00-16-18_00-17-27_label_A__8.npy,A
Shoplifters.2018__#00-16-18_00-17-27_label_A__9.npy,A
Tropa.de.Elite.2007__#00-19-31_00-22-31_label_A__0.npy,A
Tropa.de.Elite.2007__#00-19-31_00-22-31_label_A__1.npy,A
Tropa.de.Elite.2007__#00-19-31_00-22-31_label_A__2.npy,A
Tropa.de.Elite.2007__#00-19-31_00-22-31_label_A__3.npy,A
Tropa.de.Elite.2007__#00-19-31_00-22-31_label_A__4.npy,A
Tropa.de.Elite.2007__#00-19-31_00-22-31_label_A__5.npy,A
Tropa.de.Elite.2007__#00-19-31_00-22-31_label_A__6.npy,A
Tropa.de.Elite.2007__#00-19-31_00-22-31_label_A__7.npy,A
Tropa.de.Elite.2007__#00-19-31_00-22-31_label_A__8.npy,A
Tropa.de.Elite.2007__#00-19-31_00-22-31_label_A__9.npy,A
New.Kids.Turbo.2010__#01-17-50_01-19-15_label_A__0.npy,A
New.Kids.Turbo.2010__#01-17-50_01-19-15_label_A__1.npy,A
New.Kids.Turbo.2010__#01-17-50_01-19-15_label_A__2.npy,A
New.Kids.Turbo.2010__#01-17-50_01-19-15_label_A__3.npy,A
New.Kids.Turbo.2010__#01-17-50_01-19-15_label_A__4.npy,A
New.Kids.Turbo.2010__#01-17-50_01-19-15_label_A__5.npy,A
New.Kids.Turbo.2010__#01-17-50_01-19-15_label_A__6.npy,A
New.Kids.Turbo.2010__#01-17-50_01-19-15_label_A__7.npy,A
New.Kids.Turbo.2010__#01-17-50_01-19-15_label_A__8.npy,A
New.Kids.Turbo.2010__#01-17-50_01-19-15_label_A__9.npy,A
Fast.Five.2011__#01-55-07_01-58-50_label_A__0.npy,A
Fast.Five.2011__#01-55-07_01-58-50_label_A__1.npy,A
Fast.Five.2011__#01-55-07_01-58-50_label_A__2.npy,A
Fast.Five.2011__#01-55-07_01-58-50_label_A__3.npy,A
Fast.Five.2011__#01-55-07_01-58-50_label_A__4.npy,A
Fast.Five.2011__#01-55-07_01-58-50_label_A__5.npy,A
Fast.Five.2011__#01-55-07_01-58-50_label_A__6.npy,A
Fast.Five.2011__#01-55-07_01-58-50_label_A__7.npy,A
Fast.Five.2011__#01-55-07_01-58-50_label_A__8.npy,A
Fast.Five.2011__#01-55-07_01-58-50_label_A__9.npy,A
v=6nwNVRG_0Zk__#1_label_A__0.npy,A
v=6nwNVRG_0Zk__#1_label_A__1.npy,A
v=6nwNVRG_0Zk__#1_label_A__2.npy,A
v=6nwNVRG_0Zk__#1_label_A__3.npy,A
v=6nwNVRG_0Zk__#1_label_A__4.npy,A
v=6nwNVRG_0Zk__#1_label_A__5.npy,A
v=6nwNVRG_0Zk__#1_label_A__6.npy,A
v=6nwNVRG_0Zk__#1_label_A__7.npy,A
v=6nwNVRG_0Zk__#1_label_A__8.npy,A
v=6nwNVRG_0Zk__#1_label_A__9.npy,A
Before.Sunrise.1995__#00-37-40_00-40-31_label_A__0.npy,A
Before.Sunrise.1995__#00-37-40_00-40-31_label_A__1.npy,A
Before.Sunrise.1995__#00-37-40_00-40-31_label_A__2.npy,A
Before.Sunrise.1995__#00-37-40_00-40-31_label_A__3.npy,A
Before.Sunrise.1995__#00-37-40_00-40-31_label_A__4.npy,A
Before.Sunrise.1995__#00-37-40_00-40-31_label_A__5.npy,A
Before.Sunrise.1995__#00-37-40_00-40-31_label_A__6.npy,A
Before.Sunrise.1995__#00-37-40_00-40-31_label_A__7.npy,A
Before.Sunrise.1995__#00-37-40_00-40-31_label_A__8.npy,A
Before.Sunrise.1995__#00-37-40_00-40-31_label_A__9.npy,A
v=cEBOZY38Y7I__#1_label_A__0.npy,A
v=cEBOZY38Y7I__#1_label_A__1.npy,A
v=cEBOZY38Y7I__#1_label_A__2.npy,A
v=cEBOZY38Y7I__#1_label_A__3.npy,A
v=cEBOZY38Y7I__#1_label_A__4.npy,A
v=cEBOZY38Y7I__#1_label_A__5.npy,A
v=cEBOZY38Y7I__#1_label_A__6.npy,A
v=cEBOZY38Y7I__#1_label_A__7.npy,A
v=cEBOZY38Y7I__#1_label_A__8.npy,A
v=cEBOZY38Y7I__#1_label_A__9.npy,A
Kingsman.The.Golden.Circle.2017__#01-37-48_01-39-14_label_A__0.npy,A
Kingsman.The.Golden.Circle.2017__#01-37-48_01-39-14_label_A__1.npy,A
Kingsman.The.Golden.Circle.2017__#01-37-48_01-39-14_label_A__2.npy,A
Kingsman.The.Golden.Circle.2017__#01-37-48_01-39-14_label_A__3.npy,A
Kingsman.The.Golden.Circle.2017__#01-37-48_01-39-14_label_A__4.npy,A
Kingsman.The.Golden.Circle.2017__#01-37-48_01-39-14_label_A__5.npy,A
Kingsman.The.Golden.Circle.2017__#01-37-48_01-39-14_label_A__6.npy,A
Kingsman.The.Golden.Circle.2017__#01-37-48_01-39-14_label_A__7.npy,A
Kingsman.The.Golden.Circle.2017__#01-37-48_01-39-14_label_A__8.npy,A
Kingsman.The.Golden.Circle.2017__#01-37-48_01-39-14_label_A__9.npy,A
v=n9k6AVyJi7M__#1_label_A__0.npy,A
v=n9k6AVyJi7M__#1_label_A__1.npy,A
v=n9k6AVyJi7M__#1_label_A__2.npy,A
v=n9k6AVyJi7M__#1_label_A__3.npy,A
v=n9k6AVyJi7M__#1_label_A__4.npy,A
v=n9k6AVyJi7M__#1_label_A__5.npy,A
v=n9k6AVyJi7M__#1_label_A__6.npy,A
v=n9k6AVyJi7M__#1_label_A__7.npy,A
v=n9k6AVyJi7M__#1_label_A__8.npy,A
v=n9k6AVyJi7M__#1_label_A__9.npy,A
Mission.Impossible.Ghost.Protocol.2011__#01-11-27_01-12-11_label_A__0.npy,A
Mission.Impossible.Ghost.Protocol.2011__#01-11-27_01-12-11_label_A__1.npy,A
Mission.Impossible.Ghost.Protocol.2011__#01-11-27_01-12-11_label_A__2.npy,A
Mission.Impossible.Ghost.Protocol.2011__#01-11-27_01-12-11_label_A__3.npy,A
Mission.Impossible.Ghost.Protocol.2011__#01-11-27_01-12-11_label_A__4.npy,A
Mission.Impossible.Ghost.Protocol.2011__#01-11-27_01-12-11_label_A__5.npy,A
Mission.Impossible.Ghost.Protocol.2011__#01-11-27_01-12-11_label_A__6.npy,A
Mission.Impossible.Ghost.Protocol.2011__#01-11-27_01-12-11_label_A__7.npy,A
Mission.Impossible.Ghost.Protocol.2011__#01-11-27_01-12-11_label_A__8.npy,A
Mission.Impossible.Ghost.Protocol.2011__#01-11-27_01-12-11_label_A__9.npy,A
Flipped.2010__#01-02-40_01-06-51_label_A__0.npy,A
Flipped.2010__#01-02-40_01-06-51_label_A__1.npy,A
Flipped.2010__#01-02-40_01-06-51_label_A__2.npy,A
Flipped.2010__#01-02-40_01-06-51_label_A__3.npy,A
Flipped.2010__#01-02-40_01-06-51_label_A__4.npy,A
Flipped.2010__#01-02-40_01-06-51_label_A__5.npy,A
Flipped.2010__#01-02-40_01-06-51_label_A__6.npy,A
Flipped.2010__#01-02-40_01-06-51_label_A__7.npy,A
Flipped.2010__#01-02-40_01-06-51_label_A__8.npy,A
Flipped.2010__#01-02-40_01-06-51_label_A__9.npy,A
Shoplifters.2018__#00-30-50_00-32-31_label_A__0.npy,A
Shoplifters.2018__#00-30-50_00-32-31_label_A__1.npy,A
Shoplifters.2018__#00-30-50_00-32-31_label_A__2.npy,A
Shoplifters.2018__#00-30-50_00-32-31_label_A__3.npy,A
Shoplifters.2018__#00-30-50_00-32-31_label_A__4.npy,A
Shoplifters.2018__#00-30-50_00-32-31_label_A__5.npy,A
Shoplifters.2018__#00-30-50_00-32-31_label_A__6.npy,A
Shoplifters.2018__#00-30-50_00-32-31_label_A__7.npy,A
Shoplifters.2018__#00-30-50_00-32-31_label_A__8.npy,A
Shoplifters.2018__#00-30-50_00-32-31_label_A__9.npy,A
v=3XyOgx9bCUo__#1_label_A__0.npy,A
v=3XyOgx9bCUo__#1_label_A__1.npy,A
v=3XyOgx9bCUo__#1_label_A__2.npy,A
v=3XyOgx9bCUo__#1_label_A__3.npy,A
v=3XyOgx9bCUo__#1_label_A__4.npy,A
v=3XyOgx9bCUo__#1_label_A__5.npy,A
v=3XyOgx9bCUo__#1_label_A__6.npy,A
v=3XyOgx9bCUo__#1_label_A__7.npy,A
v=3XyOgx9bCUo__#1_label_A__8.npy,A
v=3XyOgx9bCUo__#1_label_A__9.npy,A
v=D0LwIftpYvo__#1_label_A__0.npy,A
v=D0LwIftpYvo__#1_label_A__1.npy,A
v=D0LwIftpYvo__#1_label_A__2.npy,A
v=D0LwIftpYvo__#1_label_A__3.npy,A
v=D0LwIftpYvo__#1_label_A__4.npy,A
v=D0LwIftpYvo__#1_label_A__5.npy,A
v=D0LwIftpYvo__#1_label_A__6.npy,A
v=D0LwIftpYvo__#1_label_A__7.npy,A
v=D0LwIftpYvo__#1_label_A__8.npy,A
v=D0LwIftpYvo__#1_label_A__9.npy,A
v=gglk0Q4xupk__#1_label_A__0.npy,A
v=gglk0Q4xupk__#1_label_A__1.npy,A
v=gglk0Q4xupk__#1_label_A__2.npy,A
v=gglk0Q4xupk__#1_label_A__3.npy,A
v=gglk0Q4xupk__#1_label_A__4.npy,A
v=gglk0Q4xupk__#1_label_A__5.npy,A
v=gglk0Q4xupk__#1_label_A__6.npy,A
v=gglk0Q4xupk__#1_label_A__7.npy,A
v=gglk0Q4xupk__#1_label_A__8.npy,A
v=gglk0Q4xupk__#1_label_A__9.npy,A
v=Tok2GAoeSMI__#1_label_A__0.npy,A
v=Tok2GAoeSMI__#1_label_A__1.npy,A
v=Tok2GAoeSMI__#1_label_A__2.npy,A
v=Tok2GAoeSMI__#1_label_A__3.npy,A
v=Tok2GAoeSMI__#1_label_A__4.npy,A
v=Tok2GAoeSMI__#1_label_A__5.npy,A
v=Tok2GAoeSMI__#1_label_A__6.npy,A
v=Tok2GAoeSMI__#1_label_A__7.npy,A
v=Tok2GAoeSMI__#1_label_A__8.npy,A
v=Tok2GAoeSMI__#1_label_A__9.npy,A
v=Wr7JadZ_P64__#1_label_A__0.npy,A
v=Wr7JadZ_P64__#1_label_A__1.npy,A
v=Wr7JadZ_P64__#1_label_A__2.npy,A
v=Wr7JadZ_P64__#1_label_A__3.npy,A
v=Wr7JadZ_P64__#1_label_A__4.npy,A
v=Wr7JadZ_P64__#1_label_A__5.npy,A
v=Wr7JadZ_P64__#1_label_A__6.npy,A
v=Wr7JadZ_P64__#1_label_A__7.npy,A
v=Wr7JadZ_P64__#1_label_A__8.npy,A
v=Wr7JadZ_P64__#1_label_A__9.npy,A
v=C6Px7JdJb7c__#1_label_A__0.npy,A
v=C6Px7JdJb7c__#1_label_A__1.npy,A
v=C6Px7JdJb7c__#1_label_A__2.npy,A
v=C6Px7JdJb7c__#1_label_A__3.npy,A
v=C6Px7JdJb7c__#1_label_A__4.npy,A
v=C6Px7JdJb7c__#1_label_A__5.npy,A
v=C6Px7JdJb7c__#1_label_A__6.npy,A
v=C6Px7JdJb7c__#1_label_A__7.npy,A
v=C6Px7JdJb7c__#1_label_A__8.npy,A
v=C6Px7JdJb7c__#1_label_A__9.npy,A
v=BNFMU8XUalc__#1_label_A__0.npy,A
v=BNFMU8XUalc__#1_label_A__1.npy,A
v=BNFMU8XUalc__#1_label_A__2.npy,A
v=BNFMU8XUalc__#1_label_A__3.npy,A
v=BNFMU8XUalc__#1_label_A__4.npy,A
v=BNFMU8XUalc__#1_label_A__5.npy,A
v=BNFMU8XUalc__#1_label_A__6.npy,A
v=BNFMU8XUalc__#1_label_A__7.npy,A
v=BNFMU8XUalc__#1_label_A__8.npy,A
v=BNFMU8XUalc__#1_label_A__9.npy,A
v=o1UfPTzL_dM__#1_label_A__0.npy,A
v=o1UfPTzL_dM__#1_label_A__1.npy,A
v=o1UfPTzL_dM__#1_label_A__2.npy,A
v=o1UfPTzL_dM__#1_label_A__3.npy,A
v=o1UfPTzL_dM__#1_label_A__4.npy,A
v=o1UfPTzL_dM__#1_label_A__5.npy,A
v=o1UfPTzL_dM__#1_label_A__6.npy,A
v=o1UfPTzL_dM__#1_label_A__7.npy,A
v=o1UfPTzL_dM__#1_label_A__8.npy,A
v=o1UfPTzL_dM__#1_label_A__9.npy,A
The.Pursuit.of.Happyness.2006__#00-08-55_00-10-50_label_A__0.npy,A
The.Pursuit.of.Happyness.2006__#00-08-55_00-10-50_label_A__1.npy,A
The.Pursuit.of.Happyness.2006__#00-08-55_00-10-50_label_A__2.npy,A
The.Pursuit.of.Happyness.2006__#00-08-55_00-10-50_label_A__3.npy,A
The.Pursuit.of.Happyness.2006__#00-08-55_00-10-50_label_A__4.npy,A
The.Pursuit.of.Happyness.2006__#00-08-55_00-10-50_label_A__5.npy,A
The.Pursuit.of.Happyness.2006__#00-08-55_00-10-50_label_A__6.npy,A
The.Pursuit.of.Happyness.2006__#00-08-55_00-10-50_label_A__7.npy,A
The.Pursuit.of.Happyness.2006__#00-08-55_00-10-50_label_A__8.npy,A
The.Pursuit.of.Happyness.2006__#00-08-55_00-10-50_label_A__9.npy,A
v=vFPQ_NiDBIU__#00-24-00_00-30-00_label_A__0.npy,A
v=vFPQ_NiDBIU__#00-24-00_00-30-00_label_A__1.npy,A
v=vFPQ_NiDBIU__#00-24-00_00-30-00_label_A__2.npy,A
v=vFPQ_NiDBIU__#00-24-00_00-30-00_label_A__3.npy,A
v=vFPQ_NiDBIU__#00-24-00_00-30-00_label_A__4.npy,A
v=vFPQ_NiDBIU__#00-24-00_00-30-00_label_A__5.npy,A
v=vFPQ_NiDBIU__#00-24-00_00-30-00_label_A__6.npy,A
v=vFPQ_NiDBIU__#00-24-00_00-30-00_label_A__7.npy,A
v=vFPQ_NiDBIU__#00-24-00_00-30-00_label_A__8.npy,A
v=vFPQ_NiDBIU__#00-24-00_00-30-00_label_A__9.npy,A
v=ZwwEdra5d3c__#1_label_A__0.npy,A
v=ZwwEdra5d3c__#1_label_A__1.npy,A
v=ZwwEdra5d3c__#1_label_A__2.npy,A
v=ZwwEdra5d3c__#1_label_A__3.npy,A
v=ZwwEdra5d3c__#1_label_A__4.npy,A
v=ZwwEdra5d3c__#1_label_A__5.npy,A
v=ZwwEdra5d3c__#1_label_A__6.npy,A
v=ZwwEdra5d3c__#1_label_A__7.npy,A
v=ZwwEdra5d3c__#1_label_A__8.npy,A
v=ZwwEdra5d3c__#1_label_A__9.npy,A
The.Secret.Life.of.Walter.Mitty.2013__#00-11-00_00-15-08_label_A__0.npy,A
The.Secret.Life.of.Walter.Mitty.2013__#00-11-00_00-15-08_label_A__1.npy,A
The.Secret.Life.of.Walter.Mitty.2013__#00-11-00_00-15-08_label_A__2.npy,A
The.Secret.Life.of.Walter.Mitty.2013__#00-11-00_00-15-08_label_A__3.npy,A
The.Secret.Life.of.Walter.Mitty.2013__#00-11-00_00-15-08_label_A__4.npy,A
The.Secret.Life.of.Walter.Mitty.2013__#00-11-00_00-15-08_label_A__5.npy,A
The.Secret.Life.of.Walter.Mitty.2013__#00-11-00_00-15-08_label_A__6.npy,A
The.Secret.Life.of.Walter.Mitty.2013__#00-11-00_00-15-08_label_A__7.npy,A
The.Secret.Life.of.Walter.Mitty.2013__#00-11-00_00-15-08_label_A__8.npy,A
The.Secret.Life.of.Walter.Mitty.2013__#00-11-00_00-15-08_label_A__9.npy,A
Ip.Man.3.2015__#00-55-33_01-00-22_label_A__0.npy,A
Ip.Man.3.2015__#00-55-33_01-00-22_label_A__1.npy,A
Ip.Man.3.2015__#00-55-33_01-00-22_label_A__2.npy,A
Ip.Man.3.2015__#00-55-33_01-00-22_label_A__3.npy,A
Ip.Man.3.2015__#00-55-33_01-00-22_label_A__4.npy,A
Ip.Man.3.2015__#00-55-33_01-00-22_label_A__5.npy,A
Ip.Man.3.2015__#00-55-33_01-00-22_label_A__6.npy,A
Ip.Man.3.2015__#00-55-33_01-00-22_label_A__7.npy,A
Ip.Man.3.2015__#00-55-33_01-00-22_label_A__8.npy,A
Ip.Man.3.2015__#00-55-33_01-00-22_label_A__9.npy,A
Mission.Impossible.II.2000__#00-32-03_00-32-56_label_A__0.npy,A
Mission.Impossible.II.2000__#00-32-03_00-32-56_label_A__1.npy,A
Mission.Impossible.II.2000__#00-32-03_00-32-56_label_A__2.npy,A
Mission.Impossible.II.2000__#00-32-03_00-32-56_label_A__3.npy,A
Mission.Impossible.II.2000__#00-32-03_00-32-56_label_A__4.npy,A
Mission.Impossible.II.2000__#00-32-03_00-32-56_label_A__5.npy,A
Mission.Impossible.II.2000__#00-32-03_00-32-56_label_A__6.npy,A
Mission.Impossible.II.2000__#00-32-03_00-32-56_label_A__7.npy,A
Mission.Impossible.II.2000__#00-32-03_00-32-56_label_A__8.npy,A
Mission.Impossible.II.2000__#00-32-03_00-32-56_label_A__9.npy,A
Skyfall.2012__#00-17-25_00-19-35_label_A__0.npy,A
Skyfall.2012__#00-17-25_00-19-35_label_A__1.npy,A
Skyfall.2012__#00-17-25_00-19-35_label_A__2.npy,A
Skyfall.2012__#00-17-25_00-19-35_label_A__3.npy,A
Skyfall.2012__#00-17-25_00-19-35_label_A__4.npy,A
Skyfall.2012__#00-17-25_00-19-35_label_A__5.npy,A
Skyfall.2012__#00-17-25_00-19-35_label_A__6.npy,A
Skyfall.2012__#00-17-25_00-19-35_label_A__7.npy,A
Skyfall.2012__#00-17-25_00-19-35_label_A__8.npy,A
Skyfall.2012__#00-17-25_00-19-35_label_A__9.npy,A
Quantum.Of.Solace.2008__#01-25-15_01-26-05_label_A__0.npy,A
Quantum.Of.Solace.2008__#01-25-15_01-26-05_label_A__1.npy,A
Quantum.Of.Solace.2008__#01-25-15_01-26-05_label_A__2.npy,A
Quantum.Of.Solace.2008__#01-25-15_01-26-05_label_A__3.npy,A
Quantum.Of.Solace.2008__#01-25-15_01-26-05_label_A__4.npy,A
Quantum.Of.Solace.2008__#01-25-15_01-26-05_label_A__5.npy,A
Quantum.Of.Solace.2008__#01-25-15_01-26-05_label_A__6.npy,A
Quantum.Of.Solace.2008__#01-25-15_01-26-05_label_A__7.npy,A
Quantum.Of.Solace.2008__#01-25-15_01-26-05_label_A__8.npy,A
Quantum.Of.Solace.2008__#01-25-15_01-26-05_label_A__9.npy,A
Black.Hawk.Down.2001__#02-14-30_02-14-50_label_A__0.npy,A
Black.Hawk.Down.2001__#02-14-30_02-14-50_label_A__1.npy,A
Black.Hawk.Down.2001__#02-14-30_02-14-50_label_A__2.npy,A
Black.Hawk.Down.2001__#02-14-30_02-14-50_label_A__3.npy,A
Black.Hawk.Down.2001__#02-14-30_02-14-50_label_A__4.npy,A
Black.Hawk.Down.2001__#02-14-30_02-14-50_label_A__5.npy,A
Black.Hawk.Down.2001__#02-14-30_02-14-50_label_A__6.npy,A
Black.Hawk.Down.2001__#02-14-30_02-14-50_label_A__7.npy,A
Black.Hawk.Down.2001__#02-14-30_02-14-50_label_A__8.npy,A
Black.Hawk.Down.2001__#02-14-30_02-14-50_label_A__9.npy,A
v=lNycQlMCRl0__#1_label_A__0.npy,A
v=lNycQlMCRl0__#1_label_A__1.npy,A
v=lNycQlMCRl0__#1_label_A__2.npy,A
v=lNycQlMCRl0__#1_label_A__3.npy,A
v=lNycQlMCRl0__#1_label_A__4.npy,A
v=lNycQlMCRl0__#1_label_A__5.npy,A
v=lNycQlMCRl0__#1_label_A__6.npy,A
v=lNycQlMCRl0__#1_label_A__7.npy,A
v=lNycQlMCRl0__#1_label_A__8.npy,A
v=lNycQlMCRl0__#1_label_A__9.npy,A
Before.Sunrise.1995__#01-21-22_01-25-40_label_A__0.npy,A
Before.Sunrise.1995__#01-21-22_01-25-40_label_A__1.npy,A
Before.Sunrise.1995__#01-21-22_01-25-40_label_A__2.npy,A
Before.Sunrise.1995__#01-21-22_01-25-40_label_A__3.npy,A
Before.Sunrise.1995__#01-21-22_01-25-40_label_A__4.npy,A
Before.Sunrise.1995__#01-21-22_01-25-40_label_A__5.npy,A
Before.Sunrise.1995__#01-21-22_01-25-40_label_A__6.npy,A
Before.Sunrise.1995__#01-21-22_01-25-40_label_A__7.npy,A
Before.Sunrise.1995__#01-21-22_01-25-40_label_A__8.npy,A
Before.Sunrise.1995__#01-21-22_01-25-40_label_A__9.npy,A
v=pUk0o1gjgO4__#1_label_A__0.npy,A
v=pUk0o1gjgO4__#1_label_A__1.npy,A
v=pUk0o1gjgO4__#1_label_A__2.npy,A
v=pUk0o1gjgO4__#1_label_A__3.npy,A
v=pUk0o1gjgO4__#1_label_A__4.npy,A
v=pUk0o1gjgO4__#1_label_A__5.npy,A
v=pUk0o1gjgO4__#1_label_A__6.npy,A
v=pUk0o1gjgO4__#1_label_A__7.npy,A
v=pUk0o1gjgO4__#1_label_A__8.npy,A
v=pUk0o1gjgO4__#1_label_A__9.npy,A
Your.Name.2016__#00-25-20_00-29-40_label_A__0.npy,A
Your.Name.2016__#00-25-20_00-29-40_label_A__1.npy,A
Your.Name.2016__#00-25-20_00-29-40_label_A__2.npy,A
Your.Name.2016__#00-25-20_00-29-40_label_A__3.npy,A
Your.Name.2016__#00-25-20_00-29-40_label_A__4.npy,A
Your.Name.2016__#00-25-20_00-29-40_label_A__5.npy,A
Your.Name.2016__#00-25-20_00-29-40_label_A__6.npy,A
Your.Name.2016__#00-25-20_00-29-40_label_A__7.npy,A
Your.Name.2016__#00-25-20_00-29-40_label_A__8.npy,A
Your.Name.2016__#00-25-20_00-29-40_label_A__9.npy,A
v=q6kaZzhD3nY__#1_label_A__0.npy,A
v=q6kaZzhD3nY__#1_label_A__1.npy,A
v=q6kaZzhD3nY__#1_label_A__2.npy,A
v=q6kaZzhD3nY__#1_label_A__3.npy,A
v=q6kaZzhD3nY__#1_label_A__4.npy,A
v=q6kaZzhD3nY__#1_label_A__5.npy,A
v=q6kaZzhD3nY__#1_label_A__6.npy,A
v=q6kaZzhD3nY__#1_label_A__7.npy,A
v=q6kaZzhD3nY__#1_label_A__8.npy,A
v=q6kaZzhD3nY__#1_label_A__9.npy,A
v=mfiUTd6FFvM__#1_label_A__0.npy,A
v=mfiUTd6FFvM__#1_label_A__1.npy,A
v=mfiUTd6FFvM__#1_label_A__2.npy,A
v=mfiUTd6FFvM__#1_label_A__3.npy,A
v=mfiUTd6FFvM__#1_label_A__4.npy,A
v=mfiUTd6FFvM__#1_label_A__5.npy,A
v=mfiUTd6FFvM__#1_label_A__6.npy,A
v=mfiUTd6FFvM__#1_label_A__7.npy,A
v=mfiUTd6FFvM__#1_label_A__8.npy,A
v=mfiUTd6FFvM__#1_label_A__9.npy,A
v=IRc2ikqn5rk__#1_label_A__0.npy,A
v=IRc2ikqn5rk__#1_label_A__1.npy,A
v=IRc2ikqn5rk__#1_label_A__2.npy,A
v=IRc2ikqn5rk__#1_label_A__3.npy,A
v=IRc2ikqn5rk__#1_label_A__4.npy,A
v=IRc2ikqn5rk__#1_label_A__5.npy,A
v=IRc2ikqn5rk__#1_label_A__6.npy,A
v=IRc2ikqn5rk__#1_label_A__7.npy,A
v=IRc2ikqn5rk__#1_label_A__8.npy,A
v=IRc2ikqn5rk__#1_label_A__9.npy,A
Skyfall.2012__#02-16-26_02-17-45_label_A__0.npy,A
Skyfall.2012__#02-16-26_02-17-45_label_A__1.npy,A
Skyfall.2012__#02-16-26_02-17-45_label_A__2.npy,A
Skyfall.2012__#02-16-26_02-17-45_label_A__3.npy,A
Skyfall.2012__#02-16-26_02-17-45_label_A__4.npy,A
Skyfall.2012__#02-16-26_02-17-45_label_A__5.npy,A
Skyfall.2012__#02-16-26_02-17-45_label_A__6.npy,A
Skyfall.2012__#02-16-26_02-17-45_label_A__7.npy,A
Skyfall.2012__#02-16-26_02-17-45_label_A__8.npy,A
Skyfall.2012__#02-16-26_02-17-45_label_A__9.npy,A
v=cn7AFhVEI5o__#1_label_A__0.npy,A
v=cn7AFhVEI5o__#1_label_A__1.npy,A
v=cn7AFhVEI5o__#1_label_A__2.npy,A
v=cn7AFhVEI5o__#1_label_A__3.npy,A
v=cn7AFhVEI5o__#1_label_A__4.npy,A
v=cn7AFhVEI5o__#1_label_A__5.npy,A
v=cn7AFhVEI5o__#1_label_A__6.npy,A
v=cn7AFhVEI5o__#1_label_A__7.npy,A
v=cn7AFhVEI5o__#1_label_A__8.npy,A
v=cn7AFhVEI5o__#1_label_A__9.npy,A
Bad.Boys.1995__#00-12-52_00-15-08_label_A__0.npy,A
Bad.Boys.1995__#00-12-52_00-15-08_label_A__1.npy,A
Bad.Boys.1995__#00-12-52_00-15-08_label_A__2.npy,A
Bad.Boys.1995__#00-12-52_00-15-08_label_A__3.npy,A
Bad.Boys.1995__#00-12-52_00-15-08_label_A__4.npy,A
Bad.Boys.1995__#00-12-52_00-15-08_label_A__5.npy,A
Bad.Boys.1995__#00-12-52_00-15-08_label_A__6.npy,A
Bad.Boys.1995__#00-12-52_00-15-08_label_A__7.npy,A
Bad.Boys.1995__#00-12-52_00-15-08_label_A__8.npy,A
Bad.Boys.1995__#00-12-52_00-15-08_label_A__9.npy,A
v=Y5z-lRvfXUA__#1_label_A__0.npy,A
v=Y5z-lRvfXUA__#1_label_A__1.npy,A
v=Y5z-lRvfXUA__#1_label_A__2.npy,A
v=Y5z-lRvfXUA__#1_label_A__3.npy,A
v=Y5z-lRvfXUA__#1_label_A__4.npy,A
v=Y5z-lRvfXUA__#1_label_A__5.npy,A
v=Y5z-lRvfXUA__#1_label_A__6.npy,A
v=Y5z-lRvfXUA__#1_label_A__7.npy,A
v=Y5z-lRvfXUA__#1_label_A__8.npy,A
v=Y5z-lRvfXUA__#1_label_A__9.npy,A
v=hhqywA44tGU__#1_label_A__0.npy,A
v=hhqywA44tGU__#1_label_A__1.npy,A
v=hhqywA44tGU__#1_label_A__2.npy,A
v=hhqywA44tGU__#1_label_A__3.npy,A
v=hhqywA44tGU__#1_label_A__4.npy,A
v=hhqywA44tGU__#1_label_A__5.npy,A
v=hhqywA44tGU__#1_label_A__6.npy,A
v=hhqywA44tGU__#1_label_A__7.npy,A
v=hhqywA44tGU__#1_label_A__8.npy,A
v=hhqywA44tGU__#1_label_A__9.npy,A
Taken.3.2014__#00-00-47_00-01-14_label_A__0.npy,A
Taken.3.2014__#00-00-47_00-01-14_label_A__1.npy,A
Taken.3.2014__#00-00-47_00-01-14_label_A__2.npy,A
Taken.3.2014__#00-00-47_00-01-14_label_A__3.npy,A
Taken.3.2014__#00-00-47_00-01-14_label_A__4.npy,A
Taken.3.2014__#00-00-47_00-01-14_label_A__5.npy,A
Taken.3.2014__#00-00-47_00-01-14_label_A__6.npy,A
Taken.3.2014__#00-00-47_00-01-14_label_A__7.npy,A
Taken.3.2014__#00-00-47_00-01-14_label_A__8.npy,A
Taken.3.2014__#00-00-47_00-01-14_label_A__9.npy,A
Before.Sunset.2004__#00-05-52_00-08-22_label_A__0.npy,A
Before.Sunset.2004__#00-05-52_00-08-22_label_A__1.npy,A
Before.Sunset.2004__#00-05-52_00-08-22_label_A__2.npy,A
Before.Sunset.2004__#00-05-52_00-08-22_label_A__3.npy,A
Before.Sunset.2004__#00-05-52_00-08-22_label_A__4.npy,A
Before.Sunset.2004__#00-05-52_00-08-22_label_A__5.npy,A
Before.Sunset.2004__#00-05-52_00-08-22_label_A__6.npy,A
Before.Sunset.2004__#00-05-52_00-08-22_label_A__7.npy,A
Before.Sunset.2004__#00-05-52_00-08-22_label_A__8.npy,A
Before.Sunset.2004__#00-05-52_00-08-22_label_A__9.npy,A
Bad.Boys.II.2003__#00-37-53_00-41-48_label_A__0.npy,A
Bad.Boys.II.2003__#00-37-53_00-41-48_label_A__1.npy,A
Bad.Boys.II.2003__#00-37-53_00-41-48_label_A__2.npy,A
Bad.Boys.II.2003__#00-37-53_00-41-48_label_A__3.npy,A
Bad.Boys.II.2003__#00-37-53_00-41-48_label_A__4.npy,A
Bad.Boys.II.2003__#00-37-53_00-41-48_label_A__5.npy,A
Bad.Boys.II.2003__#00-37-53_00-41-48_label_A__6.npy,A
Bad.Boys.II.2003__#00-37-53_00-41-48_label_A__7.npy,A
Bad.Boys.II.2003__#00-37-53_00-41-48_label_A__8.npy,A
Bad.Boys.II.2003__#00-37-53_00-41-48_label_A__9.npy,A
v=vFPQ_NiDBIU__#00-06-00_00-12-00_label_A__0.npy,A
v=vFPQ_NiDBIU__#00-06-00_00-12-00_label_A__1.npy,A
v=vFPQ_NiDBIU__#00-06-00_00-12-00_label_A__2.npy,A
v=vFPQ_NiDBIU__#00-06-00_00-12-00_label_A__3.npy,A
v=vFPQ_NiDBIU__#00-06-00_00-12-00_label_A__4.npy,A
v=vFPQ_NiDBIU__#00-06-00_00-12-00_label_A__5.npy,A
v=vFPQ_NiDBIU__#00-06-00_00-12-00_label_A__6.npy,A
v=vFPQ_NiDBIU__#00-06-00_00-12-00_label_A__7.npy,A
v=vFPQ_NiDBIU__#00-06-00_00-12-00_label_A__8.npy,A
v=vFPQ_NiDBIU__#00-06-00_00-12-00_label_A__9.npy,A
v=VDwMhSobaOg__#1_label_A__0.npy,A
v=VDwMhSobaOg__#1_label_A__1.npy,A
v=VDwMhSobaOg__#1_label_A__2.npy,A
v=VDwMhSobaOg__#1_label_A__3.npy,A
v=VDwMhSobaOg__#1_label_A__4.npy,A
v=VDwMhSobaOg__#1_label_A__5.npy,A
v=VDwMhSobaOg__#1_label_A__6.npy,A
v=VDwMhSobaOg__#1_label_A__7.npy,A
v=VDwMhSobaOg__#1_label_A__8.npy,A
v=VDwMhSobaOg__#1_label_A__9.npy,A
v=KjBaxA1HBvQ__#1_label_A__0.npy,A
v=KjBaxA1HBvQ__#1_label_A__1.npy,A
v=KjBaxA1HBvQ__#1_label_A__2.npy,A
v=KjBaxA1HBvQ__#1_label_A__3.npy,A
v=KjBaxA1HBvQ__#1_label_A__4.npy,A
v=KjBaxA1HBvQ__#1_label_A__5.npy,A
v=KjBaxA1HBvQ__#1_label_A__6.npy,A
v=KjBaxA1HBvQ__#1_label_A__7.npy,A
v=KjBaxA1HBvQ__#1_label_A__8.npy,A
v=KjBaxA1HBvQ__#1_label_A__9.npy,A
Saving.Private.Ryan.1998__#00-36-27_00-38-27_label_A__0.npy,A
Saving.Private.Ryan.1998__#00-36-27_00-38-27_label_A__1.npy,A
Saving.Private.Ryan.1998__#00-36-27_00-38-27_label_A__2.npy,A
Saving.Private.Ryan.1998__#00-36-27_00-38-27_label_A__3.npy,A
Saving.Private.Ryan.1998__#00-36-27_00-38-27_label_A__4.npy,A
Saving.Private.Ryan.1998__#00-36-27_00-38-27_label_A__5.npy,A
Saving.Private.Ryan.1998__#00-36-27_00-38-27_label_A__6.npy,A
Saving.Private.Ryan.1998__#00-36-27_00-38-27_label_A__7.npy,A
Saving.Private.Ryan.1998__#00-36-27_00-38-27_label_A__8.npy,A
Saving.Private.Ryan.1998__#00-36-27_00-38-27_label_A__9.npy,A
v=olKx4L7n0LI__#1_label_A__0.npy,A
v=olKx4L7n0LI__#1_label_A__1.npy,A
v=olKx4L7n0LI__#1_label_A__2.npy,A
v=olKx4L7n0LI__#1_label_A__3.npy,A
v=olKx4L7n0LI__#1_label_A__4.npy,A
v=olKx4L7n0LI__#1_label_A__5.npy,A
v=olKx4L7n0LI__#1_label_A__6.npy,A
v=olKx4L7n0LI__#1_label_A__7.npy,A
v=olKx4L7n0LI__#1_label_A__8.npy,A
v=olKx4L7n0LI__#1_label_A__9.npy,A
Rush.Hour.3.2007.BluRay__#00-25-55_00-27-00_label_A__0.npy,A
Rush.Hour.3.2007.BluRay__#00-25-55_00-27-00_label_A__1.npy,A
Rush.Hour.3.2007.BluRay__#00-25-55_00-27-00_label_A__2.npy,A
Rush.Hour.3.2007.BluRay__#00-25-55_00-27-00_label_A__3.npy,A
Rush.Hour.3.2007.BluRay__#00-25-55_00-27-00_label_A__4.npy,A
Rush.Hour.3.2007.BluRay__#00-25-55_00-27-00_label_A__5.npy,A
Rush.Hour.3.2007.BluRay__#00-25-55_00-27-00_label_A__6.npy,A
Rush.Hour.3.2007.BluRay__#00-25-55_00-27-00_label_A__7.npy,A
Rush.Hour.3.2007.BluRay__#00-25-55_00-27-00_label_A__8.npy,A
Rush.Hour.3.2007.BluRay__#00-25-55_00-27-00_label_A__9.npy,A
One.Day.2011__#00-58-18_01-02-30_label_A__0.npy,A
One.Day.2011__#00-58-18_01-02-30_label_A__1.npy,A
One.Day.2011__#00-58-18_01-02-30_label_A__2.npy,A
One.Day.2011__#00-58-18_01-02-30_label_A__3.npy,A
One.Day.2011__#00-58-18_01-02-30_label_A__4.npy,A
One.Day.2011__#00-58-18_01-02-30_label_A__5.npy,A
One.Day.2011__#00-58-18_01-02-30_label_A__6.npy,A
One.Day.2011__#00-58-18_01-02-30_label_A__7.npy,A
One.Day.2011__#00-58-18_01-02-30_label_A__8.npy,A
One.Day.2011__#00-58-18_01-02-30_label_A__9.npy,A
Before.Sunset.2004__#00-16-18_00-18-09_label_A__0.npy,A
Before.Sunset.2004__#00-16-18_00-18-09_label_A__1.npy,A
Before.Sunset.2004__#00-16-18_00-18-09_label_A__2.npy,A
Before.Sunset.2004__#00-16-18_00-18-09_label_A__3.npy,A
Before.Sunset.2004__#00-16-18_00-18-09_label_A__4.npy,A
Before.Sunset.2004__#00-16-18_00-18-09_label_A__5.npy,A
Before.Sunset.2004__#00-16-18_00-18-09_label_A__6.npy,A
Before.Sunset.2004__#00-16-18_00-18-09_label_A__7.npy,A
Before.Sunset.2004__#00-16-18_00-18-09_label_A__8.npy,A
Before.Sunset.2004__#00-16-18_00-18-09_label_A__9.npy,A
GoldenEye.1995__#01-14-10_01-16-51_label_A__0.npy,A
GoldenEye.1995__#01-14-10_01-16-51_label_A__1.npy,A
GoldenEye.1995__#01-14-10_01-16-51_label_A__2.npy,A
GoldenEye.1995__#01-14-10_01-16-51_label_A__3.npy,A
GoldenEye.1995__#01-14-10_01-16-51_label_A__4.npy,A
GoldenEye.1995__#01-14-10_01-16-51_label_A__5.npy,A
GoldenEye.1995__#01-14-10_01-16-51_label_A__6.npy,A
GoldenEye.1995__#01-14-10_01-16-51_label_A__7.npy,A
GoldenEye.1995__#01-14-10_01-16-51_label_A__8.npy,A
GoldenEye.1995__#01-14-10_01-16-51_label_A__9.npy,A
v=d_T0lqsypw8__#1_label_A__0.npy,A
v=d_T0lqsypw8__#1_label_A__1.npy,A
v=d_T0lqsypw8__#1_label_A__2.npy,A
v=d_T0lqsypw8__#1_label_A__3.npy,A
v=d_T0lqsypw8__#1_label_A__4.npy,A
v=d_T0lqsypw8__#1_label_A__5.npy,A
v=d_T0lqsypw8__#1_label_A__6.npy,A
v=d_T0lqsypw8__#1_label_A__7.npy,A
v=d_T0lqsypw8__#1_label_A__8.npy,A
v=d_T0lqsypw8__#1_label_A__9.npy,A
Kingsman.The.Secret.Service.2014__#00-30-40_00-31-45_label_A__0.npy,A
Kingsman.The.Secret.Service.2014__#00-30-40_00-31-45_label_A__1.npy,A
Kingsman.The.Secret.Service.2014__#00-30-40_00-31-45_label_A__2.npy,A
Kingsman.The.Secret.Service.2014__#00-30-40_00-31-45_label_A__3.npy,A
Kingsman.The.Secret.Service.2014__#00-30-40_00-31-45_label_A__4.npy,A
Kingsman.The.Secret.Service.2014__#00-30-40_00-31-45_label_A__5.npy,A
Kingsman.The.Secret.Service.2014__#00-30-40_00-31-45_label_A__6.npy,A
Kingsman.The.Secret.Service.2014__#00-30-40_00-31-45_label_A__7.npy,A
Kingsman.The.Secret.Service.2014__#00-30-40_00-31-45_label_A__8.npy,A
Kingsman.The.Secret.Service.2014__#00-30-40_00-31-45_label_A__9.npy,A
v=hc-O4pF54V4__#1_label_A__0.npy,A
v=hc-O4pF54V4__#1_label_A__1.npy,A
v=hc-O4pF54V4__#1_label_A__2.npy,A
v=hc-O4pF54V4__#1_label_A__3.npy,A
v=hc-O4pF54V4__#1_label_A__4.npy,A
v=hc-O4pF54V4__#1_label_A__5.npy,A
v=hc-O4pF54V4__#1_label_A__6.npy,A
v=hc-O4pF54V4__#1_label_A__7.npy,A
v=hc-O4pF54V4__#1_label_A__8.npy,A
v=hc-O4pF54V4__#1_label_A__9.npy,A
v=GRX7iW4Jqcs__#1_label_A__0.npy,A
v=GRX7iW4Jqcs__#1_label_A__1.npy,A
v=GRX7iW4Jqcs__#1_label_A__2.npy,A
v=GRX7iW4Jqcs__#1_label_A__3.npy,A
v=GRX7iW4Jqcs__#1_label_A__4.npy,A
v=GRX7iW4Jqcs__#1_label_A__5.npy,A
v=GRX7iW4Jqcs__#1_label_A__6.npy,A
v=GRX7iW4Jqcs__#1_label_A__7.npy,A
v=GRX7iW4Jqcs__#1_label_A__8.npy,A
v=GRX7iW4Jqcs__#1_label_A__9.npy,A
Flipped.2010__#00-32-07_00-36-45_label_A__0.npy,A
Flipped.2010__#00-32-07_00-36-45_label_A__1.npy,A
Flipped.2010__#00-32-07_00-36-45_label_A__2.npy,A
Flipped.2010__#00-32-07_00-36-45_label_A__3.npy,A
Flipped.2010__#00-32-07_00-36-45_label_A__4.npy,A
Flipped.2010__#00-32-07_00-36-45_label_A__5.npy,A
Flipped.2010__#00-32-07_00-36-45_label_A__6.npy,A
Flipped.2010__#00-32-07_00-36-45_label_A__7.npy,A
Flipped.2010__#00-32-07_00-36-45_label_A__8.npy,A
Flipped.2010__#00-32-07_00-36-45_label_A__9.npy,A
Tropa.de.Elite.2.2010__#01-36-12_01-37-40_label_A__0.npy,A
Tropa.de.Elite.2.2010__#01-36-12_01-37-40_label_A__1.npy,A
Tropa.de.Elite.2.2010__#01-36-12_01-37-40_label_A__2.npy,A
Tropa.de.Elite.2.2010__#01-36-12_01-37-40_label_A__3.npy,A
Tropa.de.Elite.2.2010__#01-36-12_01-37-40_label_A__4.npy,A
Tropa.de.Elite.2.2010__#01-36-12_01-37-40_label_A__5.npy,A
Tropa.de.Elite.2.2010__#01-36-12_01-37-40_label_A__6.npy,A
Tropa.de.Elite.2.2010__#01-36-12_01-37-40_label_A__7.npy,A
Tropa.de.Elite.2.2010__#01-36-12_01-37-40_label_A__8.npy,A
Tropa.de.Elite.2.2010__#01-36-12_01-37-40_label_A__9.npy,A
v=C9Ko6Xfa84w__#1_label_A__0.npy,A
v=C9Ko6Xfa84w__#1_label_A__1.npy,A
v=C9Ko6Xfa84w__#1_label_A__2.npy,A
v=C9Ko6Xfa84w__#1_label_A__3.npy,A
v=C9Ko6Xfa84w__#1_label_A__4.npy,A
v=C9Ko6Xfa84w__#1_label_A__5.npy,A
v=C9Ko6Xfa84w__#1_label_A__6.npy,A
v=C9Ko6Xfa84w__#1_label_A__7.npy,A
v=C9Ko6Xfa84w__#1_label_A__8.npy,A
v=C9Ko6Xfa84w__#1_label_A__9.npy,A
v=frYpkIxBPNA__#1_label_A__0.npy,A
v=frYpkIxBPNA__#1_label_A__1.npy,A
v=frYpkIxBPNA__#1_label_A__2.npy,A
v=frYpkIxBPNA__#1_label_A__3.npy,A
v=frYpkIxBPNA__#1_label_A__4.npy,A
v=frYpkIxBPNA__#1_label_A__5.npy,A
v=frYpkIxBPNA__#1_label_A__6.npy,A
v=frYpkIxBPNA__#1_label_A__7.npy,A
v=frYpkIxBPNA__#1_label_A__8.npy,A
v=frYpkIxBPNA__#1_label_A__9.npy,A
v=okOVxfuSYPk__#1_label_A__0.npy,A
v=okOVxfuSYPk__#1_label_A__1.npy,A
v=okOVxfuSYPk__#1_label_A__2.npy,A
v=okOVxfuSYPk__#1_label_A__3.npy,A
v=okOVxfuSYPk__#1_label_A__4.npy,A
v=okOVxfuSYPk__#1_label_A__5.npy,A
v=okOVxfuSYPk__#1_label_A__6.npy,A
v=okOVxfuSYPk__#1_label_A__7.npy,A
v=okOVxfuSYPk__#1_label_A__8.npy,A
v=okOVxfuSYPk__#1_label_A__9.npy,A
Mission.Impossible.V.Rogue.Nation.2015__#01-21-50_01-24-39_label_A__0.npy,A
Mission.Impossible.V.Rogue.Nation.2015__#01-21-50_01-24-39_label_A__1.npy,A
Mission.Impossible.V.Rogue.Nation.2015__#01-21-50_01-24-39_label_A__2.npy,A
Mission.Impossible.V.Rogue.Nation.2015__#01-21-50_01-24-39_label_A__3.npy,A
Mission.Impossible.V.Rogue.Nation.2015__#01-21-50_01-24-39_label_A__4.npy,A
Mission.Impossible.V.Rogue.Nation.2015__#01-21-50_01-24-39_label_A__5.npy,A
Mission.Impossible.V.Rogue.Nation.2015__#01-21-50_01-24-39_label_A__6.npy,A
Mission.Impossible.V.Rogue.Nation.2015__#01-21-50_01-24-39_label_A__7.npy,A
Mission.Impossible.V.Rogue.Nation.2015__#01-21-50_01-24-39_label_A__8.npy,A
Mission.Impossible.V.Rogue.Nation.2015__#01-21-50_01-24-39_label_A__9.npy,A
A.Beautiful.Mind.2001__#01-26-10_01-28-00_label_A__0.npy,A
A.Beautiful.Mind.2001__#01-26-10_01-28-00_label_A__1.npy,A
A.Beautiful.Mind.2001__#01-26-10_01-28-00_label_A__2.npy,A
A.Beautiful.Mind.2001__#01-26-10_01-28-00_label_A__3.npy,A
A.Beautiful.Mind.2001__#01-26-10_01-28-00_label_A__4.npy,A
A.Beautiful.Mind.2001__#01-26-10_01-28-00_label_A__5.npy,A
A.Beautiful.Mind.2001__#01-26-10_01-28-00_label_A__6.npy,A
A.Beautiful.Mind.2001__#01-26-10_01-28-00_label_A__7.npy,A
A.Beautiful.Mind.2001__#01-26-10_01-28-00_label_A__8.npy,A
A.Beautiful.Mind.2001__#01-26-10_01-28-00_label_A__9.npy,A
v=SJbWXyTGItY__#1_label_A__0.npy,A
v=SJbWXyTGItY__#1_label_A__1.npy,A
v=SJbWXyTGItY__#1_label_A__2.npy,A
v=SJbWXyTGItY__#1_label_A__3.npy,A
v=SJbWXyTGItY__#1_label_A__4.npy,A
v=SJbWXyTGItY__#1_label_A__5.npy,A
v=SJbWXyTGItY__#1_label_A__6.npy,A
v=SJbWXyTGItY__#1_label_A__7.npy,A
v=SJbWXyTGItY__#1_label_A__8.npy,A
v=SJbWXyTGItY__#1_label_A__9.npy,A
v=1TsUkR8nR7I__#1_label_A__0.npy,A
v=1TsUkR8nR7I__#1_label_A__1.npy,A
v=1TsUkR8nR7I__#1_label_A__2.npy,A
v=1TsUkR8nR7I__#1_label_A__3.npy,A
v=1TsUkR8nR7I__#1_label_A__4.npy,A
v=1TsUkR8nR7I__#1_label_A__5.npy,A
v=1TsUkR8nR7I__#1_label_A__6.npy,A
v=1TsUkR8nR7I__#1_label_A__7.npy,A
v=1TsUkR8nR7I__#1_label_A__8.npy,A
v=1TsUkR8nR7I__#1_label_A__9.npy,A
Love.Actually.2003__#00-56-40_01-02-02_label_A__0.npy,A
Love.Actually.2003__#00-56-40_01-02-02_label_A__1.npy,A
Love.Actually.2003__#00-56-40_01-02-02_label_A__2.npy,A
Love.Actually.2003__#00-56-40_01-02-02_label_A__3.npy,A
Love.Actually.2003__#00-56-40_01-02-02_label_A__4.npy,A
Love.Actually.2003__#00-56-40_01-02-02_label_A__5.npy,A
Love.Actually.2003__#00-56-40_01-02-02_label_A__6.npy,A
Love.Actually.2003__#00-56-40_01-02-02_label_A__7.npy,A
Love.Actually.2003__#00-56-40_01-02-02_label_A__8.npy,A
Love.Actually.2003__#00-56-40_01-02-02_label_A__9.npy,A
v=NM2Ay_VvOEE__#1_label_A__0.npy,A
v=NM2Ay_VvOEE__#1_label_A__1.npy,A
v=NM2Ay_VvOEE__#1_label_A__2.npy,A
v=NM2Ay_VvOEE__#1_label_A__3.npy,A
v=NM2Ay_VvOEE__#1_label_A__4.npy,A
v=NM2Ay_VvOEE__#1_label_A__5.npy,A
v=NM2Ay_VvOEE__#1_label_A__6.npy,A
v=NM2Ay_VvOEE__#1_label_A__7.npy,A
v=NM2Ay_VvOEE__#1_label_A__8.npy,A
v=NM2Ay_VvOEE__#1_label_A__9.npy,A
The.Pursuit.of.Happyness.2006__#00-23-50_00-24-31_label_A__0.npy,A
The.Pursuit.of.Happyness.2006__#00-23-50_00-24-31_label_A__1.npy,A
The.Pursuit.of.Happyness.2006__#00-23-50_00-24-31_label_A__2.npy,A
The.Pursuit.of.Happyness.2006__#00-23-50_00-24-31_label_A__3.npy,A
The.Pursuit.of.Happyness.2006__#00-23-50_00-24-31_label_A__4.npy,A
The.Pursuit.of.Happyness.2006__#00-23-50_00-24-31_label_A__5.npy,A
The.Pursuit.of.Happyness.2006__#00-23-50_00-24-31_label_A__6.npy,A
The.Pursuit.of.Happyness.2006__#00-23-50_00-24-31_label_A__7.npy,A
The.Pursuit.of.Happyness.2006__#00-23-50_00-24-31_label_A__8.npy,A
The.Pursuit.of.Happyness.2006__#00-23-50_00-24-31_label_A__9.npy,A
Mission.Impossible.III.2006__#00-08-23_00-09-50_label_A__0.npy,A
Mission.Impossible.III.2006__#00-08-23_00-09-50_label_A__1.npy,A
Mission.Impossible.III.2006__#00-08-23_00-09-50_label_A__2.npy,A
Mission.Impossible.III.2006__#00-08-23_00-09-50_label_A__3.npy,A
Mission.Impossible.III.2006__#00-08-23_00-09-50_label_A__4.npy,A
Mission.Impossible.III.2006__#00-08-23_00-09-50_label_A__5.npy,A
Mission.Impossible.III.2006__#00-08-23_00-09-50_label_A__6.npy,A
Mission.Impossible.III.2006__#00-08-23_00-09-50_label_A__7.npy,A
Mission.Impossible.III.2006__#00-08-23_00-09-50_label_A__8.npy,A
Mission.Impossible.III.2006__#00-08-23_00-09-50_label_A__9.npy,A
v=o6krIphPlvU__#1_label_A__0.npy,A
v=o6krIphPlvU__#1_label_A__1.npy,A
v=o6krIphPlvU__#1_label_A__2.npy,A
v=o6krIphPlvU__#1_label_A__3.npy,A
v=o6krIphPlvU__#1_label_A__4.npy,A
v=o6krIphPlvU__#1_label_A__5.npy,A
v=o6krIphPlvU__#1_label_A__6.npy,A
v=o6krIphPlvU__#1_label_A__7.npy,A
v=o6krIphPlvU__#1_label_A__8.npy,A
v=o6krIphPlvU__#1_label_A__9.npy,A
Yellow.Sea.2010__#00-02-18_00-03-20_label_A__0.npy,A
Yellow.Sea.2010__#00-02-18_00-03-20_label_A__1.npy,A
Yellow.Sea.2010__#00-02-18_00-03-20_label_A__2.npy,A
Yellow.Sea.2010__#00-02-18_00-03-20_label_A__3.npy,A
Yellow.Sea.2010__#00-02-18_00-03-20_label_A__4.npy,A
Yellow.Sea.2010__#00-02-18_00-03-20_label_A__5.npy,A
Yellow.Sea.2010__#00-02-18_00-03-20_label_A__6.npy,A
Yellow.Sea.2010__#00-02-18_00-03-20_label_A__7.npy,A
Yellow.Sea.2010__#00-02-18_00-03-20_label_A__8.npy,A
Yellow.Sea.2010__#00-02-18_00-03-20_label_A__9.npy,A
v=xuR7hhJWqp8__#1_label_A__0.npy,A
v=xuR7hhJWqp8__#1_label_A__1.npy,A
v=xuR7hhJWqp8__#1_label_A__2.npy,A
v=xuR7hhJWqp8__#1_label_A__3.npy,A
v=xuR7hhJWqp8__#1_label_A__4.npy,A
v=xuR7hhJWqp8__#1_label_A__5.npy,A
v=xuR7hhJWqp8__#1_label_A__6.npy,A
v=xuR7hhJWqp8__#1_label_A__7.npy,A
v=xuR7hhJWqp8__#1_label_A__8.npy,A
v=xuR7hhJWqp8__#1_label_A__9.npy,A
Jason.Bourne.2016__#0-57-28_0-58-55_label_A__0.npy,A
Jason.Bourne.2016__#0-57-28_0-58-55_label_A__1.npy,A
Jason.Bourne.2016__#0-57-28_0-58-55_label_A__2.npy,A
Jason.Bourne.2016__#0-57-28_0-58-55_label_A__3.npy,A
Jason.Bourne.2016__#0-57-28_0-58-55_label_A__4.npy,A
Jason.Bourne.2016__#0-57-28_0-58-55_label_A__5.npy,A
Jason.Bourne.2016__#0-57-28_0-58-55_label_A__6.npy,A
Jason.Bourne.2016__#0-57-28_0-58-55_label_A__7.npy,A
Jason.Bourne.2016__#0-57-28_0-58-55_label_A__8.npy,A
Jason.Bourne.2016__#0-57-28_0-58-55_label_A__9.npy,A
v=cvEJ5WFk2KE__#00-15-00_00-18-00_label_A__0.npy,A
v=cvEJ5WFk2KE__#00-15-00_00-18-00_label_A__1.npy,A
v=cvEJ5WFk2KE__#00-15-00_00-18-00_label_A__2.npy,A
v=cvEJ5WFk2KE__#00-15-00_00-18-00_label_A__3.npy,A
v=cvEJ5WFk2KE__#00-15-00_00-18-00_label_A__4.npy,A
v=cvEJ5WFk2KE__#00-15-00_00-18-00_label_A__5.npy,A
v=cvEJ5WFk2KE__#00-15-00_00-18-00_label_A__6.npy,A
v=cvEJ5WFk2KE__#00-15-00_00-18-00_label_A__7.npy,A
v=cvEJ5WFk2KE__#00-15-00_00-18-00_label_A__8.npy,A
v=cvEJ5WFk2KE__#00-15-00_00-18-00_label_A__9.npy,A
One.Day.2011__#00-40-52_00-42-01_label_A__0.npy,A
One.Day.2011__#00-40-52_00-42-01_label_A__1.npy,A
One.Day.2011__#00-40-52_00-42-01_label_A__2.npy,A
One.Day.2011__#00-40-52_00-42-01_label_A__3.npy,A
One.Day.2011__#00-40-52_00-42-01_label_A__4.npy,A
One.Day.2011__#00-40-52_00-42-01_label_A__5.npy,A
One.Day.2011__#00-40-52_00-42-01_label_A__6.npy,A
One.Day.2011__#00-40-52_00-42-01_label_A__7.npy,A
One.Day.2011__#00-40-52_00-42-01_label_A__8.npy,A
One.Day.2011__#00-40-52_00-42-01_label_A__9.npy,A
v=qoDFUdbNJGk__#1_label_A__0.npy,A
v=qoDFUdbNJGk__#1_label_A__1.npy,A
v=qoDFUdbNJGk__#1_label_A__2.npy,A
v=qoDFUdbNJGk__#1_label_A__3.npy,A
v=qoDFUdbNJGk__#1_label_A__4.npy,A
v=qoDFUdbNJGk__#1_label_A__5.npy,A
v=qoDFUdbNJGk__#1_label_A__6.npy,A
v=qoDFUdbNJGk__#1_label_A__7.npy,A
v=qoDFUdbNJGk__#1_label_A__8.npy,A
v=qoDFUdbNJGk__#1_label_A__9.npy,A
Operation.Red.Sea.2018__#0-47-28_0-48-15_label_A__0.npy,A
Operation.Red.Sea.2018__#0-47-28_0-48-15_label_A__1.npy,A
Operation.Red.Sea.2018__#0-47-28_0-48-15_label_A__2.npy,A
Operation.Red.Sea.2018__#0-47-28_0-48-15_label_A__3.npy,A
Operation.Red.Sea.2018__#0-47-28_0-48-15_label_A__4.npy,A
Operation.Red.Sea.2018__#0-47-28_0-48-15_label_A__5.npy,A
Operation.Red.Sea.2018__#0-47-28_0-48-15_label_A__6.npy,A
Operation.Red.Sea.2018__#0-47-28_0-48-15_label_A__7.npy,A
Operation.Red.Sea.2018__#0-47-28_0-48-15_label_A__8.npy,A
Operation.Red.Sea.2018__#0-47-28_0-48-15_label_A__9.npy,A
Still.Walking.2008__#01-34-18_01-38-11_label_A__0.npy,A
Still.Walking.2008__#01-34-18_01-38-11_label_A__1.npy,A
Still.Walking.2008__#01-34-18_01-38-11_label_A__2.npy,A
Still.Walking.2008__#01-34-18_01-38-11_label_A__3.npy,A
Still.Walking.2008__#01-34-18_01-38-11_label_A__4.npy,A
Still.Walking.2008__#01-34-18_01-38-11_label_A__5.npy,A
Still.Walking.2008__#01-34-18_01-38-11_label_A__6.npy,A
Still.Walking.2008__#01-34-18_01-38-11_label_A__7.npy,A
Still.Walking.2008__#01-34-18_01-38-11_label_A__8.npy,A
Still.Walking.2008__#01-34-18_01-38-11_label_A__9.npy,A
v=McTTbbaHjhI__#1_label_A__0.npy,A
v=McTTbbaHjhI__#1_label_A__1.npy,A
v=McTTbbaHjhI__#1_label_A__2.npy,A
v=McTTbbaHjhI__#1_label_A__3.npy,A
v=McTTbbaHjhI__#1_label_A__4.npy,A
v=McTTbbaHjhI__#1_label_A__5.npy,A
v=McTTbbaHjhI__#1_label_A__6.npy,A
v=McTTbbaHjhI__#1_label_A__7.npy,A
v=McTTbbaHjhI__#1_label_A__8.npy,A
v=McTTbbaHjhI__#1_label_A__9.npy,A
v=fkps18H3SXY__#02-30-00_02-36-00_label_A__0.npy,A
v=fkps18H3SXY__#02-30-00_02-36-00_label_A__1.npy,A
v=fkps18H3SXY__#02-30-00_02-36-00_label_A__2.npy,A
v=fkps18H3SXY__#02-30-00_02-36-00_label_A__3.npy,A
v=fkps18H3SXY__#02-30-00_02-36-00_label_A__4.npy,A
v=fkps18H3SXY__#02-30-00_02-36-00_label_A__5.npy,A
v=fkps18H3SXY__#02-30-00_02-36-00_label_A__6.npy,A
v=fkps18H3SXY__#02-30-00_02-36-00_label_A__7.npy,A
v=fkps18H3SXY__#02-30-00_02-36-00_label_A__8.npy,A
v=fkps18H3SXY__#02-30-00_02-36-00_label_A__9.npy,A
Before.Sunset.2004__#00-57-20_00-58-17_label_A__0.npy,A
Before.Sunset.2004__#00-57-20_00-58-17_label_A__1.npy,A
Before.Sunset.2004__#00-57-20_00-58-17_label_A__2.npy,A
Before.Sunset.2004__#00-57-20_00-58-17_label_A__3.npy,A
Before.Sunset.2004__#00-57-20_00-58-17_label_A__4.npy,A
Before.Sunset.2004__#00-57-20_00-58-17_label_A__5.npy,A
Before.Sunset.2004__#00-57-20_00-58-17_label_A__6.npy,A
Before.Sunset.2004__#00-57-20_00-58-17_label_A__7.npy,A
Before.Sunset.2004__#00-57-20_00-58-17_label_A__8.npy,A
Before.Sunset.2004__#00-57-20_00-58-17_label_A__9.npy,A
Quantum.Of.Solace.2008__#00-17-50_00-18-46_label_A__0.npy,A
Quantum.Of.Solace.2008__#00-17-50_00-18-46_label_A__1.npy,A
Quantum.Of.Solace.2008__#00-17-50_00-18-46_label_A__2.npy,A
Quantum.Of.Solace.2008__#00-17-50_00-18-46_label_A__3.npy,A
Quantum.Of.Solace.2008__#00-17-50_00-18-46_label_A__4.npy,A
Quantum.Of.Solace.2008__#00-17-50_00-18-46_label_A__5.npy,A
Quantum.Of.Solace.2008__#00-17-50_00-18-46_label_A__6.npy,A
Quantum.Of.Solace.2008__#00-17-50_00-18-46_label_A__7.npy,A
Quantum.Of.Solace.2008__#00-17-50_00-18-46_label_A__8.npy,A
Quantum.Of.Solace.2008__#00-17-50_00-18-46_label_A__9.npy,A
Quantum.Of.Solace.2008__#01-36-08_01-38-00_label_A__0.npy,A
Quantum.Of.Solace.2008__#01-36-08_01-38-00_label_A__1.npy,A
Quantum.Of.Solace.2008__#01-36-08_01-38-00_label_A__2.npy,A
Quantum.Of.Solace.2008__#01-36-08_01-38-00_label_A__3.npy,A
Quantum.Of.Solace.2008__#01-36-08_01-38-00_label_A__4.npy,A
Quantum.Of.Solace.2008__#01-36-08_01-38-00_label_A__5.npy,A
Quantum.Of.Solace.2008__#01-36-08_01-38-00_label_A__6.npy,A
Quantum.Of.Solace.2008__#01-36-08_01-38-00_label_A__7.npy,A
Quantum.Of.Solace.2008__#01-36-08_01-38-00_label_A__8.npy,A
Quantum.Of.Solace.2008__#01-36-08_01-38-00_label_A__9.npy,A
The.Intouchables.2011__#00-42-52_00-45-31_label_A__0.npy,A
The.Intouchables.2011__#00-42-52_00-45-31_label_A__1.npy,A
The.Intouchables.2011__#00-42-52_00-45-31_label_A__2.npy,A
The.Intouchables.2011__#00-42-52_00-45-31_label_A__3.npy,A
The.Intouchables.2011__#00-42-52_00-45-31_label_A__4.npy,A
The.Intouchables.2011__#00-42-52_00-45-31_label_A__5.npy,A
The.Intouchables.2011__#00-42-52_00-45-31_label_A__6.npy,A
The.Intouchables.2011__#00-42-52_00-45-31_label_A__7.npy,A
The.Intouchables.2011__#00-42-52_00-45-31_label_A__8.npy,A
The.Intouchables.2011__#00-42-52_00-45-31_label_A__9.npy,A
v=AqFWYZsOgWY__#00-09-00_00-12-00_label_A__0.npy,A
v=AqFWYZsOgWY__#00-09-00_00-12-00_label_A__1.npy,A
v=AqFWYZsOgWY__#00-09-00_00-12-00_label_A__2.npy,A
v=AqFWYZsOgWY__#00-09-00_00-12-00_label_A__3.npy,A
v=AqFWYZsOgWY__#00-09-00_00-12-00_label_A__4.npy,A
v=AqFWYZsOgWY__#00-09-00_00-12-00_label_A__5.npy,A
v=AqFWYZsOgWY__#00-09-00_00-12-00_label_A__6.npy,A
v=AqFWYZsOgWY__#00-09-00_00-12-00_label_A__7.npy,A
v=AqFWYZsOgWY__#00-09-00_00-12-00_label_A__8.npy,A
v=AqFWYZsOgWY__#00-09-00_00-12-00_label_A__9.npy,A
Your.Name.2016__#00-43-52_00-46-55_label_A__0.npy,A
Your.Name.2016__#00-43-52_00-46-55_label_A__1.npy,A
Your.Name.2016__#00-43-52_00-46-55_label_A__2.npy,A
Your.Name.2016__#00-43-52_00-46-55_label_A__3.npy,A
Your.Name.2016__#00-43-52_00-46-55_label_A__4.npy,A
Your.Name.2016__#00-43-52_00-46-55_label_A__5.npy,A
Your.Name.2016__#00-43-52_00-46-55_label_A__6.npy,A
Your.Name.2016__#00-43-52_00-46-55_label_A__7.npy,A
Your.Name.2016__#00-43-52_00-46-55_label_A__8.npy,A
Your.Name.2016__#00-43-52_00-46-55_label_A__9.npy,A
Bad.Boys.1995__#01-17-05_01-19-29_label_A__0.npy,A
Bad.Boys.1995__#01-17-05_01-19-29_label_A__1.npy,A
Bad.Boys.1995__#01-17-05_01-19-29_label_A__2.npy,A
Bad.Boys.1995__#01-17-05_01-19-29_label_A__3.npy,A
Bad.Boys.1995__#01-17-05_01-19-29_label_A__4.npy,A
Bad.Boys.1995__#01-17-05_01-19-29_label_A__5.npy,A
Bad.Boys.1995__#01-17-05_01-19-29_label_A__6.npy,A
Bad.Boys.1995__#01-17-05_01-19-29_label_A__7.npy,A
Bad.Boys.1995__#01-17-05_01-19-29_label_A__8.npy,A
Bad.Boys.1995__#01-17-05_01-19-29_label_A__9.npy,A
v=kjOe4RkFrRw__#1_label_A__0.npy,A
v=kjOe4RkFrRw__#1_label_A__1.npy,A
v=kjOe4RkFrRw__#1_label_A__2.npy,A
v=kjOe4RkFrRw__#1_label_A__3.npy,A
v=kjOe4RkFrRw__#1_label_A__4.npy,A
v=kjOe4RkFrRw__#1_label_A__5.npy,A
v=kjOe4RkFrRw__#1_label_A__6.npy,A
v=kjOe4RkFrRw__#1_label_A__7.npy,A
v=kjOe4RkFrRw__#1_label_A__8.npy,A
v=kjOe4RkFrRw__#1_label_A__9.npy,A
v=w8WdogrgkAU__#1_label_A__0.npy,A
v=w8WdogrgkAU__#1_label_A__1.npy,A
v=w8WdogrgkAU__#1_label_A__2.npy,A
v=w8WdogrgkAU__#1_label_A__3.npy,A
v=w8WdogrgkAU__#1_label_A__4.npy,A
v=w8WdogrgkAU__#1_label_A__5.npy,A
v=w8WdogrgkAU__#1_label_A__6.npy,A
v=w8WdogrgkAU__#1_label_A__7.npy,A
v=w8WdogrgkAU__#1_label_A__8.npy,A
v=w8WdogrgkAU__#1_label_A__9.npy,A
Skyfall.2012__#00-25-40_00-27-42_label_A__0.npy,A
Skyfall.2012__#00-25-40_00-27-42_label_A__1.npy,A
Skyfall.2012__#00-25-40_00-27-42_label_A__2.npy,A
Skyfall.2012__#00-25-40_00-27-42_label_A__3.npy,A
Skyfall.2012__#00-25-40_00-27-42_label_A__4.npy,A
Skyfall.2012__#00-25-40_00-27-42_label_A__5.npy,A
Skyfall.2012__#00-25-40_00-27-42_label_A__6.npy,A
Skyfall.2012__#00-25-40_00-27-42_label_A__7.npy,A
Skyfall.2012__#00-25-40_00-27-42_label_A__8.npy,A
Skyfall.2012__#00-25-40_00-27-42_label_A__9.npy,A
v=QrLO9AFNix0__#1_label_A__0.npy,A
v=QrLO9AFNix0__#1_label_A__1.npy,A
v=QrLO9AFNix0__#1_label_A__2.npy,A
v=QrLO9AFNix0__#1_label_A__3.npy,A
v=QrLO9AFNix0__#1_label_A__4.npy,A
v=QrLO9AFNix0__#1_label_A__5.npy,A
v=QrLO9AFNix0__#1_label_A__6.npy,A
v=QrLO9AFNix0__#1_label_A__7.npy,A
v=QrLO9AFNix0__#1_label_A__8.npy,A
v=QrLO9AFNix0__#1_label_A__9.npy,A
v=ANq9VfsJpJk__#1_label_A__0.npy,A
v=ANq9VfsJpJk__#1_label_A__1.npy,A
v=ANq9VfsJpJk__#1_label_A__2.npy,A
v=ANq9VfsJpJk__#1_label_A__3.npy,A
v=ANq9VfsJpJk__#1_label_A__4.npy,A
v=ANq9VfsJpJk__#1_label_A__5.npy,A
v=ANq9VfsJpJk__#1_label_A__6.npy,A
v=ANq9VfsJpJk__#1_label_A__7.npy,A
v=ANq9VfsJpJk__#1_label_A__8.npy,A
v=ANq9VfsJpJk__#1_label_A__9.npy,A
v=XjRhYP-OXdM__#00-12-00_00-15-00_label_A__0.npy,A
v=XjRhYP-OXdM__#00-12-00_00-15-00_label_A__1.npy,A
v=XjRhYP-OXdM__#00-12-00_00-15-00_label_A__2.npy,A
v=XjRhYP-OXdM__#00-12-00_00-15-00_label_A__3.npy,A
v=XjRhYP-OXdM__#00-12-00_00-15-00_label_A__4.npy,A
v=XjRhYP-OXdM__#00-12-00_00-15-00_label_A__5.npy,A
v=XjRhYP-OXdM__#00-12-00_00-15-00_label_A__6.npy,A
v=XjRhYP-OXdM__#00-12-00_00-15-00_label_A__7.npy,A
v=XjRhYP-OXdM__#00-12-00_00-15-00_label_A__8.npy,A
v=XjRhYP-OXdM__#00-12-00_00-15-00_label_A__9.npy,A
v=ro0kQw25gQ0__#1_label_A__0.npy,A
v=ro0kQw25gQ0__#1_label_A__1.npy,A
v=ro0kQw25gQ0__#1_label_A__2.npy,A
v=ro0kQw25gQ0__#1_label_A__3.npy,A
v=ro0kQw25gQ0__#1_label_A__4.npy,A
v=ro0kQw25gQ0__#1_label_A__5.npy,A
v=ro0kQw25gQ0__#1_label_A__6.npy,A
v=ro0kQw25gQ0__#1_label_A__7.npy,A
v=ro0kQw25gQ0__#1_label_A__8.npy,A
v=ro0kQw25gQ0__#1_label_A__9.npy,A
v=Y6OdlpNMMFM__#1_label_A__0.npy,A
v=Y6OdlpNMMFM__#1_label_A__1.npy,A
v=Y6OdlpNMMFM__#1_label_A__2.npy,A
v=Y6OdlpNMMFM__#1_label_A__3.npy,A
v=Y6OdlpNMMFM__#1_label_A__4.npy,A
v=Y6OdlpNMMFM__#1_label_A__5.npy,A
v=Y6OdlpNMMFM__#1_label_A__6.npy,A
v=Y6OdlpNMMFM__#1_label_A__7.npy,A
v=Y6OdlpNMMFM__#1_label_A__8.npy,A
v=Y6OdlpNMMFM__#1_label_A__9.npy,A
v=8UzJN4Z-_yQ__#1_label_A__0.npy,A
v=8UzJN4Z-_yQ__#1_label_A__1.npy,A
v=8UzJN4Z-_yQ__#1_label_A__2.npy,A
v=8UzJN4Z-_yQ__#1_label_A__3.npy,A
v=8UzJN4Z-_yQ__#1_label_A__4.npy,A
v=8UzJN4Z-_yQ__#1_label_A__5.npy,A
v=8UzJN4Z-_yQ__#1_label_A__6.npy,A
v=8UzJN4Z-_yQ__#1_label_A__7.npy,A
v=8UzJN4Z-_yQ__#1_label_A__8.npy,A
v=8UzJN4Z-_yQ__#1_label_A__9.npy,A
The.Attorney.2013__#00-49-48_00-51-12_label_A__0.npy,A
The.Attorney.2013__#00-49-48_00-51-12_label_A__1.npy,A
The.Attorney.2013__#00-49-48_00-51-12_label_A__2.npy,A
The.Attorney.2013__#00-49-48_00-51-12_label_A__3.npy,A
The.Attorney.2013__#00-49-48_00-51-12_label_A__4.npy,A
The.Attorney.2013__#00-49-48_00-51-12_label_A__5.npy,A
The.Attorney.2013__#00-49-48_00-51-12_label_A__6.npy,A
The.Attorney.2013__#00-49-48_00-51-12_label_A__7.npy,A
The.Attorney.2013__#00-49-48_00-51-12_label_A__8.npy,A
The.Attorney.2013__#00-49-48_00-51-12_label_A__9.npy,A
v=q2SP66Jb6Cw__#00-42-00_00-48-00_label_A__0.npy,A
v=q2SP66Jb6Cw__#00-42-00_00-48-00_label_A__1.npy,A
v=q2SP66Jb6Cw__#00-42-00_00-48-00_label_A__2.npy,A
v=q2SP66Jb6Cw__#00-42-00_00-48-00_label_A__3.npy,A
v=q2SP66Jb6Cw__#00-42-00_00-48-00_label_A__4.npy,A
v=q2SP66Jb6Cw__#00-42-00_00-48-00_label_A__5.npy,A
v=q2SP66Jb6Cw__#00-42-00_00-48-00_label_A__6.npy,A
v=q2SP66Jb6Cw__#00-42-00_00-48-00_label_A__7.npy,A
v=q2SP66Jb6Cw__#00-42-00_00-48-00_label_A__8.npy,A
v=q2SP66Jb6Cw__#00-42-00_00-48-00_label_A__9.npy,A
v=l9jL9nPps2g__#1_label_A__0.npy,A
v=l9jL9nPps2g__#1_label_A__1.npy,A
v=l9jL9nPps2g__#1_label_A__2.npy,A
v=l9jL9nPps2g__#1_label_A__3.npy,A
v=l9jL9nPps2g__#1_label_A__4.npy,A
v=l9jL9nPps2g__#1_label_A__5.npy,A
v=l9jL9nPps2g__#1_label_A__6.npy,A
v=l9jL9nPps2g__#1_label_A__7.npy,A
v=l9jL9nPps2g__#1_label_A__8.npy,A
v=l9jL9nPps2g__#1_label_A__9.npy,A
v=9eME1y6V-T4__#00-24-00_00-30-00_label_A__0.npy,A
v=9eME1y6V-T4__#00-24-00_00-30-00_label_A__1.npy,A
v=9eME1y6V-T4__#00-24-00_00-30-00_label_A__2.npy,A
v=9eME1y6V-T4__#00-24-00_00-30-00_label_A__3.npy,A
v=9eME1y6V-T4__#00-24-00_00-30-00_label_A__4.npy,A
v=9eME1y6V-T4__#00-24-00_00-30-00_label_A__5.npy,A
v=9eME1y6V-T4__#00-24-00_00-30-00_label_A__6.npy,A
v=9eME1y6V-T4__#00-24-00_00-30-00_label_A__7.npy,A
v=9eME1y6V-T4__#00-24-00_00-30-00_label_A__8.npy,A
v=9eME1y6V-T4__#00-24-00_00-30-00_label_A__9.npy,A
v=oVTh2gDYR5U__#1_label_A__0.npy,A
v=oVTh2gDYR5U__#1_label_A__1.npy,A
v=oVTh2gDYR5U__#1_label_A__2.npy,A
v=oVTh2gDYR5U__#1_label_A__3.npy,A
v=oVTh2gDYR5U__#1_label_A__4.npy,A
v=oVTh2gDYR5U__#1_label_A__5.npy,A
v=oVTh2gDYR5U__#1_label_A__6.npy,A
v=oVTh2gDYR5U__#1_label_A__7.npy,A
v=oVTh2gDYR5U__#1_label_A__8.npy,A
v=oVTh2gDYR5U__#1_label_A__9.npy,A
v=amnnMOUko64__#1_label_A__0.npy,A
v=amnnMOUko64__#1_label_A__1.npy,A
v=amnnMOUko64__#1_label_A__2.npy,A
v=amnnMOUko64__#1_label_A__3.npy,A
v=amnnMOUko64__#1_label_A__4.npy,A
v=amnnMOUko64__#1_label_A__5.npy,A
v=amnnMOUko64__#1_label_A__6.npy,A
v=amnnMOUko64__#1_label_A__7.npy,A
v=amnnMOUko64__#1_label_A__8.npy,A
v=amnnMOUko64__#1_label_A__9.npy,A
v=hnOPu0_YWhw__#1_label_A__0.npy,A
v=hnOPu0_YWhw__#1_label_A__1.npy,A
v=hnOPu0_YWhw__#1_label_A__2.npy,A
v=hnOPu0_YWhw__#1_label_A__3.npy,A
v=hnOPu0_YWhw__#1_label_A__4.npy,A
v=hnOPu0_YWhw__#1_label_A__5.npy,A
v=hnOPu0_YWhw__#1_label_A__6.npy,A
v=hnOPu0_YWhw__#1_label_A__7.npy,A
v=hnOPu0_YWhw__#1_label_A__8.npy,A
v=hnOPu0_YWhw__#1_label_A__9.npy,A
v=FY301WAhRrE__#1_label_A__0.npy,A
v=FY301WAhRrE__#1_label_A__1.npy,A
v=FY301WAhRrE__#1_label_A__2.npy,A
v=FY301WAhRrE__#1_label_A__3.npy,A
v=FY301WAhRrE__#1_label_A__4.npy,A
v=FY301WAhRrE__#1_label_A__5.npy,A
v=FY301WAhRrE__#1_label_A__6.npy,A
v=FY301WAhRrE__#1_label_A__7.npy,A
v=FY301WAhRrE__#1_label_A__8.npy,A
v=FY301WAhRrE__#1_label_A__9.npy,A
v=f6j3YWgVBto__#00-03-40_00-04-40_label_A__0.npy,A
v=f6j3YWgVBto__#00-03-40_00-04-40_label_A__1.npy,A
v=f6j3YWgVBto__#00-03-40_00-04-40_label_A__2.npy,A
v=f6j3YWgVBto__#00-03-40_00-04-40_label_A__3.npy,A
v=f6j3YWgVBto__#00-03-40_00-04-40_label_A__4.npy,A
v=f6j3YWgVBto__#00-03-40_00-04-40_label_A__5.npy,A
v=f6j3YWgVBto__#00-03-40_00-04-40_label_A__6.npy,A
v=f6j3YWgVBto__#00-03-40_00-04-40_label_A__7.npy,A
v=f6j3YWgVBto__#00-03-40_00-04-40_label_A__8.npy,A
v=f6j3YWgVBto__#00-03-40_00-04-40_label_A__9.npy,A
The.Hurt.Locker.2008__#02-01-02_02-02-22_label_A__0.npy,A
The.Hurt.Locker.2008__#02-01-02_02-02-22_label_A__1.npy,A
The.Hurt.Locker.2008__#02-01-02_02-02-22_label_A__2.npy,A
The.Hurt.Locker.2008__#02-01-02_02-02-22_label_A__3.npy,A
The.Hurt.Locker.2008__#02-01-02_02-02-22_label_A__4.npy,A
The.Hurt.Locker.2008__#02-01-02_02-02-22_label_A__5.npy,A
The.Hurt.Locker.2008__#02-01-02_02-02-22_label_A__6.npy,A
The.Hurt.Locker.2008__#02-01-02_02-02-22_label_A__7.npy,A
The.Hurt.Locker.2008__#02-01-02_02-02-22_label_A__8.npy,A
The.Hurt.Locker.2008__#02-01-02_02-02-22_label_A__9.npy,A
Operation.Red.Sea.2018__#0-13-50_0-16-05_label_A__0.npy,A
Operation.Red.Sea.2018__#0-13-50_0-16-05_label_A__1.npy,A
Operation.Red.Sea.2018__#0-13-50_0-16-05_label_A__2.npy,A
Operation.Red.Sea.2018__#0-13-50_0-16-05_label_A__3.npy,A
Operation.Red.Sea.2018__#0-13-50_0-16-05_label_A__4.npy,A
Operation.Red.Sea.2018__#0-13-50_0-16-05_label_A__5.npy,A
Operation.Red.Sea.2018__#0-13-50_0-16-05_label_A__6.npy,A
Operation.Red.Sea.2018__#0-13-50_0-16-05_label_A__7.npy,A
Operation.Red.Sea.2018__#0-13-50_0-16-05_label_A__8.npy,A
Operation.Red.Sea.2018__#0-13-50_0-16-05_label_A__9.npy,A
v=9eME1y6V-T4__#01-54-00_02-00-00_label_A__0.npy,A
v=9eME1y6V-T4__#01-54-00_02-00-00_label_A__1.npy,A
v=9eME1y6V-T4__#01-54-00_02-00-00_label_A__2.npy,A
v=9eME1y6V-T4__#01-54-00_02-00-00_label_A__3.npy,A
v=9eME1y6V-T4__#01-54-00_02-00-00_label_A__4.npy,A
v=9eME1y6V-T4__#01-54-00_02-00-00_label_A__5.npy,A
v=9eME1y6V-T4__#01-54-00_02-00-00_label_A__6.npy,A
v=9eME1y6V-T4__#01-54-00_02-00-00_label_A__7.npy,A
v=9eME1y6V-T4__#01-54-00_02-00-00_label_A__8.npy,A
v=9eME1y6V-T4__#01-54-00_02-00-00_label_A__9.npy,A
Fury.2014__#01-24-39_01-26-24_label_A__0.npy,A
Fury.2014__#01-24-39_01-26-24_label_A__1.npy,A
Fury.2014__#01-24-39_01-26-24_label_A__2.npy,A
Fury.2014__#01-24-39_01-26-24_label_A__3.npy,A
Fury.2014__#01-24-39_01-26-24_label_A__4.npy,A
Fury.2014__#01-24-39_01-26-24_label_A__5.npy,A
Fury.2014__#01-24-39_01-26-24_label_A__6.npy,A
Fury.2014__#01-24-39_01-26-24_label_A__7.npy,A
Fury.2014__#01-24-39_01-26-24_label_A__8.npy,A
Fury.2014__#01-24-39_01-26-24_label_A__9.npy,A
Love.Me.If.You.Dare.2003__#00-01-45_00-04-15_label_A__0.npy,A
Love.Me.If.You.Dare.2003__#00-01-45_00-04-15_label_A__1.npy,A
Love.Me.If.You.Dare.2003__#00-01-45_00-04-15_label_A__2.npy,A
Love.Me.If.You.Dare.2003__#00-01-45_00-04-15_label_A__3.npy,A
Love.Me.If.You.Dare.2003__#00-01-45_00-04-15_label_A__4.npy,A
Love.Me.If.You.Dare.2003__#00-01-45_00-04-15_label_A__5.npy,A
Love.Me.If.You.Dare.2003__#00-01-45_00-04-15_label_A__6.npy,A
Love.Me.If.You.Dare.2003__#00-01-45_00-04-15_label_A__7.npy,A
Love.Me.If.You.Dare.2003__#00-01-45_00-04-15_label_A__8.npy,A
Love.Me.If.You.Dare.2003__#00-01-45_00-04-15_label_A__9.npy,A
v=siMuLFQ7DSY__#1_label_A__0.npy,A
v=siMuLFQ7DSY__#1_label_A__1.npy,A
v=siMuLFQ7DSY__#1_label_A__2.npy,A
v=siMuLFQ7DSY__#1_label_A__3.npy,A
v=siMuLFQ7DSY__#1_label_A__4.npy,A
v=siMuLFQ7DSY__#1_label_A__5.npy,A
v=siMuLFQ7DSY__#1_label_A__6.npy,A
v=siMuLFQ7DSY__#1_label_A__7.npy,A
v=siMuLFQ7DSY__#1_label_A__8.npy,A
v=siMuLFQ7DSY__#1_label_A__9.npy,A
v=PN8JBYID9hU__#1_label_A__0.npy,A
v=PN8JBYID9hU__#1_label_A__1.npy,A
v=PN8JBYID9hU__#1_label_A__2.npy,A
v=PN8JBYID9hU__#1_label_A__3.npy,A
v=PN8JBYID9hU__#1_label_A__4.npy,A
v=PN8JBYID9hU__#1_label_A__5.npy,A
v=PN8JBYID9hU__#1_label_A__6.npy,A
v=PN8JBYID9hU__#1_label_A__7.npy,A
v=PN8JBYID9hU__#1_label_A__8.npy,A
v=PN8JBYID9hU__#1_label_A__9.npy,A
The.Notebook.2004__#00-31-05_00-32-05_label_A__0.npy,A
The.Notebook.2004__#00-31-05_00-32-05_label_A__1.npy,A
The.Notebook.2004__#00-31-05_00-32-05_label_A__2.npy,A
The.Notebook.2004__#00-31-05_00-32-05_label_A__3.npy,A
The.Notebook.2004__#00-31-05_00-32-05_label_A__4.npy,A
The.Notebook.2004__#00-31-05_00-32-05_label_A__5.npy,A
The.Notebook.2004__#00-31-05_00-32-05_label_A__6.npy,A
The.Notebook.2004__#00-31-05_00-32-05_label_A__7.npy,A
The.Notebook.2004__#00-31-05_00-32-05_label_A__8.npy,A
The.Notebook.2004__#00-31-05_00-32-05_label_A__9.npy,A
Taken.Extended.Cut.2008__#00-58-59_01-01-25_label_A__0.npy,A
Taken.Extended.Cut.2008__#00-58-59_01-01-25_label_A__1.npy,A
Taken.Extended.Cut.2008__#00-58-59_01-01-25_label_A__2.npy,A
Taken.Extended.Cut.2008__#00-58-59_01-01-25_label_A__3.npy,A
Taken.Extended.Cut.2008__#00-58-59_01-01-25_label_A__4.npy,A
Taken.Extended.Cut.2008__#00-58-59_01-01-25_label_A__5.npy,A
Taken.Extended.Cut.2008__#00-58-59_01-01-25_label_A__6.npy,A
Taken.Extended.Cut.2008__#00-58-59_01-01-25_label_A__7.npy,A
Taken.Extended.Cut.2008__#00-58-59_01-01-25_label_A__8.npy,A
Taken.Extended.Cut.2008__#00-58-59_01-01-25_label_A__9.npy,A
v=NeAC-MfTZzU__#00-06-00_00-09-00_label_A__0.npy,A
v=NeAC-MfTZzU__#00-06-00_00-09-00_label_A__1.npy,A
v=NeAC-MfTZzU__#00-06-00_00-09-00_label_A__2.npy,A
v=NeAC-MfTZzU__#00-06-00_00-09-00_label_A__3.npy,A
v=NeAC-MfTZzU__#00-06-00_00-09-00_label_A__4.npy,A
v=NeAC-MfTZzU__#00-06-00_00-09-00_label_A__5.npy,A
v=NeAC-MfTZzU__#00-06-00_00-09-00_label_A__6.npy,A
v=NeAC-MfTZzU__#00-06-00_00-09-00_label_A__7.npy,A
v=NeAC-MfTZzU__#00-06-00_00-09-00_label_A__8.npy,A
v=NeAC-MfTZzU__#00-06-00_00-09-00_label_A__9.npy,A
v=1jMf0RGRpnc__#1_label_A__0.npy,A
v=1jMf0RGRpnc__#1_label_A__1.npy,A
v=1jMf0RGRpnc__#1_label_A__2.npy,A
v=1jMf0RGRpnc__#1_label_A__3.npy,A
v=1jMf0RGRpnc__#1_label_A__4.npy,A
v=1jMf0RGRpnc__#1_label_A__5.npy,A
v=1jMf0RGRpnc__#1_label_A__6.npy,A
v=1jMf0RGRpnc__#1_label_A__7.npy,A
v=1jMf0RGRpnc__#1_label_A__8.npy,A
v=1jMf0RGRpnc__#1_label_A__9.npy,A
v=OcoatqJqmX0__#1_label_A__0.npy,A
v=OcoatqJqmX0__#1_label_A__1.npy,A
v=OcoatqJqmX0__#1_label_A__2.npy,A
v=OcoatqJqmX0__#1_label_A__3.npy,A
v=OcoatqJqmX0__#1_label_A__4.npy,A
v=OcoatqJqmX0__#1_label_A__5.npy,A
v=OcoatqJqmX0__#1_label_A__6.npy,A
v=OcoatqJqmX0__#1_label_A__7.npy,A
v=OcoatqJqmX0__#1_label_A__8.npy,A
v=OcoatqJqmX0__#1_label_A__9.npy,A
v=jkECLk6biwQ__#1_label_A__0.npy,A
v=jkECLk6biwQ__#1_label_A__1.npy,A
v=jkECLk6biwQ__#1_label_A__2.npy,A
v=jkECLk6biwQ__#1_label_A__3.npy,A
v=jkECLk6biwQ__#1_label_A__4.npy,A
v=jkECLk6biwQ__#1_label_A__5.npy,A
v=jkECLk6biwQ__#1_label_A__6.npy,A
v=jkECLk6biwQ__#1_label_A__7.npy,A
v=jkECLk6biwQ__#1_label_A__8.npy,A
v=jkECLk6biwQ__#1_label_A__9.npy,A
v=CJWl6Hcco_E__#1_label_A__0.npy,A
v=CJWl6Hcco_E__#1_label_A__1.npy,A
v=CJWl6Hcco_E__#1_label_A__2.npy,A
v=CJWl6Hcco_E__#1_label_A__3.npy,A
v=CJWl6Hcco_E__#1_label_A__4.npy,A
v=CJWl6Hcco_E__#1_label_A__5.npy,A
v=CJWl6Hcco_E__#1_label_A__6.npy,A
v=CJWl6Hcco_E__#1_label_A__7.npy,A
v=CJWl6Hcco_E__#1_label_A__8.npy,A
v=CJWl6Hcco_E__#1_label_A__9.npy,A
City.Of.Men.2007__#01-10-21_01-11-35_label_A__0.npy,A
City.Of.Men.2007__#01-10-21_01-11-35_label_A__1.npy,A
City.Of.Men.2007__#01-10-21_01-11-35_label_A__2.npy,A
City.Of.Men.2007__#01-10-21_01-11-35_label_A__3.npy,A
City.Of.Men.2007__#01-10-21_01-11-35_label_A__4.npy,A
City.Of.Men.2007__#01-10-21_01-11-35_label_A__5.npy,A
City.Of.Men.2007__#01-10-21_01-11-35_label_A__6.npy,A
City.Of.Men.2007__#01-10-21_01-11-35_label_A__7.npy,A
City.Of.Men.2007__#01-10-21_01-11-35_label_A__8.npy,A
City.Of.Men.2007__#01-10-21_01-11-35_label_A__9.npy,A
v=fkps18H3SXY__#01-18-00_01-24-00_label_A__0.npy,A
v=fkps18H3SXY__#01-18-00_01-24-00_label_A__1.npy,A
v=fkps18H3SXY__#01-18-00_01-24-00_label_A__2.npy,A
v=fkps18H3SXY__#01-18-00_01-24-00_label_A__3.npy,A
v=fkps18H3SXY__#01-18-00_01-24-00_label_A__4.npy,A
v=fkps18H3SXY__#01-18-00_01-24-00_label_A__5.npy,A
v=fkps18H3SXY__#01-18-00_01-24-00_label_A__6.npy,A
v=fkps18H3SXY__#01-18-00_01-24-00_label_A__7.npy,A
v=fkps18H3SXY__#01-18-00_01-24-00_label_A__8.npy,A
v=fkps18H3SXY__#01-18-00_01-24-00_label_A__9.npy,A
v=ZyWlEWx6WsY__#1_label_A__0.npy,A
v=ZyWlEWx6WsY__#1_label_A__1.npy,A
v=ZyWlEWx6WsY__#1_label_A__2.npy,A
v=ZyWlEWx6WsY__#1_label_A__3.npy,A
v=ZyWlEWx6WsY__#1_label_A__4.npy,A
v=ZyWlEWx6WsY__#1_label_A__5.npy,A
v=ZyWlEWx6WsY__#1_label_A__6.npy,A
v=ZyWlEWx6WsY__#1_label_A__7.npy,A
v=ZyWlEWx6WsY__#1_label_A__8.npy,A
v=ZyWlEWx6WsY__#1_label_A__9.npy,A
v=jHvim639FWQ__#1_label_A__0.npy,A
v=jHvim639FWQ__#1_label_A__1.npy,A
v=jHvim639FWQ__#1_label_A__2.npy,A
v=jHvim639FWQ__#1_label_A__3.npy,A
v=jHvim639FWQ__#1_label_A__4.npy,A
v=jHvim639FWQ__#1_label_A__5.npy,A
v=jHvim639FWQ__#1_label_A__6.npy,A
v=jHvim639FWQ__#1_label_A__7.npy,A
v=jHvim639FWQ__#1_label_A__8.npy,A
v=jHvim639FWQ__#1_label_A__9.npy,A
v=FeXZY4eVLlo__#1_label_A__0.npy,A
v=FeXZY4eVLlo__#1_label_A__1.npy,A
v=FeXZY4eVLlo__#1_label_A__2.npy,A
v=FeXZY4eVLlo__#1_label_A__3.npy,A
v=FeXZY4eVLlo__#1_label_A__4.npy,A
v=FeXZY4eVLlo__#1_label_A__5.npy,A
v=FeXZY4eVLlo__#1_label_A__6.npy,A
v=FeXZY4eVLlo__#1_label_A__7.npy,A
v=FeXZY4eVLlo__#1_label_A__8.npy,A
v=FeXZY4eVLlo__#1_label_A__9.npy,A
Mindhunters.2004__#00-08-50_00-09-45_label_A__0.npy,A
Mindhunters.2004__#00-08-50_00-09-45_label_A__1.npy,A
Mindhunters.2004__#00-08-50_00-09-45_label_A__2.npy,A
Mindhunters.2004__#00-08-50_00-09-45_label_A__3.npy,A
Mindhunters.2004__#00-08-50_00-09-45_label_A__4.npy,A
Mindhunters.2004__#00-08-50_00-09-45_label_A__5.npy,A
Mindhunters.2004__#00-08-50_00-09-45_label_A__6.npy,A
Mindhunters.2004__#00-08-50_00-09-45_label_A__7.npy,A
Mindhunters.2004__#00-08-50_00-09-45_label_A__8.npy,A
Mindhunters.2004__#00-08-50_00-09-45_label_A__9.npy,A
v=vsI_pKNcgeQ__#00-21-00_00-24-00_label_A__0.npy,A
v=vsI_pKNcgeQ__#00-21-00_00-24-00_label_A__1.npy,A
v=vsI_pKNcgeQ__#00-21-00_00-24-00_label_A__2.npy,A
v=vsI_pKNcgeQ__#00-21-00_00-24-00_label_A__3.npy,A
v=vsI_pKNcgeQ__#00-21-00_00-24-00_label_A__4.npy,A
v=vsI_pKNcgeQ__#00-21-00_00-24-00_label_A__5.npy,A
v=vsI_pKNcgeQ__#00-21-00_00-24-00_label_A__6.npy,A
v=vsI_pKNcgeQ__#00-21-00_00-24-00_label_A__7.npy,A
v=vsI_pKNcgeQ__#00-21-00_00-24-00_label_A__8.npy,A
v=vsI_pKNcgeQ__#00-21-00_00-24-00_label_A__9.npy,A
v=9eME1y6V-T4__#01-42-00_01-48-00_label_A__0.npy,A
v=9eME1y6V-T4__#01-42-00_01-48-00_label_A__1.npy,A
v=9eME1y6V-T4__#01-42-00_01-48-00_label_A__2.npy,A
v=9eME1y6V-T4__#01-42-00_01-48-00_label_A__3.npy,A
v=9eME1y6V-T4__#01-42-00_01-48-00_label_A__4.npy,A
v=9eME1y6V-T4__#01-42-00_01-48-00_label_A__5.npy,A
v=9eME1y6V-T4__#01-42-00_01-48-00_label_A__6.npy,A
v=9eME1y6V-T4__#01-42-00_01-48-00_label_A__7.npy,A
v=9eME1y6V-T4__#01-42-00_01-48-00_label_A__8.npy,A
v=9eME1y6V-T4__#01-42-00_01-48-00_label_A__9.npy,A
v=usAvzbDq6-c__#00-06-00_00-09-00_label_A__0.npy,A
v=usAvzbDq6-c__#00-06-00_00-09-00_label_A__1.npy,A
v=usAvzbDq6-c__#00-06-00_00-09-00_label_A__2.npy,A
v=usAvzbDq6-c__#00-06-00_00-09-00_label_A__3.npy,A
v=usAvzbDq6-c__#00-06-00_00-09-00_label_A__4.npy,A
v=usAvzbDq6-c__#00-06-00_00-09-00_label_A__5.npy,A
v=usAvzbDq6-c__#00-06-00_00-09-00_label_A__6.npy,A
v=usAvzbDq6-c__#00-06-00_00-09-00_label_A__7.npy,A
v=usAvzbDq6-c__#00-06-00_00-09-00_label_A__8.npy,A
v=usAvzbDq6-c__#00-06-00_00-09-00_label_A__9.npy,A
v=doCahM4-zUA__#1_label_A__0.npy,A
v=doCahM4-zUA__#1_label_A__1.npy,A
v=doCahM4-zUA__#1_label_A__2.npy,A
v=doCahM4-zUA__#1_label_A__3.npy,A
v=doCahM4-zUA__#1_label_A__4.npy,A
v=doCahM4-zUA__#1_label_A__5.npy,A
v=doCahM4-zUA__#1_label_A__6.npy,A
v=doCahM4-zUA__#1_label_A__7.npy,A
v=doCahM4-zUA__#1_label_A__8.npy,A
v=doCahM4-zUA__#1_label_A__9.npy,A
v=RcTmLTQSBak__#1_label_A__0.npy,A
v=RcTmLTQSBak__#1_label_A__1.npy,A
v=RcTmLTQSBak__#1_label_A__2.npy,A
v=RcTmLTQSBak__#1_label_A__3.npy,A
v=RcTmLTQSBak__#1_label_A__4.npy,A
v=RcTmLTQSBak__#1_label_A__5.npy,A
v=RcTmLTQSBak__#1_label_A__6.npy,A
v=RcTmLTQSBak__#1_label_A__7.npy,A
v=RcTmLTQSBak__#1_label_A__8.npy,A
v=RcTmLTQSBak__#1_label_A__9.npy,A
v=hnqpujmdb3g__#1_label_A__0.npy,A
v=hnqpujmdb3g__#1_label_A__1.npy,A
v=hnqpujmdb3g__#1_label_A__2.npy,A
v=hnqpujmdb3g__#1_label_A__3.npy,A
v=hnqpujmdb3g__#1_label_A__4.npy,A
v=hnqpujmdb3g__#1_label_A__5.npy,A
v=hnqpujmdb3g__#1_label_A__6.npy,A
v=hnqpujmdb3g__#1_label_A__7.npy,A
v=hnqpujmdb3g__#1_label_A__8.npy,A
v=hnqpujmdb3g__#1_label_A__9.npy,A
v=jI2GVcjXXI8__#1_label_A__0.npy,A
v=jI2GVcjXXI8__#1_label_A__1.npy,A
v=jI2GVcjXXI8__#1_label_A__2.npy,A
v=jI2GVcjXXI8__#1_label_A__3.npy,A
v=jI2GVcjXXI8__#1_label_A__4.npy,A
v=jI2GVcjXXI8__#1_label_A__5.npy,A
v=jI2GVcjXXI8__#1_label_A__6.npy,A
v=jI2GVcjXXI8__#1_label_A__7.npy,A
v=jI2GVcjXXI8__#1_label_A__8.npy,A
v=jI2GVcjXXI8__#1_label_A__9.npy,A
Still.Walking.2008__#00-05-52_00-08-22_label_A__0.npy,A
Still.Walking.2008__#00-05-52_00-08-22_label_A__1.npy,A
Still.Walking.2008__#00-05-52_00-08-22_label_A__2.npy,A
Still.Walking.2008__#00-05-52_00-08-22_label_A__3.npy,A
Still.Walking.2008__#00-05-52_00-08-22_label_A__4.npy,A
Still.Walking.2008__#00-05-52_00-08-22_label_A__5.npy,A
Still.Walking.2008__#00-05-52_00-08-22_label_A__6.npy,A
Still.Walking.2008__#00-05-52_00-08-22_label_A__7.npy,A
Still.Walking.2008__#00-05-52_00-08-22_label_A__8.npy,A
Still.Walking.2008__#00-05-52_00-08-22_label_A__9.npy,A
Love.Actually.2003__#01-47-05_01-54-40_label_A__0.npy,A
Love.Actually.2003__#01-47-05_01-54-40_label_A__1.npy,A
Love.Actually.2003__#01-47-05_01-54-40_label_A__2.npy,A
Love.Actually.2003__#01-47-05_01-54-40_label_A__3.npy,A
Love.Actually.2003__#01-47-05_01-54-40_label_A__4.npy,A
Love.Actually.2003__#01-47-05_01-54-40_label_A__5.npy,A
Love.Actually.2003__#01-47-05_01-54-40_label_A__6.npy,A
Love.Actually.2003__#01-47-05_01-54-40_label_A__7.npy,A
Love.Actually.2003__#01-47-05_01-54-40_label_A__8.npy,A
Love.Actually.2003__#01-47-05_01-54-40_label_A__9.npy,A
v=vFPQ_NiDBIU__#02-36-00_02-42-00_label_A__0.npy,A
v=vFPQ_NiDBIU__#02-36-00_02-42-00_label_A__1.npy,A
v=vFPQ_NiDBIU__#02-36-00_02-42-00_label_A__2.npy,A
v=vFPQ_NiDBIU__#02-36-00_02-42-00_label_A__3.npy,A
v=vFPQ_NiDBIU__#02-36-00_02-42-00_label_A__4.npy,A
v=vFPQ_NiDBIU__#02-36-00_02-42-00_label_A__5.npy,A
v=vFPQ_NiDBIU__#02-36-00_02-42-00_label_A__6.npy,A
v=vFPQ_NiDBIU__#02-36-00_02-42-00_label_A__7.npy,A
v=vFPQ_NiDBIU__#02-36-00_02-42-00_label_A__8.npy,A
v=vFPQ_NiDBIU__#02-36-00_02-42-00_label_A__9.npy,A
v=NdDayw9Ej3o__#1_label_A__0.npy,A
v=NdDayw9Ej3o__#1_label_A__1.npy,A
v=NdDayw9Ej3o__#1_label_A__2.npy,A
v=NdDayw9Ej3o__#1_label_A__3.npy,A
v=NdDayw9Ej3o__#1_label_A__4.npy,A
v=NdDayw9Ej3o__#1_label_A__5.npy,A
v=NdDayw9Ej3o__#1_label_A__6.npy,A
v=NdDayw9Ej3o__#1_label_A__7.npy,A
v=NdDayw9Ej3o__#1_label_A__8.npy,A
v=NdDayw9Ej3o__#1_label_A__9.npy,A
Still.Walking.2008__#00-08-55_00-10-50_label_A__0.npy,A
Still.Walking.2008__#00-08-55_00-10-50_label_A__1.npy,A
Still.Walking.2008__#00-08-55_00-10-50_label_A__2.npy,A
Still.Walking.2008__#00-08-55_00-10-50_label_A__3.npy,A
Still.Walking.2008__#00-08-55_00-10-50_label_A__4.npy,A
Still.Walking.2008__#00-08-55_00-10-50_label_A__5.npy,A
Still.Walking.2008__#00-08-55_00-10-50_label_A__6.npy,A
Still.Walking.2008__#00-08-55_00-10-50_label_A__7.npy,A
Still.Walking.2008__#00-08-55_00-10-50_label_A__8.npy,A
Still.Walking.2008__#00-08-55_00-10-50_label_A__9.npy,A
v=eM9B0JwuFic__#1_label_A__0.npy,A
v=eM9B0JwuFic__#1_label_A__1.npy,A
v=eM9B0JwuFic__#1_label_A__2.npy,A
v=eM9B0JwuFic__#1_label_A__3.npy,A
v=eM9B0JwuFic__#1_label_A__4.npy,A
v=eM9B0JwuFic__#1_label_A__5.npy,A
v=eM9B0JwuFic__#1_label_A__6.npy,A
v=eM9B0JwuFic__#1_label_A__7.npy,A
v=eM9B0JwuFic__#1_label_A__8.npy,A
v=eM9B0JwuFic__#1_label_A__9.npy,A
Good.Will.Hunting.1997__#01-07-50_01-14-05_label_A__0.npy,A
Good.Will.Hunting.1997__#01-07-50_01-14-05_label_A__1.npy,A
Good.Will.Hunting.1997__#01-07-50_01-14-05_label_A__2.npy,A
Good.Will.Hunting.1997__#01-07-50_01-14-05_label_A__3.npy,A
Good.Will.Hunting.1997__#01-07-50_01-14-05_label_A__4.npy,A
Good.Will.Hunting.1997__#01-07-50_01-14-05_label_A__5.npy,A
Good.Will.Hunting.1997__#01-07-50_01-14-05_label_A__6.npy,A
Good.Will.Hunting.1997__#01-07-50_01-14-05_label_A__7.npy,A
Good.Will.Hunting.1997__#01-07-50_01-14-05_label_A__8.npy,A
Good.Will.Hunting.1997__#01-07-50_01-14-05_label_A__9.npy,A
Still.Walking.2008__#00-45-40_00-47-30_label_A__0.npy,A
Still.Walking.2008__#00-45-40_00-47-30_label_A__1.npy,A
Still.Walking.2008__#00-45-40_00-47-30_label_A__2.npy,A
Still.Walking.2008__#00-45-40_00-47-30_label_A__3.npy,A
Still.Walking.2008__#00-45-40_00-47-30_label_A__4.npy,A
Still.Walking.2008__#00-45-40_00-47-30_label_A__5.npy,A
Still.Walking.2008__#00-45-40_00-47-30_label_A__6.npy,A
Still.Walking.2008__#00-45-40_00-47-30_label_A__7.npy,A
Still.Walking.2008__#00-45-40_00-47-30_label_A__8.npy,A
Still.Walking.2008__#00-45-40_00-47-30_label_A__9.npy,A
v=LDiHXHof9uk__#1_label_A__0.npy,A
v=LDiHXHof9uk__#1_label_A__1.npy,A
v=LDiHXHof9uk__#1_label_A__2.npy,A
v=LDiHXHof9uk__#1_label_A__3.npy,A
v=LDiHXHof9uk__#1_label_A__4.npy,A
v=LDiHXHof9uk__#1_label_A__5.npy,A
v=LDiHXHof9uk__#1_label_A__6.npy,A
v=LDiHXHof9uk__#1_label_A__7.npy,A
v=LDiHXHof9uk__#1_label_A__8.npy,A
v=LDiHXHof9uk__#1_label_A__9.npy,A
v=pPnODBy9ZMw__#1_label_A__0.npy,A
v=pPnODBy9ZMw__#1_label_A__1.npy,A
v=pPnODBy9ZMw__#1_label_A__2.npy,A
v=pPnODBy9ZMw__#1_label_A__3.npy,A
v=pPnODBy9ZMw__#1_label_A__4.npy,A
v=pPnODBy9ZMw__#1_label_A__5.npy,A
v=pPnODBy9ZMw__#1_label_A__6.npy,A
v=pPnODBy9ZMw__#1_label_A__7.npy,A
v=pPnODBy9ZMw__#1_label_A__8.npy,A
v=pPnODBy9ZMw__#1_label_A__9.npy,A
v=oI5fXACZ4fU__#1_label_A__0.npy,A
v=oI5fXACZ4fU__#1_label_A__1.npy,A
v=oI5fXACZ4fU__#1_label_A__2.npy,A
v=oI5fXACZ4fU__#1_label_A__3.npy,A
v=oI5fXACZ4fU__#1_label_A__4.npy,A
v=oI5fXACZ4fU__#1_label_A__5.npy,A
v=oI5fXACZ4fU__#1_label_A__6.npy,A
v=oI5fXACZ4fU__#1_label_A__7.npy,A
v=oI5fXACZ4fU__#1_label_A__8.npy,A
v=oI5fXACZ4fU__#1_label_A__9.npy,A
v=avP5d16wEp0__#1_label_A__0.npy,A
v=avP5d16wEp0__#1_label_A__1.npy,A
v=avP5d16wEp0__#1_label_A__2.npy,A
v=avP5d16wEp0__#1_label_A__3.npy,A
v=avP5d16wEp0__#1_label_A__4.npy,A
v=avP5d16wEp0__#1_label_A__5.npy,A
v=avP5d16wEp0__#1_label_A__6.npy,A
v=avP5d16wEp0__#1_label_A__7.npy,A
v=avP5d16wEp0__#1_label_A__8.npy,A
v=avP5d16wEp0__#1_label_A__9.npy,A
Taken.3.2014__#01-06-01_01-07-10_label_A__0.npy,A
Taken.3.2014__#01-06-01_01-07-10_label_A__1.npy,A
Taken.3.2014__#01-06-01_01-07-10_label_A__2.npy,A
Taken.3.2014__#01-06-01_01-07-10_label_A__3.npy,A
Taken.3.2014__#01-06-01_01-07-10_label_A__4.npy,A
Taken.3.2014__#01-06-01_01-07-10_label_A__5.npy,A
Taken.3.2014__#01-06-01_01-07-10_label_A__6.npy,A
Taken.3.2014__#01-06-01_01-07-10_label_A__7.npy,A
Taken.3.2014__#01-06-01_01-07-10_label_A__8.npy,A
Taken.3.2014__#01-06-01_01-07-10_label_A__9.npy,A
Mission.Impossible.Fallout.2018__#01-47-30_01-49-50_label_A__0.npy,A
Mission.Impossible.Fallout.2018__#01-47-30_01-49-50_label_A__1.npy,A
Mission.Impossible.Fallout.2018__#01-47-30_01-49-50_label_A__2.npy,A
Mission.Impossible.Fallout.2018__#01-47-30_01-49-50_label_A__3.npy,A
Mission.Impossible.Fallout.2018__#01-47-30_01-49-50_label_A__4.npy,A
Mission.Impossible.Fallout.2018__#01-47-30_01-49-50_label_A__5.npy,A
Mission.Impossible.Fallout.2018__#01-47-30_01-49-50_label_A__6.npy,A
Mission.Impossible.Fallout.2018__#01-47-30_01-49-50_label_A__7.npy,A
Mission.Impossible.Fallout.2018__#01-47-30_01-49-50_label_A__8.npy,A
Mission.Impossible.Fallout.2018__#01-47-30_01-49-50_label_A__9.npy,A
v=MyM5G7fo7Gg__#00-21-00_00-24-00_label_A__0.npy,A
v=MyM5G7fo7Gg__#00-21-00_00-24-00_label_A__1.npy,A
v=MyM5G7fo7Gg__#00-21-00_00-24-00_label_A__2.npy,A
v=MyM5G7fo7Gg__#00-21-00_00-24-00_label_A__3.npy,A
v=MyM5G7fo7Gg__#00-21-00_00-24-00_label_A__4.npy,A
v=MyM5G7fo7Gg__#00-21-00_00-24-00_label_A__5.npy,A
v=MyM5G7fo7Gg__#00-21-00_00-24-00_label_A__6.npy,A
v=MyM5G7fo7Gg__#00-21-00_00-24-00_label_A__7.npy,A
v=MyM5G7fo7Gg__#00-21-00_00-24-00_label_A__8.npy,A
v=MyM5G7fo7Gg__#00-21-00_00-24-00_label_A__9.npy,A
v=oiVq0JE1_DQ__#1_label_A__0.npy,A
v=oiVq0JE1_DQ__#1_label_A__1.npy,A
v=oiVq0JE1_DQ__#1_label_A__2.npy,A
v=oiVq0JE1_DQ__#1_label_A__3.npy,A
v=oiVq0JE1_DQ__#1_label_A__4.npy,A
v=oiVq0JE1_DQ__#1_label_A__5.npy,A
v=oiVq0JE1_DQ__#1_label_A__6.npy,A
v=oiVq0JE1_DQ__#1_label_A__7.npy,A
v=oiVq0JE1_DQ__#1_label_A__8.npy,A
v=oiVq0JE1_DQ__#1_label_A__9.npy,A
Spectre.2015__#00-52-20_00-52-53_label_A__0.npy,A
Spectre.2015__#00-52-20_00-52-53_label_A__1.npy,A
Spectre.2015__#00-52-20_00-52-53_label_A__2.npy,A
Spectre.2015__#00-52-20_00-52-53_label_A__3.npy,A
Spectre.2015__#00-52-20_00-52-53_label_A__4.npy,A
Spectre.2015__#00-52-20_00-52-53_label_A__5.npy,A
Spectre.2015__#00-52-20_00-52-53_label_A__6.npy,A
Spectre.2015__#00-52-20_00-52-53_label_A__7.npy,A
Spectre.2015__#00-52-20_00-52-53_label_A__8.npy,A
Spectre.2015__#00-52-20_00-52-53_label_A__9.npy,A
Love.Death.and.Robots.S01E16__#0-00-35_0-02-15_label_A__0.npy,A
Love.Death.and.Robots.S01E16__#0-00-35_0-02-15_label_A__1.npy,A
Love.Death.and.Robots.S01E16__#0-00-35_0-02-15_label_A__2.npy,A
Love.Death.and.Robots.S01E16__#0-00-35_0-02-15_label_A__3.npy,A
Love.Death.and.Robots.S01E16__#0-00-35_0-02-15_label_A__4.npy,A
Love.Death.and.Robots.S01E16__#0-00-35_0-02-15_label_A__5.npy,A
Love.Death.and.Robots.S01E16__#0-00-35_0-02-15_label_A__6.npy,A
Love.Death.and.Robots.S01E16__#0-00-35_0-02-15_label_A__7.npy,A
Love.Death.and.Robots.S01E16__#0-00-35_0-02-15_label_A__8.npy,A
Love.Death.and.Robots.S01E16__#0-00-35_0-02-15_label_A__9.npy,A
Love.Actually.2003__#00-43-52_00-45-31_label_A__0.npy,A
Love.Actually.2003__#00-43-52_00-45-31_label_A__1.npy,A
Love.Actually.2003__#00-43-52_00-45-31_label_A__2.npy,A
Love.Actually.2003__#00-43-52_00-45-31_label_A__3.npy,A
Love.Actually.2003__#00-43-52_00-45-31_label_A__4.npy,A
Love.Actually.2003__#00-43-52_00-45-31_label_A__5.npy,A
Love.Actually.2003__#00-43-52_00-45-31_label_A__6.npy,A
Love.Actually.2003__#00-43-52_00-45-31_label_A__7.npy,A
Love.Actually.2003__#00-43-52_00-45-31_label_A__8.npy,A
Love.Actually.2003__#00-43-52_00-45-31_label_A__9.npy,A
v=feDqnAvmG2w__#1_label_A__0.npy,A
v=feDqnAvmG2w__#1_label_A__1.npy,A
v=feDqnAvmG2w__#1_label_A__2.npy,A
v=feDqnAvmG2w__#1_label_A__3.npy,A
v=feDqnAvmG2w__#1_label_A__4.npy,A
v=feDqnAvmG2w__#1_label_A__5.npy,A
v=feDqnAvmG2w__#1_label_A__6.npy,A
v=feDqnAvmG2w__#1_label_A__7.npy,A
v=feDqnAvmG2w__#1_label_A__8.npy,A
v=feDqnAvmG2w__#1_label_A__9.npy,A
v=NeAC-MfTZzU__#00-12-00_00-15-00_label_A__0.npy,A
v=NeAC-MfTZzU__#00-12-00_00-15-00_label_A__1.npy,A
v=NeAC-MfTZzU__#00-12-00_00-15-00_label_A__2.npy,A
v=NeAC-MfTZzU__#00-12-00_00-15-00_label_A__3.npy,A
v=NeAC-MfTZzU__#00-12-00_00-15-00_label_A__4.npy,A
v=NeAC-MfTZzU__#00-12-00_00-15-00_label_A__5.npy,A
v=NeAC-MfTZzU__#00-12-00_00-15-00_label_A__6.npy,A
v=NeAC-MfTZzU__#00-12-00_00-15-00_label_A__7.npy,A
v=NeAC-MfTZzU__#00-12-00_00-15-00_label_A__8.npy,A
v=NeAC-MfTZzU__#00-12-00_00-15-00_label_A__9.npy,A
v=H9Y5_X1sEEA__#00-00-00_00-03-00_label_A__0.npy,A
v=H9Y5_X1sEEA__#00-00-00_00-03-00_label_A__1.npy,A
v=H9Y5_X1sEEA__#00-00-00_00-03-00_label_A__2.npy,A
v=H9Y5_X1sEEA__#00-00-00_00-03-00_label_A__3.npy,A
v=H9Y5_X1sEEA__#00-00-00_00-03-00_label_A__4.npy,A
v=H9Y5_X1sEEA__#00-00-00_00-03-00_label_A__5.npy,A
v=H9Y5_X1sEEA__#00-00-00_00-03-00_label_A__6.npy,A
v=H9Y5_X1sEEA__#00-00-00_00-03-00_label_A__7.npy,A
v=H9Y5_X1sEEA__#00-00-00_00-03-00_label_A__8.npy,A
v=H9Y5_X1sEEA__#00-00-00_00-03-00_label_A__9.npy,A
v=eu0KsZ_MVBc__#1_label_A__0.npy,A
v=eu0KsZ_MVBc__#1_label_A__1.npy,A
v=eu0KsZ_MVBc__#1_label_A__2.npy,A
v=eu0KsZ_MVBc__#1_label_A__3.npy,A
v=eu0KsZ_MVBc__#1_label_A__4.npy,A
v=eu0KsZ_MVBc__#1_label_A__5.npy,A
v=eu0KsZ_MVBc__#1_label_A__6.npy,A
v=eu0KsZ_MVBc__#1_label_A__7.npy,A
v=eu0KsZ_MVBc__#1_label_A__8.npy,A
v=eu0KsZ_MVBc__#1_label_A__9.npy,A
Hear.Me.2009__#00-11-00_00-15-08_label_A__0.npy,A
Hear.Me.2009__#00-11-00_00-15-08_label_A__1.npy,A
Hear.Me.2009__#00-11-00_00-15-08_label_A__2.npy,A
Hear.Me.2009__#00-11-00_00-15-08_label_A__3.npy,A
Hear.Me.2009__#00-11-00_00-15-08_label_A__4.npy,A
Hear.Me.2009__#00-11-00_00-15-08_label_A__5.npy,A
Hear.Me.2009__#00-11-00_00-15-08_label_A__6.npy,A
Hear.Me.2009__#00-11-00_00-15-08_label_A__7.npy,A
Hear.Me.2009__#00-11-00_00-15-08_label_A__8.npy,A
Hear.Me.2009__#00-11-00_00-15-08_label_A__9.npy,A
v=mAWHCHZ2v7I__#1_label_A__0.npy,A
v=mAWHCHZ2v7I__#1_label_A__1.npy,A
v=mAWHCHZ2v7I__#1_label_A__2.npy,A
v=mAWHCHZ2v7I__#1_label_A__3.npy,A
v=mAWHCHZ2v7I__#1_label_A__4.npy,A
v=mAWHCHZ2v7I__#1_label_A__5.npy,A
v=mAWHCHZ2v7I__#1_label_A__6.npy,A
v=mAWHCHZ2v7I__#1_label_A__7.npy,A
v=mAWHCHZ2v7I__#1_label_A__8.npy,A
v=mAWHCHZ2v7I__#1_label_A__9.npy,A
Before.Sunrise.1995__#00-16-18_00-18-09_label_A__0.npy,A
Before.Sunrise.1995__#00-16-18_00-18-09_label_A__1.npy,A
Before.Sunrise.1995__#00-16-18_00-18-09_label_A__2.npy,A
Before.Sunrise.1995__#00-16-18_00-18-09_label_A__3.npy,A
Before.Sunrise.1995__#00-16-18_00-18-09_label_A__4.npy,A
Before.Sunrise.1995__#00-16-18_00-18-09_label_A__5.npy,A
Before.Sunrise.1995__#00-16-18_00-18-09_label_A__6.npy,A
Before.Sunrise.1995__#00-16-18_00-18-09_label_A__7.npy,A
Before.Sunrise.1995__#00-16-18_00-18-09_label_A__8.npy,A
Before.Sunrise.1995__#00-16-18_00-18-09_label_A__9.npy,A
Mission.Impossible.III.2006__#01-18-20_01-20-05_label_A__0.npy,A
Mission.Impossible.III.2006__#01-18-20_01-20-05_label_A__1.npy,A
Mission.Impossible.III.2006__#01-18-20_01-20-05_label_A__2.npy,A
Mission.Impossible.III.2006__#01-18-20_01-20-05_label_A__3.npy,A
Mission.Impossible.III.2006__#01-18-20_01-20-05_label_A__4.npy,A
Mission.Impossible.III.2006__#01-18-20_01-20-05_label_A__5.npy,A
Mission.Impossible.III.2006__#01-18-20_01-20-05_label_A__6.npy,A
Mission.Impossible.III.2006__#01-18-20_01-20-05_label_A__7.npy,A
Mission.Impossible.III.2006__#01-18-20_01-20-05_label_A__8.npy,A
Mission.Impossible.III.2006__#01-18-20_01-20-05_label_A__9.npy,A
v=vFPQ_NiDBIU__#00-18-00_00-24-00_label_A__0.npy,A
v=vFPQ_NiDBIU__#00-18-00_00-24-00_label_A__1.npy,A
v=vFPQ_NiDBIU__#00-18-00_00-24-00_label_A__2.npy,A
v=vFPQ_NiDBIU__#00-18-00_00-24-00_label_A__3.npy,A
v=vFPQ_NiDBIU__#00-18-00_00-24-00_label_A__4.npy,A
v=vFPQ_NiDBIU__#00-18-00_00-24-00_label_A__5.npy,A
v=vFPQ_NiDBIU__#00-18-00_00-24-00_label_A__6.npy,A
v=vFPQ_NiDBIU__#00-18-00_00-24-00_label_A__7.npy,A
v=vFPQ_NiDBIU__#00-18-00_00-24-00_label_A__8.npy,A
v=vFPQ_NiDBIU__#00-18-00_00-24-00_label_A__9.npy,A
Flipped.2010__#01-21-00_01-24-40_label_A__0.npy,A
Flipped.2010__#01-21-00_01-24-40_label_A__1.npy,A
Flipped.2010__#01-21-00_01-24-40_label_A__2.npy,A
Flipped.2010__#01-21-00_01-24-40_label_A__3.npy,A
Flipped.2010__#01-21-00_01-24-40_label_A__4.npy,A
Flipped.2010__#01-21-00_01-24-40_label_A__5.npy,A
Flipped.2010__#01-21-00_01-24-40_label_A__6.npy,A
Flipped.2010__#01-21-00_01-24-40_label_A__7.npy,A
Flipped.2010__#01-21-00_01-24-40_label_A__8.npy,A
Flipped.2010__#01-21-00_01-24-40_label_A__9.npy,A
v=8My2FCJXno4__#1_label_A__0.npy,A
v=8My2FCJXno4__#1_label_A__1.npy,A
v=8My2FCJXno4__#1_label_A__2.npy,A
v=8My2FCJXno4__#1_label_A__3.npy,A
v=8My2FCJXno4__#1_label_A__4.npy,A
v=8My2FCJXno4__#1_label_A__5.npy,A
v=8My2FCJXno4__#1_label_A__6.npy,A
v=8My2FCJXno4__#1_label_A__7.npy,A
v=8My2FCJXno4__#1_label_A__8.npy,A
v=8My2FCJXno4__#1_label_A__9.npy,A
Kill.Bill.Vol.2.2004__#01-35-10_01-37-10_label_A__0.npy,A
Kill.Bill.Vol.2.2004__#01-35-10_01-37-10_label_A__1.npy,A
Kill.Bill.Vol.2.2004__#01-35-10_01-37-10_label_A__2.npy,A
Kill.Bill.Vol.2.2004__#01-35-10_01-37-10_label_A__3.npy,A
Kill.Bill.Vol.2.2004__#01-35-10_01-37-10_label_A__4.npy,A
Kill.Bill.Vol.2.2004__#01-35-10_01-37-10_label_A__5.npy,A
Kill.Bill.Vol.2.2004__#01-35-10_01-37-10_label_A__6.npy,A
Kill.Bill.Vol.2.2004__#01-35-10_01-37-10_label_A__7.npy,A
Kill.Bill.Vol.2.2004__#01-35-10_01-37-10_label_A__8.npy,A
Kill.Bill.Vol.2.2004__#01-35-10_01-37-10_label_A__9.npy,A
v=xQHgnSWizWE__#00-06-00_00-09-00_label_A__0.npy,A
v=xQHgnSWizWE__#00-06-00_00-09-00_label_A__1.npy,A
v=xQHgnSWizWE__#00-06-00_00-09-00_label_A__2.npy,A
v=xQHgnSWizWE__#00-06-00_00-09-00_label_A__3.npy,A
v=xQHgnSWizWE__#00-06-00_00-09-00_label_A__4.npy,A
v=xQHgnSWizWE__#00-06-00_00-09-00_label_A__5.npy,A
v=xQHgnSWizWE__#00-06-00_00-09-00_label_A__6.npy,A
v=xQHgnSWizWE__#00-06-00_00-09-00_label_A__7.npy,A
v=xQHgnSWizWE__#00-06-00_00-09-00_label_A__8.npy,A
v=xQHgnSWizWE__#00-06-00_00-09-00_label_A__9.npy,A
v=Yr41_8QOTF8__#00-33-00_00-36-00_label_A__0.npy,A
v=Yr41_8QOTF8__#00-33-00_00-36-00_label_A__1.npy,A
v=Yr41_8QOTF8__#00-33-00_00-36-00_label_A__2.npy,A
v=Yr41_8QOTF8__#00-33-00_00-36-00_label_A__3.npy,A
v=Yr41_8QOTF8__#00-33-00_00-36-00_label_A__4.npy,A
v=Yr41_8QOTF8__#00-33-00_00-36-00_label_A__5.npy,A
v=Yr41_8QOTF8__#00-33-00_00-36-00_label_A__6.npy,A
v=Yr41_8QOTF8__#00-33-00_00-36-00_label_A__7.npy,A
v=Yr41_8QOTF8__#00-33-00_00-36-00_label_A__8.npy,A
v=Yr41_8QOTF8__#00-33-00_00-36-00_label_A__9.npy,A
The.Fast.and.the.Furious.2001__#01-28-36_01-29-38_label_A__0.npy,A
The.Fast.and.the.Furious.2001__#01-28-36_01-29-38_label_A__1.npy,A
The.Fast.and.the.Furious.2001__#01-28-36_01-29-38_label_A__2.npy,A
The.Fast.and.the.Furious.2001__#01-28-36_01-29-38_label_A__3.npy,A
The.Fast.and.the.Furious.2001__#01-28-36_01-29-38_label_A__4.npy,A
The.Fast.and.the.Furious.2001__#01-28-36_01-29-38_label_A__5.npy,A
The.Fast.and.the.Furious.2001__#01-28-36_01-29-38_label_A__6.npy,A
The.Fast.and.the.Furious.2001__#01-28-36_01-29-38_label_A__7.npy,A
The.Fast.and.the.Furious.2001__#01-28-36_01-29-38_label_A__8.npy,A
The.Fast.and.the.Furious.2001__#01-28-36_01-29-38_label_A__9.npy,A
v=5Rtsav021Rs__#00-06-00_00-09-00_label_A__0.npy,A
v=5Rtsav021Rs__#00-06-00_00-09-00_label_A__1.npy,A
v=5Rtsav021Rs__#00-06-00_00-09-00_label_A__2.npy,A
v=5Rtsav021Rs__#00-06-00_00-09-00_label_A__3.npy,A
v=5Rtsav021Rs__#00-06-00_00-09-00_label_A__4.npy,A
v=5Rtsav021Rs__#00-06-00_00-09-00_label_A__5.npy,A
v=5Rtsav021Rs__#00-06-00_00-09-00_label_A__6.npy,A
v=5Rtsav021Rs__#00-06-00_00-09-00_label_A__7.npy,A
v=5Rtsav021Rs__#00-06-00_00-09-00_label_A__8.npy,A
v=5Rtsav021Rs__#00-06-00_00-09-00_label_A__9.npy,A
v=ZdBy-v2C964__#1_label_A__0.npy,A
v=ZdBy-v2C964__#1_label_A__1.npy,A
v=ZdBy-v2C964__#1_label_A__2.npy,A
v=ZdBy-v2C964__#1_label_A__3.npy,A
v=ZdBy-v2C964__#1_label_A__4.npy,A
v=ZdBy-v2C964__#1_label_A__5.npy,A
v=ZdBy-v2C964__#1_label_A__6.npy,A
v=ZdBy-v2C964__#1_label_A__7.npy,A
v=ZdBy-v2C964__#1_label_A__8.npy,A
v=ZdBy-v2C964__#1_label_A__9.npy,A
Shoplifters.2018__#01-01-18_01-03-10_label_A__0.npy,A
Shoplifters.2018__#01-01-18_01-03-10_label_A__1.npy,A
Shoplifters.2018__#01-01-18_01-03-10_label_A__2.npy,A
Shoplifters.2018__#01-01-18_01-03-10_label_A__3.npy,A
Shoplifters.2018__#01-01-18_01-03-10_label_A__4.npy,A
Shoplifters.2018__#01-01-18_01-03-10_label_A__5.npy,A
Shoplifters.2018__#01-01-18_01-03-10_label_A__6.npy,A
Shoplifters.2018__#01-01-18_01-03-10_label_A__7.npy,A
Shoplifters.2018__#01-01-18_01-03-10_label_A__8.npy,A
Shoplifters.2018__#01-01-18_01-03-10_label_A__9.npy,A
v=JzrpCC7XmyE__#00-01-20_00-06-00_label_A__0.npy,A
v=JzrpCC7XmyE__#00-01-20_00-06-00_label_A__1.npy,A
v=JzrpCC7XmyE__#00-01-20_00-06-00_label_A__2.npy,A
v=JzrpCC7XmyE__#00-01-20_00-06-00_label_A__3.npy,A
v=JzrpCC7XmyE__#00-01-20_00-06-00_label_A__4.npy,A
v=JzrpCC7XmyE__#00-01-20_00-06-00_label_A__5.npy,A
v=JzrpCC7XmyE__#00-01-20_00-06-00_label_A__6.npy,A
v=JzrpCC7XmyE__#00-01-20_00-06-00_label_A__7.npy,A
v=JzrpCC7XmyE__#00-01-20_00-06-00_label_A__8.npy,A
v=JzrpCC7XmyE__#00-01-20_00-06-00_label_A__9.npy,A
v=r6e5yCEUqUI__#1_label_A__0.npy,A
v=r6e5yCEUqUI__#1_label_A__1.npy,A
v=r6e5yCEUqUI__#1_label_A__2.npy,A
v=r6e5yCEUqUI__#1_label_A__3.npy,A
v=r6e5yCEUqUI__#1_label_A__4.npy,A
v=r6e5yCEUqUI__#1_label_A__5.npy,A
v=r6e5yCEUqUI__#1_label_A__6.npy,A
v=r6e5yCEUqUI__#1_label_A__7.npy,A
v=r6e5yCEUqUI__#1_label_A__8.npy,A
v=r6e5yCEUqUI__#1_label_A__9.npy,A
v=RHcirifUX4w__#1_label_A__0.npy,A
v=RHcirifUX4w__#1_label_A__1.npy,A
v=RHcirifUX4w__#1_label_A__2.npy,A
v=RHcirifUX4w__#1_label_A__3.npy,A
v=RHcirifUX4w__#1_label_A__4.npy,A
v=RHcirifUX4w__#1_label_A__5.npy,A
v=RHcirifUX4w__#1_label_A__6.npy,A
v=RHcirifUX4w__#1_label_A__7.npy,A
v=RHcirifUX4w__#1_label_A__8.npy,A
v=RHcirifUX4w__#1_label_A__9.npy,A
v=s-dy27cLZuA__#1_label_A__0.npy,A
v=s-dy27cLZuA__#1_label_A__1.npy,A
v=s-dy27cLZuA__#1_label_A__2.npy,A
v=s-dy27cLZuA__#1_label_A__3.npy,A
v=s-dy27cLZuA__#1_label_A__4.npy,A
v=s-dy27cLZuA__#1_label_A__5.npy,A
v=s-dy27cLZuA__#1_label_A__6.npy,A
v=s-dy27cLZuA__#1_label_A__7.npy,A
v=s-dy27cLZuA__#1_label_A__8.npy,A
v=s-dy27cLZuA__#1_label_A__9.npy,A
Love.Actually.2003__#00-15-10_00-17-27_label_A__0.npy,A
Love.Actually.2003__#00-15-10_00-17-27_label_A__1.npy,A
Love.Actually.2003__#00-15-10_00-17-27_label_A__2.npy,A
Love.Actually.2003__#00-15-10_00-17-27_label_A__3.npy,A
Love.Actually.2003__#00-15-10_00-17-27_label_A__4.npy,A
Love.Actually.2003__#00-15-10_00-17-27_label_A__5.npy,A
Love.Actually.2003__#00-15-10_00-17-27_label_A__6.npy,A
Love.Actually.2003__#00-15-10_00-17-27_label_A__7.npy,A
Love.Actually.2003__#00-15-10_00-17-27_label_A__8.npy,A
Love.Actually.2003__#00-15-10_00-17-27_label_A__9.npy,A
v=enYITYwvPAQ__#00-06-00_00-09-00_label_A__0.npy,A
v=enYITYwvPAQ__#00-06-00_00-09-00_label_A__1.npy,A
v=enYITYwvPAQ__#00-06-00_00-09-00_label_A__2.npy,A
v=enYITYwvPAQ__#00-06-00_00-09-00_label_A__3.npy,A
v=enYITYwvPAQ__#00-06-00_00-09-00_label_A__4.npy,A
v=enYITYwvPAQ__#00-06-00_00-09-00_label_A__5.npy,A
v=enYITYwvPAQ__#00-06-00_00-09-00_label_A__6.npy,A
v=enYITYwvPAQ__#00-06-00_00-09-00_label_A__7.npy,A
v=enYITYwvPAQ__#00-06-00_00-09-00_label_A__8.npy,A
v=enYITYwvPAQ__#00-06-00_00-09-00_label_A__9.npy,A
Your.Name.2016__#01-17-00_01-19-40_label_A__0.npy,A
Your.Name.2016__#01-17-00_01-19-40_label_A__1.npy,A
Your.Name.2016__#01-17-00_01-19-40_label_A__2.npy,A
Your.Name.2016__#01-17-00_01-19-40_label_A__3.npy,A
Your.Name.2016__#01-17-00_01-19-40_label_A__4.npy,A
Your.Name.2016__#01-17-00_01-19-40_label_A__5.npy,A
Your.Name.2016__#01-17-00_01-19-40_label_A__6.npy,A
Your.Name.2016__#01-17-00_01-19-40_label_A__7.npy,A
Your.Name.2016__#01-17-00_01-19-40_label_A__8.npy,A
Your.Name.2016__#01-17-00_01-19-40_label_A__9.npy,A
Sin.City.2005__#0-39-32_0-40-12_label_A__0.npy,A
Sin.City.2005__#0-39-32_0-40-12_label_A__1.npy,A
Sin.City.2005__#0-39-32_0-40-12_label_A__2.npy,A
Sin.City.2005__#0-39-32_0-40-12_label_A__3.npy,A
Sin.City.2005__#0-39-32_0-40-12_label_A__4.npy,A
Sin.City.2005__#0-39-32_0-40-12_label_A__5.npy,A
Sin.City.2005__#0-39-32_0-40-12_label_A__6.npy,A
Sin.City.2005__#0-39-32_0-40-12_label_A__7.npy,A
Sin.City.2005__#0-39-32_0-40-12_label_A__8.npy,A
Sin.City.2005__#0-39-32_0-40-12_label_A__9.npy,A
Before.Sunset.2004__#00-01-45_00-02-50_label_A__0.npy,A
Before.Sunset.2004__#00-01-45_00-02-50_label_A__1.npy,A
Before.Sunset.2004__#00-01-45_00-02-50_label_A__2.npy,A
Before.Sunset.2004__#00-01-45_00-02-50_label_A__3.npy,A
Before.Sunset.2004__#00-01-45_00-02-50_label_A__4.npy,A
Before.Sunset.2004__#00-01-45_00-02-50_label_A__5.npy,A
Before.Sunset.2004__#00-01-45_00-02-50_label_A__6.npy,A
Before.Sunset.2004__#00-01-45_00-02-50_label_A__7.npy,A
Before.Sunset.2004__#00-01-45_00-02-50_label_A__8.npy,A
Before.Sunset.2004__#00-01-45_00-02-50_label_A__9.npy,A
Hear.Me.2009__#00-23-50_00-24-31_label_A__0.npy,A
Hear.Me.2009__#00-23-50_00-24-31_label_A__1.npy,A
Hear.Me.2009__#00-23-50_00-24-31_label_A__2.npy,A
Hear.Me.2009__#00-23-50_00-24-31_label_A__3.npy,A
Hear.Me.2009__#00-23-50_00-24-31_label_A__4.npy,A
Hear.Me.2009__#00-23-50_00-24-31_label_A__5.npy,A
Hear.Me.2009__#00-23-50_00-24-31_label_A__6.npy,A
Hear.Me.2009__#00-23-50_00-24-31_label_A__7.npy,A
Hear.Me.2009__#00-23-50_00-24-31_label_A__8.npy,A
Hear.Me.2009__#00-23-50_00-24-31_label_A__9.npy,A
Bullet.in.the.Head.1990__#01-39-10_01-40-55_label_A__0.npy,A
Bullet.in.the.Head.1990__#01-39-10_01-40-55_label_A__1.npy,A
Bullet.in.the.Head.1990__#01-39-10_01-40-55_label_A__2.npy,A
Bullet.in.the.Head.1990__#01-39-10_01-40-55_label_A__3.npy,A
Bullet.in.the.Head.1990__#01-39-10_01-40-55_label_A__4.npy,A
Bullet.in.the.Head.1990__#01-39-10_01-40-55_label_A__5.npy,A
Bullet.in.the.Head.1990__#01-39-10_01-40-55_label_A__6.npy,A
Bullet.in.the.Head.1990__#01-39-10_01-40-55_label_A__7.npy,A
Bullet.in.the.Head.1990__#01-39-10_01-40-55_label_A__8.npy,A
Bullet.in.the.Head.1990__#01-39-10_01-40-55_label_A__9.npy,A
Tropa.de.Elite.2.2010__#01-22-30_01-24-00_label_A__0.npy,A
Tropa.de.Elite.2.2010__#01-22-30_01-24-00_label_A__1.npy,A
Tropa.de.Elite.2.2010__#01-22-30_01-24-00_label_A__2.npy,A
Tropa.de.Elite.2.2010__#01-22-30_01-24-00_label_A__3.npy,A
Tropa.de.Elite.2.2010__#01-22-30_01-24-00_label_A__4.npy,A
Tropa.de.Elite.2.2010__#01-22-30_01-24-00_label_A__5.npy,A
Tropa.de.Elite.2.2010__#01-22-30_01-24-00_label_A__6.npy,A
Tropa.de.Elite.2.2010__#01-22-30_01-24-00_label_A__7.npy,A
Tropa.de.Elite.2.2010__#01-22-30_01-24-00_label_A__8.npy,A
Tropa.de.Elite.2.2010__#01-22-30_01-24-00_label_A__9.npy,A
Hear.Me.2009__#01-30-25_01-33-56_label_A__0.npy,A
Hear.Me.2009__#01-30-25_01-33-56_label_A__1.npy,A
Hear.Me.2009__#01-30-25_01-33-56_label_A__2.npy,A
Hear.Me.2009__#01-30-25_01-33-56_label_A__3.npy,A
Hear.Me.2009__#01-30-25_01-33-56_label_A__4.npy,A
Hear.Me.2009__#01-30-25_01-33-56_label_A__5.npy,A
Hear.Me.2009__#01-30-25_01-33-56_label_A__6.npy,A
Hear.Me.2009__#01-30-25_01-33-56_label_A__7.npy,A
Hear.Me.2009__#01-30-25_01-33-56_label_A__8.npy,A
Hear.Me.2009__#01-30-25_01-33-56_label_A__9.npy,A
