video,label
Brick.Mansions.2014__#00-40-15_00-40-55_label_B6-0-0__0.npy,B6-0-0
Brick.Mansions.2014__#00-40-15_00-40-55_label_B6-0-0__1.npy,B6-0-0
Brick.Mansions.2014__#00-40-15_00-40-55_label_B6-0-0__2.npy,B6-0-0
Brick.Mansions.2014__#00-40-15_00-40-55_label_B6-0-0__3.npy,B6-0-0
Brick.Mansions.2014__#00-40-15_00-40-55_label_B6-0-0__4.npy,B6-0-0
Brick.Mansions.2014__#00-40-15_00-40-55_label_B6-0-0__5.npy,B6-0-0
Brick.Mansions.2014__#00-40-15_00-40-55_label_B6-0-0__6.npy,B6-0-0
Brick.Mansions.2014__#00-40-15_00-40-55_label_B6-0-0__7.npy,B6-0-0
Brick.Mansions.2014__#00-40-15_00-40-55_label_B6-0-0__8.npy,B6-0-0
Brick.Mansions.2014__#00-40-15_00-40-55_label_B6-0-0__9.npy,B6-0-0
Crank.Dircut.2006__#0-41-11_0-42-10_label_B6-0-0__0.npy,B6-0-0
Crank.Dircut.2006__#0-41-11_0-42-10_label_B6-0-0__1.npy,B6-0-0
Crank.Dircut.2006__#0-41-11_0-42-10_label_B6-0-0__2.npy,B6-0-0
Crank.Dircut.2006__#0-41-11_0-42-10_label_B6-0-0__3.npy,B6-0-0
Crank.Dircut.2006__#0-41-11_0-42-10_label_B6-0-0__4.npy,B6-0-0
Crank.Dircut.2006__#0-41-11_0-42-10_label_B6-0-0__5.npy,B6-0-0
Crank.Dircut.2006__#0-41-11_0-42-10_label_B6-0-0__6.npy,B6-0-0
Crank.Dircut.2006__#0-41-11_0-42-10_label_B6-0-0__7.npy,B6-0-0
Crank.Dircut.2006__#0-41-11_0-42-10_label_B6-0-0__8.npy,B6-0-0
Crank.Dircut.2006__#0-41-11_0-42-10_label_B6-0-0__9.npy,B6-0-0
Deadpool.2016__#0-08-50_0-09-11_label_B6-0-0__0.npy,B6-0-0
Deadpool.2016__#0-08-50_0-09-11_label_B6-0-0__1.npy,B6-0-0
Deadpool.2016__#0-08-50_0-09-11_label_B6-0-0__2.npy,B6-0-0
Deadpool.2016__#0-08-50_0-09-11_label_B6-0-0__3.npy,B6-0-0
Deadpool.2016__#0-08-50_0-09-11_label_B6-0-0__4.npy,B6-0-0
Deadpool.2016__#0-08-50_0-09-11_label_B6-0-0__5.npy,B6-0-0
Deadpool.2016__#0-08-50_0-09-11_label_B6-0-0__6.npy,B6-0-0
Deadpool.2016__#0-08-50_0-09-11_label_B6-0-0__7.npy,B6-0-0
Deadpool.2016__#0-08-50_0-09-11_label_B6-0-0__8.npy,B6-0-0
Deadpool.2016__#0-08-50_0-09-11_label_B6-0-0__9.npy,B6-0-0
Death.Proof.2007__#00-50-18_00-51-44_label_B6-0-0__0.npy,B6-0-0
Death.Proof.2007__#00-50-18_00-51-44_label_B6-0-0__1.npy,B6-0-0
Death.Proof.2007__#00-50-18_00-51-44_label_B6-0-0__2.npy,B6-0-0
Death.Proof.2007__#00-50-18_00-51-44_label_B6-0-0__3.npy,B6-0-0
Death.Proof.2007__#00-50-18_00-51-44_label_B6-0-0__4.npy,B6-0-0
Death.Proof.2007__#00-50-18_00-51-44_label_B6-0-0__5.npy,B6-0-0
Death.Proof.2007__#00-50-18_00-51-44_label_B6-0-0__6.npy,B6-0-0
Death.Proof.2007__#00-50-18_00-51-44_label_B6-0-0__7.npy,B6-0-0
Death.Proof.2007__#00-50-18_00-51-44_label_B6-0-0__8.npy,B6-0-0
Death.Proof.2007__#00-50-18_00-51-44_label_B6-0-0__9.npy,B6-0-0
Death.Proof.2007__#01-32-22_01-37-50_label_B6-0-0__0.npy,B6-0-0
Death.Proof.2007__#01-32-22_01-37-50_label_B6-0-0__1.npy,B6-0-0
Death.Proof.2007__#01-32-22_01-37-50_label_B6-0-0__2.npy,B6-0-0
Death.Proof.2007__#01-32-22_01-37-50_label_B6-0-0__3.npy,B6-0-0
Death.Proof.2007__#01-32-22_01-37-50_label_B6-0-0__4.npy,B6-0-0
Death.Proof.2007__#01-32-22_01-37-50_label_B6-0-0__5.npy,B6-0-0
Death.Proof.2007__#01-32-22_01-37-50_label_B6-0-0__6.npy,B6-0-0
Death.Proof.2007__#01-32-22_01-37-50_label_B6-0-0__7.npy,B6-0-0
Death.Proof.2007__#01-32-22_01-37-50_label_B6-0-0__8.npy,B6-0-0
Death.Proof.2007__#01-32-22_01-37-50_label_B6-0-0__9.npy,B6-0-0
Death.Proof.2007__#01-42-24_01-48-28_label_B6-0-0__0.npy,B6-0-0
Death.Proof.2007__#01-42-24_01-48-28_label_B6-0-0__1.npy,B6-0-0
Death.Proof.2007__#01-42-24_01-48-28_label_B6-0-0__2.npy,B6-0-0
Death.Proof.2007__#01-42-24_01-48-28_label_B6-0-0__3.npy,B6-0-0
Death.Proof.2007__#01-42-24_01-48-28_label_B6-0-0__4.npy,B6-0-0
Death.Proof.2007__#01-42-24_01-48-28_label_B6-0-0__5.npy,B6-0-0
Death.Proof.2007__#01-42-24_01-48-28_label_B6-0-0__6.npy,B6-0-0
Death.Proof.2007__#01-42-24_01-48-28_label_B6-0-0__7.npy,B6-0-0
Death.Proof.2007__#01-42-24_01-48-28_label_B6-0-0__8.npy,B6-0-0
Death.Proof.2007__#01-42-24_01-48-28_label_B6-0-0__9.npy,B6-0-0
Desperado.1995__#00-38-05_00-38-30_label_B6-0-0__0.npy,B6-0-0
Desperado.1995__#00-38-05_00-38-30_label_B6-0-0__1.npy,B6-0-0
Desperado.1995__#00-38-05_00-38-30_label_B6-0-0__2.npy,B6-0-0
Desperado.1995__#00-38-05_00-38-30_label_B6-0-0__3.npy,B6-0-0
Desperado.1995__#00-38-05_00-38-30_label_B6-0-0__4.npy,B6-0-0
Desperado.1995__#00-38-05_00-38-30_label_B6-0-0__5.npy,B6-0-0
Desperado.1995__#00-38-05_00-38-30_label_B6-0-0__6.npy,B6-0-0
Desperado.1995__#00-38-05_00-38-30_label_B6-0-0__7.npy,B6-0-0
Desperado.1995__#00-38-05_00-38-30_label_B6-0-0__8.npy,B6-0-0
Desperado.1995__#00-38-05_00-38-30_label_B6-0-0__9.npy,B6-0-0
Fast.Five.2011__#01-46-22_01-46-30_label_B6-0-0__0.npy,B6-0-0
Fast.Five.2011__#01-46-22_01-46-30_label_B6-0-0__1.npy,B6-0-0
Fast.Five.2011__#01-46-22_01-46-30_label_B6-0-0__2.npy,B6-0-0
Fast.Five.2011__#01-46-22_01-46-30_label_B6-0-0__3.npy,B6-0-0
Fast.Five.2011__#01-46-22_01-46-30_label_B6-0-0__4.npy,B6-0-0
Fast.Five.2011__#01-46-22_01-46-30_label_B6-0-0__5.npy,B6-0-0
Fast.Five.2011__#01-46-22_01-46-30_label_B6-0-0__6.npy,B6-0-0
Fast.Five.2011__#01-46-22_01-46-30_label_B6-0-0__7.npy,B6-0-0
Fast.Five.2011__#01-46-22_01-46-30_label_B6-0-0__8.npy,B6-0-0
Fast.Five.2011__#01-46-22_01-46-30_label_B6-0-0__9.npy,B6-0-0
Fast.Five.2011__#01-50-02_01-50-38_label_B6-0-0__0.npy,B6-0-0
Fast.Five.2011__#01-50-02_01-50-38_label_B6-0-0__1.npy,B6-0-0
Fast.Five.2011__#01-50-02_01-50-38_label_B6-0-0__2.npy,B6-0-0
Fast.Five.2011__#01-50-02_01-50-38_label_B6-0-0__3.npy,B6-0-0
Fast.Five.2011__#01-50-02_01-50-38_label_B6-0-0__4.npy,B6-0-0
Fast.Five.2011__#01-50-02_01-50-38_label_B6-0-0__5.npy,B6-0-0
Fast.Five.2011__#01-50-02_01-50-38_label_B6-0-0__6.npy,B6-0-0
Fast.Five.2011__#01-50-02_01-50-38_label_B6-0-0__7.npy,B6-0-0
Fast.Five.2011__#01-50-02_01-50-38_label_B6-0-0__8.npy,B6-0-0
Fast.Five.2011__#01-50-02_01-50-38_label_B6-0-0__9.npy,B6-0-0
Fast.Furious.6.2013__#00-26-30_00-28-50_label_B6-0-0__0.npy,B6-0-0
Fast.Furious.6.2013__#00-26-30_00-28-50_label_B6-0-0__1.npy,B6-0-0
Fast.Furious.6.2013__#00-26-30_00-28-50_label_B6-0-0__2.npy,B6-0-0
Fast.Furious.6.2013__#00-26-30_00-28-50_label_B6-0-0__3.npy,B6-0-0
Fast.Furious.6.2013__#00-26-30_00-28-50_label_B6-0-0__4.npy,B6-0-0
Fast.Furious.6.2013__#00-26-30_00-28-50_label_B6-0-0__5.npy,B6-0-0
Fast.Furious.6.2013__#00-26-30_00-28-50_label_B6-0-0__6.npy,B6-0-0
Fast.Furious.6.2013__#00-26-30_00-28-50_label_B6-0-0__7.npy,B6-0-0
Fast.Furious.6.2013__#00-26-30_00-28-50_label_B6-0-0__8.npy,B6-0-0
Fast.Furious.6.2013__#00-26-30_00-28-50_label_B6-0-0__9.npy,B6-0-0
Fast.Furious.6.2013__#01-47-00_01-47-38_label_B6-0-0__0.npy,B6-0-0
Fast.Furious.6.2013__#01-47-00_01-47-38_label_B6-0-0__1.npy,B6-0-0
Fast.Furious.6.2013__#01-47-00_01-47-38_label_B6-0-0__2.npy,B6-0-0
Fast.Furious.6.2013__#01-47-00_01-47-38_label_B6-0-0__3.npy,B6-0-0
Fast.Furious.6.2013__#01-47-00_01-47-38_label_B6-0-0__4.npy,B6-0-0
Fast.Furious.6.2013__#01-47-00_01-47-38_label_B6-0-0__5.npy,B6-0-0
Fast.Furious.6.2013__#01-47-00_01-47-38_label_B6-0-0__6.npy,B6-0-0
Fast.Furious.6.2013__#01-47-00_01-47-38_label_B6-0-0__7.npy,B6-0-0
Fast.Furious.6.2013__#01-47-00_01-47-38_label_B6-0-0__8.npy,B6-0-0
Fast.Furious.6.2013__#01-47-00_01-47-38_label_B6-0-0__9.npy,B6-0-0
Jason.Bourne.2016__#01-39-00_01-39-26_label_B6-0-0__0.npy,B6-0-0
Jason.Bourne.2016__#01-39-00_01-39-26_label_B6-0-0__1.npy,B6-0-0
Jason.Bourne.2016__#01-39-00_01-39-26_label_B6-0-0__2.npy,B6-0-0
Jason.Bourne.2016__#01-39-00_01-39-26_label_B6-0-0__3.npy,B6-0-0
Jason.Bourne.2016__#01-39-00_01-39-26_label_B6-0-0__4.npy,B6-0-0
Jason.Bourne.2016__#01-39-00_01-39-26_label_B6-0-0__5.npy,B6-0-0
Jason.Bourne.2016__#01-39-00_01-39-26_label_B6-0-0__6.npy,B6-0-0
Jason.Bourne.2016__#01-39-00_01-39-26_label_B6-0-0__7.npy,B6-0-0
Jason.Bourne.2016__#01-39-00_01-39-26_label_B6-0-0__8.npy,B6-0-0
Jason.Bourne.2016__#01-39-00_01-39-26_label_B6-0-0__9.npy,B6-0-0
Jason.Bourne.2016__#01-39-30_01-45-05_label_B6-0-0__0.npy,B6-0-0
Jason.Bourne.2016__#01-39-30_01-45-05_label_B6-0-0__1.npy,B6-0-0
Jason.Bourne.2016__#01-39-30_01-45-05_label_B6-0-0__2.npy,B6-0-0
Jason.Bourne.2016__#01-39-30_01-45-05_label_B6-0-0__3.npy,B6-0-0
Jason.Bourne.2016__#01-39-30_01-45-05_label_B6-0-0__4.npy,B6-0-0
Jason.Bourne.2016__#01-39-30_01-45-05_label_B6-0-0__5.npy,B6-0-0
Jason.Bourne.2016__#01-39-30_01-45-05_label_B6-0-0__6.npy,B6-0-0
Jason.Bourne.2016__#01-39-30_01-45-05_label_B6-0-0__7.npy,B6-0-0
Jason.Bourne.2016__#01-39-30_01-45-05_label_B6-0-0__8.npy,B6-0-0
Jason.Bourne.2016__#01-39-30_01-45-05_label_B6-0-0__9.npy,B6-0-0
Mission.Impossible.Fallout.2018__#02-05-29_02-06-21_label_B6-0-0__0.npy,B6-0-0
Mission.Impossible.Fallout.2018__#02-05-29_02-06-21_label_B6-0-0__1.npy,B6-0-0
Mission.Impossible.Fallout.2018__#02-05-29_02-06-21_label_B6-0-0__2.npy,B6-0-0
Mission.Impossible.Fallout.2018__#02-05-29_02-06-21_label_B6-0-0__3.npy,B6-0-0
Mission.Impossible.Fallout.2018__#02-05-29_02-06-21_label_B6-0-0__4.npy,B6-0-0
Mission.Impossible.Fallout.2018__#02-05-29_02-06-21_label_B6-0-0__5.npy,B6-0-0
Mission.Impossible.Fallout.2018__#02-05-29_02-06-21_label_B6-0-0__6.npy,B6-0-0
Mission.Impossible.Fallout.2018__#02-05-29_02-06-21_label_B6-0-0__7.npy,B6-0-0
Mission.Impossible.Fallout.2018__#02-05-29_02-06-21_label_B6-0-0__8.npy,B6-0-0
Mission.Impossible.Fallout.2018__#02-05-29_02-06-21_label_B6-0-0__9.npy,B6-0-0
Mission.Impossible.Ghost.Protocol.2011__#01-20-40_01-21-10_label_B6-0-0__0.npy,B6-0-0
Mission.Impossible.Ghost.Protocol.2011__#01-20-40_01-21-10_label_B6-0-0__1.npy,B6-0-0
Mission.Impossible.Ghost.Protocol.2011__#01-20-40_01-21-10_label_B6-0-0__2.npy,B6-0-0
Mission.Impossible.Ghost.Protocol.2011__#01-20-40_01-21-10_label_B6-0-0__3.npy,B6-0-0
Mission.Impossible.Ghost.Protocol.2011__#01-20-40_01-21-10_label_B6-0-0__4.npy,B6-0-0
Mission.Impossible.Ghost.Protocol.2011__#01-20-40_01-21-10_label_B6-0-0__5.npy,B6-0-0
Mission.Impossible.Ghost.Protocol.2011__#01-20-40_01-21-10_label_B6-0-0__6.npy,B6-0-0
Mission.Impossible.Ghost.Protocol.2011__#01-20-40_01-21-10_label_B6-0-0__7.npy,B6-0-0
Mission.Impossible.Ghost.Protocol.2011__#01-20-40_01-21-10_label_B6-0-0__8.npy,B6-0-0
Mission.Impossible.Ghost.Protocol.2011__#01-20-40_01-21-10_label_B6-0-0__9.npy,B6-0-0
Mission.Impossible.Ghost.Protocol.2011__#01-56-38_01-56-52_label_B6-0-0__0.npy,B6-0-0
Mission.Impossible.Ghost.Protocol.2011__#01-56-38_01-56-52_label_B6-0-0__1.npy,B6-0-0
Mission.Impossible.Ghost.Protocol.2011__#01-56-38_01-56-52_label_B6-0-0__2.npy,B6-0-0
Mission.Impossible.Ghost.Protocol.2011__#01-56-38_01-56-52_label_B6-0-0__3.npy,B6-0-0
Mission.Impossible.Ghost.Protocol.2011__#01-56-38_01-56-52_label_B6-0-0__4.npy,B6-0-0
Mission.Impossible.Ghost.Protocol.2011__#01-56-38_01-56-52_label_B6-0-0__5.npy,B6-0-0
Mission.Impossible.Ghost.Protocol.2011__#01-56-38_01-56-52_label_B6-0-0__6.npy,B6-0-0
Mission.Impossible.Ghost.Protocol.2011__#01-56-38_01-56-52_label_B6-0-0__7.npy,B6-0-0
Mission.Impossible.Ghost.Protocol.2011__#01-56-38_01-56-52_label_B6-0-0__8.npy,B6-0-0
Mission.Impossible.Ghost.Protocol.2011__#01-56-38_01-56-52_label_B6-0-0__9.npy,B6-0-0
New.Kids.Turbo.2010__#00-02-24_00-03-30_label_B6-0-0__0.npy,B6-0-0
New.Kids.Turbo.2010__#00-02-24_00-03-30_label_B6-0-0__1.npy,B6-0-0
New.Kids.Turbo.2010__#00-02-24_00-03-30_label_B6-0-0__2.npy,B6-0-0
New.Kids.Turbo.2010__#00-02-24_00-03-30_label_B6-0-0__3.npy,B6-0-0
New.Kids.Turbo.2010__#00-02-24_00-03-30_label_B6-0-0__4.npy,B6-0-0
New.Kids.Turbo.2010__#00-02-24_00-03-30_label_B6-0-0__5.npy,B6-0-0
New.Kids.Turbo.2010__#00-02-24_00-03-30_label_B6-0-0__6.npy,B6-0-0
New.Kids.Turbo.2010__#00-02-24_00-03-30_label_B6-0-0__7.npy,B6-0-0
New.Kids.Turbo.2010__#00-02-24_00-03-30_label_B6-0-0__8.npy,B6-0-0
New.Kids.Turbo.2010__#00-02-24_00-03-30_label_B6-0-0__9.npy,B6-0-0
Skyfall.2012__#01-38-10_01-38-43_label_B6-0-0__0.npy,B6-0-0
Skyfall.2012__#01-38-10_01-38-43_label_B6-0-0__1.npy,B6-0-0
Skyfall.2012__#01-38-10_01-38-43_label_B6-0-0__2.npy,B6-0-0
Skyfall.2012__#01-38-10_01-38-43_label_B6-0-0__3.npy,B6-0-0
Skyfall.2012__#01-38-10_01-38-43_label_B6-0-0__4.npy,B6-0-0
Skyfall.2012__#01-38-10_01-38-43_label_B6-0-0__5.npy,B6-0-0
Skyfall.2012__#01-38-10_01-38-43_label_B6-0-0__6.npy,B6-0-0
Skyfall.2012__#01-38-10_01-38-43_label_B6-0-0__7.npy,B6-0-0
Skyfall.2012__#01-38-10_01-38-43_label_B6-0-0__8.npy,B6-0-0
Skyfall.2012__#01-38-10_01-38-43_label_B6-0-0__9.npy,B6-0-0
Spectre.2015__#02-01-20_02-01-40_label_B6-0-0__0.npy,B6-0-0
Spectre.2015__#02-01-20_02-01-40_label_B6-0-0__1.npy,B6-0-0
Spectre.2015__#02-01-20_02-01-40_label_B6-0-0__2.npy,B6-0-0
Spectre.2015__#02-01-20_02-01-40_label_B6-0-0__3.npy,B6-0-0
Spectre.2015__#02-01-20_02-01-40_label_B6-0-0__4.npy,B6-0-0
Spectre.2015__#02-01-20_02-01-40_label_B6-0-0__5.npy,B6-0-0
Spectre.2015__#02-01-20_02-01-40_label_B6-0-0__6.npy,B6-0-0
Spectre.2015__#02-01-20_02-01-40_label_B6-0-0__7.npy,B6-0-0
Spectre.2015__#02-01-20_02-01-40_label_B6-0-0__8.npy,B6-0-0
Spectre.2015__#02-01-20_02-01-40_label_B6-0-0__9.npy,B6-0-0
Taken.2.UNRATED.EXTENDED.2012__#01-04-50_01-05-50_label_B6-0-0__0.npy,B6-0-0
Taken.2.UNRATED.EXTENDED.2012__#01-04-50_01-05-50_label_B6-0-0__1.npy,B6-0-0
Taken.2.UNRATED.EXTENDED.2012__#01-04-50_01-05-50_label_B6-0-0__2.npy,B6-0-0
Taken.2.UNRATED.EXTENDED.2012__#01-04-50_01-05-50_label_B6-0-0__3.npy,B6-0-0
Taken.2.UNRATED.EXTENDED.2012__#01-04-50_01-05-50_label_B6-0-0__4.npy,B6-0-0
Taken.2.UNRATED.EXTENDED.2012__#01-04-50_01-05-50_label_B6-0-0__5.npy,B6-0-0
Taken.2.UNRATED.EXTENDED.2012__#01-04-50_01-05-50_label_B6-0-0__6.npy,B6-0-0
Taken.2.UNRATED.EXTENDED.2012__#01-04-50_01-05-50_label_B6-0-0__7.npy,B6-0-0
Taken.2.UNRATED.EXTENDED.2012__#01-04-50_01-05-50_label_B6-0-0__8.npy,B6-0-0
Taken.2.UNRATED.EXTENDED.2012__#01-04-50_01-05-50_label_B6-0-0__9.npy,B6-0-0
Taken.3.2014__#00-45-20_00-46-00_label_B6-0-0__0.npy,B6-0-0
Taken.3.2014__#00-45-20_00-46-00_label_B6-0-0__1.npy,B6-0-0
Taken.3.2014__#00-45-20_00-46-00_label_B6-0-0__2.npy,B6-0-0
Taken.3.2014__#00-45-20_00-46-00_label_B6-0-0__3.npy,B6-0-0
Taken.3.2014__#00-45-20_00-46-00_label_B6-0-0__4.npy,B6-0-0
Taken.3.2014__#00-45-20_00-46-00_label_B6-0-0__5.npy,B6-0-0
Taken.3.2014__#00-45-20_00-46-00_label_B6-0-0__6.npy,B6-0-0
Taken.3.2014__#00-45-20_00-46-00_label_B6-0-0__7.npy,B6-0-0
Taken.3.2014__#00-45-20_00-46-00_label_B6-0-0__8.npy,B6-0-0
Taken.3.2014__#00-45-20_00-46-00_label_B6-0-0__9.npy,B6-0-0
Taken.3.2014__#01-08-40_01-09-10_label_B6-0-0__0.npy,B6-0-0
Taken.3.2014__#01-08-40_01-09-10_label_B6-0-0__1.npy,B6-0-0
Taken.3.2014__#01-08-40_01-09-10_label_B6-0-0__2.npy,B6-0-0
Taken.3.2014__#01-08-40_01-09-10_label_B6-0-0__3.npy,B6-0-0
Taken.3.2014__#01-08-40_01-09-10_label_B6-0-0__4.npy,B6-0-0
Taken.3.2014__#01-08-40_01-09-10_label_B6-0-0__5.npy,B6-0-0
Taken.3.2014__#01-08-40_01-09-10_label_B6-0-0__6.npy,B6-0-0
Taken.3.2014__#01-08-40_01-09-10_label_B6-0-0__7.npy,B6-0-0
Taken.3.2014__#01-08-40_01-09-10_label_B6-0-0__8.npy,B6-0-0
Taken.3.2014__#01-08-40_01-09-10_label_B6-0-0__9.npy,B6-0-0
Taken.3.2014__#01-44-12_01-44-39_label_B6-0-0__0.npy,B6-0-0
Taken.3.2014__#01-44-12_01-44-39_label_B6-0-0__1.npy,B6-0-0
Taken.3.2014__#01-44-12_01-44-39_label_B6-0-0__2.npy,B6-0-0
Taken.3.2014__#01-44-12_01-44-39_label_B6-0-0__3.npy,B6-0-0
Taken.3.2014__#01-44-12_01-44-39_label_B6-0-0__4.npy,B6-0-0
Taken.3.2014__#01-44-12_01-44-39_label_B6-0-0__5.npy,B6-0-0
Taken.3.2014__#01-44-12_01-44-39_label_B6-0-0__6.npy,B6-0-0
Taken.3.2014__#01-44-12_01-44-39_label_B6-0-0__7.npy,B6-0-0
Taken.3.2014__#01-44-12_01-44-39_label_B6-0-0__8.npy,B6-0-0
Taken.3.2014__#01-44-12_01-44-39_label_B6-0-0__9.npy,B6-0-0
The.Bourne.Legacy.2012__#01-55-14_01-55-56_label_B6-0-0__0.npy,B6-0-0
The.Bourne.Legacy.2012__#01-55-14_01-55-56_label_B6-0-0__1.npy,B6-0-0
The.Bourne.Legacy.2012__#01-55-14_01-55-56_label_B6-0-0__2.npy,B6-0-0
The.Bourne.Legacy.2012__#01-55-14_01-55-56_label_B6-0-0__3.npy,B6-0-0
The.Bourne.Legacy.2012__#01-55-14_01-55-56_label_B6-0-0__4.npy,B6-0-0
The.Bourne.Legacy.2012__#01-55-14_01-55-56_label_B6-0-0__5.npy,B6-0-0
The.Bourne.Legacy.2012__#01-55-14_01-55-56_label_B6-0-0__6.npy,B6-0-0
The.Bourne.Legacy.2012__#01-55-14_01-55-56_label_B6-0-0__7.npy,B6-0-0
The.Bourne.Legacy.2012__#01-55-14_01-55-56_label_B6-0-0__8.npy,B6-0-0
The.Bourne.Legacy.2012__#01-55-14_01-55-56_label_B6-0-0__9.npy,B6-0-0
Thelma...Louise.1991__#01-57-50_01-59-10_label_B6-0-0__0.npy,B6-0-0
Thelma...Louise.1991__#01-57-50_01-59-10_label_B6-0-0__1.npy,B6-0-0
Thelma...Louise.1991__#01-57-50_01-59-10_label_B6-0-0__2.npy,B6-0-0
Thelma...Louise.1991__#01-57-50_01-59-10_label_B6-0-0__3.npy,B6-0-0
Thelma...Louise.1991__#01-57-50_01-59-10_label_B6-0-0__4.npy,B6-0-0
Thelma...Louise.1991__#01-57-50_01-59-10_label_B6-0-0__5.npy,B6-0-0
Thelma...Louise.1991__#01-57-50_01-59-10_label_B6-0-0__6.npy,B6-0-0
Thelma...Louise.1991__#01-57-50_01-59-10_label_B6-0-0__7.npy,B6-0-0
Thelma...Louise.1991__#01-57-50_01-59-10_label_B6-0-0__8.npy,B6-0-0
Thelma...Louise.1991__#01-57-50_01-59-10_label_B6-0-0__9.npy,B6-0-0
Young.And.Dangerous.II.1996__#0-58-10_0-58-30_label_B6-0-0__0.npy,B6-0-0
Young.And.Dangerous.II.1996__#0-58-10_0-58-30_label_B6-0-0__1.npy,B6-0-0
Young.And.Dangerous.II.1996__#0-58-10_0-58-30_label_B6-0-0__2.npy,B6-0-0
Young.And.Dangerous.II.1996__#0-58-10_0-58-30_label_B6-0-0__3.npy,B6-0-0
Young.And.Dangerous.II.1996__#0-58-10_0-58-30_label_B6-0-0__4.npy,B6-0-0
Young.And.Dangerous.II.1996__#0-58-10_0-58-30_label_B6-0-0__5.npy,B6-0-0
Young.And.Dangerous.II.1996__#0-58-10_0-58-30_label_B6-0-0__6.npy,B6-0-0
Young.And.Dangerous.II.1996__#0-58-10_0-58-30_label_B6-0-0__7.npy,B6-0-0
Young.And.Dangerous.II.1996__#0-58-10_0-58-30_label_B6-0-0__8.npy,B6-0-0
Young.And.Dangerous.II.1996__#0-58-10_0-58-30_label_B6-0-0__9.npy,B6-0-0
Young.And.Dangerous.IV.1997__#0-47-40_0-48-55_label_B6-0-0__0.npy,B6-0-0
Young.And.Dangerous.IV.1997__#0-47-40_0-48-55_label_B6-0-0__1.npy,B6-0-0
Young.And.Dangerous.IV.1997__#0-47-40_0-48-55_label_B6-0-0__2.npy,B6-0-0
Young.And.Dangerous.IV.1997__#0-47-40_0-48-55_label_B6-0-0__3.npy,B6-0-0
Young.And.Dangerous.IV.1997__#0-47-40_0-48-55_label_B6-0-0__4.npy,B6-0-0
Young.And.Dangerous.IV.1997__#0-47-40_0-48-55_label_B6-0-0__5.npy,B6-0-0
Young.And.Dangerous.IV.1997__#0-47-40_0-48-55_label_B6-0-0__6.npy,B6-0-0
Young.And.Dangerous.IV.1997__#0-47-40_0-48-55_label_B6-0-0__7.npy,B6-0-0
Young.And.Dangerous.IV.1997__#0-47-40_0-48-55_label_B6-0-0__8.npy,B6-0-0
Young.And.Dangerous.IV.1997__#0-47-40_0-48-55_label_B6-0-0__9.npy,B6-0-0
v=-8O0_tG44IM__#1_label_B6-0-0__0.npy,B6-0-0
v=-8O0_tG44IM__#1_label_B6-0-0__1.npy,B6-0-0
v=-8O0_tG44IM__#1_label_B6-0-0__2.npy,B6-0-0
v=-8O0_tG44IM__#1_label_B6-0-0__3.npy,B6-0-0
v=-8O0_tG44IM__#1_label_B6-0-0__4.npy,B6-0-0
v=-8O0_tG44IM__#1_label_B6-0-0__5.npy,B6-0-0
v=-8O0_tG44IM__#1_label_B6-0-0__6.npy,B6-0-0
v=-8O0_tG44IM__#1_label_B6-0-0__7.npy,B6-0-0
v=-8O0_tG44IM__#1_label_B6-0-0__8.npy,B6-0-0
v=-8O0_tG44IM__#1_label_B6-0-0__9.npy,B6-0-0
v=-n1W0wSv_vQ__#00-00-00_00-01-51_label_B6-0-0__0.npy,B6-0-0
v=-n1W0wSv_vQ__#00-00-00_00-01-51_label_B6-0-0__1.npy,B6-0-0
v=-n1W0wSv_vQ__#00-00-00_00-01-51_label_B6-0-0__2.npy,B6-0-0
v=-n1W0wSv_vQ__#00-00-00_00-01-51_label_B6-0-0__3.npy,B6-0-0
v=-n1W0wSv_vQ__#00-00-00_00-01-51_label_B6-0-0__4.npy,B6-0-0
v=-n1W0wSv_vQ__#00-00-00_00-01-51_label_B6-0-0__5.npy,B6-0-0
v=-n1W0wSv_vQ__#00-00-00_00-01-51_label_B6-0-0__6.npy,B6-0-0
v=-n1W0wSv_vQ__#00-00-00_00-01-51_label_B6-0-0__7.npy,B6-0-0
v=-n1W0wSv_vQ__#00-00-00_00-01-51_label_B6-0-0__8.npy,B6-0-0
v=-n1W0wSv_vQ__#00-00-00_00-01-51_label_B6-0-0__9.npy,B6-0-0
v=-n1W0wSv_vQ__#00-01-52_00-03-10_label_B6-0-0__0.npy,B6-0-0
v=-n1W0wSv_vQ__#00-01-52_00-03-10_label_B6-0-0__1.npy,B6-0-0
v=-n1W0wSv_vQ__#00-01-52_00-03-10_label_B6-0-0__2.npy,B6-0-0
v=-n1W0wSv_vQ__#00-01-52_00-03-10_label_B6-0-0__3.npy,B6-0-0
v=-n1W0wSv_vQ__#00-01-52_00-03-10_label_B6-0-0__4.npy,B6-0-0
v=-n1W0wSv_vQ__#00-01-52_00-03-10_label_B6-0-0__5.npy,B6-0-0
v=-n1W0wSv_vQ__#00-01-52_00-03-10_label_B6-0-0__6.npy,B6-0-0
v=-n1W0wSv_vQ__#00-01-52_00-03-10_label_B6-0-0__7.npy,B6-0-0
v=-n1W0wSv_vQ__#00-01-52_00-03-10_label_B6-0-0__8.npy,B6-0-0
v=-n1W0wSv_vQ__#00-01-52_00-03-10_label_B6-0-0__9.npy,B6-0-0
v=-n1W0wSv_vQ__#00-04-00_00-05-19_label_B6-0-0__0.npy,B6-0-0
v=-n1W0wSv_vQ__#00-04-00_00-05-19_label_B6-0-0__1.npy,B6-0-0
v=-n1W0wSv_vQ__#00-04-00_00-05-19_label_B6-0-0__2.npy,B6-0-0
v=-n1W0wSv_vQ__#00-04-00_00-05-19_label_B6-0-0__3.npy,B6-0-0
v=-n1W0wSv_vQ__#00-04-00_00-05-19_label_B6-0-0__4.npy,B6-0-0
v=-n1W0wSv_vQ__#00-04-00_00-05-19_label_B6-0-0__5.npy,B6-0-0
v=-n1W0wSv_vQ__#00-04-00_00-05-19_label_B6-0-0__6.npy,B6-0-0
v=-n1W0wSv_vQ__#00-04-00_00-05-19_label_B6-0-0__7.npy,B6-0-0
v=-n1W0wSv_vQ__#00-04-00_00-05-19_label_B6-0-0__8.npy,B6-0-0
v=-n1W0wSv_vQ__#00-04-00_00-05-19_label_B6-0-0__9.npy,B6-0-0
v=-n1W0wSv_vQ__#00-05-19_00-06-00_label_B6-0-0__0.npy,B6-0-0
v=-n1W0wSv_vQ__#00-05-19_00-06-00_label_B6-0-0__1.npy,B6-0-0
v=-n1W0wSv_vQ__#00-05-19_00-06-00_label_B6-0-0__2.npy,B6-0-0
v=-n1W0wSv_vQ__#00-05-19_00-06-00_label_B6-0-0__3.npy,B6-0-0
v=-n1W0wSv_vQ__#00-05-19_00-06-00_label_B6-0-0__4.npy,B6-0-0
v=-n1W0wSv_vQ__#00-05-19_00-06-00_label_B6-0-0__5.npy,B6-0-0
v=-n1W0wSv_vQ__#00-05-19_00-06-00_label_B6-0-0__6.npy,B6-0-0
v=-n1W0wSv_vQ__#00-05-19_00-06-00_label_B6-0-0__7.npy,B6-0-0
v=-n1W0wSv_vQ__#00-05-19_00-06-00_label_B6-0-0__8.npy,B6-0-0
v=-n1W0wSv_vQ__#00-05-19_00-06-00_label_B6-0-0__9.npy,B6-0-0
v=0N3BKmDiKmc__#00-00-00_00-00-51_label_B6-0-0__0.npy,B6-0-0
v=0N3BKmDiKmc__#00-00-00_00-00-51_label_B6-0-0__1.npy,B6-0-0
v=0N3BKmDiKmc__#00-00-00_00-00-51_label_B6-0-0__2.npy,B6-0-0
v=0N3BKmDiKmc__#00-00-00_00-00-51_label_B6-0-0__3.npy,B6-0-0
v=0N3BKmDiKmc__#00-00-00_00-00-51_label_B6-0-0__4.npy,B6-0-0
v=0N3BKmDiKmc__#00-00-00_00-00-51_label_B6-0-0__5.npy,B6-0-0
v=0N3BKmDiKmc__#00-00-00_00-00-51_label_B6-0-0__6.npy,B6-0-0
v=0N3BKmDiKmc__#00-00-00_00-00-51_label_B6-0-0__7.npy,B6-0-0
v=0N3BKmDiKmc__#00-00-00_00-00-51_label_B6-0-0__8.npy,B6-0-0
v=0N3BKmDiKmc__#00-00-00_00-00-51_label_B6-0-0__9.npy,B6-0-0
v=0N3BKmDiKmc__#00-01-00_00-02-45_label_B6-0-0__0.npy,B6-0-0
v=0N3BKmDiKmc__#00-01-00_00-02-45_label_B6-0-0__1.npy,B6-0-0
v=0N3BKmDiKmc__#00-01-00_00-02-45_label_B6-0-0__2.npy,B6-0-0
v=0N3BKmDiKmc__#00-01-00_00-02-45_label_B6-0-0__3.npy,B6-0-0
v=0N3BKmDiKmc__#00-01-00_00-02-45_label_B6-0-0__4.npy,B6-0-0
v=0N3BKmDiKmc__#00-01-00_00-02-45_label_B6-0-0__5.npy,B6-0-0
v=0N3BKmDiKmc__#00-01-00_00-02-45_label_B6-0-0__6.npy,B6-0-0
v=0N3BKmDiKmc__#00-01-00_00-02-45_label_B6-0-0__7.npy,B6-0-0
v=0N3BKmDiKmc__#00-01-00_00-02-45_label_B6-0-0__8.npy,B6-0-0
v=0N3BKmDiKmc__#00-01-00_00-02-45_label_B6-0-0__9.npy,B6-0-0
v=0N3BKmDiKmc__#00-03-00_00-04-09_label_B6-0-0__0.npy,B6-0-0
v=0N3BKmDiKmc__#00-03-00_00-04-09_label_B6-0-0__1.npy,B6-0-0
v=0N3BKmDiKmc__#00-03-00_00-04-09_label_B6-0-0__2.npy,B6-0-0
v=0N3BKmDiKmc__#00-03-00_00-04-09_label_B6-0-0__3.npy,B6-0-0
v=0N3BKmDiKmc__#00-03-00_00-04-09_label_B6-0-0__4.npy,B6-0-0
v=0N3BKmDiKmc__#00-03-00_00-04-09_label_B6-0-0__5.npy,B6-0-0
v=0N3BKmDiKmc__#00-03-00_00-04-09_label_B6-0-0__6.npy,B6-0-0
v=0N3BKmDiKmc__#00-03-00_00-04-09_label_B6-0-0__7.npy,B6-0-0
v=0N3BKmDiKmc__#00-03-00_00-04-09_label_B6-0-0__8.npy,B6-0-0
v=0N3BKmDiKmc__#00-03-00_00-04-09_label_B6-0-0__9.npy,B6-0-0
v=0N3BKmDiKmc__#00-04-10_00-06-09_label_B6-0-0__0.npy,B6-0-0
v=0N3BKmDiKmc__#00-04-10_00-06-09_label_B6-0-0__1.npy,B6-0-0
v=0N3BKmDiKmc__#00-04-10_00-06-09_label_B6-0-0__2.npy,B6-0-0
v=0N3BKmDiKmc__#00-04-10_00-06-09_label_B6-0-0__3.npy,B6-0-0
v=0N3BKmDiKmc__#00-04-10_00-06-09_label_B6-0-0__4.npy,B6-0-0
v=0N3BKmDiKmc__#00-04-10_00-06-09_label_B6-0-0__5.npy,B6-0-0
v=0N3BKmDiKmc__#00-04-10_00-06-09_label_B6-0-0__6.npy,B6-0-0
v=0N3BKmDiKmc__#00-04-10_00-06-09_label_B6-0-0__7.npy,B6-0-0
v=0N3BKmDiKmc__#00-04-10_00-06-09_label_B6-0-0__8.npy,B6-0-0
v=0N3BKmDiKmc__#00-04-10_00-06-09_label_B6-0-0__9.npy,B6-0-0
v=0N3BKmDiKmc__#00-09-00_00-10-29_label_B6-0-0__0.npy,B6-0-0
v=0N3BKmDiKmc__#00-09-00_00-10-29_label_B6-0-0__1.npy,B6-0-0
v=0N3BKmDiKmc__#00-09-00_00-10-29_label_B6-0-0__2.npy,B6-0-0
v=0N3BKmDiKmc__#00-09-00_00-10-29_label_B6-0-0__3.npy,B6-0-0
v=0N3BKmDiKmc__#00-09-00_00-10-29_label_B6-0-0__4.npy,B6-0-0
v=0N3BKmDiKmc__#00-09-00_00-10-29_label_B6-0-0__5.npy,B6-0-0
v=0N3BKmDiKmc__#00-09-00_00-10-29_label_B6-0-0__6.npy,B6-0-0
v=0N3BKmDiKmc__#00-09-00_00-10-29_label_B6-0-0__7.npy,B6-0-0
v=0N3BKmDiKmc__#00-09-00_00-10-29_label_B6-0-0__8.npy,B6-0-0
v=0N3BKmDiKmc__#00-09-00_00-10-29_label_B6-0-0__9.npy,B6-0-0
v=0aOC63IZPTs__#00-00-00_00-01-51_label_B6-0-0__0.npy,B6-0-0
v=0aOC63IZPTs__#00-00-00_00-01-51_label_B6-0-0__1.npy,B6-0-0
v=0aOC63IZPTs__#00-00-00_00-01-51_label_B6-0-0__2.npy,B6-0-0
v=0aOC63IZPTs__#00-00-00_00-01-51_label_B6-0-0__3.npy,B6-0-0
v=0aOC63IZPTs__#00-00-00_00-01-51_label_B6-0-0__4.npy,B6-0-0
v=0aOC63IZPTs__#00-00-00_00-01-51_label_B6-0-0__5.npy,B6-0-0
v=0aOC63IZPTs__#00-00-00_00-01-51_label_B6-0-0__6.npy,B6-0-0
v=0aOC63IZPTs__#00-00-00_00-01-51_label_B6-0-0__7.npy,B6-0-0
v=0aOC63IZPTs__#00-00-00_00-01-51_label_B6-0-0__8.npy,B6-0-0
v=0aOC63IZPTs__#00-00-00_00-01-51_label_B6-0-0__9.npy,B6-0-0
v=0aOC63IZPTs__#00-01-52_00-03-10_label_B6-0-0__0.npy,B6-0-0
v=0aOC63IZPTs__#00-01-52_00-03-10_label_B6-0-0__1.npy,B6-0-0
v=0aOC63IZPTs__#00-01-52_00-03-10_label_B6-0-0__2.npy,B6-0-0
v=0aOC63IZPTs__#00-01-52_00-03-10_label_B6-0-0__3.npy,B6-0-0
v=0aOC63IZPTs__#00-01-52_00-03-10_label_B6-0-0__4.npy,B6-0-0
v=0aOC63IZPTs__#00-01-52_00-03-10_label_B6-0-0__5.npy,B6-0-0
v=0aOC63IZPTs__#00-01-52_00-03-10_label_B6-0-0__6.npy,B6-0-0
v=0aOC63IZPTs__#00-01-52_00-03-10_label_B6-0-0__7.npy,B6-0-0
v=0aOC63IZPTs__#00-01-52_00-03-10_label_B6-0-0__8.npy,B6-0-0
v=0aOC63IZPTs__#00-01-52_00-03-10_label_B6-0-0__9.npy,B6-0-0
v=0aOC63IZPTs__#00-04-00_00-05-19_label_B6-0-0__0.npy,B6-0-0
v=0aOC63IZPTs__#00-04-00_00-05-19_label_B6-0-0__1.npy,B6-0-0
v=0aOC63IZPTs__#00-04-00_00-05-19_label_B6-0-0__2.npy,B6-0-0
v=0aOC63IZPTs__#00-04-00_00-05-19_label_B6-0-0__3.npy,B6-0-0
v=0aOC63IZPTs__#00-04-00_00-05-19_label_B6-0-0__4.npy,B6-0-0
v=0aOC63IZPTs__#00-04-00_00-05-19_label_B6-0-0__5.npy,B6-0-0
v=0aOC63IZPTs__#00-04-00_00-05-19_label_B6-0-0__6.npy,B6-0-0
v=0aOC63IZPTs__#00-04-00_00-05-19_label_B6-0-0__7.npy,B6-0-0
v=0aOC63IZPTs__#00-04-00_00-05-19_label_B6-0-0__8.npy,B6-0-0
v=0aOC63IZPTs__#00-04-00_00-05-19_label_B6-0-0__9.npy,B6-0-0
v=0aOC63IZPTs__#00-06-01_00-07-08_label_B6-0-0__0.npy,B6-0-0
v=0aOC63IZPTs__#00-06-01_00-07-08_label_B6-0-0__1.npy,B6-0-0
v=0aOC63IZPTs__#00-06-01_00-07-08_label_B6-0-0__2.npy,B6-0-0
v=0aOC63IZPTs__#00-06-01_00-07-08_label_B6-0-0__3.npy,B6-0-0
v=0aOC63IZPTs__#00-06-01_00-07-08_label_B6-0-0__4.npy,B6-0-0
v=0aOC63IZPTs__#00-06-01_00-07-08_label_B6-0-0__5.npy,B6-0-0
v=0aOC63IZPTs__#00-06-01_00-07-08_label_B6-0-0__6.npy,B6-0-0
v=0aOC63IZPTs__#00-06-01_00-07-08_label_B6-0-0__7.npy,B6-0-0
v=0aOC63IZPTs__#00-06-01_00-07-08_label_B6-0-0__8.npy,B6-0-0
v=0aOC63IZPTs__#00-06-01_00-07-08_label_B6-0-0__9.npy,B6-0-0
v=0aOC63IZPTs__#00-07-40_00-08-48_label_B6-0-0__0.npy,B6-0-0
v=0aOC63IZPTs__#00-07-40_00-08-48_label_B6-0-0__1.npy,B6-0-0
v=0aOC63IZPTs__#00-07-40_00-08-48_label_B6-0-0__2.npy,B6-0-0
v=0aOC63IZPTs__#00-07-40_00-08-48_label_B6-0-0__3.npy,B6-0-0
v=0aOC63IZPTs__#00-07-40_00-08-48_label_B6-0-0__4.npy,B6-0-0
v=0aOC63IZPTs__#00-07-40_00-08-48_label_B6-0-0__5.npy,B6-0-0
v=0aOC63IZPTs__#00-07-40_00-08-48_label_B6-0-0__6.npy,B6-0-0
v=0aOC63IZPTs__#00-07-40_00-08-48_label_B6-0-0__7.npy,B6-0-0
v=0aOC63IZPTs__#00-07-40_00-08-48_label_B6-0-0__8.npy,B6-0-0
v=0aOC63IZPTs__#00-07-40_00-08-48_label_B6-0-0__9.npy,B6-0-0
v=0aOC63IZPTs__#00-10-41_00-12-20_label_B6-0-0__0.npy,B6-0-0
v=0aOC63IZPTs__#00-10-41_00-12-20_label_B6-0-0__1.npy,B6-0-0
v=0aOC63IZPTs__#00-10-41_00-12-20_label_B6-0-0__2.npy,B6-0-0
v=0aOC63IZPTs__#00-10-41_00-12-20_label_B6-0-0__3.npy,B6-0-0
v=0aOC63IZPTs__#00-10-41_00-12-20_label_B6-0-0__4.npy,B6-0-0
v=0aOC63IZPTs__#00-10-41_00-12-20_label_B6-0-0__5.npy,B6-0-0
v=0aOC63IZPTs__#00-10-41_00-12-20_label_B6-0-0__6.npy,B6-0-0
v=0aOC63IZPTs__#00-10-41_00-12-20_label_B6-0-0__7.npy,B6-0-0
v=0aOC63IZPTs__#00-10-41_00-12-20_label_B6-0-0__8.npy,B6-0-0
v=0aOC63IZPTs__#00-10-41_00-12-20_label_B6-0-0__9.npy,B6-0-0
v=0gdy9L5whEs__#1_label_B6-0-0__0.npy,B6-0-0
v=0gdy9L5whEs__#1_label_B6-0-0__1.npy,B6-0-0
v=0gdy9L5whEs__#1_label_B6-0-0__2.npy,B6-0-0
v=0gdy9L5whEs__#1_label_B6-0-0__3.npy,B6-0-0
v=0gdy9L5whEs__#1_label_B6-0-0__4.npy,B6-0-0
v=0gdy9L5whEs__#1_label_B6-0-0__5.npy,B6-0-0
v=0gdy9L5whEs__#1_label_B6-0-0__6.npy,B6-0-0
v=0gdy9L5whEs__#1_label_B6-0-0__7.npy,B6-0-0
v=0gdy9L5whEs__#1_label_B6-0-0__8.npy,B6-0-0
v=0gdy9L5whEs__#1_label_B6-0-0__9.npy,B6-0-0
v=0qtIjyt-7wg__#00-03-00_00-03-55_label_B6-0-0__0.npy,B6-0-0
v=0qtIjyt-7wg__#00-03-00_00-03-55_label_B6-0-0__1.npy,B6-0-0
v=0qtIjyt-7wg__#00-03-00_00-03-55_label_B6-0-0__2.npy,B6-0-0
v=0qtIjyt-7wg__#00-03-00_00-03-55_label_B6-0-0__3.npy,B6-0-0
v=0qtIjyt-7wg__#00-03-00_00-03-55_label_B6-0-0__4.npy,B6-0-0
v=0qtIjyt-7wg__#00-03-00_00-03-55_label_B6-0-0__5.npy,B6-0-0
v=0qtIjyt-7wg__#00-03-00_00-03-55_label_B6-0-0__6.npy,B6-0-0
v=0qtIjyt-7wg__#00-03-00_00-03-55_label_B6-0-0__7.npy,B6-0-0
v=0qtIjyt-7wg__#00-03-00_00-03-55_label_B6-0-0__8.npy,B6-0-0
v=0qtIjyt-7wg__#00-03-00_00-03-55_label_B6-0-0__9.npy,B6-0-0
v=15wDrZJQpsw__#00-01-00_00-02-45_label_B6-0-0__0.npy,B6-0-0
v=15wDrZJQpsw__#00-01-00_00-02-45_label_B6-0-0__1.npy,B6-0-0
v=15wDrZJQpsw__#00-01-00_00-02-45_label_B6-0-0__2.npy,B6-0-0
v=15wDrZJQpsw__#00-01-00_00-02-45_label_B6-0-0__3.npy,B6-0-0
v=15wDrZJQpsw__#00-01-00_00-02-45_label_B6-0-0__4.npy,B6-0-0
v=15wDrZJQpsw__#00-01-00_00-02-45_label_B6-0-0__5.npy,B6-0-0
v=15wDrZJQpsw__#00-01-00_00-02-45_label_B6-0-0__6.npy,B6-0-0
v=15wDrZJQpsw__#00-01-00_00-02-45_label_B6-0-0__7.npy,B6-0-0
v=15wDrZJQpsw__#00-01-00_00-02-45_label_B6-0-0__8.npy,B6-0-0
v=15wDrZJQpsw__#00-01-00_00-02-45_label_B6-0-0__9.npy,B6-0-0
v=15wDrZJQpsw__#00-04-10_00-05-12_label_B6-0-0__0.npy,B6-0-0
v=15wDrZJQpsw__#00-04-10_00-05-12_label_B6-0-0__1.npy,B6-0-0
v=15wDrZJQpsw__#00-04-10_00-05-12_label_B6-0-0__2.npy,B6-0-0
v=15wDrZJQpsw__#00-04-10_00-05-12_label_B6-0-0__3.npy,B6-0-0
v=15wDrZJQpsw__#00-04-10_00-05-12_label_B6-0-0__4.npy,B6-0-0
v=15wDrZJQpsw__#00-04-10_00-05-12_label_B6-0-0__5.npy,B6-0-0
v=15wDrZJQpsw__#00-04-10_00-05-12_label_B6-0-0__6.npy,B6-0-0
v=15wDrZJQpsw__#00-04-10_00-05-12_label_B6-0-0__7.npy,B6-0-0
v=15wDrZJQpsw__#00-04-10_00-05-12_label_B6-0-0__8.npy,B6-0-0
v=15wDrZJQpsw__#00-04-10_00-05-12_label_B6-0-0__9.npy,B6-0-0
v=15wDrZJQpsw__#00-07-40_00-08-50_label_B6-0-0__0.npy,B6-0-0
v=15wDrZJQpsw__#00-07-40_00-08-50_label_B6-0-0__1.npy,B6-0-0
v=15wDrZJQpsw__#00-07-40_00-08-50_label_B6-0-0__2.npy,B6-0-0
v=15wDrZJQpsw__#00-07-40_00-08-50_label_B6-0-0__3.npy,B6-0-0
v=15wDrZJQpsw__#00-07-40_00-08-50_label_B6-0-0__4.npy,B6-0-0
v=15wDrZJQpsw__#00-07-40_00-08-50_label_B6-0-0__5.npy,B6-0-0
v=15wDrZJQpsw__#00-07-40_00-08-50_label_B6-0-0__6.npy,B6-0-0
v=15wDrZJQpsw__#00-07-40_00-08-50_label_B6-0-0__7.npy,B6-0-0
v=15wDrZJQpsw__#00-07-40_00-08-50_label_B6-0-0__8.npy,B6-0-0
v=15wDrZJQpsw__#00-07-40_00-08-50_label_B6-0-0__9.npy,B6-0-0
v=1LgHkQL7Jms__#00-00-00_00-01-21_label_B6-0-0__0.npy,B6-0-0
v=1LgHkQL7Jms__#00-00-00_00-01-21_label_B6-0-0__1.npy,B6-0-0
v=1LgHkQL7Jms__#00-00-00_00-01-21_label_B6-0-0__2.npy,B6-0-0
v=1LgHkQL7Jms__#00-00-00_00-01-21_label_B6-0-0__3.npy,B6-0-0
v=1LgHkQL7Jms__#00-00-00_00-01-21_label_B6-0-0__4.npy,B6-0-0
v=1LgHkQL7Jms__#00-00-00_00-01-21_label_B6-0-0__5.npy,B6-0-0
v=1LgHkQL7Jms__#00-00-00_00-01-21_label_B6-0-0__6.npy,B6-0-0
v=1LgHkQL7Jms__#00-00-00_00-01-21_label_B6-0-0__7.npy,B6-0-0
v=1LgHkQL7Jms__#00-00-00_00-01-21_label_B6-0-0__8.npy,B6-0-0
v=1LgHkQL7Jms__#00-00-00_00-01-21_label_B6-0-0__9.npy,B6-0-0
v=1LgHkQL7Jms__#00-01-24_00-02-51_label_B6-0-0__0.npy,B6-0-0
v=1LgHkQL7Jms__#00-01-24_00-02-51_label_B6-0-0__1.npy,B6-0-0
v=1LgHkQL7Jms__#00-01-24_00-02-51_label_B6-0-0__2.npy,B6-0-0
v=1LgHkQL7Jms__#00-01-24_00-02-51_label_B6-0-0__3.npy,B6-0-0
v=1LgHkQL7Jms__#00-01-24_00-02-51_label_B6-0-0__4.npy,B6-0-0
v=1LgHkQL7Jms__#00-01-24_00-02-51_label_B6-0-0__5.npy,B6-0-0
v=1LgHkQL7Jms__#00-01-24_00-02-51_label_B6-0-0__6.npy,B6-0-0
v=1LgHkQL7Jms__#00-01-24_00-02-51_label_B6-0-0__7.npy,B6-0-0
v=1LgHkQL7Jms__#00-01-24_00-02-51_label_B6-0-0__8.npy,B6-0-0
v=1LgHkQL7Jms__#00-01-24_00-02-51_label_B6-0-0__9.npy,B6-0-0
v=1LgHkQL7Jms__#00-03-10_00-04-19_label_B6-0-0__0.npy,B6-0-0
v=1LgHkQL7Jms__#00-03-10_00-04-19_label_B6-0-0__1.npy,B6-0-0
v=1LgHkQL7Jms__#00-03-10_00-04-19_label_B6-0-0__2.npy,B6-0-0
v=1LgHkQL7Jms__#00-03-10_00-04-19_label_B6-0-0__3.npy,B6-0-0
v=1LgHkQL7Jms__#00-03-10_00-04-19_label_B6-0-0__4.npy,B6-0-0
v=1LgHkQL7Jms__#00-03-10_00-04-19_label_B6-0-0__5.npy,B6-0-0
v=1LgHkQL7Jms__#00-03-10_00-04-19_label_B6-0-0__6.npy,B6-0-0
v=1LgHkQL7Jms__#00-03-10_00-04-19_label_B6-0-0__7.npy,B6-0-0
v=1LgHkQL7Jms__#00-03-10_00-04-19_label_B6-0-0__8.npy,B6-0-0
v=1LgHkQL7Jms__#00-03-10_00-04-19_label_B6-0-0__9.npy,B6-0-0
v=1LgHkQL7Jms__#00-04-20_00-05-51_label_B6-0-0__0.npy,B6-0-0
v=1LgHkQL7Jms__#00-04-20_00-05-51_label_B6-0-0__1.npy,B6-0-0
v=1LgHkQL7Jms__#00-04-20_00-05-51_label_B6-0-0__2.npy,B6-0-0
v=1LgHkQL7Jms__#00-04-20_00-05-51_label_B6-0-0__3.npy,B6-0-0
v=1LgHkQL7Jms__#00-04-20_00-05-51_label_B6-0-0__4.npy,B6-0-0
v=1LgHkQL7Jms__#00-04-20_00-05-51_label_B6-0-0__5.npy,B6-0-0
v=1LgHkQL7Jms__#00-04-20_00-05-51_label_B6-0-0__6.npy,B6-0-0
v=1LgHkQL7Jms__#00-04-20_00-05-51_label_B6-0-0__7.npy,B6-0-0
v=1LgHkQL7Jms__#00-04-20_00-05-51_label_B6-0-0__8.npy,B6-0-0
v=1LgHkQL7Jms__#00-04-20_00-05-51_label_B6-0-0__9.npy,B6-0-0
v=1LgHkQL7Jms__#00-05-52_00-07-11_label_B6-0-0__0.npy,B6-0-0
v=1LgHkQL7Jms__#00-05-52_00-07-11_label_B6-0-0__1.npy,B6-0-0
v=1LgHkQL7Jms__#00-05-52_00-07-11_label_B6-0-0__2.npy,B6-0-0
v=1LgHkQL7Jms__#00-05-52_00-07-11_label_B6-0-0__3.npy,B6-0-0
v=1LgHkQL7Jms__#00-05-52_00-07-11_label_B6-0-0__4.npy,B6-0-0
v=1LgHkQL7Jms__#00-05-52_00-07-11_label_B6-0-0__5.npy,B6-0-0
v=1LgHkQL7Jms__#00-05-52_00-07-11_label_B6-0-0__6.npy,B6-0-0
v=1LgHkQL7Jms__#00-05-52_00-07-11_label_B6-0-0__7.npy,B6-0-0
v=1LgHkQL7Jms__#00-05-52_00-07-11_label_B6-0-0__8.npy,B6-0-0
v=1LgHkQL7Jms__#00-05-52_00-07-11_label_B6-0-0__9.npy,B6-0-0
v=2Rr21qkZEDQ__#00-01-00_00-02-45_label_B6-0-0__0.npy,B6-0-0
v=2Rr21qkZEDQ__#00-01-00_00-02-45_label_B6-0-0__1.npy,B6-0-0
v=2Rr21qkZEDQ__#00-01-00_00-02-45_label_B6-0-0__2.npy,B6-0-0
v=2Rr21qkZEDQ__#00-01-00_00-02-45_label_B6-0-0__3.npy,B6-0-0
v=2Rr21qkZEDQ__#00-01-00_00-02-45_label_B6-0-0__4.npy,B6-0-0
v=2Rr21qkZEDQ__#00-01-00_00-02-45_label_B6-0-0__5.npy,B6-0-0
v=2Rr21qkZEDQ__#00-01-00_00-02-45_label_B6-0-0__6.npy,B6-0-0
v=2Rr21qkZEDQ__#00-01-00_00-02-45_label_B6-0-0__7.npy,B6-0-0
v=2Rr21qkZEDQ__#00-01-00_00-02-45_label_B6-0-0__8.npy,B6-0-0
v=2Rr21qkZEDQ__#00-01-00_00-02-45_label_B6-0-0__9.npy,B6-0-0
v=2Rr21qkZEDQ__#00-04-10_00-06-09_label_B6-0-0__0.npy,B6-0-0
v=2Rr21qkZEDQ__#00-04-10_00-06-09_label_B6-0-0__1.npy,B6-0-0
v=2Rr21qkZEDQ__#00-04-10_00-06-09_label_B6-0-0__2.npy,B6-0-0
v=2Rr21qkZEDQ__#00-04-10_00-06-09_label_B6-0-0__3.npy,B6-0-0
v=2Rr21qkZEDQ__#00-04-10_00-06-09_label_B6-0-0__4.npy,B6-0-0
v=2Rr21qkZEDQ__#00-04-10_00-06-09_label_B6-0-0__5.npy,B6-0-0
v=2Rr21qkZEDQ__#00-04-10_00-06-09_label_B6-0-0__6.npy,B6-0-0
v=2Rr21qkZEDQ__#00-04-10_00-06-09_label_B6-0-0__7.npy,B6-0-0
v=2Rr21qkZEDQ__#00-04-10_00-06-09_label_B6-0-0__8.npy,B6-0-0
v=2Rr21qkZEDQ__#00-04-10_00-06-09_label_B6-0-0__9.npy,B6-0-0
v=2Rr21qkZEDQ__#00-08-00_00-08-45_label_B6-0-0__0.npy,B6-0-0
v=2Rr21qkZEDQ__#00-08-00_00-08-45_label_B6-0-0__1.npy,B6-0-0
v=2Rr21qkZEDQ__#00-08-00_00-08-45_label_B6-0-0__2.npy,B6-0-0
v=2Rr21qkZEDQ__#00-08-00_00-08-45_label_B6-0-0__3.npy,B6-0-0
v=2Rr21qkZEDQ__#00-08-00_00-08-45_label_B6-0-0__4.npy,B6-0-0
v=2Rr21qkZEDQ__#00-08-00_00-08-45_label_B6-0-0__5.npy,B6-0-0
v=2Rr21qkZEDQ__#00-08-00_00-08-45_label_B6-0-0__6.npy,B6-0-0
v=2Rr21qkZEDQ__#00-08-00_00-08-45_label_B6-0-0__7.npy,B6-0-0
v=2Rr21qkZEDQ__#00-08-00_00-08-45_label_B6-0-0__8.npy,B6-0-0
v=2Rr21qkZEDQ__#00-08-00_00-08-45_label_B6-0-0__9.npy,B6-0-0
v=2Rr21qkZEDQ__#00-09-00_00-10-09_label_B6-0-0__0.npy,B6-0-0
v=2Rr21qkZEDQ__#00-09-00_00-10-09_label_B6-0-0__1.npy,B6-0-0
v=2Rr21qkZEDQ__#00-09-00_00-10-09_label_B6-0-0__2.npy,B6-0-0
v=2Rr21qkZEDQ__#00-09-00_00-10-09_label_B6-0-0__3.npy,B6-0-0
v=2Rr21qkZEDQ__#00-09-00_00-10-09_label_B6-0-0__4.npy,B6-0-0
v=2Rr21qkZEDQ__#00-09-00_00-10-09_label_B6-0-0__5.npy,B6-0-0
v=2Rr21qkZEDQ__#00-09-00_00-10-09_label_B6-0-0__6.npy,B6-0-0
v=2Rr21qkZEDQ__#00-09-00_00-10-09_label_B6-0-0__7.npy,B6-0-0
v=2Rr21qkZEDQ__#00-09-00_00-10-09_label_B6-0-0__8.npy,B6-0-0
v=2Rr21qkZEDQ__#00-09-00_00-10-09_label_B6-0-0__9.npy,B6-0-0
v=2Rr21qkZEDQ__#00-10-20_00-12-45_label_B6-0-0__0.npy,B6-0-0
v=2Rr21qkZEDQ__#00-10-20_00-12-45_label_B6-0-0__1.npy,B6-0-0
v=2Rr21qkZEDQ__#00-10-20_00-12-45_label_B6-0-0__2.npy,B6-0-0
v=2Rr21qkZEDQ__#00-10-20_00-12-45_label_B6-0-0__3.npy,B6-0-0
v=2Rr21qkZEDQ__#00-10-20_00-12-45_label_B6-0-0__4.npy,B6-0-0
v=2Rr21qkZEDQ__#00-10-20_00-12-45_label_B6-0-0__5.npy,B6-0-0
v=2Rr21qkZEDQ__#00-10-20_00-12-45_label_B6-0-0__6.npy,B6-0-0
v=2Rr21qkZEDQ__#00-10-20_00-12-45_label_B6-0-0__7.npy,B6-0-0
v=2Rr21qkZEDQ__#00-10-20_00-12-45_label_B6-0-0__8.npy,B6-0-0
v=2Rr21qkZEDQ__#00-10-20_00-12-45_label_B6-0-0__9.npy,B6-0-0
v=2Rr21qkZEDQ__#00-13-00_00-14-09_label_B6-0-0__0.npy,B6-0-0
v=2Rr21qkZEDQ__#00-13-00_00-14-09_label_B6-0-0__1.npy,B6-0-0
v=2Rr21qkZEDQ__#00-13-00_00-14-09_label_B6-0-0__2.npy,B6-0-0
v=2Rr21qkZEDQ__#00-13-00_00-14-09_label_B6-0-0__3.npy,B6-0-0
v=2Rr21qkZEDQ__#00-13-00_00-14-09_label_B6-0-0__4.npy,B6-0-0
v=2Rr21qkZEDQ__#00-13-00_00-14-09_label_B6-0-0__5.npy,B6-0-0
v=2Rr21qkZEDQ__#00-13-00_00-14-09_label_B6-0-0__6.npy,B6-0-0
v=2Rr21qkZEDQ__#00-13-00_00-14-09_label_B6-0-0__7.npy,B6-0-0
v=2Rr21qkZEDQ__#00-13-00_00-14-09_label_B6-0-0__8.npy,B6-0-0
v=2Rr21qkZEDQ__#00-13-00_00-14-09_label_B6-0-0__9.npy,B6-0-0
v=2Rr21qkZEDQ__#00-16-10_00-17-51_label_B6-0-0__0.npy,B6-0-0
v=2Rr21qkZEDQ__#00-16-10_00-17-51_label_B6-0-0__1.npy,B6-0-0
v=2Rr21qkZEDQ__#00-16-10_00-17-51_label_B6-0-0__2.npy,B6-0-0
v=2Rr21qkZEDQ__#00-16-10_00-17-51_label_B6-0-0__3.npy,B6-0-0
v=2Rr21qkZEDQ__#00-16-10_00-17-51_label_B6-0-0__4.npy,B6-0-0
v=2Rr21qkZEDQ__#00-16-10_00-17-51_label_B6-0-0__5.npy,B6-0-0
v=2Rr21qkZEDQ__#00-16-10_00-17-51_label_B6-0-0__6.npy,B6-0-0
v=2Rr21qkZEDQ__#00-16-10_00-17-51_label_B6-0-0__7.npy,B6-0-0
v=2Rr21qkZEDQ__#00-16-10_00-17-51_label_B6-0-0__8.npy,B6-0-0
v=2Rr21qkZEDQ__#00-16-10_00-17-51_label_B6-0-0__9.npy,B6-0-0
v=4sQE6T2O0EQ__#00-02-00_00-02-35_label_B6-0-0__0.npy,B6-0-0
v=4sQE6T2O0EQ__#00-02-00_00-02-35_label_B6-0-0__1.npy,B6-0-0
v=4sQE6T2O0EQ__#00-02-00_00-02-35_label_B6-0-0__2.npy,B6-0-0
v=4sQE6T2O0EQ__#00-02-00_00-02-35_label_B6-0-0__3.npy,B6-0-0
v=4sQE6T2O0EQ__#00-02-00_00-02-35_label_B6-0-0__4.npy,B6-0-0
v=4sQE6T2O0EQ__#00-02-00_00-02-35_label_B6-0-0__5.npy,B6-0-0
v=4sQE6T2O0EQ__#00-02-00_00-02-35_label_B6-0-0__6.npy,B6-0-0
v=4sQE6T2O0EQ__#00-02-00_00-02-35_label_B6-0-0__7.npy,B6-0-0
v=4sQE6T2O0EQ__#00-02-00_00-02-35_label_B6-0-0__8.npy,B6-0-0
v=4sQE6T2O0EQ__#00-02-00_00-02-35_label_B6-0-0__9.npy,B6-0-0
v=4sQE6T2O0EQ__#00-05-50_00-07-20_label_B6-0-0__0.npy,B6-0-0
v=4sQE6T2O0EQ__#00-05-50_00-07-20_label_B6-0-0__1.npy,B6-0-0
v=4sQE6T2O0EQ__#00-05-50_00-07-20_label_B6-0-0__2.npy,B6-0-0
v=4sQE6T2O0EQ__#00-05-50_00-07-20_label_B6-0-0__3.npy,B6-0-0
v=4sQE6T2O0EQ__#00-05-50_00-07-20_label_B6-0-0__4.npy,B6-0-0
v=4sQE6T2O0EQ__#00-05-50_00-07-20_label_B6-0-0__5.npy,B6-0-0
v=4sQE6T2O0EQ__#00-05-50_00-07-20_label_B6-0-0__6.npy,B6-0-0
v=4sQE6T2O0EQ__#00-05-50_00-07-20_label_B6-0-0__7.npy,B6-0-0
v=4sQE6T2O0EQ__#00-05-50_00-07-20_label_B6-0-0__8.npy,B6-0-0
v=4sQE6T2O0EQ__#00-05-50_00-07-20_label_B6-0-0__9.npy,B6-0-0
v=4sQE6T2O0EQ__#00-09-12_00-10-15_label_B6-0-0__0.npy,B6-0-0
v=4sQE6T2O0EQ__#00-09-12_00-10-15_label_B6-0-0__1.npy,B6-0-0
v=4sQE6T2O0EQ__#00-09-12_00-10-15_label_B6-0-0__2.npy,B6-0-0
v=4sQE6T2O0EQ__#00-09-12_00-10-15_label_B6-0-0__3.npy,B6-0-0
v=4sQE6T2O0EQ__#00-09-12_00-10-15_label_B6-0-0__4.npy,B6-0-0
v=4sQE6T2O0EQ__#00-09-12_00-10-15_label_B6-0-0__5.npy,B6-0-0
v=4sQE6T2O0EQ__#00-09-12_00-10-15_label_B6-0-0__6.npy,B6-0-0
v=4sQE6T2O0EQ__#00-09-12_00-10-15_label_B6-0-0__7.npy,B6-0-0
v=4sQE6T2O0EQ__#00-09-12_00-10-15_label_B6-0-0__8.npy,B6-0-0
v=4sQE6T2O0EQ__#00-09-12_00-10-15_label_B6-0-0__9.npy,B6-0-0
v=5BBoVfKOyeM__#00-01-40_00-02-59_label_B6-0-0__0.npy,B6-0-0
v=5BBoVfKOyeM__#00-01-40_00-02-59_label_B6-0-0__1.npy,B6-0-0
v=5BBoVfKOyeM__#00-01-40_00-02-59_label_B6-0-0__2.npy,B6-0-0
v=5BBoVfKOyeM__#00-01-40_00-02-59_label_B6-0-0__3.npy,B6-0-0
v=5BBoVfKOyeM__#00-01-40_00-02-59_label_B6-0-0__4.npy,B6-0-0
v=5BBoVfKOyeM__#00-01-40_00-02-59_label_B6-0-0__5.npy,B6-0-0
v=5BBoVfKOyeM__#00-01-40_00-02-59_label_B6-0-0__6.npy,B6-0-0
v=5BBoVfKOyeM__#00-01-40_00-02-59_label_B6-0-0__7.npy,B6-0-0
v=5BBoVfKOyeM__#00-01-40_00-02-59_label_B6-0-0__8.npy,B6-0-0
v=5BBoVfKOyeM__#00-01-40_00-02-59_label_B6-0-0__9.npy,B6-0-0
v=5BBoVfKOyeM__#00-03-02_00-03-52_label_B6-0-0__0.npy,B6-0-0
v=5BBoVfKOyeM__#00-03-02_00-03-52_label_B6-0-0__1.npy,B6-0-0
v=5BBoVfKOyeM__#00-03-02_00-03-52_label_B6-0-0__2.npy,B6-0-0
v=5BBoVfKOyeM__#00-03-02_00-03-52_label_B6-0-0__3.npy,B6-0-0
v=5BBoVfKOyeM__#00-03-02_00-03-52_label_B6-0-0__4.npy,B6-0-0
v=5BBoVfKOyeM__#00-03-02_00-03-52_label_B6-0-0__5.npy,B6-0-0
v=5BBoVfKOyeM__#00-03-02_00-03-52_label_B6-0-0__6.npy,B6-0-0
v=5BBoVfKOyeM__#00-03-02_00-03-52_label_B6-0-0__7.npy,B6-0-0
v=5BBoVfKOyeM__#00-03-02_00-03-52_label_B6-0-0__8.npy,B6-0-0
v=5BBoVfKOyeM__#00-03-02_00-03-52_label_B6-0-0__9.npy,B6-0-0
v=5Rh7DIBWKBk__#00-00-30_00-01-45_label_B6-0-0__0.npy,B6-0-0
v=5Rh7DIBWKBk__#00-00-30_00-01-45_label_B6-0-0__1.npy,B6-0-0
v=5Rh7DIBWKBk__#00-00-30_00-01-45_label_B6-0-0__2.npy,B6-0-0
v=5Rh7DIBWKBk__#00-00-30_00-01-45_label_B6-0-0__3.npy,B6-0-0
v=5Rh7DIBWKBk__#00-00-30_00-01-45_label_B6-0-0__4.npy,B6-0-0
v=5Rh7DIBWKBk__#00-00-30_00-01-45_label_B6-0-0__5.npy,B6-0-0
v=5Rh7DIBWKBk__#00-00-30_00-01-45_label_B6-0-0__6.npy,B6-0-0
v=5Rh7DIBWKBk__#00-00-30_00-01-45_label_B6-0-0__7.npy,B6-0-0
v=5Rh7DIBWKBk__#00-00-30_00-01-45_label_B6-0-0__8.npy,B6-0-0
v=5Rh7DIBWKBk__#00-00-30_00-01-45_label_B6-0-0__9.npy,B6-0-0
v=5Rh7DIBWKBk__#00-02-10_00-03-45_label_B6-0-0__0.npy,B6-0-0
v=5Rh7DIBWKBk__#00-02-10_00-03-45_label_B6-0-0__1.npy,B6-0-0
v=5Rh7DIBWKBk__#00-02-10_00-03-45_label_B6-0-0__2.npy,B6-0-0
v=5Rh7DIBWKBk__#00-02-10_00-03-45_label_B6-0-0__3.npy,B6-0-0
v=5Rh7DIBWKBk__#00-02-10_00-03-45_label_B6-0-0__4.npy,B6-0-0
v=5Rh7DIBWKBk__#00-02-10_00-03-45_label_B6-0-0__5.npy,B6-0-0
v=5Rh7DIBWKBk__#00-02-10_00-03-45_label_B6-0-0__6.npy,B6-0-0
v=5Rh7DIBWKBk__#00-02-10_00-03-45_label_B6-0-0__7.npy,B6-0-0
v=5Rh7DIBWKBk__#00-02-10_00-03-45_label_B6-0-0__8.npy,B6-0-0
v=5Rh7DIBWKBk__#00-02-10_00-03-45_label_B6-0-0__9.npy,B6-0-0
v=5Rh7DIBWKBk__#00-04-00_00-05-47_label_B6-0-0__0.npy,B6-0-0
v=5Rh7DIBWKBk__#00-04-00_00-05-47_label_B6-0-0__1.npy,B6-0-0
v=5Rh7DIBWKBk__#00-04-00_00-05-47_label_B6-0-0__2.npy,B6-0-0
v=5Rh7DIBWKBk__#00-04-00_00-05-47_label_B6-0-0__3.npy,B6-0-0
v=5Rh7DIBWKBk__#00-04-00_00-05-47_label_B6-0-0__4.npy,B6-0-0
v=5Rh7DIBWKBk__#00-04-00_00-05-47_label_B6-0-0__5.npy,B6-0-0
v=5Rh7DIBWKBk__#00-04-00_00-05-47_label_B6-0-0__6.npy,B6-0-0
v=5Rh7DIBWKBk__#00-04-00_00-05-47_label_B6-0-0__7.npy,B6-0-0
v=5Rh7DIBWKBk__#00-04-00_00-05-47_label_B6-0-0__8.npy,B6-0-0
v=5Rh7DIBWKBk__#00-04-00_00-05-47_label_B6-0-0__9.npy,B6-0-0
v=5Rh7DIBWKBk__#00-07-03_00-07-20_label_B6-0-0__0.npy,B6-0-0
v=5Rh7DIBWKBk__#00-07-03_00-07-20_label_B6-0-0__1.npy,B6-0-0
v=5Rh7DIBWKBk__#00-07-03_00-07-20_label_B6-0-0__2.npy,B6-0-0
v=5Rh7DIBWKBk__#00-07-03_00-07-20_label_B6-0-0__3.npy,B6-0-0
v=5Rh7DIBWKBk__#00-07-03_00-07-20_label_B6-0-0__4.npy,B6-0-0
v=5Rh7DIBWKBk__#00-07-03_00-07-20_label_B6-0-0__5.npy,B6-0-0
v=5Rh7DIBWKBk__#00-07-03_00-07-20_label_B6-0-0__6.npy,B6-0-0
v=5Rh7DIBWKBk__#00-07-03_00-07-20_label_B6-0-0__7.npy,B6-0-0
v=5Rh7DIBWKBk__#00-07-03_00-07-20_label_B6-0-0__8.npy,B6-0-0
v=5Rh7DIBWKBk__#00-07-03_00-07-20_label_B6-0-0__9.npy,B6-0-0
v=5Rh7DIBWKBk__#00-07-40_00-09-10_label_B6-0-0__0.npy,B6-0-0
v=5Rh7DIBWKBk__#00-07-40_00-09-10_label_B6-0-0__1.npy,B6-0-0
v=5Rh7DIBWKBk__#00-07-40_00-09-10_label_B6-0-0__2.npy,B6-0-0
v=5Rh7DIBWKBk__#00-07-40_00-09-10_label_B6-0-0__3.npy,B6-0-0
v=5Rh7DIBWKBk__#00-07-40_00-09-10_label_B6-0-0__4.npy,B6-0-0
v=5Rh7DIBWKBk__#00-07-40_00-09-10_label_B6-0-0__5.npy,B6-0-0
v=5Rh7DIBWKBk__#00-07-40_00-09-10_label_B6-0-0__6.npy,B6-0-0
v=5Rh7DIBWKBk__#00-07-40_00-09-10_label_B6-0-0__7.npy,B6-0-0
v=5Rh7DIBWKBk__#00-07-40_00-09-10_label_B6-0-0__8.npy,B6-0-0
v=5Rh7DIBWKBk__#00-07-40_00-09-10_label_B6-0-0__9.npy,B6-0-0
v=5Tnl7_8RqlA__#00-01-00_00-02-45_label_B6-0-0__0.npy,B6-0-0
v=5Tnl7_8RqlA__#00-01-00_00-02-45_label_B6-0-0__1.npy,B6-0-0
v=5Tnl7_8RqlA__#00-01-00_00-02-45_label_B6-0-0__2.npy,B6-0-0
v=5Tnl7_8RqlA__#00-01-00_00-02-45_label_B6-0-0__3.npy,B6-0-0
v=5Tnl7_8RqlA__#00-01-00_00-02-45_label_B6-0-0__4.npy,B6-0-0
v=5Tnl7_8RqlA__#00-01-00_00-02-45_label_B6-0-0__5.npy,B6-0-0
v=5Tnl7_8RqlA__#00-01-00_00-02-45_label_B6-0-0__6.npy,B6-0-0
v=5Tnl7_8RqlA__#00-01-00_00-02-45_label_B6-0-0__7.npy,B6-0-0
v=5Tnl7_8RqlA__#00-01-00_00-02-45_label_B6-0-0__8.npy,B6-0-0
v=5Tnl7_8RqlA__#00-01-00_00-02-45_label_B6-0-0__9.npy,B6-0-0
v=5Tnl7_8RqlA__#00-03-00_00-04-09_label_B6-0-0__0.npy,B6-0-0
v=5Tnl7_8RqlA__#00-03-00_00-04-09_label_B6-0-0__1.npy,B6-0-0
v=5Tnl7_8RqlA__#00-03-00_00-04-09_label_B6-0-0__2.npy,B6-0-0
v=5Tnl7_8RqlA__#00-03-00_00-04-09_label_B6-0-0__3.npy,B6-0-0
v=5Tnl7_8RqlA__#00-03-00_00-04-09_label_B6-0-0__4.npy,B6-0-0
v=5Tnl7_8RqlA__#00-03-00_00-04-09_label_B6-0-0__5.npy,B6-0-0
v=5Tnl7_8RqlA__#00-03-00_00-04-09_label_B6-0-0__6.npy,B6-0-0
v=5Tnl7_8RqlA__#00-03-00_00-04-09_label_B6-0-0__7.npy,B6-0-0
v=5Tnl7_8RqlA__#00-03-00_00-04-09_label_B6-0-0__8.npy,B6-0-0
v=5Tnl7_8RqlA__#00-03-00_00-04-09_label_B6-0-0__9.npy,B6-0-0
v=5Tnl7_8RqlA__#00-04-10_00-06-09_label_B6-0-0__0.npy,B6-0-0
v=5Tnl7_8RqlA__#00-04-10_00-06-09_label_B6-0-0__1.npy,B6-0-0
v=5Tnl7_8RqlA__#00-04-10_00-06-09_label_B6-0-0__2.npy,B6-0-0
v=5Tnl7_8RqlA__#00-04-10_00-06-09_label_B6-0-0__3.npy,B6-0-0
v=5Tnl7_8RqlA__#00-04-10_00-06-09_label_B6-0-0__4.npy,B6-0-0
v=5Tnl7_8RqlA__#00-04-10_00-06-09_label_B6-0-0__5.npy,B6-0-0
v=5Tnl7_8RqlA__#00-04-10_00-06-09_label_B6-0-0__6.npy,B6-0-0
v=5Tnl7_8RqlA__#00-04-10_00-06-09_label_B6-0-0__7.npy,B6-0-0
v=5Tnl7_8RqlA__#00-04-10_00-06-09_label_B6-0-0__8.npy,B6-0-0
v=5Tnl7_8RqlA__#00-04-10_00-06-09_label_B6-0-0__9.npy,B6-0-0
v=5Tnl7_8RqlA__#00-06-10_00-07-19_label_B6-0-0__0.npy,B6-0-0
v=5Tnl7_8RqlA__#00-06-10_00-07-19_label_B6-0-0__1.npy,B6-0-0
v=5Tnl7_8RqlA__#00-06-10_00-07-19_label_B6-0-0__2.npy,B6-0-0
v=5Tnl7_8RqlA__#00-06-10_00-07-19_label_B6-0-0__3.npy,B6-0-0
v=5Tnl7_8RqlA__#00-06-10_00-07-19_label_B6-0-0__4.npy,B6-0-0
v=5Tnl7_8RqlA__#00-06-10_00-07-19_label_B6-0-0__5.npy,B6-0-0
v=5Tnl7_8RqlA__#00-06-10_00-07-19_label_B6-0-0__6.npy,B6-0-0
v=5Tnl7_8RqlA__#00-06-10_00-07-19_label_B6-0-0__7.npy,B6-0-0
v=5Tnl7_8RqlA__#00-06-10_00-07-19_label_B6-0-0__8.npy,B6-0-0
v=5Tnl7_8RqlA__#00-06-10_00-07-19_label_B6-0-0__9.npy,B6-0-0
v=5Tnl7_8RqlA__#00-07-22_00-08-19_label_B6-0-0__0.npy,B6-0-0
v=5Tnl7_8RqlA__#00-07-22_00-08-19_label_B6-0-0__1.npy,B6-0-0
v=5Tnl7_8RqlA__#00-07-22_00-08-19_label_B6-0-0__2.npy,B6-0-0
v=5Tnl7_8RqlA__#00-07-22_00-08-19_label_B6-0-0__3.npy,B6-0-0
v=5Tnl7_8RqlA__#00-07-22_00-08-19_label_B6-0-0__4.npy,B6-0-0
v=5Tnl7_8RqlA__#00-07-22_00-08-19_label_B6-0-0__5.npy,B6-0-0
v=5Tnl7_8RqlA__#00-07-22_00-08-19_label_B6-0-0__6.npy,B6-0-0
v=5Tnl7_8RqlA__#00-07-22_00-08-19_label_B6-0-0__7.npy,B6-0-0
v=5Tnl7_8RqlA__#00-07-22_00-08-19_label_B6-0-0__8.npy,B6-0-0
v=5Tnl7_8RqlA__#00-07-22_00-08-19_label_B6-0-0__9.npy,B6-0-0
v=5Tnl7_8RqlA__#00-08-35_00-10-25_label_B6-0-0__0.npy,B6-0-0
v=5Tnl7_8RqlA__#00-08-35_00-10-25_label_B6-0-0__1.npy,B6-0-0
v=5Tnl7_8RqlA__#00-08-35_00-10-25_label_B6-0-0__2.npy,B6-0-0
v=5Tnl7_8RqlA__#00-08-35_00-10-25_label_B6-0-0__3.npy,B6-0-0
v=5Tnl7_8RqlA__#00-08-35_00-10-25_label_B6-0-0__4.npy,B6-0-0
v=5Tnl7_8RqlA__#00-08-35_00-10-25_label_B6-0-0__5.npy,B6-0-0
v=5Tnl7_8RqlA__#00-08-35_00-10-25_label_B6-0-0__6.npy,B6-0-0
v=5Tnl7_8RqlA__#00-08-35_00-10-25_label_B6-0-0__7.npy,B6-0-0
v=5Tnl7_8RqlA__#00-08-35_00-10-25_label_B6-0-0__8.npy,B6-0-0
v=5Tnl7_8RqlA__#00-08-35_00-10-25_label_B6-0-0__9.npy,B6-0-0
v=5Tnl7_8RqlA__#00-13-00_00-14-09_label_B6-0-0__0.npy,B6-0-0
v=5Tnl7_8RqlA__#00-13-00_00-14-09_label_B6-0-0__1.npy,B6-0-0
v=5Tnl7_8RqlA__#00-13-00_00-14-09_label_B6-0-0__2.npy,B6-0-0
v=5Tnl7_8RqlA__#00-13-00_00-14-09_label_B6-0-0__3.npy,B6-0-0
v=5Tnl7_8RqlA__#00-13-00_00-14-09_label_B6-0-0__4.npy,B6-0-0
v=5Tnl7_8RqlA__#00-13-00_00-14-09_label_B6-0-0__5.npy,B6-0-0
v=5Tnl7_8RqlA__#00-13-00_00-14-09_label_B6-0-0__6.npy,B6-0-0
v=5Tnl7_8RqlA__#00-13-00_00-14-09_label_B6-0-0__7.npy,B6-0-0
v=5Tnl7_8RqlA__#00-13-00_00-14-09_label_B6-0-0__8.npy,B6-0-0
v=5Tnl7_8RqlA__#00-13-00_00-14-09_label_B6-0-0__9.npy,B6-0-0
v=5Tnl7_8RqlA__#00-14-10_00-16-09_label_B6-0-0__0.npy,B6-0-0
v=5Tnl7_8RqlA__#00-14-10_00-16-09_label_B6-0-0__1.npy,B6-0-0
v=5Tnl7_8RqlA__#00-14-10_00-16-09_label_B6-0-0__2.npy,B6-0-0
v=5Tnl7_8RqlA__#00-14-10_00-16-09_label_B6-0-0__3.npy,B6-0-0
v=5Tnl7_8RqlA__#00-14-10_00-16-09_label_B6-0-0__4.npy,B6-0-0
v=5Tnl7_8RqlA__#00-14-10_00-16-09_label_B6-0-0__5.npy,B6-0-0
v=5Tnl7_8RqlA__#00-14-10_00-16-09_label_B6-0-0__6.npy,B6-0-0
v=5Tnl7_8RqlA__#00-14-10_00-16-09_label_B6-0-0__7.npy,B6-0-0
v=5Tnl7_8RqlA__#00-14-10_00-16-09_label_B6-0-0__8.npy,B6-0-0
v=5Tnl7_8RqlA__#00-14-10_00-16-09_label_B6-0-0__9.npy,B6-0-0
v=5Tnl7_8RqlA__#00-16-10_00-17-19_label_B6-0-0__0.npy,B6-0-0
v=5Tnl7_8RqlA__#00-16-10_00-17-19_label_B6-0-0__1.npy,B6-0-0
v=5Tnl7_8RqlA__#00-16-10_00-17-19_label_B6-0-0__2.npy,B6-0-0
v=5Tnl7_8RqlA__#00-16-10_00-17-19_label_B6-0-0__3.npy,B6-0-0
v=5Tnl7_8RqlA__#00-16-10_00-17-19_label_B6-0-0__4.npy,B6-0-0
v=5Tnl7_8RqlA__#00-16-10_00-17-19_label_B6-0-0__5.npy,B6-0-0
v=5Tnl7_8RqlA__#00-16-10_00-17-19_label_B6-0-0__6.npy,B6-0-0
v=5Tnl7_8RqlA__#00-16-10_00-17-19_label_B6-0-0__7.npy,B6-0-0
v=5Tnl7_8RqlA__#00-16-10_00-17-19_label_B6-0-0__8.npy,B6-0-0
v=5Tnl7_8RqlA__#00-16-10_00-17-19_label_B6-0-0__9.npy,B6-0-0
v=5Tnl7_8RqlA__#00-17-22_00-18-19_label_B6-0-0__0.npy,B6-0-0
v=5Tnl7_8RqlA__#00-17-22_00-18-19_label_B6-0-0__1.npy,B6-0-0
v=5Tnl7_8RqlA__#00-17-22_00-18-19_label_B6-0-0__2.npy,B6-0-0
v=5Tnl7_8RqlA__#00-17-22_00-18-19_label_B6-0-0__3.npy,B6-0-0
v=5Tnl7_8RqlA__#00-17-22_00-18-19_label_B6-0-0__4.npy,B6-0-0
v=5Tnl7_8RqlA__#00-17-22_00-18-19_label_B6-0-0__5.npy,B6-0-0
v=5Tnl7_8RqlA__#00-17-22_00-18-19_label_B6-0-0__6.npy,B6-0-0
v=5Tnl7_8RqlA__#00-17-22_00-18-19_label_B6-0-0__7.npy,B6-0-0
v=5Tnl7_8RqlA__#00-17-22_00-18-19_label_B6-0-0__8.npy,B6-0-0
v=5Tnl7_8RqlA__#00-17-22_00-18-19_label_B6-0-0__9.npy,B6-0-0
v=66F2bVUq_zk__#00-00-00_00-00-51_label_B6-0-0__0.npy,B6-0-0
v=66F2bVUq_zk__#00-00-00_00-00-51_label_B6-0-0__1.npy,B6-0-0
v=66F2bVUq_zk__#00-00-00_00-00-51_label_B6-0-0__2.npy,B6-0-0
v=66F2bVUq_zk__#00-00-00_00-00-51_label_B6-0-0__3.npy,B6-0-0
v=66F2bVUq_zk__#00-00-00_00-00-51_label_B6-0-0__4.npy,B6-0-0
v=66F2bVUq_zk__#00-00-00_00-00-51_label_B6-0-0__5.npy,B6-0-0
v=66F2bVUq_zk__#00-00-00_00-00-51_label_B6-0-0__6.npy,B6-0-0
v=66F2bVUq_zk__#00-00-00_00-00-51_label_B6-0-0__7.npy,B6-0-0
v=66F2bVUq_zk__#00-00-00_00-00-51_label_B6-0-0__8.npy,B6-0-0
v=66F2bVUq_zk__#00-00-00_00-00-51_label_B6-0-0__9.npy,B6-0-0
v=66F2bVUq_zk__#00-01-00_00-02-45_label_B6-0-0__0.npy,B6-0-0
v=66F2bVUq_zk__#00-01-00_00-02-45_label_B6-0-0__1.npy,B6-0-0
v=66F2bVUq_zk__#00-01-00_00-02-45_label_B6-0-0__2.npy,B6-0-0
v=66F2bVUq_zk__#00-01-00_00-02-45_label_B6-0-0__3.npy,B6-0-0
v=66F2bVUq_zk__#00-01-00_00-02-45_label_B6-0-0__4.npy,B6-0-0
v=66F2bVUq_zk__#00-01-00_00-02-45_label_B6-0-0__5.npy,B6-0-0
v=66F2bVUq_zk__#00-01-00_00-02-45_label_B6-0-0__6.npy,B6-0-0
v=66F2bVUq_zk__#00-01-00_00-02-45_label_B6-0-0__7.npy,B6-0-0
v=66F2bVUq_zk__#00-01-00_00-02-45_label_B6-0-0__8.npy,B6-0-0
v=66F2bVUq_zk__#00-01-00_00-02-45_label_B6-0-0__9.npy,B6-0-0
v=66F2bVUq_zk__#00-03-00_00-04-09_label_B6-0-0__0.npy,B6-0-0
v=66F2bVUq_zk__#00-03-00_00-04-09_label_B6-0-0__1.npy,B6-0-0
v=66F2bVUq_zk__#00-03-00_00-04-09_label_B6-0-0__2.npy,B6-0-0
v=66F2bVUq_zk__#00-03-00_00-04-09_label_B6-0-0__3.npy,B6-0-0
v=66F2bVUq_zk__#00-03-00_00-04-09_label_B6-0-0__4.npy,B6-0-0
v=66F2bVUq_zk__#00-03-00_00-04-09_label_B6-0-0__5.npy,B6-0-0
v=66F2bVUq_zk__#00-03-00_00-04-09_label_B6-0-0__6.npy,B6-0-0
v=66F2bVUq_zk__#00-03-00_00-04-09_label_B6-0-0__7.npy,B6-0-0
v=66F2bVUq_zk__#00-03-00_00-04-09_label_B6-0-0__8.npy,B6-0-0
v=66F2bVUq_zk__#00-03-00_00-04-09_label_B6-0-0__9.npy,B6-0-0
v=66F2bVUq_zk__#00-04-10_00-06-09_label_B6-0-0__0.npy,B6-0-0
v=66F2bVUq_zk__#00-04-10_00-06-09_label_B6-0-0__1.npy,B6-0-0
v=66F2bVUq_zk__#00-04-10_00-06-09_label_B6-0-0__2.npy,B6-0-0
v=66F2bVUq_zk__#00-04-10_00-06-09_label_B6-0-0__3.npy,B6-0-0
v=66F2bVUq_zk__#00-04-10_00-06-09_label_B6-0-0__4.npy,B6-0-0
v=66F2bVUq_zk__#00-04-10_00-06-09_label_B6-0-0__5.npy,B6-0-0
v=66F2bVUq_zk__#00-04-10_00-06-09_label_B6-0-0__6.npy,B6-0-0
v=66F2bVUq_zk__#00-04-10_00-06-09_label_B6-0-0__7.npy,B6-0-0
v=66F2bVUq_zk__#00-04-10_00-06-09_label_B6-0-0__8.npy,B6-0-0
v=66F2bVUq_zk__#00-04-10_00-06-09_label_B6-0-0__9.npy,B6-0-0
v=66F2bVUq_zk__#00-06-10_00-07-19_label_B6-0-0__0.npy,B6-0-0
v=66F2bVUq_zk__#00-06-10_00-07-19_label_B6-0-0__1.npy,B6-0-0
v=66F2bVUq_zk__#00-06-10_00-07-19_label_B6-0-0__2.npy,B6-0-0
v=66F2bVUq_zk__#00-06-10_00-07-19_label_B6-0-0__3.npy,B6-0-0
v=66F2bVUq_zk__#00-06-10_00-07-19_label_B6-0-0__4.npy,B6-0-0
v=66F2bVUq_zk__#00-06-10_00-07-19_label_B6-0-0__5.npy,B6-0-0
v=66F2bVUq_zk__#00-06-10_00-07-19_label_B6-0-0__6.npy,B6-0-0
v=66F2bVUq_zk__#00-06-10_00-07-19_label_B6-0-0__7.npy,B6-0-0
v=66F2bVUq_zk__#00-06-10_00-07-19_label_B6-0-0__8.npy,B6-0-0
v=66F2bVUq_zk__#00-06-10_00-07-19_label_B6-0-0__9.npy,B6-0-0
v=66F2bVUq_zk__#00-07-22_00-08-19_label_B6-0-0__0.npy,B6-0-0
v=66F2bVUq_zk__#00-07-22_00-08-19_label_B6-0-0__1.npy,B6-0-0
v=66F2bVUq_zk__#00-07-22_00-08-19_label_B6-0-0__2.npy,B6-0-0
v=66F2bVUq_zk__#00-07-22_00-08-19_label_B6-0-0__3.npy,B6-0-0
v=66F2bVUq_zk__#00-07-22_00-08-19_label_B6-0-0__4.npy,B6-0-0
v=66F2bVUq_zk__#00-07-22_00-08-19_label_B6-0-0__5.npy,B6-0-0
v=66F2bVUq_zk__#00-07-22_00-08-19_label_B6-0-0__6.npy,B6-0-0
v=66F2bVUq_zk__#00-07-22_00-08-19_label_B6-0-0__7.npy,B6-0-0
v=66F2bVUq_zk__#00-07-22_00-08-19_label_B6-0-0__8.npy,B6-0-0
v=66F2bVUq_zk__#00-07-22_00-08-19_label_B6-0-0__9.npy,B6-0-0
v=66F2bVUq_zk__#00-08-35_00-10-25_label_B6-0-0__0.npy,B6-0-0
v=66F2bVUq_zk__#00-08-35_00-10-25_label_B6-0-0__1.npy,B6-0-0
v=66F2bVUq_zk__#00-08-35_00-10-25_label_B6-0-0__2.npy,B6-0-0
v=66F2bVUq_zk__#00-08-35_00-10-25_label_B6-0-0__3.npy,B6-0-0
v=66F2bVUq_zk__#00-08-35_00-10-25_label_B6-0-0__4.npy,B6-0-0
v=66F2bVUq_zk__#00-08-35_00-10-25_label_B6-0-0__5.npy,B6-0-0
v=66F2bVUq_zk__#00-08-35_00-10-25_label_B6-0-0__6.npy,B6-0-0
v=66F2bVUq_zk__#00-08-35_00-10-25_label_B6-0-0__7.npy,B6-0-0
v=66F2bVUq_zk__#00-08-35_00-10-25_label_B6-0-0__8.npy,B6-0-0
v=66F2bVUq_zk__#00-08-35_00-10-25_label_B6-0-0__9.npy,B6-0-0
v=6WkKb8Mu89Q__#00-00-35_00-02-30_label_B6-0-0__0.npy,B6-0-0
v=6WkKb8Mu89Q__#00-00-35_00-02-30_label_B6-0-0__1.npy,B6-0-0
v=6WkKb8Mu89Q__#00-00-35_00-02-30_label_B6-0-0__2.npy,B6-0-0
v=6WkKb8Mu89Q__#00-00-35_00-02-30_label_B6-0-0__3.npy,B6-0-0
v=6WkKb8Mu89Q__#00-00-35_00-02-30_label_B6-0-0__4.npy,B6-0-0
v=6WkKb8Mu89Q__#00-00-35_00-02-30_label_B6-0-0__5.npy,B6-0-0
v=6WkKb8Mu89Q__#00-00-35_00-02-30_label_B6-0-0__6.npy,B6-0-0
v=6WkKb8Mu89Q__#00-00-35_00-02-30_label_B6-0-0__7.npy,B6-0-0
v=6WkKb8Mu89Q__#00-00-35_00-02-30_label_B6-0-0__8.npy,B6-0-0
v=6WkKb8Mu89Q__#00-00-35_00-02-30_label_B6-0-0__9.npy,B6-0-0
v=6mTIikv5iwU__#1_label_B6-0-0__0.npy,B6-0-0
v=6mTIikv5iwU__#1_label_B6-0-0__1.npy,B6-0-0
v=6mTIikv5iwU__#1_label_B6-0-0__2.npy,B6-0-0
v=6mTIikv5iwU__#1_label_B6-0-0__3.npy,B6-0-0
v=6mTIikv5iwU__#1_label_B6-0-0__4.npy,B6-0-0
v=6mTIikv5iwU__#1_label_B6-0-0__5.npy,B6-0-0
v=6mTIikv5iwU__#1_label_B6-0-0__6.npy,B6-0-0
v=6mTIikv5iwU__#1_label_B6-0-0__7.npy,B6-0-0
v=6mTIikv5iwU__#1_label_B6-0-0__8.npy,B6-0-0
v=6mTIikv5iwU__#1_label_B6-0-0__9.npy,B6-0-0
v=73uRcX0Dvfc__#00-01-52_00-03-10_label_B6-0-0__0.npy,B6-0-0
v=73uRcX0Dvfc__#00-01-52_00-03-10_label_B6-0-0__1.npy,B6-0-0
v=73uRcX0Dvfc__#00-01-52_00-03-10_label_B6-0-0__2.npy,B6-0-0
v=73uRcX0Dvfc__#00-01-52_00-03-10_label_B6-0-0__3.npy,B6-0-0
v=73uRcX0Dvfc__#00-01-52_00-03-10_label_B6-0-0__4.npy,B6-0-0
v=73uRcX0Dvfc__#00-01-52_00-03-10_label_B6-0-0__5.npy,B6-0-0
v=73uRcX0Dvfc__#00-01-52_00-03-10_label_B6-0-0__6.npy,B6-0-0
v=73uRcX0Dvfc__#00-01-52_00-03-10_label_B6-0-0__7.npy,B6-0-0
v=73uRcX0Dvfc__#00-01-52_00-03-10_label_B6-0-0__8.npy,B6-0-0
v=73uRcX0Dvfc__#00-01-52_00-03-10_label_B6-0-0__9.npy,B6-0-0
v=73uRcX0Dvfc__#00-03-12_00-04-15_label_B6-0-0__0.npy,B6-0-0
v=73uRcX0Dvfc__#00-03-12_00-04-15_label_B6-0-0__1.npy,B6-0-0
v=73uRcX0Dvfc__#00-03-12_00-04-15_label_B6-0-0__2.npy,B6-0-0
v=73uRcX0Dvfc__#00-03-12_00-04-15_label_B6-0-0__3.npy,B6-0-0
v=73uRcX0Dvfc__#00-03-12_00-04-15_label_B6-0-0__4.npy,B6-0-0
v=73uRcX0Dvfc__#00-03-12_00-04-15_label_B6-0-0__5.npy,B6-0-0
v=73uRcX0Dvfc__#00-03-12_00-04-15_label_B6-0-0__6.npy,B6-0-0
v=73uRcX0Dvfc__#00-03-12_00-04-15_label_B6-0-0__7.npy,B6-0-0
v=73uRcX0Dvfc__#00-03-12_00-04-15_label_B6-0-0__8.npy,B6-0-0
v=73uRcX0Dvfc__#00-03-12_00-04-15_label_B6-0-0__9.npy,B6-0-0
v=73uRcX0Dvfc__#00-04-19_00-05-11_label_B6-0-0__0.npy,B6-0-0
v=73uRcX0Dvfc__#00-04-19_00-05-11_label_B6-0-0__1.npy,B6-0-0
v=73uRcX0Dvfc__#00-04-19_00-05-11_label_B6-0-0__2.npy,B6-0-0
v=73uRcX0Dvfc__#00-04-19_00-05-11_label_B6-0-0__3.npy,B6-0-0
v=73uRcX0Dvfc__#00-04-19_00-05-11_label_B6-0-0__4.npy,B6-0-0
v=73uRcX0Dvfc__#00-04-19_00-05-11_label_B6-0-0__5.npy,B6-0-0
v=73uRcX0Dvfc__#00-04-19_00-05-11_label_B6-0-0__6.npy,B6-0-0
v=73uRcX0Dvfc__#00-04-19_00-05-11_label_B6-0-0__7.npy,B6-0-0
v=73uRcX0Dvfc__#00-04-19_00-05-11_label_B6-0-0__8.npy,B6-0-0
v=73uRcX0Dvfc__#00-04-19_00-05-11_label_B6-0-0__9.npy,B6-0-0
v=73uRcX0Dvfc__#00-05-19_00-06-09_label_B6-0-0__0.npy,B6-0-0
v=73uRcX0Dvfc__#00-05-19_00-06-09_label_B6-0-0__1.npy,B6-0-0
v=73uRcX0Dvfc__#00-05-19_00-06-09_label_B6-0-0__2.npy,B6-0-0
v=73uRcX0Dvfc__#00-05-19_00-06-09_label_B6-0-0__3.npy,B6-0-0
v=73uRcX0Dvfc__#00-05-19_00-06-09_label_B6-0-0__4.npy,B6-0-0
v=73uRcX0Dvfc__#00-05-19_00-06-09_label_B6-0-0__5.npy,B6-0-0
v=73uRcX0Dvfc__#00-05-19_00-06-09_label_B6-0-0__6.npy,B6-0-0
v=73uRcX0Dvfc__#00-05-19_00-06-09_label_B6-0-0__7.npy,B6-0-0
v=73uRcX0Dvfc__#00-05-19_00-06-09_label_B6-0-0__8.npy,B6-0-0
v=73uRcX0Dvfc__#00-05-19_00-06-09_label_B6-0-0__9.npy,B6-0-0
v=7QOdBpDrmKk__#00-00-00_00-00-51_label_B6-0-0__0.npy,B6-0-0
v=7QOdBpDrmKk__#00-00-00_00-00-51_label_B6-0-0__1.npy,B6-0-0
v=7QOdBpDrmKk__#00-00-00_00-00-51_label_B6-0-0__2.npy,B6-0-0
v=7QOdBpDrmKk__#00-00-00_00-00-51_label_B6-0-0__3.npy,B6-0-0
v=7QOdBpDrmKk__#00-00-00_00-00-51_label_B6-0-0__4.npy,B6-0-0
v=7QOdBpDrmKk__#00-00-00_00-00-51_label_B6-0-0__5.npy,B6-0-0
v=7QOdBpDrmKk__#00-00-00_00-00-51_label_B6-0-0__6.npy,B6-0-0
v=7QOdBpDrmKk__#00-00-00_00-00-51_label_B6-0-0__7.npy,B6-0-0
v=7QOdBpDrmKk__#00-00-00_00-00-51_label_B6-0-0__8.npy,B6-0-0
v=7QOdBpDrmKk__#00-00-00_00-00-51_label_B6-0-0__9.npy,B6-0-0
v=7QOdBpDrmKk__#00-03-00_00-04-09_label_B6-0-0__0.npy,B6-0-0
v=7QOdBpDrmKk__#00-03-00_00-04-09_label_B6-0-0__1.npy,B6-0-0
v=7QOdBpDrmKk__#00-03-00_00-04-09_label_B6-0-0__2.npy,B6-0-0
v=7QOdBpDrmKk__#00-03-00_00-04-09_label_B6-0-0__3.npy,B6-0-0
v=7QOdBpDrmKk__#00-03-00_00-04-09_label_B6-0-0__4.npy,B6-0-0
v=7QOdBpDrmKk__#00-03-00_00-04-09_label_B6-0-0__5.npy,B6-0-0
v=7QOdBpDrmKk__#00-03-00_00-04-09_label_B6-0-0__6.npy,B6-0-0
v=7QOdBpDrmKk__#00-03-00_00-04-09_label_B6-0-0__7.npy,B6-0-0
v=7QOdBpDrmKk__#00-03-00_00-04-09_label_B6-0-0__8.npy,B6-0-0
v=7QOdBpDrmKk__#00-03-00_00-04-09_label_B6-0-0__9.npy,B6-0-0
v=7QOdBpDrmKk__#00-04-10_00-06-09_label_B6-0-0__0.npy,B6-0-0
v=7QOdBpDrmKk__#00-04-10_00-06-09_label_B6-0-0__1.npy,B6-0-0
v=7QOdBpDrmKk__#00-04-10_00-06-09_label_B6-0-0__2.npy,B6-0-0
v=7QOdBpDrmKk__#00-04-10_00-06-09_label_B6-0-0__3.npy,B6-0-0
v=7QOdBpDrmKk__#00-04-10_00-06-09_label_B6-0-0__4.npy,B6-0-0
v=7QOdBpDrmKk__#00-04-10_00-06-09_label_B6-0-0__5.npy,B6-0-0
v=7QOdBpDrmKk__#00-04-10_00-06-09_label_B6-0-0__6.npy,B6-0-0
v=7QOdBpDrmKk__#00-04-10_00-06-09_label_B6-0-0__7.npy,B6-0-0
v=7QOdBpDrmKk__#00-04-10_00-06-09_label_B6-0-0__8.npy,B6-0-0
v=7QOdBpDrmKk__#00-04-10_00-06-09_label_B6-0-0__9.npy,B6-0-0
v=7QOdBpDrmKk__#00-06-10_00-07-19_label_B6-0-0__0.npy,B6-0-0
v=7QOdBpDrmKk__#00-06-10_00-07-19_label_B6-0-0__1.npy,B6-0-0
v=7QOdBpDrmKk__#00-06-10_00-07-19_label_B6-0-0__2.npy,B6-0-0
v=7QOdBpDrmKk__#00-06-10_00-07-19_label_B6-0-0__3.npy,B6-0-0
v=7QOdBpDrmKk__#00-06-10_00-07-19_label_B6-0-0__4.npy,B6-0-0
v=7QOdBpDrmKk__#00-06-10_00-07-19_label_B6-0-0__5.npy,B6-0-0
v=7QOdBpDrmKk__#00-06-10_00-07-19_label_B6-0-0__6.npy,B6-0-0
v=7QOdBpDrmKk__#00-06-10_00-07-19_label_B6-0-0__7.npy,B6-0-0
v=7QOdBpDrmKk__#00-06-10_00-07-19_label_B6-0-0__8.npy,B6-0-0
v=7QOdBpDrmKk__#00-06-10_00-07-19_label_B6-0-0__9.npy,B6-0-0
v=7QOdBpDrmKk__#00-07-22_00-08-19_label_B6-0-0__0.npy,B6-0-0
v=7QOdBpDrmKk__#00-07-22_00-08-19_label_B6-0-0__1.npy,B6-0-0
v=7QOdBpDrmKk__#00-07-22_00-08-19_label_B6-0-0__2.npy,B6-0-0
v=7QOdBpDrmKk__#00-07-22_00-08-19_label_B6-0-0__3.npy,B6-0-0
v=7QOdBpDrmKk__#00-07-22_00-08-19_label_B6-0-0__4.npy,B6-0-0
v=7QOdBpDrmKk__#00-07-22_00-08-19_label_B6-0-0__5.npy,B6-0-0
v=7QOdBpDrmKk__#00-07-22_00-08-19_label_B6-0-0__6.npy,B6-0-0
v=7QOdBpDrmKk__#00-07-22_00-08-19_label_B6-0-0__7.npy,B6-0-0
v=7QOdBpDrmKk__#00-07-22_00-08-19_label_B6-0-0__8.npy,B6-0-0
v=7QOdBpDrmKk__#00-07-22_00-08-19_label_B6-0-0__9.npy,B6-0-0
v=7QOdBpDrmKk__#00-08-35_00-10-25_label_B6-0-0__0.npy,B6-0-0
v=7QOdBpDrmKk__#00-08-35_00-10-25_label_B6-0-0__1.npy,B6-0-0
v=7QOdBpDrmKk__#00-08-35_00-10-25_label_B6-0-0__2.npy,B6-0-0
v=7QOdBpDrmKk__#00-08-35_00-10-25_label_B6-0-0__3.npy,B6-0-0
v=7QOdBpDrmKk__#00-08-35_00-10-25_label_B6-0-0__4.npy,B6-0-0
v=7QOdBpDrmKk__#00-08-35_00-10-25_label_B6-0-0__5.npy,B6-0-0
v=7QOdBpDrmKk__#00-08-35_00-10-25_label_B6-0-0__6.npy,B6-0-0
v=7QOdBpDrmKk__#00-08-35_00-10-25_label_B6-0-0__7.npy,B6-0-0
v=7QOdBpDrmKk__#00-08-35_00-10-25_label_B6-0-0__8.npy,B6-0-0
v=7QOdBpDrmKk__#00-08-35_00-10-25_label_B6-0-0__9.npy,B6-0-0
v=7QOdBpDrmKk__#00-11-00_00-12-45_label_B6-0-0__0.npy,B6-0-0
v=7QOdBpDrmKk__#00-11-00_00-12-45_label_B6-0-0__1.npy,B6-0-0
v=7QOdBpDrmKk__#00-11-00_00-12-45_label_B6-0-0__2.npy,B6-0-0
v=7QOdBpDrmKk__#00-11-00_00-12-45_label_B6-0-0__3.npy,B6-0-0
v=7QOdBpDrmKk__#00-11-00_00-12-45_label_B6-0-0__4.npy,B6-0-0
v=7QOdBpDrmKk__#00-11-00_00-12-45_label_B6-0-0__5.npy,B6-0-0
v=7QOdBpDrmKk__#00-11-00_00-12-45_label_B6-0-0__6.npy,B6-0-0
v=7QOdBpDrmKk__#00-11-00_00-12-45_label_B6-0-0__7.npy,B6-0-0
v=7QOdBpDrmKk__#00-11-00_00-12-45_label_B6-0-0__8.npy,B6-0-0
v=7QOdBpDrmKk__#00-11-00_00-12-45_label_B6-0-0__9.npy,B6-0-0
v=7QOdBpDrmKk__#00-13-00_00-14-09_label_B6-0-0__0.npy,B6-0-0
v=7QOdBpDrmKk__#00-13-00_00-14-09_label_B6-0-0__1.npy,B6-0-0
v=7QOdBpDrmKk__#00-13-00_00-14-09_label_B6-0-0__2.npy,B6-0-0
v=7QOdBpDrmKk__#00-13-00_00-14-09_label_B6-0-0__3.npy,B6-0-0
v=7QOdBpDrmKk__#00-13-00_00-14-09_label_B6-0-0__4.npy,B6-0-0
v=7QOdBpDrmKk__#00-13-00_00-14-09_label_B6-0-0__5.npy,B6-0-0
v=7QOdBpDrmKk__#00-13-00_00-14-09_label_B6-0-0__6.npy,B6-0-0
v=7QOdBpDrmKk__#00-13-00_00-14-09_label_B6-0-0__7.npy,B6-0-0
v=7QOdBpDrmKk__#00-13-00_00-14-09_label_B6-0-0__8.npy,B6-0-0
v=7QOdBpDrmKk__#00-13-00_00-14-09_label_B6-0-0__9.npy,B6-0-0
v=7QOdBpDrmKk__#00-14-10_00-14-49_label_B6-0-0__0.npy,B6-0-0
v=7QOdBpDrmKk__#00-14-10_00-14-49_label_B6-0-0__1.npy,B6-0-0
v=7QOdBpDrmKk__#00-14-10_00-14-49_label_B6-0-0__2.npy,B6-0-0
v=7QOdBpDrmKk__#00-14-10_00-14-49_label_B6-0-0__3.npy,B6-0-0
v=7QOdBpDrmKk__#00-14-10_00-14-49_label_B6-0-0__4.npy,B6-0-0
v=7QOdBpDrmKk__#00-14-10_00-14-49_label_B6-0-0__5.npy,B6-0-0
v=7QOdBpDrmKk__#00-14-10_00-14-49_label_B6-0-0__6.npy,B6-0-0
v=7QOdBpDrmKk__#00-14-10_00-14-49_label_B6-0-0__7.npy,B6-0-0
v=7QOdBpDrmKk__#00-14-10_00-14-49_label_B6-0-0__8.npy,B6-0-0
v=7QOdBpDrmKk__#00-14-10_00-14-49_label_B6-0-0__9.npy,B6-0-0
v=7q4Yj0O9DXo__#1_label_B6-0-0__0.npy,B6-0-0
v=7q4Yj0O9DXo__#1_label_B6-0-0__1.npy,B6-0-0
v=7q4Yj0O9DXo__#1_label_B6-0-0__2.npy,B6-0-0
v=7q4Yj0O9DXo__#1_label_B6-0-0__3.npy,B6-0-0
v=7q4Yj0O9DXo__#1_label_B6-0-0__4.npy,B6-0-0
v=7q4Yj0O9DXo__#1_label_B6-0-0__5.npy,B6-0-0
v=7q4Yj0O9DXo__#1_label_B6-0-0__6.npy,B6-0-0
v=7q4Yj0O9DXo__#1_label_B6-0-0__7.npy,B6-0-0
v=7q4Yj0O9DXo__#1_label_B6-0-0__8.npy,B6-0-0
v=7q4Yj0O9DXo__#1_label_B6-0-0__9.npy,B6-0-0
v=883gJGDi8Xw__#1_label_B6-0-0__0.npy,B6-0-0
v=883gJGDi8Xw__#1_label_B6-0-0__1.npy,B6-0-0
v=883gJGDi8Xw__#1_label_B6-0-0__2.npy,B6-0-0
v=883gJGDi8Xw__#1_label_B6-0-0__3.npy,B6-0-0
v=883gJGDi8Xw__#1_label_B6-0-0__4.npy,B6-0-0
v=883gJGDi8Xw__#1_label_B6-0-0__5.npy,B6-0-0
v=883gJGDi8Xw__#1_label_B6-0-0__6.npy,B6-0-0
v=883gJGDi8Xw__#1_label_B6-0-0__7.npy,B6-0-0
v=883gJGDi8Xw__#1_label_B6-0-0__8.npy,B6-0-0
v=883gJGDi8Xw__#1_label_B6-0-0__9.npy,B6-0-0
v=8tqeeBGjnPg__#00-00-00_00-01-51_label_B6-0-0__0.npy,B6-0-0
v=8tqeeBGjnPg__#00-00-00_00-01-51_label_B6-0-0__1.npy,B6-0-0
v=8tqeeBGjnPg__#00-00-00_00-01-51_label_B6-0-0__2.npy,B6-0-0
v=8tqeeBGjnPg__#00-00-00_00-01-51_label_B6-0-0__3.npy,B6-0-0
v=8tqeeBGjnPg__#00-00-00_00-01-51_label_B6-0-0__4.npy,B6-0-0
v=8tqeeBGjnPg__#00-00-00_00-01-51_label_B6-0-0__5.npy,B6-0-0
v=8tqeeBGjnPg__#00-00-00_00-01-51_label_B6-0-0__6.npy,B6-0-0
v=8tqeeBGjnPg__#00-00-00_00-01-51_label_B6-0-0__7.npy,B6-0-0
v=8tqeeBGjnPg__#00-00-00_00-01-51_label_B6-0-0__8.npy,B6-0-0
v=8tqeeBGjnPg__#00-00-00_00-01-51_label_B6-0-0__9.npy,B6-0-0
v=8tqeeBGjnPg__#00-01-52_00-03-10_label_B6-0-0__0.npy,B6-0-0
v=8tqeeBGjnPg__#00-01-52_00-03-10_label_B6-0-0__1.npy,B6-0-0
v=8tqeeBGjnPg__#00-01-52_00-03-10_label_B6-0-0__2.npy,B6-0-0
v=8tqeeBGjnPg__#00-01-52_00-03-10_label_B6-0-0__3.npy,B6-0-0
v=8tqeeBGjnPg__#00-01-52_00-03-10_label_B6-0-0__4.npy,B6-0-0
v=8tqeeBGjnPg__#00-01-52_00-03-10_label_B6-0-0__5.npy,B6-0-0
v=8tqeeBGjnPg__#00-01-52_00-03-10_label_B6-0-0__6.npy,B6-0-0
v=8tqeeBGjnPg__#00-01-52_00-03-10_label_B6-0-0__7.npy,B6-0-0
v=8tqeeBGjnPg__#00-01-52_00-03-10_label_B6-0-0__8.npy,B6-0-0
v=8tqeeBGjnPg__#00-01-52_00-03-10_label_B6-0-0__9.npy,B6-0-0
v=8tqeeBGjnPg__#00-04-19_00-06-00_label_B6-0-0__0.npy,B6-0-0
v=8tqeeBGjnPg__#00-04-19_00-06-00_label_B6-0-0__1.npy,B6-0-0
v=8tqeeBGjnPg__#00-04-19_00-06-00_label_B6-0-0__2.npy,B6-0-0
v=8tqeeBGjnPg__#00-04-19_00-06-00_label_B6-0-0__3.npy,B6-0-0
v=8tqeeBGjnPg__#00-04-19_00-06-00_label_B6-0-0__4.npy,B6-0-0
v=8tqeeBGjnPg__#00-04-19_00-06-00_label_B6-0-0__5.npy,B6-0-0
v=8tqeeBGjnPg__#00-04-19_00-06-00_label_B6-0-0__6.npy,B6-0-0
v=8tqeeBGjnPg__#00-04-19_00-06-00_label_B6-0-0__7.npy,B6-0-0
v=8tqeeBGjnPg__#00-04-19_00-06-00_label_B6-0-0__8.npy,B6-0-0
v=8tqeeBGjnPg__#00-04-19_00-06-00_label_B6-0-0__9.npy,B6-0-0
v=8tqeeBGjnPg__#00-07-02_00-08-00_label_B6-0-0__0.npy,B6-0-0
v=8tqeeBGjnPg__#00-07-02_00-08-00_label_B6-0-0__1.npy,B6-0-0
v=8tqeeBGjnPg__#00-07-02_00-08-00_label_B6-0-0__2.npy,B6-0-0
v=8tqeeBGjnPg__#00-07-02_00-08-00_label_B6-0-0__3.npy,B6-0-0
v=8tqeeBGjnPg__#00-07-02_00-08-00_label_B6-0-0__4.npy,B6-0-0
v=8tqeeBGjnPg__#00-07-02_00-08-00_label_B6-0-0__5.npy,B6-0-0
v=8tqeeBGjnPg__#00-07-02_00-08-00_label_B6-0-0__6.npy,B6-0-0
v=8tqeeBGjnPg__#00-07-02_00-08-00_label_B6-0-0__7.npy,B6-0-0
v=8tqeeBGjnPg__#00-07-02_00-08-00_label_B6-0-0__8.npy,B6-0-0
v=8tqeeBGjnPg__#00-07-02_00-08-00_label_B6-0-0__9.npy,B6-0-0
v=8tqeeBGjnPg__#00-08-10_00-09-51_label_B6-0-0__0.npy,B6-0-0
v=8tqeeBGjnPg__#00-08-10_00-09-51_label_B6-0-0__1.npy,B6-0-0
v=8tqeeBGjnPg__#00-08-10_00-09-51_label_B6-0-0__2.npy,B6-0-0
v=8tqeeBGjnPg__#00-08-10_00-09-51_label_B6-0-0__3.npy,B6-0-0
v=8tqeeBGjnPg__#00-08-10_00-09-51_label_B6-0-0__4.npy,B6-0-0
v=8tqeeBGjnPg__#00-08-10_00-09-51_label_B6-0-0__5.npy,B6-0-0
v=8tqeeBGjnPg__#00-08-10_00-09-51_label_B6-0-0__6.npy,B6-0-0
v=8tqeeBGjnPg__#00-08-10_00-09-51_label_B6-0-0__7.npy,B6-0-0
v=8tqeeBGjnPg__#00-08-10_00-09-51_label_B6-0-0__8.npy,B6-0-0
v=8tqeeBGjnPg__#00-08-10_00-09-51_label_B6-0-0__9.npy,B6-0-0
v=8tqeeBGjnPg__#00-10-00_00-11-31_label_B6-0-0__0.npy,B6-0-0
v=8tqeeBGjnPg__#00-10-00_00-11-31_label_B6-0-0__1.npy,B6-0-0
v=8tqeeBGjnPg__#00-10-00_00-11-31_label_B6-0-0__2.npy,B6-0-0
v=8tqeeBGjnPg__#00-10-00_00-11-31_label_B6-0-0__3.npy,B6-0-0
v=8tqeeBGjnPg__#00-10-00_00-11-31_label_B6-0-0__4.npy,B6-0-0
v=8tqeeBGjnPg__#00-10-00_00-11-31_label_B6-0-0__5.npy,B6-0-0
v=8tqeeBGjnPg__#00-10-00_00-11-31_label_B6-0-0__6.npy,B6-0-0
v=8tqeeBGjnPg__#00-10-00_00-11-31_label_B6-0-0__7.npy,B6-0-0
v=8tqeeBGjnPg__#00-10-00_00-11-31_label_B6-0-0__8.npy,B6-0-0
v=8tqeeBGjnPg__#00-10-00_00-11-31_label_B6-0-0__9.npy,B6-0-0
v=9PewfYAzMNs__#00-00-00_00-00-51_label_B6-0-0__0.npy,B6-0-0
v=9PewfYAzMNs__#00-00-00_00-00-51_label_B6-0-0__1.npy,B6-0-0
v=9PewfYAzMNs__#00-00-00_00-00-51_label_B6-0-0__2.npy,B6-0-0
v=9PewfYAzMNs__#00-00-00_00-00-51_label_B6-0-0__3.npy,B6-0-0
v=9PewfYAzMNs__#00-00-00_00-00-51_label_B6-0-0__4.npy,B6-0-0
v=9PewfYAzMNs__#00-00-00_00-00-51_label_B6-0-0__5.npy,B6-0-0
v=9PewfYAzMNs__#00-00-00_00-00-51_label_B6-0-0__6.npy,B6-0-0
v=9PewfYAzMNs__#00-00-00_00-00-51_label_B6-0-0__7.npy,B6-0-0
v=9PewfYAzMNs__#00-00-00_00-00-51_label_B6-0-0__8.npy,B6-0-0
v=9PewfYAzMNs__#00-00-00_00-00-51_label_B6-0-0__9.npy,B6-0-0
v=9PewfYAzMNs__#00-01-00_00-02-45_label_B6-0-0__0.npy,B6-0-0
v=9PewfYAzMNs__#00-01-00_00-02-45_label_B6-0-0__1.npy,B6-0-0
v=9PewfYAzMNs__#00-01-00_00-02-45_label_B6-0-0__2.npy,B6-0-0
v=9PewfYAzMNs__#00-01-00_00-02-45_label_B6-0-0__3.npy,B6-0-0
v=9PewfYAzMNs__#00-01-00_00-02-45_label_B6-0-0__4.npy,B6-0-0
v=9PewfYAzMNs__#00-01-00_00-02-45_label_B6-0-0__5.npy,B6-0-0
v=9PewfYAzMNs__#00-01-00_00-02-45_label_B6-0-0__6.npy,B6-0-0
v=9PewfYAzMNs__#00-01-00_00-02-45_label_B6-0-0__7.npy,B6-0-0
v=9PewfYAzMNs__#00-01-00_00-02-45_label_B6-0-0__8.npy,B6-0-0
v=9PewfYAzMNs__#00-01-00_00-02-45_label_B6-0-0__9.npy,B6-0-0
v=BosKNgpNdP4__#00-01-30_00-02-37_label_B6-0-0__0.npy,B6-0-0
v=BosKNgpNdP4__#00-01-30_00-02-37_label_B6-0-0__1.npy,B6-0-0
v=BosKNgpNdP4__#00-01-30_00-02-37_label_B6-0-0__2.npy,B6-0-0
v=BosKNgpNdP4__#00-01-30_00-02-37_label_B6-0-0__3.npy,B6-0-0
v=BosKNgpNdP4__#00-01-30_00-02-37_label_B6-0-0__4.npy,B6-0-0
v=BosKNgpNdP4__#00-01-30_00-02-37_label_B6-0-0__5.npy,B6-0-0
v=BosKNgpNdP4__#00-01-30_00-02-37_label_B6-0-0__6.npy,B6-0-0
v=BosKNgpNdP4__#00-01-30_00-02-37_label_B6-0-0__7.npy,B6-0-0
v=BosKNgpNdP4__#00-01-30_00-02-37_label_B6-0-0__8.npy,B6-0-0
v=BosKNgpNdP4__#00-01-30_00-02-37_label_B6-0-0__9.npy,B6-0-0
v=BosKNgpNdP4__#00-04-00_00-05-45_label_B6-0-0__0.npy,B6-0-0
v=BosKNgpNdP4__#00-04-00_00-05-45_label_B6-0-0__1.npy,B6-0-0
v=BosKNgpNdP4__#00-04-00_00-05-45_label_B6-0-0__2.npy,B6-0-0
v=BosKNgpNdP4__#00-04-00_00-05-45_label_B6-0-0__3.npy,B6-0-0
v=BosKNgpNdP4__#00-04-00_00-05-45_label_B6-0-0__4.npy,B6-0-0
v=BosKNgpNdP4__#00-04-00_00-05-45_label_B6-0-0__5.npy,B6-0-0
v=BosKNgpNdP4__#00-04-00_00-05-45_label_B6-0-0__6.npy,B6-0-0
v=BosKNgpNdP4__#00-04-00_00-05-45_label_B6-0-0__7.npy,B6-0-0
v=BosKNgpNdP4__#00-04-00_00-05-45_label_B6-0-0__8.npy,B6-0-0
v=BosKNgpNdP4__#00-04-00_00-05-45_label_B6-0-0__9.npy,B6-0-0
v=BosKNgpNdP4__#00-08-10_00-08-40_label_B6-0-0__0.npy,B6-0-0
v=BosKNgpNdP4__#00-08-10_00-08-40_label_B6-0-0__1.npy,B6-0-0
v=BosKNgpNdP4__#00-08-10_00-08-40_label_B6-0-0__2.npy,B6-0-0
v=BosKNgpNdP4__#00-08-10_00-08-40_label_B6-0-0__3.npy,B6-0-0
v=BosKNgpNdP4__#00-08-10_00-08-40_label_B6-0-0__4.npy,B6-0-0
v=BosKNgpNdP4__#00-08-10_00-08-40_label_B6-0-0__5.npy,B6-0-0
v=BosKNgpNdP4__#00-08-10_00-08-40_label_B6-0-0__6.npy,B6-0-0
v=BosKNgpNdP4__#00-08-10_00-08-40_label_B6-0-0__7.npy,B6-0-0
v=BosKNgpNdP4__#00-08-10_00-08-40_label_B6-0-0__8.npy,B6-0-0
v=BosKNgpNdP4__#00-08-10_00-08-40_label_B6-0-0__9.npy,B6-0-0
v=BzwNU2xmT64__#00-00-00_00-00-51_label_B6-0-0__0.npy,B6-0-0
v=BzwNU2xmT64__#00-00-00_00-00-51_label_B6-0-0__1.npy,B6-0-0
v=BzwNU2xmT64__#00-00-00_00-00-51_label_B6-0-0__2.npy,B6-0-0
v=BzwNU2xmT64__#00-00-00_00-00-51_label_B6-0-0__3.npy,B6-0-0
v=BzwNU2xmT64__#00-00-00_00-00-51_label_B6-0-0__4.npy,B6-0-0
v=BzwNU2xmT64__#00-00-00_00-00-51_label_B6-0-0__5.npy,B6-0-0
v=BzwNU2xmT64__#00-00-00_00-00-51_label_B6-0-0__6.npy,B6-0-0
v=BzwNU2xmT64__#00-00-00_00-00-51_label_B6-0-0__7.npy,B6-0-0
v=BzwNU2xmT64__#00-00-00_00-00-51_label_B6-0-0__8.npy,B6-0-0
v=BzwNU2xmT64__#00-00-00_00-00-51_label_B6-0-0__9.npy,B6-0-0
v=BzwNU2xmT64__#00-03-00_00-04-09_label_B6-0-0__0.npy,B6-0-0
v=BzwNU2xmT64__#00-03-00_00-04-09_label_B6-0-0__1.npy,B6-0-0
v=BzwNU2xmT64__#00-03-00_00-04-09_label_B6-0-0__2.npy,B6-0-0
v=BzwNU2xmT64__#00-03-00_00-04-09_label_B6-0-0__3.npy,B6-0-0
v=BzwNU2xmT64__#00-03-00_00-04-09_label_B6-0-0__4.npy,B6-0-0
v=BzwNU2xmT64__#00-03-00_00-04-09_label_B6-0-0__5.npy,B6-0-0
v=BzwNU2xmT64__#00-03-00_00-04-09_label_B6-0-0__6.npy,B6-0-0
v=BzwNU2xmT64__#00-03-00_00-04-09_label_B6-0-0__7.npy,B6-0-0
v=BzwNU2xmT64__#00-03-00_00-04-09_label_B6-0-0__8.npy,B6-0-0
v=BzwNU2xmT64__#00-03-00_00-04-09_label_B6-0-0__9.npy,B6-0-0
v=BzwNU2xmT64__#00-06-10_00-07-19_label_B6-0-0__0.npy,B6-0-0
v=BzwNU2xmT64__#00-06-10_00-07-19_label_B6-0-0__1.npy,B6-0-0
v=BzwNU2xmT64__#00-06-10_00-07-19_label_B6-0-0__2.npy,B6-0-0
v=BzwNU2xmT64__#00-06-10_00-07-19_label_B6-0-0__3.npy,B6-0-0
v=BzwNU2xmT64__#00-06-10_00-07-19_label_B6-0-0__4.npy,B6-0-0
v=BzwNU2xmT64__#00-06-10_00-07-19_label_B6-0-0__5.npy,B6-0-0
v=BzwNU2xmT64__#00-06-10_00-07-19_label_B6-0-0__6.npy,B6-0-0
v=BzwNU2xmT64__#00-06-10_00-07-19_label_B6-0-0__7.npy,B6-0-0
v=BzwNU2xmT64__#00-06-10_00-07-19_label_B6-0-0__8.npy,B6-0-0
v=BzwNU2xmT64__#00-06-10_00-07-19_label_B6-0-0__9.npy,B6-0-0
v=BzwNU2xmT64__#00-08-35_00-10-25_label_B6-0-0__0.npy,B6-0-0
v=BzwNU2xmT64__#00-08-35_00-10-25_label_B6-0-0__1.npy,B6-0-0
v=BzwNU2xmT64__#00-08-35_00-10-25_label_B6-0-0__2.npy,B6-0-0
v=BzwNU2xmT64__#00-08-35_00-10-25_label_B6-0-0__3.npy,B6-0-0
v=BzwNU2xmT64__#00-08-35_00-10-25_label_B6-0-0__4.npy,B6-0-0
v=BzwNU2xmT64__#00-08-35_00-10-25_label_B6-0-0__5.npy,B6-0-0
v=BzwNU2xmT64__#00-08-35_00-10-25_label_B6-0-0__6.npy,B6-0-0
v=BzwNU2xmT64__#00-08-35_00-10-25_label_B6-0-0__7.npy,B6-0-0
v=BzwNU2xmT64__#00-08-35_00-10-25_label_B6-0-0__8.npy,B6-0-0
v=BzwNU2xmT64__#00-08-35_00-10-25_label_B6-0-0__9.npy,B6-0-0
v=BzwNU2xmT64__#00-10-30_00-10-51_label_B6-0-0__0.npy,B6-0-0
v=BzwNU2xmT64__#00-10-30_00-10-51_label_B6-0-0__1.npy,B6-0-0
v=BzwNU2xmT64__#00-10-30_00-10-51_label_B6-0-0__2.npy,B6-0-0
v=BzwNU2xmT64__#00-10-30_00-10-51_label_B6-0-0__3.npy,B6-0-0
v=BzwNU2xmT64__#00-10-30_00-10-51_label_B6-0-0__4.npy,B6-0-0
v=BzwNU2xmT64__#00-10-30_00-10-51_label_B6-0-0__5.npy,B6-0-0
v=BzwNU2xmT64__#00-10-30_00-10-51_label_B6-0-0__6.npy,B6-0-0
v=BzwNU2xmT64__#00-10-30_00-10-51_label_B6-0-0__7.npy,B6-0-0
v=BzwNU2xmT64__#00-10-30_00-10-51_label_B6-0-0__8.npy,B6-0-0
v=BzwNU2xmT64__#00-10-30_00-10-51_label_B6-0-0__9.npy,B6-0-0
v=BzwNU2xmT64__#00-11-00_00-12-45_label_B6-0-0__0.npy,B6-0-0
v=BzwNU2xmT64__#00-11-00_00-12-45_label_B6-0-0__1.npy,B6-0-0
v=BzwNU2xmT64__#00-11-00_00-12-45_label_B6-0-0__2.npy,B6-0-0
v=BzwNU2xmT64__#00-11-00_00-12-45_label_B6-0-0__3.npy,B6-0-0
v=BzwNU2xmT64__#00-11-00_00-12-45_label_B6-0-0__4.npy,B6-0-0
v=BzwNU2xmT64__#00-11-00_00-12-45_label_B6-0-0__5.npy,B6-0-0
v=BzwNU2xmT64__#00-11-00_00-12-45_label_B6-0-0__6.npy,B6-0-0
v=BzwNU2xmT64__#00-11-00_00-12-45_label_B6-0-0__7.npy,B6-0-0
v=BzwNU2xmT64__#00-11-00_00-12-45_label_B6-0-0__8.npy,B6-0-0
v=BzwNU2xmT64__#00-11-00_00-12-45_label_B6-0-0__9.npy,B6-0-0
v=BzwNU2xmT64__#00-13-00_00-14-09_label_B6-0-0__0.npy,B6-0-0
v=BzwNU2xmT64__#00-13-00_00-14-09_label_B6-0-0__1.npy,B6-0-0
v=BzwNU2xmT64__#00-13-00_00-14-09_label_B6-0-0__2.npy,B6-0-0
v=BzwNU2xmT64__#00-13-00_00-14-09_label_B6-0-0__3.npy,B6-0-0
v=BzwNU2xmT64__#00-13-00_00-14-09_label_B6-0-0__4.npy,B6-0-0
v=BzwNU2xmT64__#00-13-00_00-14-09_label_B6-0-0__5.npy,B6-0-0
v=BzwNU2xmT64__#00-13-00_00-14-09_label_B6-0-0__6.npy,B6-0-0
v=BzwNU2xmT64__#00-13-00_00-14-09_label_B6-0-0__7.npy,B6-0-0
v=BzwNU2xmT64__#00-13-00_00-14-09_label_B6-0-0__8.npy,B6-0-0
v=BzwNU2xmT64__#00-13-00_00-14-09_label_B6-0-0__9.npy,B6-0-0
v=C1ZCZ-PBGzI__#00-00-00_00-01-51_label_B6-0-0__0.npy,B6-0-0
v=C1ZCZ-PBGzI__#00-00-00_00-01-51_label_B6-0-0__1.npy,B6-0-0
v=C1ZCZ-PBGzI__#00-00-00_00-01-51_label_B6-0-0__2.npy,B6-0-0
v=C1ZCZ-PBGzI__#00-00-00_00-01-51_label_B6-0-0__3.npy,B6-0-0
v=C1ZCZ-PBGzI__#00-00-00_00-01-51_label_B6-0-0__4.npy,B6-0-0
v=C1ZCZ-PBGzI__#00-00-00_00-01-51_label_B6-0-0__5.npy,B6-0-0
v=C1ZCZ-PBGzI__#00-00-00_00-01-51_label_B6-0-0__6.npy,B6-0-0
v=C1ZCZ-PBGzI__#00-00-00_00-01-51_label_B6-0-0__7.npy,B6-0-0
v=C1ZCZ-PBGzI__#00-00-00_00-01-51_label_B6-0-0__8.npy,B6-0-0
v=C1ZCZ-PBGzI__#00-00-00_00-01-51_label_B6-0-0__9.npy,B6-0-0
v=C1ZCZ-PBGzI__#00-01-52_00-03-10_label_B6-0-0__0.npy,B6-0-0
v=C1ZCZ-PBGzI__#00-01-52_00-03-10_label_B6-0-0__1.npy,B6-0-0
v=C1ZCZ-PBGzI__#00-01-52_00-03-10_label_B6-0-0__2.npy,B6-0-0
v=C1ZCZ-PBGzI__#00-01-52_00-03-10_label_B6-0-0__3.npy,B6-0-0
v=C1ZCZ-PBGzI__#00-01-52_00-03-10_label_B6-0-0__4.npy,B6-0-0
v=C1ZCZ-PBGzI__#00-01-52_00-03-10_label_B6-0-0__5.npy,B6-0-0
v=C1ZCZ-PBGzI__#00-01-52_00-03-10_label_B6-0-0__6.npy,B6-0-0
v=C1ZCZ-PBGzI__#00-01-52_00-03-10_label_B6-0-0__7.npy,B6-0-0
v=C1ZCZ-PBGzI__#00-01-52_00-03-10_label_B6-0-0__8.npy,B6-0-0
v=C1ZCZ-PBGzI__#00-01-52_00-03-10_label_B6-0-0__9.npy,B6-0-0
v=C1ZCZ-PBGzI__#00-03-12_00-04-15_label_B6-0-0__0.npy,B6-0-0
v=C1ZCZ-PBGzI__#00-03-12_00-04-15_label_B6-0-0__1.npy,B6-0-0
v=C1ZCZ-PBGzI__#00-03-12_00-04-15_label_B6-0-0__2.npy,B6-0-0
v=C1ZCZ-PBGzI__#00-03-12_00-04-15_label_B6-0-0__3.npy,B6-0-0
v=C1ZCZ-PBGzI__#00-03-12_00-04-15_label_B6-0-0__4.npy,B6-0-0
v=C1ZCZ-PBGzI__#00-03-12_00-04-15_label_B6-0-0__5.npy,B6-0-0
v=C1ZCZ-PBGzI__#00-03-12_00-04-15_label_B6-0-0__6.npy,B6-0-0
v=C1ZCZ-PBGzI__#00-03-12_00-04-15_label_B6-0-0__7.npy,B6-0-0
v=C1ZCZ-PBGzI__#00-03-12_00-04-15_label_B6-0-0__8.npy,B6-0-0
v=C1ZCZ-PBGzI__#00-03-12_00-04-15_label_B6-0-0__9.npy,B6-0-0
v=C1ZCZ-PBGzI__#00-04-19_00-06-00_label_B6-0-0__0.npy,B6-0-0
v=C1ZCZ-PBGzI__#00-04-19_00-06-00_label_B6-0-0__1.npy,B6-0-0
v=C1ZCZ-PBGzI__#00-04-19_00-06-00_label_B6-0-0__2.npy,B6-0-0
v=C1ZCZ-PBGzI__#00-04-19_00-06-00_label_B6-0-0__3.npy,B6-0-0
v=C1ZCZ-PBGzI__#00-04-19_00-06-00_label_B6-0-0__4.npy,B6-0-0
v=C1ZCZ-PBGzI__#00-04-19_00-06-00_label_B6-0-0__5.npy,B6-0-0
v=C1ZCZ-PBGzI__#00-04-19_00-06-00_label_B6-0-0__6.npy,B6-0-0
v=C1ZCZ-PBGzI__#00-04-19_00-06-00_label_B6-0-0__7.npy,B6-0-0
v=C1ZCZ-PBGzI__#00-04-19_00-06-00_label_B6-0-0__8.npy,B6-0-0
v=C1ZCZ-PBGzI__#00-04-19_00-06-00_label_B6-0-0__9.npy,B6-0-0
v=C1ZCZ-PBGzI__#00-07-02_00-08-00_label_B6-0-0__0.npy,B6-0-0
v=C1ZCZ-PBGzI__#00-07-02_00-08-00_label_B6-0-0__1.npy,B6-0-0
v=C1ZCZ-PBGzI__#00-07-02_00-08-00_label_B6-0-0__2.npy,B6-0-0
v=C1ZCZ-PBGzI__#00-07-02_00-08-00_label_B6-0-0__3.npy,B6-0-0
v=C1ZCZ-PBGzI__#00-07-02_00-08-00_label_B6-0-0__4.npy,B6-0-0
v=C1ZCZ-PBGzI__#00-07-02_00-08-00_label_B6-0-0__5.npy,B6-0-0
v=C1ZCZ-PBGzI__#00-07-02_00-08-00_label_B6-0-0__6.npy,B6-0-0
v=C1ZCZ-PBGzI__#00-07-02_00-08-00_label_B6-0-0__7.npy,B6-0-0
v=C1ZCZ-PBGzI__#00-07-02_00-08-00_label_B6-0-0__8.npy,B6-0-0
v=C1ZCZ-PBGzI__#00-07-02_00-08-00_label_B6-0-0__9.npy,B6-0-0
v=C1ZCZ-PBGzI__#00-08-10_00-09-51_label_B6-0-0__0.npy,B6-0-0
v=C1ZCZ-PBGzI__#00-08-10_00-09-51_label_B6-0-0__1.npy,B6-0-0
v=C1ZCZ-PBGzI__#00-08-10_00-09-51_label_B6-0-0__2.npy,B6-0-0
v=C1ZCZ-PBGzI__#00-08-10_00-09-51_label_B6-0-0__3.npy,B6-0-0
v=C1ZCZ-PBGzI__#00-08-10_00-09-51_label_B6-0-0__4.npy,B6-0-0
v=C1ZCZ-PBGzI__#00-08-10_00-09-51_label_B6-0-0__5.npy,B6-0-0
v=C1ZCZ-PBGzI__#00-08-10_00-09-51_label_B6-0-0__6.npy,B6-0-0
v=C1ZCZ-PBGzI__#00-08-10_00-09-51_label_B6-0-0__7.npy,B6-0-0
v=C1ZCZ-PBGzI__#00-08-10_00-09-51_label_B6-0-0__8.npy,B6-0-0
v=C1ZCZ-PBGzI__#00-08-10_00-09-51_label_B6-0-0__9.npy,B6-0-0
v=C1ZCZ-PBGzI__#00-10-00_00-11-31_label_B6-0-0__0.npy,B6-0-0
v=C1ZCZ-PBGzI__#00-10-00_00-11-31_label_B6-0-0__1.npy,B6-0-0
v=C1ZCZ-PBGzI__#00-10-00_00-11-31_label_B6-0-0__2.npy,B6-0-0
v=C1ZCZ-PBGzI__#00-10-00_00-11-31_label_B6-0-0__3.npy,B6-0-0
v=C1ZCZ-PBGzI__#00-10-00_00-11-31_label_B6-0-0__4.npy,B6-0-0
v=C1ZCZ-PBGzI__#00-10-00_00-11-31_label_B6-0-0__5.npy,B6-0-0
v=C1ZCZ-PBGzI__#00-10-00_00-11-31_label_B6-0-0__6.npy,B6-0-0
v=C1ZCZ-PBGzI__#00-10-00_00-11-31_label_B6-0-0__7.npy,B6-0-0
v=C1ZCZ-PBGzI__#00-10-00_00-11-31_label_B6-0-0__8.npy,B6-0-0
v=C1ZCZ-PBGzI__#00-10-00_00-11-31_label_B6-0-0__9.npy,B6-0-0
v=C1ZCZ-PBGzI__#00-11-40_00-12-51_label_B6-0-0__0.npy,B6-0-0
v=C1ZCZ-PBGzI__#00-11-40_00-12-51_label_B6-0-0__1.npy,B6-0-0
v=C1ZCZ-PBGzI__#00-11-40_00-12-51_label_B6-0-0__2.npy,B6-0-0
v=C1ZCZ-PBGzI__#00-11-40_00-12-51_label_B6-0-0__3.npy,B6-0-0
v=C1ZCZ-PBGzI__#00-11-40_00-12-51_label_B6-0-0__4.npy,B6-0-0
v=C1ZCZ-PBGzI__#00-11-40_00-12-51_label_B6-0-0__5.npy,B6-0-0
v=C1ZCZ-PBGzI__#00-11-40_00-12-51_label_B6-0-0__6.npy,B6-0-0
v=C1ZCZ-PBGzI__#00-11-40_00-12-51_label_B6-0-0__7.npy,B6-0-0
v=C1ZCZ-PBGzI__#00-11-40_00-12-51_label_B6-0-0__8.npy,B6-0-0
v=C1ZCZ-PBGzI__#00-11-40_00-12-51_label_B6-0-0__9.npy,B6-0-0
v=C1ZCZ-PBGzI__#00-13-00_00-14-51_label_B6-0-0__0.npy,B6-0-0
v=C1ZCZ-PBGzI__#00-13-00_00-14-51_label_B6-0-0__1.npy,B6-0-0
v=C1ZCZ-PBGzI__#00-13-00_00-14-51_label_B6-0-0__2.npy,B6-0-0
v=C1ZCZ-PBGzI__#00-13-00_00-14-51_label_B6-0-0__3.npy,B6-0-0
v=C1ZCZ-PBGzI__#00-13-00_00-14-51_label_B6-0-0__4.npy,B6-0-0
v=C1ZCZ-PBGzI__#00-13-00_00-14-51_label_B6-0-0__5.npy,B6-0-0
v=C1ZCZ-PBGzI__#00-13-00_00-14-51_label_B6-0-0__6.npy,B6-0-0
v=C1ZCZ-PBGzI__#00-13-00_00-14-51_label_B6-0-0__7.npy,B6-0-0
v=C1ZCZ-PBGzI__#00-13-00_00-14-51_label_B6-0-0__8.npy,B6-0-0
v=C1ZCZ-PBGzI__#00-13-00_00-14-51_label_B6-0-0__9.npy,B6-0-0
v=C1ZCZ-PBGzI__#00-14-59_00-15-45_label_B6-0-0__0.npy,B6-0-0
v=C1ZCZ-PBGzI__#00-14-59_00-15-45_label_B6-0-0__1.npy,B6-0-0
v=C1ZCZ-PBGzI__#00-14-59_00-15-45_label_B6-0-0__2.npy,B6-0-0
v=C1ZCZ-PBGzI__#00-14-59_00-15-45_label_B6-0-0__3.npy,B6-0-0
v=C1ZCZ-PBGzI__#00-14-59_00-15-45_label_B6-0-0__4.npy,B6-0-0
v=C1ZCZ-PBGzI__#00-14-59_00-15-45_label_B6-0-0__5.npy,B6-0-0
v=C1ZCZ-PBGzI__#00-14-59_00-15-45_label_B6-0-0__6.npy,B6-0-0
v=C1ZCZ-PBGzI__#00-14-59_00-15-45_label_B6-0-0__7.npy,B6-0-0
v=C1ZCZ-PBGzI__#00-14-59_00-15-45_label_B6-0-0__8.npy,B6-0-0
v=C1ZCZ-PBGzI__#00-14-59_00-15-45_label_B6-0-0__9.npy,B6-0-0
v=CFIauDPjdX4__#1_label_B6-0-0__0.npy,B6-0-0
v=CFIauDPjdX4__#1_label_B6-0-0__1.npy,B6-0-0
v=CFIauDPjdX4__#1_label_B6-0-0__2.npy,B6-0-0
v=CFIauDPjdX4__#1_label_B6-0-0__3.npy,B6-0-0
v=CFIauDPjdX4__#1_label_B6-0-0__4.npy,B6-0-0
v=CFIauDPjdX4__#1_label_B6-0-0__5.npy,B6-0-0
v=CFIauDPjdX4__#1_label_B6-0-0__6.npy,B6-0-0
v=CFIauDPjdX4__#1_label_B6-0-0__7.npy,B6-0-0
v=CFIauDPjdX4__#1_label_B6-0-0__8.npy,B6-0-0
v=CFIauDPjdX4__#1_label_B6-0-0__9.npy,B6-0-0
v=Cv_8TtGVi9A__#1_label_B6-0-0__0.npy,B6-0-0
v=Cv_8TtGVi9A__#1_label_B6-0-0__1.npy,B6-0-0
v=Cv_8TtGVi9A__#1_label_B6-0-0__2.npy,B6-0-0
v=Cv_8TtGVi9A__#1_label_B6-0-0__3.npy,B6-0-0
v=Cv_8TtGVi9A__#1_label_B6-0-0__4.npy,B6-0-0
v=Cv_8TtGVi9A__#1_label_B6-0-0__5.npy,B6-0-0
v=Cv_8TtGVi9A__#1_label_B6-0-0__6.npy,B6-0-0
v=Cv_8TtGVi9A__#1_label_B6-0-0__7.npy,B6-0-0
v=Cv_8TtGVi9A__#1_label_B6-0-0__8.npy,B6-0-0
v=Cv_8TtGVi9A__#1_label_B6-0-0__9.npy,B6-0-0
v=D1eP4Bn4hDQ__#00-01-30_00-03-05_label_B6-0-0__0.npy,B6-0-0
v=D1eP4Bn4hDQ__#00-01-30_00-03-05_label_B6-0-0__1.npy,B6-0-0
v=D1eP4Bn4hDQ__#00-01-30_00-03-05_label_B6-0-0__2.npy,B6-0-0
v=D1eP4Bn4hDQ__#00-01-30_00-03-05_label_B6-0-0__3.npy,B6-0-0
v=D1eP4Bn4hDQ__#00-01-30_00-03-05_label_B6-0-0__4.npy,B6-0-0
v=D1eP4Bn4hDQ__#00-01-30_00-03-05_label_B6-0-0__5.npy,B6-0-0
v=D1eP4Bn4hDQ__#00-01-30_00-03-05_label_B6-0-0__6.npy,B6-0-0
v=D1eP4Bn4hDQ__#00-01-30_00-03-05_label_B6-0-0__7.npy,B6-0-0
v=D1eP4Bn4hDQ__#00-01-30_00-03-05_label_B6-0-0__8.npy,B6-0-0
v=D1eP4Bn4hDQ__#00-01-30_00-03-05_label_B6-0-0__9.npy,B6-0-0
v=D1eP4Bn4hDQ__#00-03-27_00-04-55_label_B6-0-0__0.npy,B6-0-0
v=D1eP4Bn4hDQ__#00-03-27_00-04-55_label_B6-0-0__1.npy,B6-0-0
v=D1eP4Bn4hDQ__#00-03-27_00-04-55_label_B6-0-0__2.npy,B6-0-0
v=D1eP4Bn4hDQ__#00-03-27_00-04-55_label_B6-0-0__3.npy,B6-0-0
v=D1eP4Bn4hDQ__#00-03-27_00-04-55_label_B6-0-0__4.npy,B6-0-0
v=D1eP4Bn4hDQ__#00-03-27_00-04-55_label_B6-0-0__5.npy,B6-0-0
v=D1eP4Bn4hDQ__#00-03-27_00-04-55_label_B6-0-0__6.npy,B6-0-0
v=D1eP4Bn4hDQ__#00-03-27_00-04-55_label_B6-0-0__7.npy,B6-0-0
v=D1eP4Bn4hDQ__#00-03-27_00-04-55_label_B6-0-0__8.npy,B6-0-0
v=D1eP4Bn4hDQ__#00-03-27_00-04-55_label_B6-0-0__9.npy,B6-0-0
v=D1eP4Bn4hDQ__#00-05-00_00-06-15_label_B6-0-0__0.npy,B6-0-0
v=D1eP4Bn4hDQ__#00-05-00_00-06-15_label_B6-0-0__1.npy,B6-0-0
v=D1eP4Bn4hDQ__#00-05-00_00-06-15_label_B6-0-0__2.npy,B6-0-0
v=D1eP4Bn4hDQ__#00-05-00_00-06-15_label_B6-0-0__3.npy,B6-0-0
v=D1eP4Bn4hDQ__#00-05-00_00-06-15_label_B6-0-0__4.npy,B6-0-0
v=D1eP4Bn4hDQ__#00-05-00_00-06-15_label_B6-0-0__5.npy,B6-0-0
v=D1eP4Bn4hDQ__#00-05-00_00-06-15_label_B6-0-0__6.npy,B6-0-0
v=D1eP4Bn4hDQ__#00-05-00_00-06-15_label_B6-0-0__7.npy,B6-0-0
v=D1eP4Bn4hDQ__#00-05-00_00-06-15_label_B6-0-0__8.npy,B6-0-0
v=D1eP4Bn4hDQ__#00-05-00_00-06-15_label_B6-0-0__9.npy,B6-0-0
v=D1eP4Bn4hDQ__#00-06-20_00-07-30_label_B6-0-0__0.npy,B6-0-0
v=D1eP4Bn4hDQ__#00-06-20_00-07-30_label_B6-0-0__1.npy,B6-0-0
v=D1eP4Bn4hDQ__#00-06-20_00-07-30_label_B6-0-0__2.npy,B6-0-0
v=D1eP4Bn4hDQ__#00-06-20_00-07-30_label_B6-0-0__3.npy,B6-0-0
v=D1eP4Bn4hDQ__#00-06-20_00-07-30_label_B6-0-0__4.npy,B6-0-0
v=D1eP4Bn4hDQ__#00-06-20_00-07-30_label_B6-0-0__5.npy,B6-0-0
v=D1eP4Bn4hDQ__#00-06-20_00-07-30_label_B6-0-0__6.npy,B6-0-0
v=D1eP4Bn4hDQ__#00-06-20_00-07-30_label_B6-0-0__7.npy,B6-0-0
v=D1eP4Bn4hDQ__#00-06-20_00-07-30_label_B6-0-0__8.npy,B6-0-0
v=D1eP4Bn4hDQ__#00-06-20_00-07-30_label_B6-0-0__9.npy,B6-0-0
v=D1eP4Bn4hDQ__#00-07-50_00-08-55_label_B6-0-0__0.npy,B6-0-0
v=D1eP4Bn4hDQ__#00-07-50_00-08-55_label_B6-0-0__1.npy,B6-0-0
v=D1eP4Bn4hDQ__#00-07-50_00-08-55_label_B6-0-0__2.npy,B6-0-0
v=D1eP4Bn4hDQ__#00-07-50_00-08-55_label_B6-0-0__3.npy,B6-0-0
v=D1eP4Bn4hDQ__#00-07-50_00-08-55_label_B6-0-0__4.npy,B6-0-0
v=D1eP4Bn4hDQ__#00-07-50_00-08-55_label_B6-0-0__5.npy,B6-0-0
v=D1eP4Bn4hDQ__#00-07-50_00-08-55_label_B6-0-0__6.npy,B6-0-0
v=D1eP4Bn4hDQ__#00-07-50_00-08-55_label_B6-0-0__7.npy,B6-0-0
v=D1eP4Bn4hDQ__#00-07-50_00-08-55_label_B6-0-0__8.npy,B6-0-0
v=D1eP4Bn4hDQ__#00-07-50_00-08-55_label_B6-0-0__9.npy,B6-0-0
v=DH-sUloTvG0__#1_label_B6-0-0__0.npy,B6-0-0
v=DH-sUloTvG0__#1_label_B6-0-0__1.npy,B6-0-0
v=DH-sUloTvG0__#1_label_B6-0-0__2.npy,B6-0-0
v=DH-sUloTvG0__#1_label_B6-0-0__3.npy,B6-0-0
v=DH-sUloTvG0__#1_label_B6-0-0__4.npy,B6-0-0
v=DH-sUloTvG0__#1_label_B6-0-0__5.npy,B6-0-0
v=DH-sUloTvG0__#1_label_B6-0-0__6.npy,B6-0-0
v=DH-sUloTvG0__#1_label_B6-0-0__7.npy,B6-0-0
v=DH-sUloTvG0__#1_label_B6-0-0__8.npy,B6-0-0
v=DH-sUloTvG0__#1_label_B6-0-0__9.npy,B6-0-0
v=Dn_SDu22WpM__#00-00-00_00-00-51_label_B6-0-0__0.npy,B6-0-0
v=Dn_SDu22WpM__#00-00-00_00-00-51_label_B6-0-0__1.npy,B6-0-0
v=Dn_SDu22WpM__#00-00-00_00-00-51_label_B6-0-0__2.npy,B6-0-0
v=Dn_SDu22WpM__#00-00-00_00-00-51_label_B6-0-0__3.npy,B6-0-0
v=Dn_SDu22WpM__#00-00-00_00-00-51_label_B6-0-0__4.npy,B6-0-0
v=Dn_SDu22WpM__#00-00-00_00-00-51_label_B6-0-0__5.npy,B6-0-0
v=Dn_SDu22WpM__#00-00-00_00-00-51_label_B6-0-0__6.npy,B6-0-0
v=Dn_SDu22WpM__#00-00-00_00-00-51_label_B6-0-0__7.npy,B6-0-0
v=Dn_SDu22WpM__#00-00-00_00-00-51_label_B6-0-0__8.npy,B6-0-0
v=Dn_SDu22WpM__#00-00-00_00-00-51_label_B6-0-0__9.npy,B6-0-0
v=Dn_SDu22WpM__#00-01-00_00-02-45_label_B6-0-0__0.npy,B6-0-0
v=Dn_SDu22WpM__#00-01-00_00-02-45_label_B6-0-0__1.npy,B6-0-0
v=Dn_SDu22WpM__#00-01-00_00-02-45_label_B6-0-0__2.npy,B6-0-0
v=Dn_SDu22WpM__#00-01-00_00-02-45_label_B6-0-0__3.npy,B6-0-0
v=Dn_SDu22WpM__#00-01-00_00-02-45_label_B6-0-0__4.npy,B6-0-0
v=Dn_SDu22WpM__#00-01-00_00-02-45_label_B6-0-0__5.npy,B6-0-0
v=Dn_SDu22WpM__#00-01-00_00-02-45_label_B6-0-0__6.npy,B6-0-0
v=Dn_SDu22WpM__#00-01-00_00-02-45_label_B6-0-0__7.npy,B6-0-0
v=Dn_SDu22WpM__#00-01-00_00-02-45_label_B6-0-0__8.npy,B6-0-0
v=Dn_SDu22WpM__#00-01-00_00-02-45_label_B6-0-0__9.npy,B6-0-0
v=Dn_SDu22WpM__#00-03-00_00-04-09_label_B6-0-0__0.npy,B6-0-0
v=Dn_SDu22WpM__#00-03-00_00-04-09_label_B6-0-0__1.npy,B6-0-0
v=Dn_SDu22WpM__#00-03-00_00-04-09_label_B6-0-0__2.npy,B6-0-0
v=Dn_SDu22WpM__#00-03-00_00-04-09_label_B6-0-0__3.npy,B6-0-0
v=Dn_SDu22WpM__#00-03-00_00-04-09_label_B6-0-0__4.npy,B6-0-0
v=Dn_SDu22WpM__#00-03-00_00-04-09_label_B6-0-0__5.npy,B6-0-0
v=Dn_SDu22WpM__#00-03-00_00-04-09_label_B6-0-0__6.npy,B6-0-0
v=Dn_SDu22WpM__#00-03-00_00-04-09_label_B6-0-0__7.npy,B6-0-0
v=Dn_SDu22WpM__#00-03-00_00-04-09_label_B6-0-0__8.npy,B6-0-0
v=Dn_SDu22WpM__#00-03-00_00-04-09_label_B6-0-0__9.npy,B6-0-0
v=Dn_SDu22WpM__#00-04-10_00-06-09_label_B6-0-0__0.npy,B6-0-0
v=Dn_SDu22WpM__#00-04-10_00-06-09_label_B6-0-0__1.npy,B6-0-0
v=Dn_SDu22WpM__#00-04-10_00-06-09_label_B6-0-0__2.npy,B6-0-0
v=Dn_SDu22WpM__#00-04-10_00-06-09_label_B6-0-0__3.npy,B6-0-0
v=Dn_SDu22WpM__#00-04-10_00-06-09_label_B6-0-0__4.npy,B6-0-0
v=Dn_SDu22WpM__#00-04-10_00-06-09_label_B6-0-0__5.npy,B6-0-0
v=Dn_SDu22WpM__#00-04-10_00-06-09_label_B6-0-0__6.npy,B6-0-0
v=Dn_SDu22WpM__#00-04-10_00-06-09_label_B6-0-0__7.npy,B6-0-0
v=Dn_SDu22WpM__#00-04-10_00-06-09_label_B6-0-0__8.npy,B6-0-0
v=Dn_SDu22WpM__#00-04-10_00-06-09_label_B6-0-0__9.npy,B6-0-0
v=Dn_SDu22WpM__#00-06-10_00-07-19_label_B6-0-0__0.npy,B6-0-0
v=Dn_SDu22WpM__#00-06-10_00-07-19_label_B6-0-0__1.npy,B6-0-0
v=Dn_SDu22WpM__#00-06-10_00-07-19_label_B6-0-0__2.npy,B6-0-0
v=Dn_SDu22WpM__#00-06-10_00-07-19_label_B6-0-0__3.npy,B6-0-0
v=Dn_SDu22WpM__#00-06-10_00-07-19_label_B6-0-0__4.npy,B6-0-0
v=Dn_SDu22WpM__#00-06-10_00-07-19_label_B6-0-0__5.npy,B6-0-0
v=Dn_SDu22WpM__#00-06-10_00-07-19_label_B6-0-0__6.npy,B6-0-0
v=Dn_SDu22WpM__#00-06-10_00-07-19_label_B6-0-0__7.npy,B6-0-0
v=Dn_SDu22WpM__#00-06-10_00-07-19_label_B6-0-0__8.npy,B6-0-0
v=Dn_SDu22WpM__#00-06-10_00-07-19_label_B6-0-0__9.npy,B6-0-0
v=Dn_SDu22WpM__#00-07-22_00-08-19_label_B6-0-0__0.npy,B6-0-0
v=Dn_SDu22WpM__#00-07-22_00-08-19_label_B6-0-0__1.npy,B6-0-0
v=Dn_SDu22WpM__#00-07-22_00-08-19_label_B6-0-0__2.npy,B6-0-0
v=Dn_SDu22WpM__#00-07-22_00-08-19_label_B6-0-0__3.npy,B6-0-0
v=Dn_SDu22WpM__#00-07-22_00-08-19_label_B6-0-0__4.npy,B6-0-0
v=Dn_SDu22WpM__#00-07-22_00-08-19_label_B6-0-0__5.npy,B6-0-0
v=Dn_SDu22WpM__#00-07-22_00-08-19_label_B6-0-0__6.npy,B6-0-0
v=Dn_SDu22WpM__#00-07-22_00-08-19_label_B6-0-0__7.npy,B6-0-0
v=Dn_SDu22WpM__#00-07-22_00-08-19_label_B6-0-0__8.npy,B6-0-0
v=Dn_SDu22WpM__#00-07-22_00-08-19_label_B6-0-0__9.npy,B6-0-0
v=E6JnJe8uJN8__#1_label_B6-0-0__0.npy,B6-0-0
v=E6JnJe8uJN8__#1_label_B6-0-0__1.npy,B6-0-0
v=E6JnJe8uJN8__#1_label_B6-0-0__2.npy,B6-0-0
v=E6JnJe8uJN8__#1_label_B6-0-0__3.npy,B6-0-0
v=E6JnJe8uJN8__#1_label_B6-0-0__4.npy,B6-0-0
v=E6JnJe8uJN8__#1_label_B6-0-0__5.npy,B6-0-0
v=E6JnJe8uJN8__#1_label_B6-0-0__6.npy,B6-0-0
v=E6JnJe8uJN8__#1_label_B6-0-0__7.npy,B6-0-0
v=E6JnJe8uJN8__#1_label_B6-0-0__8.npy,B6-0-0
v=E6JnJe8uJN8__#1_label_B6-0-0__9.npy,B6-0-0
v=EOAfl8yMiN8__#00-01-00_00-02-45_label_B6-0-0__0.npy,B6-0-0
v=EOAfl8yMiN8__#00-01-00_00-02-45_label_B6-0-0__1.npy,B6-0-0
v=EOAfl8yMiN8__#00-01-00_00-02-45_label_B6-0-0__2.npy,B6-0-0
v=EOAfl8yMiN8__#00-01-00_00-02-45_label_B6-0-0__3.npy,B6-0-0
v=EOAfl8yMiN8__#00-01-00_00-02-45_label_B6-0-0__4.npy,B6-0-0
v=EOAfl8yMiN8__#00-01-00_00-02-45_label_B6-0-0__5.npy,B6-0-0
v=EOAfl8yMiN8__#00-01-00_00-02-45_label_B6-0-0__6.npy,B6-0-0
v=EOAfl8yMiN8__#00-01-00_00-02-45_label_B6-0-0__7.npy,B6-0-0
v=EOAfl8yMiN8__#00-01-00_00-02-45_label_B6-0-0__8.npy,B6-0-0
v=EOAfl8yMiN8__#00-01-00_00-02-45_label_B6-0-0__9.npy,B6-0-0
v=EOAfl8yMiN8__#00-04-11_00-05-09_label_B6-0-0__0.npy,B6-0-0
v=EOAfl8yMiN8__#00-04-11_00-05-09_label_B6-0-0__1.npy,B6-0-0
v=EOAfl8yMiN8__#00-04-11_00-05-09_label_B6-0-0__2.npy,B6-0-0
v=EOAfl8yMiN8__#00-04-11_00-05-09_label_B6-0-0__3.npy,B6-0-0
v=EOAfl8yMiN8__#00-04-11_00-05-09_label_B6-0-0__4.npy,B6-0-0
v=EOAfl8yMiN8__#00-04-11_00-05-09_label_B6-0-0__5.npy,B6-0-0
v=EOAfl8yMiN8__#00-04-11_00-05-09_label_B6-0-0__6.npy,B6-0-0
v=EOAfl8yMiN8__#00-04-11_00-05-09_label_B6-0-0__7.npy,B6-0-0
v=EOAfl8yMiN8__#00-04-11_00-05-09_label_B6-0-0__8.npy,B6-0-0
v=EOAfl8yMiN8__#00-04-11_00-05-09_label_B6-0-0__9.npy,B6-0-0
v=EOAfl8yMiN8__#00-05-11_00-06-35_label_B6-0-0__0.npy,B6-0-0
v=EOAfl8yMiN8__#00-05-11_00-06-35_label_B6-0-0__1.npy,B6-0-0
v=EOAfl8yMiN8__#00-05-11_00-06-35_label_B6-0-0__2.npy,B6-0-0
v=EOAfl8yMiN8__#00-05-11_00-06-35_label_B6-0-0__3.npy,B6-0-0
v=EOAfl8yMiN8__#00-05-11_00-06-35_label_B6-0-0__4.npy,B6-0-0
v=EOAfl8yMiN8__#00-05-11_00-06-35_label_B6-0-0__5.npy,B6-0-0
v=EOAfl8yMiN8__#00-05-11_00-06-35_label_B6-0-0__6.npy,B6-0-0
v=EOAfl8yMiN8__#00-05-11_00-06-35_label_B6-0-0__7.npy,B6-0-0
v=EOAfl8yMiN8__#00-05-11_00-06-35_label_B6-0-0__8.npy,B6-0-0
v=EOAfl8yMiN8__#00-05-11_00-06-35_label_B6-0-0__9.npy,B6-0-0
v=FfrXebzAwOg__#00-00-00_00-00-51_label_B6-0-0__0.npy,B6-0-0
v=FfrXebzAwOg__#00-00-00_00-00-51_label_B6-0-0__1.npy,B6-0-0
v=FfrXebzAwOg__#00-00-00_00-00-51_label_B6-0-0__2.npy,B6-0-0
v=FfrXebzAwOg__#00-00-00_00-00-51_label_B6-0-0__3.npy,B6-0-0
v=FfrXebzAwOg__#00-00-00_00-00-51_label_B6-0-0__4.npy,B6-0-0
v=FfrXebzAwOg__#00-00-00_00-00-51_label_B6-0-0__5.npy,B6-0-0
v=FfrXebzAwOg__#00-00-00_00-00-51_label_B6-0-0__6.npy,B6-0-0
v=FfrXebzAwOg__#00-00-00_00-00-51_label_B6-0-0__7.npy,B6-0-0
v=FfrXebzAwOg__#00-00-00_00-00-51_label_B6-0-0__8.npy,B6-0-0
v=FfrXebzAwOg__#00-00-00_00-00-51_label_B6-0-0__9.npy,B6-0-0
v=FfrXebzAwOg__#00-01-00_00-02-45_label_B6-0-0__0.npy,B6-0-0
v=FfrXebzAwOg__#00-01-00_00-02-45_label_B6-0-0__1.npy,B6-0-0
v=FfrXebzAwOg__#00-01-00_00-02-45_label_B6-0-0__2.npy,B6-0-0
v=FfrXebzAwOg__#00-01-00_00-02-45_label_B6-0-0__3.npy,B6-0-0
v=FfrXebzAwOg__#00-01-00_00-02-45_label_B6-0-0__4.npy,B6-0-0
v=FfrXebzAwOg__#00-01-00_00-02-45_label_B6-0-0__5.npy,B6-0-0
v=FfrXebzAwOg__#00-01-00_00-02-45_label_B6-0-0__6.npy,B6-0-0
v=FfrXebzAwOg__#00-01-00_00-02-45_label_B6-0-0__7.npy,B6-0-0
v=FfrXebzAwOg__#00-01-00_00-02-45_label_B6-0-0__8.npy,B6-0-0
v=FfrXebzAwOg__#00-01-00_00-02-45_label_B6-0-0__9.npy,B6-0-0
v=FfrXebzAwOg__#00-03-00_00-04-09_label_B6-0-0__0.npy,B6-0-0
v=FfrXebzAwOg__#00-03-00_00-04-09_label_B6-0-0__1.npy,B6-0-0
v=FfrXebzAwOg__#00-03-00_00-04-09_label_B6-0-0__2.npy,B6-0-0
v=FfrXebzAwOg__#00-03-00_00-04-09_label_B6-0-0__3.npy,B6-0-0
v=FfrXebzAwOg__#00-03-00_00-04-09_label_B6-0-0__4.npy,B6-0-0
v=FfrXebzAwOg__#00-03-00_00-04-09_label_B6-0-0__5.npy,B6-0-0
v=FfrXebzAwOg__#00-03-00_00-04-09_label_B6-0-0__6.npy,B6-0-0
v=FfrXebzAwOg__#00-03-00_00-04-09_label_B6-0-0__7.npy,B6-0-0
v=FfrXebzAwOg__#00-03-00_00-04-09_label_B6-0-0__8.npy,B6-0-0
v=FfrXebzAwOg__#00-03-00_00-04-09_label_B6-0-0__9.npy,B6-0-0
v=FfrXebzAwOg__#00-04-10_00-06-09_label_B6-0-0__0.npy,B6-0-0
v=FfrXebzAwOg__#00-04-10_00-06-09_label_B6-0-0__1.npy,B6-0-0
v=FfrXebzAwOg__#00-04-10_00-06-09_label_B6-0-0__2.npy,B6-0-0
v=FfrXebzAwOg__#00-04-10_00-06-09_label_B6-0-0__3.npy,B6-0-0
v=FfrXebzAwOg__#00-04-10_00-06-09_label_B6-0-0__4.npy,B6-0-0
v=FfrXebzAwOg__#00-04-10_00-06-09_label_B6-0-0__5.npy,B6-0-0
v=FfrXebzAwOg__#00-04-10_00-06-09_label_B6-0-0__6.npy,B6-0-0
v=FfrXebzAwOg__#00-04-10_00-06-09_label_B6-0-0__7.npy,B6-0-0
v=FfrXebzAwOg__#00-04-10_00-06-09_label_B6-0-0__8.npy,B6-0-0
v=FfrXebzAwOg__#00-04-10_00-06-09_label_B6-0-0__9.npy,B6-0-0
v=FfrXebzAwOg__#00-07-22_00-08-19_label_B6-0-0__0.npy,B6-0-0
v=FfrXebzAwOg__#00-07-22_00-08-19_label_B6-0-0__1.npy,B6-0-0
v=FfrXebzAwOg__#00-07-22_00-08-19_label_B6-0-0__2.npy,B6-0-0
v=FfrXebzAwOg__#00-07-22_00-08-19_label_B6-0-0__3.npy,B6-0-0
v=FfrXebzAwOg__#00-07-22_00-08-19_label_B6-0-0__4.npy,B6-0-0
v=FfrXebzAwOg__#00-07-22_00-08-19_label_B6-0-0__5.npy,B6-0-0
v=FfrXebzAwOg__#00-07-22_00-08-19_label_B6-0-0__6.npy,B6-0-0
v=FfrXebzAwOg__#00-07-22_00-08-19_label_B6-0-0__7.npy,B6-0-0
v=FfrXebzAwOg__#00-07-22_00-08-19_label_B6-0-0__8.npy,B6-0-0
v=FfrXebzAwOg__#00-07-22_00-08-19_label_B6-0-0__9.npy,B6-0-0
v=FfrXebzAwOg__#00-08-35_00-10-22_label_B6-0-0__0.npy,B6-0-0
v=FfrXebzAwOg__#00-08-35_00-10-22_label_B6-0-0__1.npy,B6-0-0
v=FfrXebzAwOg__#00-08-35_00-10-22_label_B6-0-0__2.npy,B6-0-0
v=FfrXebzAwOg__#00-08-35_00-10-22_label_B6-0-0__3.npy,B6-0-0
v=FfrXebzAwOg__#00-08-35_00-10-22_label_B6-0-0__4.npy,B6-0-0
v=FfrXebzAwOg__#00-08-35_00-10-22_label_B6-0-0__5.npy,B6-0-0
v=FfrXebzAwOg__#00-08-35_00-10-22_label_B6-0-0__6.npy,B6-0-0
v=FfrXebzAwOg__#00-08-35_00-10-22_label_B6-0-0__7.npy,B6-0-0
v=FfrXebzAwOg__#00-08-35_00-10-22_label_B6-0-0__8.npy,B6-0-0
v=FfrXebzAwOg__#00-08-35_00-10-22_label_B6-0-0__9.npy,B6-0-0
v=GqMh_HBNWZE__#00-00-00_00-00-51_label_B6-0-0__0.npy,B6-0-0
v=GqMh_HBNWZE__#00-00-00_00-00-51_label_B6-0-0__1.npy,B6-0-0
v=GqMh_HBNWZE__#00-00-00_00-00-51_label_B6-0-0__2.npy,B6-0-0
v=GqMh_HBNWZE__#00-00-00_00-00-51_label_B6-0-0__3.npy,B6-0-0
v=GqMh_HBNWZE__#00-00-00_00-00-51_label_B6-0-0__4.npy,B6-0-0
v=GqMh_HBNWZE__#00-00-00_00-00-51_label_B6-0-0__5.npy,B6-0-0
v=GqMh_HBNWZE__#00-00-00_00-00-51_label_B6-0-0__6.npy,B6-0-0
v=GqMh_HBNWZE__#00-00-00_00-00-51_label_B6-0-0__7.npy,B6-0-0
v=GqMh_HBNWZE__#00-00-00_00-00-51_label_B6-0-0__8.npy,B6-0-0
v=GqMh_HBNWZE__#00-00-00_00-00-51_label_B6-0-0__9.npy,B6-0-0
v=GqMh_HBNWZE__#00-04-10_00-06-09_label_B6-0-0__0.npy,B6-0-0
v=GqMh_HBNWZE__#00-04-10_00-06-09_label_B6-0-0__1.npy,B6-0-0
v=GqMh_HBNWZE__#00-04-10_00-06-09_label_B6-0-0__2.npy,B6-0-0
v=GqMh_HBNWZE__#00-04-10_00-06-09_label_B6-0-0__3.npy,B6-0-0
v=GqMh_HBNWZE__#00-04-10_00-06-09_label_B6-0-0__4.npy,B6-0-0
v=GqMh_HBNWZE__#00-04-10_00-06-09_label_B6-0-0__5.npy,B6-0-0
v=GqMh_HBNWZE__#00-04-10_00-06-09_label_B6-0-0__6.npy,B6-0-0
v=GqMh_HBNWZE__#00-04-10_00-06-09_label_B6-0-0__7.npy,B6-0-0
v=GqMh_HBNWZE__#00-04-10_00-06-09_label_B6-0-0__8.npy,B6-0-0
v=GqMh_HBNWZE__#00-04-10_00-06-09_label_B6-0-0__9.npy,B6-0-0
v=GqMh_HBNWZE__#00-06-10_00-07-19_label_B6-0-0__0.npy,B6-0-0
v=GqMh_HBNWZE__#00-06-10_00-07-19_label_B6-0-0__1.npy,B6-0-0
v=GqMh_HBNWZE__#00-06-10_00-07-19_label_B6-0-0__2.npy,B6-0-0
v=GqMh_HBNWZE__#00-06-10_00-07-19_label_B6-0-0__3.npy,B6-0-0
v=GqMh_HBNWZE__#00-06-10_00-07-19_label_B6-0-0__4.npy,B6-0-0
v=GqMh_HBNWZE__#00-06-10_00-07-19_label_B6-0-0__5.npy,B6-0-0
v=GqMh_HBNWZE__#00-06-10_00-07-19_label_B6-0-0__6.npy,B6-0-0
v=GqMh_HBNWZE__#00-06-10_00-07-19_label_B6-0-0__7.npy,B6-0-0
v=GqMh_HBNWZE__#00-06-10_00-07-19_label_B6-0-0__8.npy,B6-0-0
v=GqMh_HBNWZE__#00-06-10_00-07-19_label_B6-0-0__9.npy,B6-0-0
v=GqMh_HBNWZE__#00-08-35_00-10-25_label_B6-0-0__0.npy,B6-0-0
v=GqMh_HBNWZE__#00-08-35_00-10-25_label_B6-0-0__1.npy,B6-0-0
v=GqMh_HBNWZE__#00-08-35_00-10-25_label_B6-0-0__2.npy,B6-0-0
v=GqMh_HBNWZE__#00-08-35_00-10-25_label_B6-0-0__3.npy,B6-0-0
v=GqMh_HBNWZE__#00-08-35_00-10-25_label_B6-0-0__4.npy,B6-0-0
v=GqMh_HBNWZE__#00-08-35_00-10-25_label_B6-0-0__5.npy,B6-0-0
v=GqMh_HBNWZE__#00-08-35_00-10-25_label_B6-0-0__6.npy,B6-0-0
v=GqMh_HBNWZE__#00-08-35_00-10-25_label_B6-0-0__7.npy,B6-0-0
v=GqMh_HBNWZE__#00-08-35_00-10-25_label_B6-0-0__8.npy,B6-0-0
v=GqMh_HBNWZE__#00-08-35_00-10-25_label_B6-0-0__9.npy,B6-0-0
v=H5W58Loofks__#00-01-40_00-02-45_label_B6-0-0__0.npy,B6-0-0
v=H5W58Loofks__#00-01-40_00-02-45_label_B6-0-0__1.npy,B6-0-0
v=H5W58Loofks__#00-01-40_00-02-45_label_B6-0-0__2.npy,B6-0-0
v=H5W58Loofks__#00-01-40_00-02-45_label_B6-0-0__3.npy,B6-0-0
v=H5W58Loofks__#00-01-40_00-02-45_label_B6-0-0__4.npy,B6-0-0
v=H5W58Loofks__#00-01-40_00-02-45_label_B6-0-0__5.npy,B6-0-0
v=H5W58Loofks__#00-01-40_00-02-45_label_B6-0-0__6.npy,B6-0-0
v=H5W58Loofks__#00-01-40_00-02-45_label_B6-0-0__7.npy,B6-0-0
v=H5W58Loofks__#00-01-40_00-02-45_label_B6-0-0__8.npy,B6-0-0
v=H5W58Loofks__#00-01-40_00-02-45_label_B6-0-0__9.npy,B6-0-0
v=H5W58Loofks__#00-03-00_00-03-50_label_B6-0-0__0.npy,B6-0-0
v=H5W58Loofks__#00-03-00_00-03-50_label_B6-0-0__1.npy,B6-0-0
v=H5W58Loofks__#00-03-00_00-03-50_label_B6-0-0__2.npy,B6-0-0
v=H5W58Loofks__#00-03-00_00-03-50_label_B6-0-0__3.npy,B6-0-0
v=H5W58Loofks__#00-03-00_00-03-50_label_B6-0-0__4.npy,B6-0-0
v=H5W58Loofks__#00-03-00_00-03-50_label_B6-0-0__5.npy,B6-0-0
v=H5W58Loofks__#00-03-00_00-03-50_label_B6-0-0__6.npy,B6-0-0
v=H5W58Loofks__#00-03-00_00-03-50_label_B6-0-0__7.npy,B6-0-0
v=H5W58Loofks__#00-03-00_00-03-50_label_B6-0-0__8.npy,B6-0-0
v=H5W58Loofks__#00-03-00_00-03-50_label_B6-0-0__9.npy,B6-0-0
v=HSisjzLESak__#00-04-10_00-05-12_label_B6-0-0__0.npy,B6-0-0
v=HSisjzLESak__#00-04-10_00-05-12_label_B6-0-0__1.npy,B6-0-0
v=HSisjzLESak__#00-04-10_00-05-12_label_B6-0-0__2.npy,B6-0-0
v=HSisjzLESak__#00-04-10_00-05-12_label_B6-0-0__3.npy,B6-0-0
v=HSisjzLESak__#00-04-10_00-05-12_label_B6-0-0__4.npy,B6-0-0
v=HSisjzLESak__#00-04-10_00-05-12_label_B6-0-0__5.npy,B6-0-0
v=HSisjzLESak__#00-04-10_00-05-12_label_B6-0-0__6.npy,B6-0-0
v=HSisjzLESak__#00-04-10_00-05-12_label_B6-0-0__7.npy,B6-0-0
v=HSisjzLESak__#00-04-10_00-05-12_label_B6-0-0__8.npy,B6-0-0
v=HSisjzLESak__#00-04-10_00-05-12_label_B6-0-0__9.npy,B6-0-0
v=HSisjzLESak__#00-05-20_00-06-20_label_B6-0-0__0.npy,B6-0-0
v=HSisjzLESak__#00-05-20_00-06-20_label_B6-0-0__1.npy,B6-0-0
v=HSisjzLESak__#00-05-20_00-06-20_label_B6-0-0__2.npy,B6-0-0
v=HSisjzLESak__#00-05-20_00-06-20_label_B6-0-0__3.npy,B6-0-0
v=HSisjzLESak__#00-05-20_00-06-20_label_B6-0-0__4.npy,B6-0-0
v=HSisjzLESak__#00-05-20_00-06-20_label_B6-0-0__5.npy,B6-0-0
v=HSisjzLESak__#00-05-20_00-06-20_label_B6-0-0__6.npy,B6-0-0
v=HSisjzLESak__#00-05-20_00-06-20_label_B6-0-0__7.npy,B6-0-0
v=HSisjzLESak__#00-05-20_00-06-20_label_B6-0-0__8.npy,B6-0-0
v=HSisjzLESak__#00-05-20_00-06-20_label_B6-0-0__9.npy,B6-0-0
v=HSisjzLESak__#00-06-30_00-07-20_label_B6-0-0__0.npy,B6-0-0
v=HSisjzLESak__#00-06-30_00-07-20_label_B6-0-0__1.npy,B6-0-0
v=HSisjzLESak__#00-06-30_00-07-20_label_B6-0-0__2.npy,B6-0-0
v=HSisjzLESak__#00-06-30_00-07-20_label_B6-0-0__3.npy,B6-0-0
v=HSisjzLESak__#00-06-30_00-07-20_label_B6-0-0__4.npy,B6-0-0
v=HSisjzLESak__#00-06-30_00-07-20_label_B6-0-0__5.npy,B6-0-0
v=HSisjzLESak__#00-06-30_00-07-20_label_B6-0-0__6.npy,B6-0-0
v=HSisjzLESak__#00-06-30_00-07-20_label_B6-0-0__7.npy,B6-0-0
v=HSisjzLESak__#00-06-30_00-07-20_label_B6-0-0__8.npy,B6-0-0
v=HSisjzLESak__#00-06-30_00-07-20_label_B6-0-0__9.npy,B6-0-0
v=HSisjzLESak__#00-09-00_00-10-25_label_B6-0-0__0.npy,B6-0-0
v=HSisjzLESak__#00-09-00_00-10-25_label_B6-0-0__1.npy,B6-0-0
v=HSisjzLESak__#00-09-00_00-10-25_label_B6-0-0__2.npy,B6-0-0
v=HSisjzLESak__#00-09-00_00-10-25_label_B6-0-0__3.npy,B6-0-0
v=HSisjzLESak__#00-09-00_00-10-25_label_B6-0-0__4.npy,B6-0-0
v=HSisjzLESak__#00-09-00_00-10-25_label_B6-0-0__5.npy,B6-0-0
v=HSisjzLESak__#00-09-00_00-10-25_label_B6-0-0__6.npy,B6-0-0
v=HSisjzLESak__#00-09-00_00-10-25_label_B6-0-0__7.npy,B6-0-0
v=HSisjzLESak__#00-09-00_00-10-25_label_B6-0-0__8.npy,B6-0-0
v=HSisjzLESak__#00-09-00_00-10-25_label_B6-0-0__9.npy,B6-0-0
v=Hp0vQBwmaX0__#1_label_B6-0-0__0.npy,B6-0-0
v=Hp0vQBwmaX0__#1_label_B6-0-0__1.npy,B6-0-0
v=Hp0vQBwmaX0__#1_label_B6-0-0__2.npy,B6-0-0
v=Hp0vQBwmaX0__#1_label_B6-0-0__3.npy,B6-0-0
v=Hp0vQBwmaX0__#1_label_B6-0-0__4.npy,B6-0-0
v=Hp0vQBwmaX0__#1_label_B6-0-0__5.npy,B6-0-0
v=Hp0vQBwmaX0__#1_label_B6-0-0__6.npy,B6-0-0
v=Hp0vQBwmaX0__#1_label_B6-0-0__7.npy,B6-0-0
v=Hp0vQBwmaX0__#1_label_B6-0-0__8.npy,B6-0-0
v=Hp0vQBwmaX0__#1_label_B6-0-0__9.npy,B6-0-0
v=Ia9ATKNeUbY__#00-00-00_00-01-51_label_B6-0-0__0.npy,B6-0-0
v=Ia9ATKNeUbY__#00-00-00_00-01-51_label_B6-0-0__1.npy,B6-0-0
v=Ia9ATKNeUbY__#00-00-00_00-01-51_label_B6-0-0__2.npy,B6-0-0
v=Ia9ATKNeUbY__#00-00-00_00-01-51_label_B6-0-0__3.npy,B6-0-0
v=Ia9ATKNeUbY__#00-00-00_00-01-51_label_B6-0-0__4.npy,B6-0-0
v=Ia9ATKNeUbY__#00-00-00_00-01-51_label_B6-0-0__5.npy,B6-0-0
v=Ia9ATKNeUbY__#00-00-00_00-01-51_label_B6-0-0__6.npy,B6-0-0
v=Ia9ATKNeUbY__#00-00-00_00-01-51_label_B6-0-0__7.npy,B6-0-0
v=Ia9ATKNeUbY__#00-00-00_00-01-51_label_B6-0-0__8.npy,B6-0-0
v=Ia9ATKNeUbY__#00-00-00_00-01-51_label_B6-0-0__9.npy,B6-0-0
v=Ia9ATKNeUbY__#00-03-12_00-04-15_label_B6-0-0__0.npy,B6-0-0
v=Ia9ATKNeUbY__#00-03-12_00-04-15_label_B6-0-0__1.npy,B6-0-0
v=Ia9ATKNeUbY__#00-03-12_00-04-15_label_B6-0-0__2.npy,B6-0-0
v=Ia9ATKNeUbY__#00-03-12_00-04-15_label_B6-0-0__3.npy,B6-0-0
v=Ia9ATKNeUbY__#00-03-12_00-04-15_label_B6-0-0__4.npy,B6-0-0
v=Ia9ATKNeUbY__#00-03-12_00-04-15_label_B6-0-0__5.npy,B6-0-0
v=Ia9ATKNeUbY__#00-03-12_00-04-15_label_B6-0-0__6.npy,B6-0-0
v=Ia9ATKNeUbY__#00-03-12_00-04-15_label_B6-0-0__7.npy,B6-0-0
v=Ia9ATKNeUbY__#00-03-12_00-04-15_label_B6-0-0__8.npy,B6-0-0
v=Ia9ATKNeUbY__#00-03-12_00-04-15_label_B6-0-0__9.npy,B6-0-0
v=Jbyb1iAeikA__#1_label_B6-0-0__0.npy,B6-0-0
v=Jbyb1iAeikA__#1_label_B6-0-0__1.npy,B6-0-0
v=Jbyb1iAeikA__#1_label_B6-0-0__2.npy,B6-0-0
v=Jbyb1iAeikA__#1_label_B6-0-0__3.npy,B6-0-0
v=Jbyb1iAeikA__#1_label_B6-0-0__4.npy,B6-0-0
v=Jbyb1iAeikA__#1_label_B6-0-0__5.npy,B6-0-0
v=Jbyb1iAeikA__#1_label_B6-0-0__6.npy,B6-0-0
v=Jbyb1iAeikA__#1_label_B6-0-0__7.npy,B6-0-0
v=Jbyb1iAeikA__#1_label_B6-0-0__8.npy,B6-0-0
v=Jbyb1iAeikA__#1_label_B6-0-0__9.npy,B6-0-0
v=LLCUqRKnjeY__#00-01-00_00-02-45_label_B6-0-0__0.npy,B6-0-0
v=LLCUqRKnjeY__#00-01-00_00-02-45_label_B6-0-0__1.npy,B6-0-0
v=LLCUqRKnjeY__#00-01-00_00-02-45_label_B6-0-0__2.npy,B6-0-0
v=LLCUqRKnjeY__#00-01-00_00-02-45_label_B6-0-0__3.npy,B6-0-0
v=LLCUqRKnjeY__#00-01-00_00-02-45_label_B6-0-0__4.npy,B6-0-0
v=LLCUqRKnjeY__#00-01-00_00-02-45_label_B6-0-0__5.npy,B6-0-0
v=LLCUqRKnjeY__#00-01-00_00-02-45_label_B6-0-0__6.npy,B6-0-0
v=LLCUqRKnjeY__#00-01-00_00-02-45_label_B6-0-0__7.npy,B6-0-0
v=LLCUqRKnjeY__#00-01-00_00-02-45_label_B6-0-0__8.npy,B6-0-0
v=LLCUqRKnjeY__#00-01-00_00-02-45_label_B6-0-0__9.npy,B6-0-0
v=LLCUqRKnjeY__#00-03-00_00-04-09_label_B6-0-0__0.npy,B6-0-0
v=LLCUqRKnjeY__#00-03-00_00-04-09_label_B6-0-0__1.npy,B6-0-0
v=LLCUqRKnjeY__#00-03-00_00-04-09_label_B6-0-0__2.npy,B6-0-0
v=LLCUqRKnjeY__#00-03-00_00-04-09_label_B6-0-0__3.npy,B6-0-0
v=LLCUqRKnjeY__#00-03-00_00-04-09_label_B6-0-0__4.npy,B6-0-0
v=LLCUqRKnjeY__#00-03-00_00-04-09_label_B6-0-0__5.npy,B6-0-0
v=LLCUqRKnjeY__#00-03-00_00-04-09_label_B6-0-0__6.npy,B6-0-0
v=LLCUqRKnjeY__#00-03-00_00-04-09_label_B6-0-0__7.npy,B6-0-0
v=LLCUqRKnjeY__#00-03-00_00-04-09_label_B6-0-0__8.npy,B6-0-0
v=LLCUqRKnjeY__#00-03-00_00-04-09_label_B6-0-0__9.npy,B6-0-0
v=LLCUqRKnjeY__#00-04-10_00-05-12_label_B6-0-0__0.npy,B6-0-0
v=LLCUqRKnjeY__#00-04-10_00-05-12_label_B6-0-0__1.npy,B6-0-0
v=LLCUqRKnjeY__#00-04-10_00-05-12_label_B6-0-0__2.npy,B6-0-0
v=LLCUqRKnjeY__#00-04-10_00-05-12_label_B6-0-0__3.npy,B6-0-0
v=LLCUqRKnjeY__#00-04-10_00-05-12_label_B6-0-0__4.npy,B6-0-0
v=LLCUqRKnjeY__#00-04-10_00-05-12_label_B6-0-0__5.npy,B6-0-0
v=LLCUqRKnjeY__#00-04-10_00-05-12_label_B6-0-0__6.npy,B6-0-0
v=LLCUqRKnjeY__#00-04-10_00-05-12_label_B6-0-0__7.npy,B6-0-0
v=LLCUqRKnjeY__#00-04-10_00-05-12_label_B6-0-0__8.npy,B6-0-0
v=LLCUqRKnjeY__#00-04-10_00-05-12_label_B6-0-0__9.npy,B6-0-0
v=LLCUqRKnjeY__#00-05-20_00-06-51_label_B6-0-0__0.npy,B6-0-0
v=LLCUqRKnjeY__#00-05-20_00-06-51_label_B6-0-0__1.npy,B6-0-0
v=LLCUqRKnjeY__#00-05-20_00-06-51_label_B6-0-0__2.npy,B6-0-0
v=LLCUqRKnjeY__#00-05-20_00-06-51_label_B6-0-0__3.npy,B6-0-0
v=LLCUqRKnjeY__#00-05-20_00-06-51_label_B6-0-0__4.npy,B6-0-0
v=LLCUqRKnjeY__#00-05-20_00-06-51_label_B6-0-0__5.npy,B6-0-0
v=LLCUqRKnjeY__#00-05-20_00-06-51_label_B6-0-0__6.npy,B6-0-0
v=LLCUqRKnjeY__#00-05-20_00-06-51_label_B6-0-0__7.npy,B6-0-0
v=LLCUqRKnjeY__#00-05-20_00-06-51_label_B6-0-0__8.npy,B6-0-0
v=LLCUqRKnjeY__#00-05-20_00-06-51_label_B6-0-0__9.npy,B6-0-0
v=LLCUqRKnjeY__#00-07-00_00-08-45_label_B6-0-0__0.npy,B6-0-0
v=LLCUqRKnjeY__#00-07-00_00-08-45_label_B6-0-0__1.npy,B6-0-0
v=LLCUqRKnjeY__#00-07-00_00-08-45_label_B6-0-0__2.npy,B6-0-0
v=LLCUqRKnjeY__#00-07-00_00-08-45_label_B6-0-0__3.npy,B6-0-0
v=LLCUqRKnjeY__#00-07-00_00-08-45_label_B6-0-0__4.npy,B6-0-0
v=LLCUqRKnjeY__#00-07-00_00-08-45_label_B6-0-0__5.npy,B6-0-0
v=LLCUqRKnjeY__#00-07-00_00-08-45_label_B6-0-0__6.npy,B6-0-0
v=LLCUqRKnjeY__#00-07-00_00-08-45_label_B6-0-0__7.npy,B6-0-0
v=LLCUqRKnjeY__#00-07-00_00-08-45_label_B6-0-0__8.npy,B6-0-0
v=LLCUqRKnjeY__#00-07-00_00-08-45_label_B6-0-0__9.npy,B6-0-0
v=LOBnTy6A8QI__#1_label_B6-0-0__0.npy,B6-0-0
v=LOBnTy6A8QI__#1_label_B6-0-0__1.npy,B6-0-0
v=LOBnTy6A8QI__#1_label_B6-0-0__2.npy,B6-0-0
v=LOBnTy6A8QI__#1_label_B6-0-0__3.npy,B6-0-0
v=LOBnTy6A8QI__#1_label_B6-0-0__4.npy,B6-0-0
v=LOBnTy6A8QI__#1_label_B6-0-0__5.npy,B6-0-0
v=LOBnTy6A8QI__#1_label_B6-0-0__6.npy,B6-0-0
v=LOBnTy6A8QI__#1_label_B6-0-0__7.npy,B6-0-0
v=LOBnTy6A8QI__#1_label_B6-0-0__8.npy,B6-0-0
v=LOBnTy6A8QI__#1_label_B6-0-0__9.npy,B6-0-0
v=LaMCiz8Ut_o__#1_label_B6-0-0__0.npy,B6-0-0
v=LaMCiz8Ut_o__#1_label_B6-0-0__1.npy,B6-0-0
v=LaMCiz8Ut_o__#1_label_B6-0-0__2.npy,B6-0-0
v=LaMCiz8Ut_o__#1_label_B6-0-0__3.npy,B6-0-0
v=LaMCiz8Ut_o__#1_label_B6-0-0__4.npy,B6-0-0
v=LaMCiz8Ut_o__#1_label_B6-0-0__5.npy,B6-0-0
v=LaMCiz8Ut_o__#1_label_B6-0-0__6.npy,B6-0-0
v=LaMCiz8Ut_o__#1_label_B6-0-0__7.npy,B6-0-0
v=LaMCiz8Ut_o__#1_label_B6-0-0__8.npy,B6-0-0
v=LaMCiz8Ut_o__#1_label_B6-0-0__9.npy,B6-0-0
v=MLgIdp6qTKI__#1_label_B6-0-0__0.npy,B6-0-0
v=MLgIdp6qTKI__#1_label_B6-0-0__1.npy,B6-0-0
v=MLgIdp6qTKI__#1_label_B6-0-0__2.npy,B6-0-0
v=MLgIdp6qTKI__#1_label_B6-0-0__3.npy,B6-0-0
v=MLgIdp6qTKI__#1_label_B6-0-0__4.npy,B6-0-0
v=MLgIdp6qTKI__#1_label_B6-0-0__5.npy,B6-0-0
v=MLgIdp6qTKI__#1_label_B6-0-0__6.npy,B6-0-0
v=MLgIdp6qTKI__#1_label_B6-0-0__7.npy,B6-0-0
v=MLgIdp6qTKI__#1_label_B6-0-0__8.npy,B6-0-0
v=MLgIdp6qTKI__#1_label_B6-0-0__9.npy,B6-0-0
v=O91_XrxjdXo__#1_label_B6-0-0__0.npy,B6-0-0
v=O91_XrxjdXo__#1_label_B6-0-0__1.npy,B6-0-0
v=O91_XrxjdXo__#1_label_B6-0-0__2.npy,B6-0-0
v=O91_XrxjdXo__#1_label_B6-0-0__3.npy,B6-0-0
v=O91_XrxjdXo__#1_label_B6-0-0__4.npy,B6-0-0
v=O91_XrxjdXo__#1_label_B6-0-0__5.npy,B6-0-0
v=O91_XrxjdXo__#1_label_B6-0-0__6.npy,B6-0-0
v=O91_XrxjdXo__#1_label_B6-0-0__7.npy,B6-0-0
v=O91_XrxjdXo__#1_label_B6-0-0__8.npy,B6-0-0
v=O91_XrxjdXo__#1_label_B6-0-0__9.npy,B6-0-0
v=OjUzOiOzUa0__#00-00-00_00-01-37_label_B6-0-0__0.npy,B6-0-0
v=OjUzOiOzUa0__#00-00-00_00-01-37_label_B6-0-0__1.npy,B6-0-0
v=OjUzOiOzUa0__#00-00-00_00-01-37_label_B6-0-0__2.npy,B6-0-0
v=OjUzOiOzUa0__#00-00-00_00-01-37_label_B6-0-0__3.npy,B6-0-0
v=OjUzOiOzUa0__#00-00-00_00-01-37_label_B6-0-0__4.npy,B6-0-0
v=OjUzOiOzUa0__#00-00-00_00-01-37_label_B6-0-0__5.npy,B6-0-0
v=OjUzOiOzUa0__#00-00-00_00-01-37_label_B6-0-0__6.npy,B6-0-0
v=OjUzOiOzUa0__#00-00-00_00-01-37_label_B6-0-0__7.npy,B6-0-0
v=OjUzOiOzUa0__#00-00-00_00-01-37_label_B6-0-0__8.npy,B6-0-0
v=OjUzOiOzUa0__#00-00-00_00-01-37_label_B6-0-0__9.npy,B6-0-0
v=OjUzOiOzUa0__#00-02-30_00-03-44_label_B6-0-0__0.npy,B6-0-0
v=OjUzOiOzUa0__#00-02-30_00-03-44_label_B6-0-0__1.npy,B6-0-0
v=OjUzOiOzUa0__#00-02-30_00-03-44_label_B6-0-0__2.npy,B6-0-0
v=OjUzOiOzUa0__#00-02-30_00-03-44_label_B6-0-0__3.npy,B6-0-0
v=OjUzOiOzUa0__#00-02-30_00-03-44_label_B6-0-0__4.npy,B6-0-0
v=OjUzOiOzUa0__#00-02-30_00-03-44_label_B6-0-0__5.npy,B6-0-0
v=OjUzOiOzUa0__#00-02-30_00-03-44_label_B6-0-0__6.npy,B6-0-0
v=OjUzOiOzUa0__#00-02-30_00-03-44_label_B6-0-0__7.npy,B6-0-0
v=OjUzOiOzUa0__#00-02-30_00-03-44_label_B6-0-0__8.npy,B6-0-0
v=OjUzOiOzUa0__#00-02-30_00-03-44_label_B6-0-0__9.npy,B6-0-0
v=OjUzOiOzUa0__#00-04-10_00-05-19_label_B6-0-0__0.npy,B6-0-0
v=OjUzOiOzUa0__#00-04-10_00-05-19_label_B6-0-0__1.npy,B6-0-0
v=OjUzOiOzUa0__#00-04-10_00-05-19_label_B6-0-0__2.npy,B6-0-0
v=OjUzOiOzUa0__#00-04-10_00-05-19_label_B6-0-0__3.npy,B6-0-0
v=OjUzOiOzUa0__#00-04-10_00-05-19_label_B6-0-0__4.npy,B6-0-0
v=OjUzOiOzUa0__#00-04-10_00-05-19_label_B6-0-0__5.npy,B6-0-0
v=OjUzOiOzUa0__#00-04-10_00-05-19_label_B6-0-0__6.npy,B6-0-0
v=OjUzOiOzUa0__#00-04-10_00-05-19_label_B6-0-0__7.npy,B6-0-0
v=OjUzOiOzUa0__#00-04-10_00-05-19_label_B6-0-0__8.npy,B6-0-0
v=OjUzOiOzUa0__#00-04-10_00-05-19_label_B6-0-0__9.npy,B6-0-0
v=OjUzOiOzUa0__#00-05-20_00-06-45_label_B6-0-0__0.npy,B6-0-0
v=OjUzOiOzUa0__#00-05-20_00-06-45_label_B6-0-0__1.npy,B6-0-0
v=OjUzOiOzUa0__#00-05-20_00-06-45_label_B6-0-0__2.npy,B6-0-0
v=OjUzOiOzUa0__#00-05-20_00-06-45_label_B6-0-0__3.npy,B6-0-0
v=OjUzOiOzUa0__#00-05-20_00-06-45_label_B6-0-0__4.npy,B6-0-0
v=OjUzOiOzUa0__#00-05-20_00-06-45_label_B6-0-0__5.npy,B6-0-0
v=OjUzOiOzUa0__#00-05-20_00-06-45_label_B6-0-0__6.npy,B6-0-0
v=OjUzOiOzUa0__#00-05-20_00-06-45_label_B6-0-0__7.npy,B6-0-0
v=OjUzOiOzUa0__#00-05-20_00-06-45_label_B6-0-0__8.npy,B6-0-0
v=OjUzOiOzUa0__#00-05-20_00-06-45_label_B6-0-0__9.npy,B6-0-0
v=OjUzOiOzUa0__#00-06-46_00-08-19_label_B6-0-0__0.npy,B6-0-0
v=OjUzOiOzUa0__#00-06-46_00-08-19_label_B6-0-0__1.npy,B6-0-0
v=OjUzOiOzUa0__#00-06-46_00-08-19_label_B6-0-0__2.npy,B6-0-0
v=OjUzOiOzUa0__#00-06-46_00-08-19_label_B6-0-0__3.npy,B6-0-0
v=OjUzOiOzUa0__#00-06-46_00-08-19_label_B6-0-0__4.npy,B6-0-0
v=OjUzOiOzUa0__#00-06-46_00-08-19_label_B6-0-0__5.npy,B6-0-0
v=OjUzOiOzUa0__#00-06-46_00-08-19_label_B6-0-0__6.npy,B6-0-0
v=OjUzOiOzUa0__#00-06-46_00-08-19_label_B6-0-0__7.npy,B6-0-0
v=OjUzOiOzUa0__#00-06-46_00-08-19_label_B6-0-0__8.npy,B6-0-0
v=OjUzOiOzUa0__#00-06-46_00-08-19_label_B6-0-0__9.npy,B6-0-0
v=OjUzOiOzUa0__#00-08-40_00-10-16_label_B6-0-0__0.npy,B6-0-0
v=OjUzOiOzUa0__#00-08-40_00-10-16_label_B6-0-0__1.npy,B6-0-0
v=OjUzOiOzUa0__#00-08-40_00-10-16_label_B6-0-0__2.npy,B6-0-0
v=OjUzOiOzUa0__#00-08-40_00-10-16_label_B6-0-0__3.npy,B6-0-0
v=OjUzOiOzUa0__#00-08-40_00-10-16_label_B6-0-0__4.npy,B6-0-0
v=OjUzOiOzUa0__#00-08-40_00-10-16_label_B6-0-0__5.npy,B6-0-0
v=OjUzOiOzUa0__#00-08-40_00-10-16_label_B6-0-0__6.npy,B6-0-0
v=OjUzOiOzUa0__#00-08-40_00-10-16_label_B6-0-0__7.npy,B6-0-0
v=OjUzOiOzUa0__#00-08-40_00-10-16_label_B6-0-0__8.npy,B6-0-0
v=OjUzOiOzUa0__#00-08-40_00-10-16_label_B6-0-0__9.npy,B6-0-0
v=Q_lCVGhlexs__#1_label_B6-0-0__0.npy,B6-0-0
v=Q_lCVGhlexs__#1_label_B6-0-0__1.npy,B6-0-0
v=Q_lCVGhlexs__#1_label_B6-0-0__2.npy,B6-0-0
v=Q_lCVGhlexs__#1_label_B6-0-0__3.npy,B6-0-0
v=Q_lCVGhlexs__#1_label_B6-0-0__4.npy,B6-0-0
v=Q_lCVGhlexs__#1_label_B6-0-0__5.npy,B6-0-0
v=Q_lCVGhlexs__#1_label_B6-0-0__6.npy,B6-0-0
v=Q_lCVGhlexs__#1_label_B6-0-0__7.npy,B6-0-0
v=Q_lCVGhlexs__#1_label_B6-0-0__8.npy,B6-0-0
v=Q_lCVGhlexs__#1_label_B6-0-0__9.npy,B6-0-0
v=S5NWcdq4Wf4__#00-00-00_00-01-27_label_B6-0-0__0.npy,B6-0-0
v=S5NWcdq4Wf4__#00-00-00_00-01-27_label_B6-0-0__1.npy,B6-0-0
v=S5NWcdq4Wf4__#00-00-00_00-01-27_label_B6-0-0__2.npy,B6-0-0
v=S5NWcdq4Wf4__#00-00-00_00-01-27_label_B6-0-0__3.npy,B6-0-0
v=S5NWcdq4Wf4__#00-00-00_00-01-27_label_B6-0-0__4.npy,B6-0-0
v=S5NWcdq4Wf4__#00-00-00_00-01-27_label_B6-0-0__5.npy,B6-0-0
v=S5NWcdq4Wf4__#00-00-00_00-01-27_label_B6-0-0__6.npy,B6-0-0
v=S5NWcdq4Wf4__#00-00-00_00-01-27_label_B6-0-0__7.npy,B6-0-0
v=S5NWcdq4Wf4__#00-00-00_00-01-27_label_B6-0-0__8.npy,B6-0-0
v=S5NWcdq4Wf4__#00-00-00_00-01-27_label_B6-0-0__9.npy,B6-0-0
v=TBGDuYdK_yA__#1_label_B6-0-0__0.npy,B6-0-0
v=TBGDuYdK_yA__#1_label_B6-0-0__1.npy,B6-0-0
v=TBGDuYdK_yA__#1_label_B6-0-0__2.npy,B6-0-0
v=TBGDuYdK_yA__#1_label_B6-0-0__3.npy,B6-0-0
v=TBGDuYdK_yA__#1_label_B6-0-0__4.npy,B6-0-0
v=TBGDuYdK_yA__#1_label_B6-0-0__5.npy,B6-0-0
v=TBGDuYdK_yA__#1_label_B6-0-0__6.npy,B6-0-0
v=TBGDuYdK_yA__#1_label_B6-0-0__7.npy,B6-0-0
v=TBGDuYdK_yA__#1_label_B6-0-0__8.npy,B6-0-0
v=TBGDuYdK_yA__#1_label_B6-0-0__9.npy,B6-0-0
v=TOEVc-pOEwM__#00-00-00_00-01-40_label_B6-0-0__0.npy,B6-0-0
v=TOEVc-pOEwM__#00-00-00_00-01-40_label_B6-0-0__1.npy,B6-0-0
v=TOEVc-pOEwM__#00-00-00_00-01-40_label_B6-0-0__2.npy,B6-0-0
v=TOEVc-pOEwM__#00-00-00_00-01-40_label_B6-0-0__3.npy,B6-0-0
v=TOEVc-pOEwM__#00-00-00_00-01-40_label_B6-0-0__4.npy,B6-0-0
v=TOEVc-pOEwM__#00-00-00_00-01-40_label_B6-0-0__5.npy,B6-0-0
v=TOEVc-pOEwM__#00-00-00_00-01-40_label_B6-0-0__6.npy,B6-0-0
v=TOEVc-pOEwM__#00-00-00_00-01-40_label_B6-0-0__7.npy,B6-0-0
v=TOEVc-pOEwM__#00-00-00_00-01-40_label_B6-0-0__8.npy,B6-0-0
v=TOEVc-pOEwM__#00-00-00_00-01-40_label_B6-0-0__9.npy,B6-0-0
v=TOEVc-pOEwM__#00-02-00_00-02-52_label_B6-0-0__0.npy,B6-0-0
v=TOEVc-pOEwM__#00-02-00_00-02-52_label_B6-0-0__1.npy,B6-0-0
v=TOEVc-pOEwM__#00-02-00_00-02-52_label_B6-0-0__2.npy,B6-0-0
v=TOEVc-pOEwM__#00-02-00_00-02-52_label_B6-0-0__3.npy,B6-0-0
v=TOEVc-pOEwM__#00-02-00_00-02-52_label_B6-0-0__4.npy,B6-0-0
v=TOEVc-pOEwM__#00-02-00_00-02-52_label_B6-0-0__5.npy,B6-0-0
v=TOEVc-pOEwM__#00-02-00_00-02-52_label_B6-0-0__6.npy,B6-0-0
v=TOEVc-pOEwM__#00-02-00_00-02-52_label_B6-0-0__7.npy,B6-0-0
v=TOEVc-pOEwM__#00-02-00_00-02-52_label_B6-0-0__8.npy,B6-0-0
v=TOEVc-pOEwM__#00-02-00_00-02-52_label_B6-0-0__9.npy,B6-0-0
v=TOEVc-pOEwM__#00-03-30_00-06-00_label_B6-0-0__0.npy,B6-0-0
v=TOEVc-pOEwM__#00-03-30_00-06-00_label_B6-0-0__1.npy,B6-0-0
v=TOEVc-pOEwM__#00-03-30_00-06-00_label_B6-0-0__2.npy,B6-0-0
v=TOEVc-pOEwM__#00-03-30_00-06-00_label_B6-0-0__3.npy,B6-0-0
v=TOEVc-pOEwM__#00-03-30_00-06-00_label_B6-0-0__4.npy,B6-0-0
v=TOEVc-pOEwM__#00-03-30_00-06-00_label_B6-0-0__5.npy,B6-0-0
v=TOEVc-pOEwM__#00-03-30_00-06-00_label_B6-0-0__6.npy,B6-0-0
v=TOEVc-pOEwM__#00-03-30_00-06-00_label_B6-0-0__7.npy,B6-0-0
v=TOEVc-pOEwM__#00-03-30_00-06-00_label_B6-0-0__8.npy,B6-0-0
v=TOEVc-pOEwM__#00-03-30_00-06-00_label_B6-0-0__9.npy,B6-0-0
v=TOEVc-pOEwM__#00-06-13_00-07-28_label_B6-0-0__0.npy,B6-0-0
v=TOEVc-pOEwM__#00-06-13_00-07-28_label_B6-0-0__1.npy,B6-0-0
v=TOEVc-pOEwM__#00-06-13_00-07-28_label_B6-0-0__2.npy,B6-0-0
v=TOEVc-pOEwM__#00-06-13_00-07-28_label_B6-0-0__3.npy,B6-0-0
v=TOEVc-pOEwM__#00-06-13_00-07-28_label_B6-0-0__4.npy,B6-0-0
v=TOEVc-pOEwM__#00-06-13_00-07-28_label_B6-0-0__5.npy,B6-0-0
v=TOEVc-pOEwM__#00-06-13_00-07-28_label_B6-0-0__6.npy,B6-0-0
v=TOEVc-pOEwM__#00-06-13_00-07-28_label_B6-0-0__7.npy,B6-0-0
v=TOEVc-pOEwM__#00-06-13_00-07-28_label_B6-0-0__8.npy,B6-0-0
v=TOEVc-pOEwM__#00-06-13_00-07-28_label_B6-0-0__9.npy,B6-0-0
v=TaEFGtAT2fs__#1_label_B6-0-0__0.npy,B6-0-0
v=TaEFGtAT2fs__#1_label_B6-0-0__1.npy,B6-0-0
v=TaEFGtAT2fs__#1_label_B6-0-0__2.npy,B6-0-0
v=TaEFGtAT2fs__#1_label_B6-0-0__3.npy,B6-0-0
v=TaEFGtAT2fs__#1_label_B6-0-0__4.npy,B6-0-0
v=TaEFGtAT2fs__#1_label_B6-0-0__5.npy,B6-0-0
v=TaEFGtAT2fs__#1_label_B6-0-0__6.npy,B6-0-0
v=TaEFGtAT2fs__#1_label_B6-0-0__7.npy,B6-0-0
v=TaEFGtAT2fs__#1_label_B6-0-0__8.npy,B6-0-0
v=TaEFGtAT2fs__#1_label_B6-0-0__9.npy,B6-0-0
v=TxkNW_f3JPA__#1_label_B6-0-0__0.npy,B6-0-0
v=TxkNW_f3JPA__#1_label_B6-0-0__1.npy,B6-0-0
v=TxkNW_f3JPA__#1_label_B6-0-0__2.npy,B6-0-0
v=TxkNW_f3JPA__#1_label_B6-0-0__3.npy,B6-0-0
v=TxkNW_f3JPA__#1_label_B6-0-0__4.npy,B6-0-0
v=TxkNW_f3JPA__#1_label_B6-0-0__5.npy,B6-0-0
v=TxkNW_f3JPA__#1_label_B6-0-0__6.npy,B6-0-0
v=TxkNW_f3JPA__#1_label_B6-0-0__7.npy,B6-0-0
v=TxkNW_f3JPA__#1_label_B6-0-0__8.npy,B6-0-0
v=TxkNW_f3JPA__#1_label_B6-0-0__9.npy,B6-0-0
v=UBXehaIFOpc__#1_label_B6-0-0__0.npy,B6-0-0
v=UBXehaIFOpc__#1_label_B6-0-0__1.npy,B6-0-0
v=UBXehaIFOpc__#1_label_B6-0-0__2.npy,B6-0-0
v=UBXehaIFOpc__#1_label_B6-0-0__3.npy,B6-0-0
v=UBXehaIFOpc__#1_label_B6-0-0__4.npy,B6-0-0
v=UBXehaIFOpc__#1_label_B6-0-0__5.npy,B6-0-0
v=UBXehaIFOpc__#1_label_B6-0-0__6.npy,B6-0-0
v=UBXehaIFOpc__#1_label_B6-0-0__7.npy,B6-0-0
v=UBXehaIFOpc__#1_label_B6-0-0__8.npy,B6-0-0
v=UBXehaIFOpc__#1_label_B6-0-0__9.npy,B6-0-0
v=U_VfMqGGqlE__#00-07-11_00-08-35_label_B6-0-0__0.npy,B6-0-0
v=U_VfMqGGqlE__#00-07-11_00-08-35_label_B6-0-0__1.npy,B6-0-0
v=U_VfMqGGqlE__#00-07-11_00-08-35_label_B6-0-0__2.npy,B6-0-0
v=U_VfMqGGqlE__#00-07-11_00-08-35_label_B6-0-0__3.npy,B6-0-0
v=U_VfMqGGqlE__#00-07-11_00-08-35_label_B6-0-0__4.npy,B6-0-0
v=U_VfMqGGqlE__#00-07-11_00-08-35_label_B6-0-0__5.npy,B6-0-0
v=U_VfMqGGqlE__#00-07-11_00-08-35_label_B6-0-0__6.npy,B6-0-0
v=U_VfMqGGqlE__#00-07-11_00-08-35_label_B6-0-0__7.npy,B6-0-0
v=U_VfMqGGqlE__#00-07-11_00-08-35_label_B6-0-0__8.npy,B6-0-0
v=U_VfMqGGqlE__#00-07-11_00-08-35_label_B6-0-0__9.npy,B6-0-0
v=U_VfMqGGqlE__#00-08-45_00-10-32_label_B6-0-0__0.npy,B6-0-0
v=U_VfMqGGqlE__#00-08-45_00-10-32_label_B6-0-0__1.npy,B6-0-0
v=U_VfMqGGqlE__#00-08-45_00-10-32_label_B6-0-0__2.npy,B6-0-0
v=U_VfMqGGqlE__#00-08-45_00-10-32_label_B6-0-0__3.npy,B6-0-0
v=U_VfMqGGqlE__#00-08-45_00-10-32_label_B6-0-0__4.npy,B6-0-0
v=U_VfMqGGqlE__#00-08-45_00-10-32_label_B6-0-0__5.npy,B6-0-0
v=U_VfMqGGqlE__#00-08-45_00-10-32_label_B6-0-0__6.npy,B6-0-0
v=U_VfMqGGqlE__#00-08-45_00-10-32_label_B6-0-0__7.npy,B6-0-0
v=U_VfMqGGqlE__#00-08-45_00-10-32_label_B6-0-0__8.npy,B6-0-0
v=U_VfMqGGqlE__#00-08-45_00-10-32_label_B6-0-0__9.npy,B6-0-0
v=U_VfMqGGqlE__#00-10-35_00-11-47_label_B6-0-0__0.npy,B6-0-0
v=U_VfMqGGqlE__#00-10-35_00-11-47_label_B6-0-0__1.npy,B6-0-0
v=U_VfMqGGqlE__#00-10-35_00-11-47_label_B6-0-0__2.npy,B6-0-0
v=U_VfMqGGqlE__#00-10-35_00-11-47_label_B6-0-0__3.npy,B6-0-0
v=U_VfMqGGqlE__#00-10-35_00-11-47_label_B6-0-0__4.npy,B6-0-0
v=U_VfMqGGqlE__#00-10-35_00-11-47_label_B6-0-0__5.npy,B6-0-0
v=U_VfMqGGqlE__#00-10-35_00-11-47_label_B6-0-0__6.npy,B6-0-0
v=U_VfMqGGqlE__#00-10-35_00-11-47_label_B6-0-0__7.npy,B6-0-0
v=U_VfMqGGqlE__#00-10-35_00-11-47_label_B6-0-0__8.npy,B6-0-0
v=U_VfMqGGqlE__#00-10-35_00-11-47_label_B6-0-0__9.npy,B6-0-0
v=X1arMZmYhsk__#00-00-00_00-00-51_label_B6-0-0__0.npy,B6-0-0
v=X1arMZmYhsk__#00-00-00_00-00-51_label_B6-0-0__1.npy,B6-0-0
v=X1arMZmYhsk__#00-00-00_00-00-51_label_B6-0-0__2.npy,B6-0-0
v=X1arMZmYhsk__#00-00-00_00-00-51_label_B6-0-0__3.npy,B6-0-0
v=X1arMZmYhsk__#00-00-00_00-00-51_label_B6-0-0__4.npy,B6-0-0
v=X1arMZmYhsk__#00-00-00_00-00-51_label_B6-0-0__5.npy,B6-0-0
v=X1arMZmYhsk__#00-00-00_00-00-51_label_B6-0-0__6.npy,B6-0-0
v=X1arMZmYhsk__#00-00-00_00-00-51_label_B6-0-0__7.npy,B6-0-0
v=X1arMZmYhsk__#00-00-00_00-00-51_label_B6-0-0__8.npy,B6-0-0
v=X1arMZmYhsk__#00-00-00_00-00-51_label_B6-0-0__9.npy,B6-0-0
v=X1arMZmYhsk__#00-01-00_00-02-45_label_B6-0-0__0.npy,B6-0-0
v=X1arMZmYhsk__#00-01-00_00-02-45_label_B6-0-0__1.npy,B6-0-0
v=X1arMZmYhsk__#00-01-00_00-02-45_label_B6-0-0__2.npy,B6-0-0
v=X1arMZmYhsk__#00-01-00_00-02-45_label_B6-0-0__3.npy,B6-0-0
v=X1arMZmYhsk__#00-01-00_00-02-45_label_B6-0-0__4.npy,B6-0-0
v=X1arMZmYhsk__#00-01-00_00-02-45_label_B6-0-0__5.npy,B6-0-0
v=X1arMZmYhsk__#00-01-00_00-02-45_label_B6-0-0__6.npy,B6-0-0
v=X1arMZmYhsk__#00-01-00_00-02-45_label_B6-0-0__7.npy,B6-0-0
v=X1arMZmYhsk__#00-01-00_00-02-45_label_B6-0-0__8.npy,B6-0-0
v=X1arMZmYhsk__#00-01-00_00-02-45_label_B6-0-0__9.npy,B6-0-0
v=X1arMZmYhsk__#00-03-00_00-04-09_label_B6-0-0__0.npy,B6-0-0
v=X1arMZmYhsk__#00-03-00_00-04-09_label_B6-0-0__1.npy,B6-0-0
v=X1arMZmYhsk__#00-03-00_00-04-09_label_B6-0-0__2.npy,B6-0-0
v=X1arMZmYhsk__#00-03-00_00-04-09_label_B6-0-0__3.npy,B6-0-0
v=X1arMZmYhsk__#00-03-00_00-04-09_label_B6-0-0__4.npy,B6-0-0
v=X1arMZmYhsk__#00-03-00_00-04-09_label_B6-0-0__5.npy,B6-0-0
v=X1arMZmYhsk__#00-03-00_00-04-09_label_B6-0-0__6.npy,B6-0-0
v=X1arMZmYhsk__#00-03-00_00-04-09_label_B6-0-0__7.npy,B6-0-0
v=X1arMZmYhsk__#00-03-00_00-04-09_label_B6-0-0__8.npy,B6-0-0
v=X1arMZmYhsk__#00-03-00_00-04-09_label_B6-0-0__9.npy,B6-0-0
v=X1arMZmYhsk__#00-04-10_00-06-09_label_B6-0-0__0.npy,B6-0-0
v=X1arMZmYhsk__#00-04-10_00-06-09_label_B6-0-0__1.npy,B6-0-0
v=X1arMZmYhsk__#00-04-10_00-06-09_label_B6-0-0__2.npy,B6-0-0
v=X1arMZmYhsk__#00-04-10_00-06-09_label_B6-0-0__3.npy,B6-0-0
v=X1arMZmYhsk__#00-04-10_00-06-09_label_B6-0-0__4.npy,B6-0-0
v=X1arMZmYhsk__#00-04-10_00-06-09_label_B6-0-0__5.npy,B6-0-0
v=X1arMZmYhsk__#00-04-10_00-06-09_label_B6-0-0__6.npy,B6-0-0
v=X1arMZmYhsk__#00-04-10_00-06-09_label_B6-0-0__7.npy,B6-0-0
v=X1arMZmYhsk__#00-04-10_00-06-09_label_B6-0-0__8.npy,B6-0-0
v=X1arMZmYhsk__#00-04-10_00-06-09_label_B6-0-0__9.npy,B6-0-0
v=X1arMZmYhsk__#00-06-10_00-07-19_label_B6-0-0__0.npy,B6-0-0
v=X1arMZmYhsk__#00-06-10_00-07-19_label_B6-0-0__1.npy,B6-0-0
v=X1arMZmYhsk__#00-06-10_00-07-19_label_B6-0-0__2.npy,B6-0-0
v=X1arMZmYhsk__#00-06-10_00-07-19_label_B6-0-0__3.npy,B6-0-0
v=X1arMZmYhsk__#00-06-10_00-07-19_label_B6-0-0__4.npy,B6-0-0
v=X1arMZmYhsk__#00-06-10_00-07-19_label_B6-0-0__5.npy,B6-0-0
v=X1arMZmYhsk__#00-06-10_00-07-19_label_B6-0-0__6.npy,B6-0-0
v=X1arMZmYhsk__#00-06-10_00-07-19_label_B6-0-0__7.npy,B6-0-0
v=X1arMZmYhsk__#00-06-10_00-07-19_label_B6-0-0__8.npy,B6-0-0
v=X1arMZmYhsk__#00-06-10_00-07-19_label_B6-0-0__9.npy,B6-0-0
v=X1arMZmYhsk__#00-07-22_00-08-19_label_B6-0-0__0.npy,B6-0-0
v=X1arMZmYhsk__#00-07-22_00-08-19_label_B6-0-0__1.npy,B6-0-0
v=X1arMZmYhsk__#00-07-22_00-08-19_label_B6-0-0__2.npy,B6-0-0
v=X1arMZmYhsk__#00-07-22_00-08-19_label_B6-0-0__3.npy,B6-0-0
v=X1arMZmYhsk__#00-07-22_00-08-19_label_B6-0-0__4.npy,B6-0-0
v=X1arMZmYhsk__#00-07-22_00-08-19_label_B6-0-0__5.npy,B6-0-0
v=X1arMZmYhsk__#00-07-22_00-08-19_label_B6-0-0__6.npy,B6-0-0
v=X1arMZmYhsk__#00-07-22_00-08-19_label_B6-0-0__7.npy,B6-0-0
v=X1arMZmYhsk__#00-07-22_00-08-19_label_B6-0-0__8.npy,B6-0-0
v=X1arMZmYhsk__#00-07-22_00-08-19_label_B6-0-0__9.npy,B6-0-0
v=X1arMZmYhsk__#00-08-35_00-10-25_label_B6-0-0__0.npy,B6-0-0
v=X1arMZmYhsk__#00-08-35_00-10-25_label_B6-0-0__1.npy,B6-0-0
v=X1arMZmYhsk__#00-08-35_00-10-25_label_B6-0-0__2.npy,B6-0-0
v=X1arMZmYhsk__#00-08-35_00-10-25_label_B6-0-0__3.npy,B6-0-0
v=X1arMZmYhsk__#00-08-35_00-10-25_label_B6-0-0__4.npy,B6-0-0
v=X1arMZmYhsk__#00-08-35_00-10-25_label_B6-0-0__5.npy,B6-0-0
v=X1arMZmYhsk__#00-08-35_00-10-25_label_B6-0-0__6.npy,B6-0-0
v=X1arMZmYhsk__#00-08-35_00-10-25_label_B6-0-0__7.npy,B6-0-0
v=X1arMZmYhsk__#00-08-35_00-10-25_label_B6-0-0__8.npy,B6-0-0
v=X1arMZmYhsk__#00-08-35_00-10-25_label_B6-0-0__9.npy,B6-0-0
v=X1arMZmYhsk__#00-11-00_00-12-45_label_B6-0-0__0.npy,B6-0-0
v=X1arMZmYhsk__#00-11-00_00-12-45_label_B6-0-0__1.npy,B6-0-0
v=X1arMZmYhsk__#00-11-00_00-12-45_label_B6-0-0__2.npy,B6-0-0
v=X1arMZmYhsk__#00-11-00_00-12-45_label_B6-0-0__3.npy,B6-0-0
v=X1arMZmYhsk__#00-11-00_00-12-45_label_B6-0-0__4.npy,B6-0-0
v=X1arMZmYhsk__#00-11-00_00-12-45_label_B6-0-0__5.npy,B6-0-0
v=X1arMZmYhsk__#00-11-00_00-12-45_label_B6-0-0__6.npy,B6-0-0
v=X1arMZmYhsk__#00-11-00_00-12-45_label_B6-0-0__7.npy,B6-0-0
v=X1arMZmYhsk__#00-11-00_00-12-45_label_B6-0-0__8.npy,B6-0-0
v=X1arMZmYhsk__#00-11-00_00-12-45_label_B6-0-0__9.npy,B6-0-0
v=X1arMZmYhsk__#00-14-10_00-16-09_label_B6-0-0__0.npy,B6-0-0
v=X1arMZmYhsk__#00-14-10_00-16-09_label_B6-0-0__1.npy,B6-0-0
v=X1arMZmYhsk__#00-14-10_00-16-09_label_B6-0-0__2.npy,B6-0-0
v=X1arMZmYhsk__#00-14-10_00-16-09_label_B6-0-0__3.npy,B6-0-0
v=X1arMZmYhsk__#00-14-10_00-16-09_label_B6-0-0__4.npy,B6-0-0
v=X1arMZmYhsk__#00-14-10_00-16-09_label_B6-0-0__5.npy,B6-0-0
v=X1arMZmYhsk__#00-14-10_00-16-09_label_B6-0-0__6.npy,B6-0-0
v=X1arMZmYhsk__#00-14-10_00-16-09_label_B6-0-0__7.npy,B6-0-0
v=X1arMZmYhsk__#00-14-10_00-16-09_label_B6-0-0__8.npy,B6-0-0
v=X1arMZmYhsk__#00-14-10_00-16-09_label_B6-0-0__9.npy,B6-0-0
v=X1arMZmYhsk__#00-16-10_00-18-09_label_B6-0-0__0.npy,B6-0-0
v=X1arMZmYhsk__#00-16-10_00-18-09_label_B6-0-0__1.npy,B6-0-0
v=X1arMZmYhsk__#00-16-10_00-18-09_label_B6-0-0__2.npy,B6-0-0
v=X1arMZmYhsk__#00-16-10_00-18-09_label_B6-0-0__3.npy,B6-0-0
v=X1arMZmYhsk__#00-16-10_00-18-09_label_B6-0-0__4.npy,B6-0-0
v=X1arMZmYhsk__#00-16-10_00-18-09_label_B6-0-0__5.npy,B6-0-0
v=X1arMZmYhsk__#00-16-10_00-18-09_label_B6-0-0__6.npy,B6-0-0
v=X1arMZmYhsk__#00-16-10_00-18-09_label_B6-0-0__7.npy,B6-0-0
v=X1arMZmYhsk__#00-16-10_00-18-09_label_B6-0-0__8.npy,B6-0-0
v=X1arMZmYhsk__#00-16-10_00-18-09_label_B6-0-0__9.npy,B6-0-0
v=X4I8FhpGJwo__#00-03-00_00-03-50_label_B6-0-0__0.npy,B6-0-0
v=X4I8FhpGJwo__#00-03-00_00-03-50_label_B6-0-0__1.npy,B6-0-0
v=X4I8FhpGJwo__#00-03-00_00-03-50_label_B6-0-0__2.npy,B6-0-0
v=X4I8FhpGJwo__#00-03-00_00-03-50_label_B6-0-0__3.npy,B6-0-0
v=X4I8FhpGJwo__#00-03-00_00-03-50_label_B6-0-0__4.npy,B6-0-0
v=X4I8FhpGJwo__#00-03-00_00-03-50_label_B6-0-0__5.npy,B6-0-0
v=X4I8FhpGJwo__#00-03-00_00-03-50_label_B6-0-0__6.npy,B6-0-0
v=X4I8FhpGJwo__#00-03-00_00-03-50_label_B6-0-0__7.npy,B6-0-0
v=X4I8FhpGJwo__#00-03-00_00-03-50_label_B6-0-0__8.npy,B6-0-0
v=X4I8FhpGJwo__#00-03-00_00-03-50_label_B6-0-0__9.npy,B6-0-0
v=X4I8FhpGJwo__#00-05-20_00-06-20_label_B6-0-0__0.npy,B6-0-0
v=X4I8FhpGJwo__#00-05-20_00-06-20_label_B6-0-0__1.npy,B6-0-0
v=X4I8FhpGJwo__#00-05-20_00-06-20_label_B6-0-0__2.npy,B6-0-0
v=X4I8FhpGJwo__#00-05-20_00-06-20_label_B6-0-0__3.npy,B6-0-0
v=X4I8FhpGJwo__#00-05-20_00-06-20_label_B6-0-0__4.npy,B6-0-0
v=X4I8FhpGJwo__#00-05-20_00-06-20_label_B6-0-0__5.npy,B6-0-0
v=X4I8FhpGJwo__#00-05-20_00-06-20_label_B6-0-0__6.npy,B6-0-0
v=X4I8FhpGJwo__#00-05-20_00-06-20_label_B6-0-0__7.npy,B6-0-0
v=X4I8FhpGJwo__#00-05-20_00-06-20_label_B6-0-0__8.npy,B6-0-0
v=X4I8FhpGJwo__#00-05-20_00-06-20_label_B6-0-0__9.npy,B6-0-0
v=X4I8FhpGJwo__#00-06-30_00-07-20_label_B6-0-0__0.npy,B6-0-0
v=X4I8FhpGJwo__#00-06-30_00-07-20_label_B6-0-0__1.npy,B6-0-0
v=X4I8FhpGJwo__#00-06-30_00-07-20_label_B6-0-0__2.npy,B6-0-0
v=X4I8FhpGJwo__#00-06-30_00-07-20_label_B6-0-0__3.npy,B6-0-0
v=X4I8FhpGJwo__#00-06-30_00-07-20_label_B6-0-0__4.npy,B6-0-0
v=X4I8FhpGJwo__#00-06-30_00-07-20_label_B6-0-0__5.npy,B6-0-0
v=X4I8FhpGJwo__#00-06-30_00-07-20_label_B6-0-0__6.npy,B6-0-0
v=X4I8FhpGJwo__#00-06-30_00-07-20_label_B6-0-0__7.npy,B6-0-0
v=X4I8FhpGJwo__#00-06-30_00-07-20_label_B6-0-0__8.npy,B6-0-0
v=X4I8FhpGJwo__#00-06-30_00-07-20_label_B6-0-0__9.npy,B6-0-0
v=XRHvCMyX6qM__#1_label_B6-0-0__0.npy,B6-0-0
v=XRHvCMyX6qM__#1_label_B6-0-0__1.npy,B6-0-0
v=XRHvCMyX6qM__#1_label_B6-0-0__2.npy,B6-0-0
v=XRHvCMyX6qM__#1_label_B6-0-0__3.npy,B6-0-0
v=XRHvCMyX6qM__#1_label_B6-0-0__4.npy,B6-0-0
v=XRHvCMyX6qM__#1_label_B6-0-0__5.npy,B6-0-0
v=XRHvCMyX6qM__#1_label_B6-0-0__6.npy,B6-0-0
v=XRHvCMyX6qM__#1_label_B6-0-0__7.npy,B6-0-0
v=XRHvCMyX6qM__#1_label_B6-0-0__8.npy,B6-0-0
v=XRHvCMyX6qM__#1_label_B6-0-0__9.npy,B6-0-0
v=Y6J2jTLQ8AA__#1_label_B6-0-0__0.npy,B6-0-0
v=Y6J2jTLQ8AA__#1_label_B6-0-0__1.npy,B6-0-0
v=Y6J2jTLQ8AA__#1_label_B6-0-0__2.npy,B6-0-0
v=Y6J2jTLQ8AA__#1_label_B6-0-0__3.npy,B6-0-0
v=Y6J2jTLQ8AA__#1_label_B6-0-0__4.npy,B6-0-0
v=Y6J2jTLQ8AA__#1_label_B6-0-0__5.npy,B6-0-0
v=Y6J2jTLQ8AA__#1_label_B6-0-0__6.npy,B6-0-0
v=Y6J2jTLQ8AA__#1_label_B6-0-0__7.npy,B6-0-0
v=Y6J2jTLQ8AA__#1_label_B6-0-0__8.npy,B6-0-0
v=Y6J2jTLQ8AA__#1_label_B6-0-0__9.npy,B6-0-0
v=ZoS8gm5OcOM__#00-00-00_00-00-51_label_B6-0-0__0.npy,B6-0-0
v=ZoS8gm5OcOM__#00-00-00_00-00-51_label_B6-0-0__1.npy,B6-0-0
v=ZoS8gm5OcOM__#00-00-00_00-00-51_label_B6-0-0__2.npy,B6-0-0
v=ZoS8gm5OcOM__#00-00-00_00-00-51_label_B6-0-0__3.npy,B6-0-0
v=ZoS8gm5OcOM__#00-00-00_00-00-51_label_B6-0-0__4.npy,B6-0-0
v=ZoS8gm5OcOM__#00-00-00_00-00-51_label_B6-0-0__5.npy,B6-0-0
v=ZoS8gm5OcOM__#00-00-00_00-00-51_label_B6-0-0__6.npy,B6-0-0
v=ZoS8gm5OcOM__#00-00-00_00-00-51_label_B6-0-0__7.npy,B6-0-0
v=ZoS8gm5OcOM__#00-00-00_00-00-51_label_B6-0-0__8.npy,B6-0-0
v=ZoS8gm5OcOM__#00-00-00_00-00-51_label_B6-0-0__9.npy,B6-0-0
v=ZoS8gm5OcOM__#00-01-00_00-02-30_label_B6-0-0__0.npy,B6-0-0
v=ZoS8gm5OcOM__#00-01-00_00-02-30_label_B6-0-0__1.npy,B6-0-0
v=ZoS8gm5OcOM__#00-01-00_00-02-30_label_B6-0-0__2.npy,B6-0-0
v=ZoS8gm5OcOM__#00-01-00_00-02-30_label_B6-0-0__3.npy,B6-0-0
v=ZoS8gm5OcOM__#00-01-00_00-02-30_label_B6-0-0__4.npy,B6-0-0
v=ZoS8gm5OcOM__#00-01-00_00-02-30_label_B6-0-0__5.npy,B6-0-0
v=ZoS8gm5OcOM__#00-01-00_00-02-30_label_B6-0-0__6.npy,B6-0-0
v=ZoS8gm5OcOM__#00-01-00_00-02-30_label_B6-0-0__7.npy,B6-0-0
v=ZoS8gm5OcOM__#00-01-00_00-02-30_label_B6-0-0__8.npy,B6-0-0
v=ZoS8gm5OcOM__#00-01-00_00-02-30_label_B6-0-0__9.npy,B6-0-0
v=ZoS8gm5OcOM__#00-03-27_00-04-55_label_B6-0-0__0.npy,B6-0-0
v=ZoS8gm5OcOM__#00-03-27_00-04-55_label_B6-0-0__1.npy,B6-0-0
v=ZoS8gm5OcOM__#00-03-27_00-04-55_label_B6-0-0__2.npy,B6-0-0
v=ZoS8gm5OcOM__#00-03-27_00-04-55_label_B6-0-0__3.npy,B6-0-0
v=ZoS8gm5OcOM__#00-03-27_00-04-55_label_B6-0-0__4.npy,B6-0-0
v=ZoS8gm5OcOM__#00-03-27_00-04-55_label_B6-0-0__5.npy,B6-0-0
v=ZoS8gm5OcOM__#00-03-27_00-04-55_label_B6-0-0__6.npy,B6-0-0
v=ZoS8gm5OcOM__#00-03-27_00-04-55_label_B6-0-0__7.npy,B6-0-0
v=ZoS8gm5OcOM__#00-03-27_00-04-55_label_B6-0-0__8.npy,B6-0-0
v=ZoS8gm5OcOM__#00-03-27_00-04-55_label_B6-0-0__9.npy,B6-0-0
v=ZoS8gm5OcOM__#00-05-00_00-06-15_label_B6-0-0__0.npy,B6-0-0
v=ZoS8gm5OcOM__#00-05-00_00-06-15_label_B6-0-0__1.npy,B6-0-0
v=ZoS8gm5OcOM__#00-05-00_00-06-15_label_B6-0-0__2.npy,B6-0-0
v=ZoS8gm5OcOM__#00-05-00_00-06-15_label_B6-0-0__3.npy,B6-0-0
v=ZoS8gm5OcOM__#00-05-00_00-06-15_label_B6-0-0__4.npy,B6-0-0
v=ZoS8gm5OcOM__#00-05-00_00-06-15_label_B6-0-0__5.npy,B6-0-0
v=ZoS8gm5OcOM__#00-05-00_00-06-15_label_B6-0-0__6.npy,B6-0-0
v=ZoS8gm5OcOM__#00-05-00_00-06-15_label_B6-0-0__7.npy,B6-0-0
v=ZoS8gm5OcOM__#00-05-00_00-06-15_label_B6-0-0__8.npy,B6-0-0
v=ZoS8gm5OcOM__#00-05-00_00-06-15_label_B6-0-0__9.npy,B6-0-0
v=ZoS8gm5OcOM__#00-09-20_00-11-00_label_B6-0-0__0.npy,B6-0-0
v=ZoS8gm5OcOM__#00-09-20_00-11-00_label_B6-0-0__1.npy,B6-0-0
v=ZoS8gm5OcOM__#00-09-20_00-11-00_label_B6-0-0__2.npy,B6-0-0
v=ZoS8gm5OcOM__#00-09-20_00-11-00_label_B6-0-0__3.npy,B6-0-0
v=ZoS8gm5OcOM__#00-09-20_00-11-00_label_B6-0-0__4.npy,B6-0-0
v=ZoS8gm5OcOM__#00-09-20_00-11-00_label_B6-0-0__5.npy,B6-0-0
v=ZoS8gm5OcOM__#00-09-20_00-11-00_label_B6-0-0__6.npy,B6-0-0
v=ZoS8gm5OcOM__#00-09-20_00-11-00_label_B6-0-0__7.npy,B6-0-0
v=ZoS8gm5OcOM__#00-09-20_00-11-00_label_B6-0-0__8.npy,B6-0-0
v=ZoS8gm5OcOM__#00-09-20_00-11-00_label_B6-0-0__9.npy,B6-0-0
v=_YobflFU_HU__#00-00-00_00-00-51_label_B6-0-0__0.npy,B6-0-0
v=_YobflFU_HU__#00-00-00_00-00-51_label_B6-0-0__1.npy,B6-0-0
v=_YobflFU_HU__#00-00-00_00-00-51_label_B6-0-0__2.npy,B6-0-0
v=_YobflFU_HU__#00-00-00_00-00-51_label_B6-0-0__3.npy,B6-0-0
v=_YobflFU_HU__#00-00-00_00-00-51_label_B6-0-0__4.npy,B6-0-0
v=_YobflFU_HU__#00-00-00_00-00-51_label_B6-0-0__5.npy,B6-0-0
v=_YobflFU_HU__#00-00-00_00-00-51_label_B6-0-0__6.npy,B6-0-0
v=_YobflFU_HU__#00-00-00_00-00-51_label_B6-0-0__7.npy,B6-0-0
v=_YobflFU_HU__#00-00-00_00-00-51_label_B6-0-0__8.npy,B6-0-0
v=_YobflFU_HU__#00-00-00_00-00-51_label_B6-0-0__9.npy,B6-0-0
v=_YobflFU_HU__#00-01-00_00-02-45_label_B6-0-0__0.npy,B6-0-0
v=_YobflFU_HU__#00-01-00_00-02-45_label_B6-0-0__1.npy,B6-0-0
v=_YobflFU_HU__#00-01-00_00-02-45_label_B6-0-0__2.npy,B6-0-0
v=_YobflFU_HU__#00-01-00_00-02-45_label_B6-0-0__3.npy,B6-0-0
v=_YobflFU_HU__#00-01-00_00-02-45_label_B6-0-0__4.npy,B6-0-0
v=_YobflFU_HU__#00-01-00_00-02-45_label_B6-0-0__5.npy,B6-0-0
v=_YobflFU_HU__#00-01-00_00-02-45_label_B6-0-0__6.npy,B6-0-0
v=_YobflFU_HU__#00-01-00_00-02-45_label_B6-0-0__7.npy,B6-0-0
v=_YobflFU_HU__#00-01-00_00-02-45_label_B6-0-0__8.npy,B6-0-0
v=_YobflFU_HU__#00-01-00_00-02-45_label_B6-0-0__9.npy,B6-0-0
v=_YobflFU_HU__#00-03-00_00-04-09_label_B6-0-0__0.npy,B6-0-0
v=_YobflFU_HU__#00-03-00_00-04-09_label_B6-0-0__1.npy,B6-0-0
v=_YobflFU_HU__#00-03-00_00-04-09_label_B6-0-0__2.npy,B6-0-0
v=_YobflFU_HU__#00-03-00_00-04-09_label_B6-0-0__3.npy,B6-0-0
v=_YobflFU_HU__#00-03-00_00-04-09_label_B6-0-0__4.npy,B6-0-0
v=_YobflFU_HU__#00-03-00_00-04-09_label_B6-0-0__5.npy,B6-0-0
v=_YobflFU_HU__#00-03-00_00-04-09_label_B6-0-0__6.npy,B6-0-0
v=_YobflFU_HU__#00-03-00_00-04-09_label_B6-0-0__7.npy,B6-0-0
v=_YobflFU_HU__#00-03-00_00-04-09_label_B6-0-0__8.npy,B6-0-0
v=_YobflFU_HU__#00-03-00_00-04-09_label_B6-0-0__9.npy,B6-0-0
v=_YobflFU_HU__#00-04-10_00-06-09_label_B6-0-0__0.npy,B6-0-0
v=_YobflFU_HU__#00-04-10_00-06-09_label_B6-0-0__1.npy,B6-0-0
v=_YobflFU_HU__#00-04-10_00-06-09_label_B6-0-0__2.npy,B6-0-0
v=_YobflFU_HU__#00-04-10_00-06-09_label_B6-0-0__3.npy,B6-0-0
v=_YobflFU_HU__#00-04-10_00-06-09_label_B6-0-0__4.npy,B6-0-0
v=_YobflFU_HU__#00-04-10_00-06-09_label_B6-0-0__5.npy,B6-0-0
v=_YobflFU_HU__#00-04-10_00-06-09_label_B6-0-0__6.npy,B6-0-0
v=_YobflFU_HU__#00-04-10_00-06-09_label_B6-0-0__7.npy,B6-0-0
v=_YobflFU_HU__#00-04-10_00-06-09_label_B6-0-0__8.npy,B6-0-0
v=_YobflFU_HU__#00-04-10_00-06-09_label_B6-0-0__9.npy,B6-0-0
v=_YobflFU_HU__#00-09-00_00-10-49_label_B6-0-0__0.npy,B6-0-0
v=_YobflFU_HU__#00-09-00_00-10-49_label_B6-0-0__1.npy,B6-0-0
v=_YobflFU_HU__#00-09-00_00-10-49_label_B6-0-0__2.npy,B6-0-0
v=_YobflFU_HU__#00-09-00_00-10-49_label_B6-0-0__3.npy,B6-0-0
v=_YobflFU_HU__#00-09-00_00-10-49_label_B6-0-0__4.npy,B6-0-0
v=_YobflFU_HU__#00-09-00_00-10-49_label_B6-0-0__5.npy,B6-0-0
v=_YobflFU_HU__#00-09-00_00-10-49_label_B6-0-0__6.npy,B6-0-0
v=_YobflFU_HU__#00-09-00_00-10-49_label_B6-0-0__7.npy,B6-0-0
v=_YobflFU_HU__#00-09-00_00-10-49_label_B6-0-0__8.npy,B6-0-0
v=_YobflFU_HU__#00-09-00_00-10-49_label_B6-0-0__9.npy,B6-0-0
v=cOWdWHSgI-4__#1_label_B6-0-0__0.npy,B6-0-0
v=cOWdWHSgI-4__#1_label_B6-0-0__1.npy,B6-0-0
v=cOWdWHSgI-4__#1_label_B6-0-0__2.npy,B6-0-0
v=cOWdWHSgI-4__#1_label_B6-0-0__3.npy,B6-0-0
v=cOWdWHSgI-4__#1_label_B6-0-0__4.npy,B6-0-0
v=cOWdWHSgI-4__#1_label_B6-0-0__5.npy,B6-0-0
v=cOWdWHSgI-4__#1_label_B6-0-0__6.npy,B6-0-0
v=cOWdWHSgI-4__#1_label_B6-0-0__7.npy,B6-0-0
v=cOWdWHSgI-4__#1_label_B6-0-0__8.npy,B6-0-0
v=cOWdWHSgI-4__#1_label_B6-0-0__9.npy,B6-0-0
v=eIWuveQdMfM__#1_label_B6-0-0__0.npy,B6-0-0
v=eIWuveQdMfM__#1_label_B6-0-0__1.npy,B6-0-0
v=eIWuveQdMfM__#1_label_B6-0-0__2.npy,B6-0-0
v=eIWuveQdMfM__#1_label_B6-0-0__3.npy,B6-0-0
v=eIWuveQdMfM__#1_label_B6-0-0__4.npy,B6-0-0
v=eIWuveQdMfM__#1_label_B6-0-0__5.npy,B6-0-0
v=eIWuveQdMfM__#1_label_B6-0-0__6.npy,B6-0-0
v=eIWuveQdMfM__#1_label_B6-0-0__7.npy,B6-0-0
v=eIWuveQdMfM__#1_label_B6-0-0__8.npy,B6-0-0
v=eIWuveQdMfM__#1_label_B6-0-0__9.npy,B6-0-0
v=fCnIw0aIYp4__#00-00-00_00-00-51_label_B6-0-0__0.npy,B6-0-0
v=fCnIw0aIYp4__#00-00-00_00-00-51_label_B6-0-0__1.npy,B6-0-0
v=fCnIw0aIYp4__#00-00-00_00-00-51_label_B6-0-0__2.npy,B6-0-0
v=fCnIw0aIYp4__#00-00-00_00-00-51_label_B6-0-0__3.npy,B6-0-0
v=fCnIw0aIYp4__#00-00-00_00-00-51_label_B6-0-0__4.npy,B6-0-0
v=fCnIw0aIYp4__#00-00-00_00-00-51_label_B6-0-0__5.npy,B6-0-0
v=fCnIw0aIYp4__#00-00-00_00-00-51_label_B6-0-0__6.npy,B6-0-0
v=fCnIw0aIYp4__#00-00-00_00-00-51_label_B6-0-0__7.npy,B6-0-0
v=fCnIw0aIYp4__#00-00-00_00-00-51_label_B6-0-0__8.npy,B6-0-0
v=fCnIw0aIYp4__#00-00-00_00-00-51_label_B6-0-0__9.npy,B6-0-0
v=fCnIw0aIYp4__#00-01-00_00-02-45_label_B6-0-0__0.npy,B6-0-0
v=fCnIw0aIYp4__#00-01-00_00-02-45_label_B6-0-0__1.npy,B6-0-0
v=fCnIw0aIYp4__#00-01-00_00-02-45_label_B6-0-0__2.npy,B6-0-0
v=fCnIw0aIYp4__#00-01-00_00-02-45_label_B6-0-0__3.npy,B6-0-0
v=fCnIw0aIYp4__#00-01-00_00-02-45_label_B6-0-0__4.npy,B6-0-0
v=fCnIw0aIYp4__#00-01-00_00-02-45_label_B6-0-0__5.npy,B6-0-0
v=fCnIw0aIYp4__#00-01-00_00-02-45_label_B6-0-0__6.npy,B6-0-0
v=fCnIw0aIYp4__#00-01-00_00-02-45_label_B6-0-0__7.npy,B6-0-0
v=fCnIw0aIYp4__#00-01-00_00-02-45_label_B6-0-0__8.npy,B6-0-0
v=fCnIw0aIYp4__#00-01-00_00-02-45_label_B6-0-0__9.npy,B6-0-0
v=fCnIw0aIYp4__#00-03-00_00-04-09_label_B6-0-0__0.npy,B6-0-0
v=fCnIw0aIYp4__#00-03-00_00-04-09_label_B6-0-0__1.npy,B6-0-0
v=fCnIw0aIYp4__#00-03-00_00-04-09_label_B6-0-0__2.npy,B6-0-0
v=fCnIw0aIYp4__#00-03-00_00-04-09_label_B6-0-0__3.npy,B6-0-0
v=fCnIw0aIYp4__#00-03-00_00-04-09_label_B6-0-0__4.npy,B6-0-0
v=fCnIw0aIYp4__#00-03-00_00-04-09_label_B6-0-0__5.npy,B6-0-0
v=fCnIw0aIYp4__#00-03-00_00-04-09_label_B6-0-0__6.npy,B6-0-0
v=fCnIw0aIYp4__#00-03-00_00-04-09_label_B6-0-0__7.npy,B6-0-0
v=fCnIw0aIYp4__#00-03-00_00-04-09_label_B6-0-0__8.npy,B6-0-0
v=fCnIw0aIYp4__#00-03-00_00-04-09_label_B6-0-0__9.npy,B6-0-0
v=fCnIw0aIYp4__#00-04-11_00-05-09_label_B6-0-0__0.npy,B6-0-0
v=fCnIw0aIYp4__#00-04-11_00-05-09_label_B6-0-0__1.npy,B6-0-0
v=fCnIw0aIYp4__#00-04-11_00-05-09_label_B6-0-0__2.npy,B6-0-0
v=fCnIw0aIYp4__#00-04-11_00-05-09_label_B6-0-0__3.npy,B6-0-0
v=fCnIw0aIYp4__#00-04-11_00-05-09_label_B6-0-0__4.npy,B6-0-0
v=fCnIw0aIYp4__#00-04-11_00-05-09_label_B6-0-0__5.npy,B6-0-0
v=fCnIw0aIYp4__#00-04-11_00-05-09_label_B6-0-0__6.npy,B6-0-0
v=fCnIw0aIYp4__#00-04-11_00-05-09_label_B6-0-0__7.npy,B6-0-0
v=fCnIw0aIYp4__#00-04-11_00-05-09_label_B6-0-0__8.npy,B6-0-0
v=fCnIw0aIYp4__#00-04-11_00-05-09_label_B6-0-0__9.npy,B6-0-0
v=gM3qsp6CXMk__#00-00-00_00-00-51_label_B6-0-0__0.npy,B6-0-0
v=gM3qsp6CXMk__#00-00-00_00-00-51_label_B6-0-0__1.npy,B6-0-0
v=gM3qsp6CXMk__#00-00-00_00-00-51_label_B6-0-0__2.npy,B6-0-0
v=gM3qsp6CXMk__#00-00-00_00-00-51_label_B6-0-0__3.npy,B6-0-0
v=gM3qsp6CXMk__#00-00-00_00-00-51_label_B6-0-0__4.npy,B6-0-0
v=gM3qsp6CXMk__#00-00-00_00-00-51_label_B6-0-0__5.npy,B6-0-0
v=gM3qsp6CXMk__#00-00-00_00-00-51_label_B6-0-0__6.npy,B6-0-0
v=gM3qsp6CXMk__#00-00-00_00-00-51_label_B6-0-0__7.npy,B6-0-0
v=gM3qsp6CXMk__#00-00-00_00-00-51_label_B6-0-0__8.npy,B6-0-0
v=gM3qsp6CXMk__#00-00-00_00-00-51_label_B6-0-0__9.npy,B6-0-0
v=gM3qsp6CXMk__#00-01-52_00-02-51_label_B6-0-0__0.npy,B6-0-0
v=gM3qsp6CXMk__#00-01-52_00-02-51_label_B6-0-0__1.npy,B6-0-0
v=gM3qsp6CXMk__#00-01-52_00-02-51_label_B6-0-0__2.npy,B6-0-0
v=gM3qsp6CXMk__#00-01-52_00-02-51_label_B6-0-0__3.npy,B6-0-0
v=gM3qsp6CXMk__#00-01-52_00-02-51_label_B6-0-0__4.npy,B6-0-0
v=gM3qsp6CXMk__#00-01-52_00-02-51_label_B6-0-0__5.npy,B6-0-0
v=gM3qsp6CXMk__#00-01-52_00-02-51_label_B6-0-0__6.npy,B6-0-0
v=gM3qsp6CXMk__#00-01-52_00-02-51_label_B6-0-0__7.npy,B6-0-0
v=gM3qsp6CXMk__#00-01-52_00-02-51_label_B6-0-0__8.npy,B6-0-0
v=gM3qsp6CXMk__#00-01-52_00-02-51_label_B6-0-0__9.npy,B6-0-0
v=gM3qsp6CXMk__#00-03-40_00-05-09_label_B6-0-0__0.npy,B6-0-0
v=gM3qsp6CXMk__#00-03-40_00-05-09_label_B6-0-0__1.npy,B6-0-0
v=gM3qsp6CXMk__#00-03-40_00-05-09_label_B6-0-0__2.npy,B6-0-0
v=gM3qsp6CXMk__#00-03-40_00-05-09_label_B6-0-0__3.npy,B6-0-0
v=gM3qsp6CXMk__#00-03-40_00-05-09_label_B6-0-0__4.npy,B6-0-0
v=gM3qsp6CXMk__#00-03-40_00-05-09_label_B6-0-0__5.npy,B6-0-0
v=gM3qsp6CXMk__#00-03-40_00-05-09_label_B6-0-0__6.npy,B6-0-0
v=gM3qsp6CXMk__#00-03-40_00-05-09_label_B6-0-0__7.npy,B6-0-0
v=gM3qsp6CXMk__#00-03-40_00-05-09_label_B6-0-0__8.npy,B6-0-0
v=gM3qsp6CXMk__#00-03-40_00-05-09_label_B6-0-0__9.npy,B6-0-0
v=h0frn7-aeh8__#00-00-00_00-00-51_label_B6-0-0__0.npy,B6-0-0
v=h0frn7-aeh8__#00-00-00_00-00-51_label_B6-0-0__1.npy,B6-0-0
v=h0frn7-aeh8__#00-00-00_00-00-51_label_B6-0-0__2.npy,B6-0-0
v=h0frn7-aeh8__#00-00-00_00-00-51_label_B6-0-0__3.npy,B6-0-0
v=h0frn7-aeh8__#00-00-00_00-00-51_label_B6-0-0__4.npy,B6-0-0
v=h0frn7-aeh8__#00-00-00_00-00-51_label_B6-0-0__5.npy,B6-0-0
v=h0frn7-aeh8__#00-00-00_00-00-51_label_B6-0-0__6.npy,B6-0-0
v=h0frn7-aeh8__#00-00-00_00-00-51_label_B6-0-0__7.npy,B6-0-0
v=h0frn7-aeh8__#00-00-00_00-00-51_label_B6-0-0__8.npy,B6-0-0
v=h0frn7-aeh8__#00-00-00_00-00-51_label_B6-0-0__9.npy,B6-0-0
v=h0frn7-aeh8__#00-01-00_00-02-45_label_B6-0-0__0.npy,B6-0-0
v=h0frn7-aeh8__#00-01-00_00-02-45_label_B6-0-0__1.npy,B6-0-0
v=h0frn7-aeh8__#00-01-00_00-02-45_label_B6-0-0__2.npy,B6-0-0
v=h0frn7-aeh8__#00-01-00_00-02-45_label_B6-0-0__3.npy,B6-0-0
v=h0frn7-aeh8__#00-01-00_00-02-45_label_B6-0-0__4.npy,B6-0-0
v=h0frn7-aeh8__#00-01-00_00-02-45_label_B6-0-0__5.npy,B6-0-0
v=h0frn7-aeh8__#00-01-00_00-02-45_label_B6-0-0__6.npy,B6-0-0
v=h0frn7-aeh8__#00-01-00_00-02-45_label_B6-0-0__7.npy,B6-0-0
v=h0frn7-aeh8__#00-01-00_00-02-45_label_B6-0-0__8.npy,B6-0-0
v=h0frn7-aeh8__#00-01-00_00-02-45_label_B6-0-0__9.npy,B6-0-0
v=h0frn7-aeh8__#00-03-00_00-03-55_label_B6-0-0__0.npy,B6-0-0
v=h0frn7-aeh8__#00-03-00_00-03-55_label_B6-0-0__1.npy,B6-0-0
v=h0frn7-aeh8__#00-03-00_00-03-55_label_B6-0-0__2.npy,B6-0-0
v=h0frn7-aeh8__#00-03-00_00-03-55_label_B6-0-0__3.npy,B6-0-0
v=h0frn7-aeh8__#00-03-00_00-03-55_label_B6-0-0__4.npy,B6-0-0
v=h0frn7-aeh8__#00-03-00_00-03-55_label_B6-0-0__5.npy,B6-0-0
v=h0frn7-aeh8__#00-03-00_00-03-55_label_B6-0-0__6.npy,B6-0-0
v=h0frn7-aeh8__#00-03-00_00-03-55_label_B6-0-0__7.npy,B6-0-0
v=h0frn7-aeh8__#00-03-00_00-03-55_label_B6-0-0__8.npy,B6-0-0
v=h0frn7-aeh8__#00-03-00_00-03-55_label_B6-0-0__9.npy,B6-0-0
v=h0frn7-aeh8__#00-04-00_00-04-55_label_B6-0-0__0.npy,B6-0-0
v=h0frn7-aeh8__#00-04-00_00-04-55_label_B6-0-0__1.npy,B6-0-0
v=h0frn7-aeh8__#00-04-00_00-04-55_label_B6-0-0__2.npy,B6-0-0
v=h0frn7-aeh8__#00-04-00_00-04-55_label_B6-0-0__3.npy,B6-0-0
v=h0frn7-aeh8__#00-04-00_00-04-55_label_B6-0-0__4.npy,B6-0-0
v=h0frn7-aeh8__#00-04-00_00-04-55_label_B6-0-0__5.npy,B6-0-0
v=h0frn7-aeh8__#00-04-00_00-04-55_label_B6-0-0__6.npy,B6-0-0
v=h0frn7-aeh8__#00-04-00_00-04-55_label_B6-0-0__7.npy,B6-0-0
v=h0frn7-aeh8__#00-04-00_00-04-55_label_B6-0-0__8.npy,B6-0-0
v=h0frn7-aeh8__#00-04-00_00-04-55_label_B6-0-0__9.npy,B6-0-0
v=hvVTFz-oVlg__#1_label_B6-0-0__0.npy,B6-0-0
v=hvVTFz-oVlg__#1_label_B6-0-0__1.npy,B6-0-0
v=hvVTFz-oVlg__#1_label_B6-0-0__2.npy,B6-0-0
v=hvVTFz-oVlg__#1_label_B6-0-0__3.npy,B6-0-0
v=hvVTFz-oVlg__#1_label_B6-0-0__4.npy,B6-0-0
v=hvVTFz-oVlg__#1_label_B6-0-0__5.npy,B6-0-0
v=hvVTFz-oVlg__#1_label_B6-0-0__6.npy,B6-0-0
v=hvVTFz-oVlg__#1_label_B6-0-0__7.npy,B6-0-0
v=hvVTFz-oVlg__#1_label_B6-0-0__8.npy,B6-0-0
v=hvVTFz-oVlg__#1_label_B6-0-0__9.npy,B6-0-0
v=hxyhulJYz5I__#00-00-00_00-01-51_label_B6-0-0__0.npy,B6-0-0
v=hxyhulJYz5I__#00-00-00_00-01-51_label_B6-0-0__1.npy,B6-0-0
v=hxyhulJYz5I__#00-00-00_00-01-51_label_B6-0-0__2.npy,B6-0-0
v=hxyhulJYz5I__#00-00-00_00-01-51_label_B6-0-0__3.npy,B6-0-0
v=hxyhulJYz5I__#00-00-00_00-01-51_label_B6-0-0__4.npy,B6-0-0
v=hxyhulJYz5I__#00-00-00_00-01-51_label_B6-0-0__5.npy,B6-0-0
v=hxyhulJYz5I__#00-00-00_00-01-51_label_B6-0-0__6.npy,B6-0-0
v=hxyhulJYz5I__#00-00-00_00-01-51_label_B6-0-0__7.npy,B6-0-0
v=hxyhulJYz5I__#00-00-00_00-01-51_label_B6-0-0__8.npy,B6-0-0
v=hxyhulJYz5I__#00-00-00_00-01-51_label_B6-0-0__9.npy,B6-0-0
v=hxyhulJYz5I__#00-01-52_00-03-10_label_B6-0-0__0.npy,B6-0-0
v=hxyhulJYz5I__#00-01-52_00-03-10_label_B6-0-0__1.npy,B6-0-0
v=hxyhulJYz5I__#00-01-52_00-03-10_label_B6-0-0__2.npy,B6-0-0
v=hxyhulJYz5I__#00-01-52_00-03-10_label_B6-0-0__3.npy,B6-0-0
v=hxyhulJYz5I__#00-01-52_00-03-10_label_B6-0-0__4.npy,B6-0-0
v=hxyhulJYz5I__#00-01-52_00-03-10_label_B6-0-0__5.npy,B6-0-0
v=hxyhulJYz5I__#00-01-52_00-03-10_label_B6-0-0__6.npy,B6-0-0
v=hxyhulJYz5I__#00-01-52_00-03-10_label_B6-0-0__7.npy,B6-0-0
v=hxyhulJYz5I__#00-01-52_00-03-10_label_B6-0-0__8.npy,B6-0-0
v=hxyhulJYz5I__#00-01-52_00-03-10_label_B6-0-0__9.npy,B6-0-0
v=hxyhulJYz5I__#00-03-12_00-04-15_label_B6-0-0__0.npy,B6-0-0
v=hxyhulJYz5I__#00-03-12_00-04-15_label_B6-0-0__1.npy,B6-0-0
v=hxyhulJYz5I__#00-03-12_00-04-15_label_B6-0-0__2.npy,B6-0-0
v=hxyhulJYz5I__#00-03-12_00-04-15_label_B6-0-0__3.npy,B6-0-0
v=hxyhulJYz5I__#00-03-12_00-04-15_label_B6-0-0__4.npy,B6-0-0
v=hxyhulJYz5I__#00-03-12_00-04-15_label_B6-0-0__5.npy,B6-0-0
v=hxyhulJYz5I__#00-03-12_00-04-15_label_B6-0-0__6.npy,B6-0-0
v=hxyhulJYz5I__#00-03-12_00-04-15_label_B6-0-0__7.npy,B6-0-0
v=hxyhulJYz5I__#00-03-12_00-04-15_label_B6-0-0__8.npy,B6-0-0
v=hxyhulJYz5I__#00-03-12_00-04-15_label_B6-0-0__9.npy,B6-0-0
v=hxyhulJYz5I__#00-04-19_00-06-00_label_B6-0-0__0.npy,B6-0-0
v=hxyhulJYz5I__#00-04-19_00-06-00_label_B6-0-0__1.npy,B6-0-0
v=hxyhulJYz5I__#00-04-19_00-06-00_label_B6-0-0__2.npy,B6-0-0
v=hxyhulJYz5I__#00-04-19_00-06-00_label_B6-0-0__3.npy,B6-0-0
v=hxyhulJYz5I__#00-04-19_00-06-00_label_B6-0-0__4.npy,B6-0-0
v=hxyhulJYz5I__#00-04-19_00-06-00_label_B6-0-0__5.npy,B6-0-0
v=hxyhulJYz5I__#00-04-19_00-06-00_label_B6-0-0__6.npy,B6-0-0
v=hxyhulJYz5I__#00-04-19_00-06-00_label_B6-0-0__7.npy,B6-0-0
v=hxyhulJYz5I__#00-04-19_00-06-00_label_B6-0-0__8.npy,B6-0-0
v=hxyhulJYz5I__#00-04-19_00-06-00_label_B6-0-0__9.npy,B6-0-0
v=hxyhulJYz5I__#00-07-02_00-08-00_label_B6-0-0__0.npy,B6-0-0
v=hxyhulJYz5I__#00-07-02_00-08-00_label_B6-0-0__1.npy,B6-0-0
v=hxyhulJYz5I__#00-07-02_00-08-00_label_B6-0-0__2.npy,B6-0-0
v=hxyhulJYz5I__#00-07-02_00-08-00_label_B6-0-0__3.npy,B6-0-0
v=hxyhulJYz5I__#00-07-02_00-08-00_label_B6-0-0__4.npy,B6-0-0
v=hxyhulJYz5I__#00-07-02_00-08-00_label_B6-0-0__5.npy,B6-0-0
v=hxyhulJYz5I__#00-07-02_00-08-00_label_B6-0-0__6.npy,B6-0-0
v=hxyhulJYz5I__#00-07-02_00-08-00_label_B6-0-0__7.npy,B6-0-0
v=hxyhulJYz5I__#00-07-02_00-08-00_label_B6-0-0__8.npy,B6-0-0
v=hxyhulJYz5I__#00-07-02_00-08-00_label_B6-0-0__9.npy,B6-0-0
v=hxyhulJYz5I__#00-08-10_00-09-51_label_B6-0-0__0.npy,B6-0-0
v=hxyhulJYz5I__#00-08-10_00-09-51_label_B6-0-0__1.npy,B6-0-0
v=hxyhulJYz5I__#00-08-10_00-09-51_label_B6-0-0__2.npy,B6-0-0
v=hxyhulJYz5I__#00-08-10_00-09-51_label_B6-0-0__3.npy,B6-0-0
v=hxyhulJYz5I__#00-08-10_00-09-51_label_B6-0-0__4.npy,B6-0-0
v=hxyhulJYz5I__#00-08-10_00-09-51_label_B6-0-0__5.npy,B6-0-0
v=hxyhulJYz5I__#00-08-10_00-09-51_label_B6-0-0__6.npy,B6-0-0
v=hxyhulJYz5I__#00-08-10_00-09-51_label_B6-0-0__7.npy,B6-0-0
v=hxyhulJYz5I__#00-08-10_00-09-51_label_B6-0-0__8.npy,B6-0-0
v=hxyhulJYz5I__#00-08-10_00-09-51_label_B6-0-0__9.npy,B6-0-0
v=iHuggczItBk__#00-00-00_00-00-51_label_B6-0-0__0.npy,B6-0-0
v=iHuggczItBk__#00-00-00_00-00-51_label_B6-0-0__1.npy,B6-0-0
v=iHuggczItBk__#00-00-00_00-00-51_label_B6-0-0__2.npy,B6-0-0
v=iHuggczItBk__#00-00-00_00-00-51_label_B6-0-0__3.npy,B6-0-0
v=iHuggczItBk__#00-00-00_00-00-51_label_B6-0-0__4.npy,B6-0-0
v=iHuggczItBk__#00-00-00_00-00-51_label_B6-0-0__5.npy,B6-0-0
v=iHuggczItBk__#00-00-00_00-00-51_label_B6-0-0__6.npy,B6-0-0
v=iHuggczItBk__#00-00-00_00-00-51_label_B6-0-0__7.npy,B6-0-0
v=iHuggczItBk__#00-00-00_00-00-51_label_B6-0-0__8.npy,B6-0-0
v=iHuggczItBk__#00-00-00_00-00-51_label_B6-0-0__9.npy,B6-0-0
v=idoD_tYTKtc__#00-00-00_00-00-51_label_B6-0-0__0.npy,B6-0-0
v=idoD_tYTKtc__#00-00-00_00-00-51_label_B6-0-0__1.npy,B6-0-0
v=idoD_tYTKtc__#00-00-00_00-00-51_label_B6-0-0__2.npy,B6-0-0
v=idoD_tYTKtc__#00-00-00_00-00-51_label_B6-0-0__3.npy,B6-0-0
v=idoD_tYTKtc__#00-00-00_00-00-51_label_B6-0-0__4.npy,B6-0-0
v=idoD_tYTKtc__#00-00-00_00-00-51_label_B6-0-0__5.npy,B6-0-0
v=idoD_tYTKtc__#00-00-00_00-00-51_label_B6-0-0__6.npy,B6-0-0
v=idoD_tYTKtc__#00-00-00_00-00-51_label_B6-0-0__7.npy,B6-0-0
v=idoD_tYTKtc__#00-00-00_00-00-51_label_B6-0-0__8.npy,B6-0-0
v=idoD_tYTKtc__#00-00-00_00-00-51_label_B6-0-0__9.npy,B6-0-0
v=idoD_tYTKtc__#00-01-00_00-02-45_label_B6-0-0__0.npy,B6-0-0
v=idoD_tYTKtc__#00-01-00_00-02-45_label_B6-0-0__1.npy,B6-0-0
v=idoD_tYTKtc__#00-01-00_00-02-45_label_B6-0-0__2.npy,B6-0-0
v=idoD_tYTKtc__#00-01-00_00-02-45_label_B6-0-0__3.npy,B6-0-0
v=idoD_tYTKtc__#00-01-00_00-02-45_label_B6-0-0__4.npy,B6-0-0
v=idoD_tYTKtc__#00-01-00_00-02-45_label_B6-0-0__5.npy,B6-0-0
v=idoD_tYTKtc__#00-01-00_00-02-45_label_B6-0-0__6.npy,B6-0-0
v=idoD_tYTKtc__#00-01-00_00-02-45_label_B6-0-0__7.npy,B6-0-0
v=idoD_tYTKtc__#00-01-00_00-02-45_label_B6-0-0__8.npy,B6-0-0
v=idoD_tYTKtc__#00-01-00_00-02-45_label_B6-0-0__9.npy,B6-0-0
v=idoD_tYTKtc__#00-03-00_00-04-09_label_B6-0-0__0.npy,B6-0-0
v=idoD_tYTKtc__#00-03-00_00-04-09_label_B6-0-0__1.npy,B6-0-0
v=idoD_tYTKtc__#00-03-00_00-04-09_label_B6-0-0__2.npy,B6-0-0
v=idoD_tYTKtc__#00-03-00_00-04-09_label_B6-0-0__3.npy,B6-0-0
v=idoD_tYTKtc__#00-03-00_00-04-09_label_B6-0-0__4.npy,B6-0-0
v=idoD_tYTKtc__#00-03-00_00-04-09_label_B6-0-0__5.npy,B6-0-0
v=idoD_tYTKtc__#00-03-00_00-04-09_label_B6-0-0__6.npy,B6-0-0
v=idoD_tYTKtc__#00-03-00_00-04-09_label_B6-0-0__7.npy,B6-0-0
v=idoD_tYTKtc__#00-03-00_00-04-09_label_B6-0-0__8.npy,B6-0-0
v=idoD_tYTKtc__#00-03-00_00-04-09_label_B6-0-0__9.npy,B6-0-0
v=idoD_tYTKtc__#00-04-10_00-05-00_label_B6-0-0__0.npy,B6-0-0
v=idoD_tYTKtc__#00-04-10_00-05-00_label_B6-0-0__1.npy,B6-0-0
v=idoD_tYTKtc__#00-04-10_00-05-00_label_B6-0-0__2.npy,B6-0-0
v=idoD_tYTKtc__#00-04-10_00-05-00_label_B6-0-0__3.npy,B6-0-0
v=idoD_tYTKtc__#00-04-10_00-05-00_label_B6-0-0__4.npy,B6-0-0
v=idoD_tYTKtc__#00-04-10_00-05-00_label_B6-0-0__5.npy,B6-0-0
v=idoD_tYTKtc__#00-04-10_00-05-00_label_B6-0-0__6.npy,B6-0-0
v=idoD_tYTKtc__#00-04-10_00-05-00_label_B6-0-0__7.npy,B6-0-0
v=idoD_tYTKtc__#00-04-10_00-05-00_label_B6-0-0__8.npy,B6-0-0
v=idoD_tYTKtc__#00-04-10_00-05-00_label_B6-0-0__9.npy,B6-0-0
v=jYENhkzdpO8__#00-01-32_00-03-27_label_B6-0-0__0.npy,B6-0-0
v=jYENhkzdpO8__#00-01-32_00-03-27_label_B6-0-0__1.npy,B6-0-0
v=jYENhkzdpO8__#00-01-32_00-03-27_label_B6-0-0__2.npy,B6-0-0
v=jYENhkzdpO8__#00-01-32_00-03-27_label_B6-0-0__3.npy,B6-0-0
v=jYENhkzdpO8__#00-01-32_00-03-27_label_B6-0-0__4.npy,B6-0-0
v=jYENhkzdpO8__#00-01-32_00-03-27_label_B6-0-0__5.npy,B6-0-0
v=jYENhkzdpO8__#00-01-32_00-03-27_label_B6-0-0__6.npy,B6-0-0
v=jYENhkzdpO8__#00-01-32_00-03-27_label_B6-0-0__7.npy,B6-0-0
v=jYENhkzdpO8__#00-01-32_00-03-27_label_B6-0-0__8.npy,B6-0-0
v=jYENhkzdpO8__#00-01-32_00-03-27_label_B6-0-0__9.npy,B6-0-0
v=jYENhkzdpO8__#00-04-10_00-05-19_label_B6-0-0__0.npy,B6-0-0
v=jYENhkzdpO8__#00-04-10_00-05-19_label_B6-0-0__1.npy,B6-0-0
v=jYENhkzdpO8__#00-04-10_00-05-19_label_B6-0-0__2.npy,B6-0-0
v=jYENhkzdpO8__#00-04-10_00-05-19_label_B6-0-0__3.npy,B6-0-0
v=jYENhkzdpO8__#00-04-10_00-05-19_label_B6-0-0__4.npy,B6-0-0
v=jYENhkzdpO8__#00-04-10_00-05-19_label_B6-0-0__5.npy,B6-0-0
v=jYENhkzdpO8__#00-04-10_00-05-19_label_B6-0-0__6.npy,B6-0-0
v=jYENhkzdpO8__#00-04-10_00-05-19_label_B6-0-0__7.npy,B6-0-0
v=jYENhkzdpO8__#00-04-10_00-05-19_label_B6-0-0__8.npy,B6-0-0
v=jYENhkzdpO8__#00-04-10_00-05-19_label_B6-0-0__9.npy,B6-0-0
v=jYENhkzdpO8__#00-05-20_00-06-45_label_B6-0-0__0.npy,B6-0-0
v=jYENhkzdpO8__#00-05-20_00-06-45_label_B6-0-0__1.npy,B6-0-0
v=jYENhkzdpO8__#00-05-20_00-06-45_label_B6-0-0__2.npy,B6-0-0
v=jYENhkzdpO8__#00-05-20_00-06-45_label_B6-0-0__3.npy,B6-0-0
v=jYENhkzdpO8__#00-05-20_00-06-45_label_B6-0-0__4.npy,B6-0-0
v=jYENhkzdpO8__#00-05-20_00-06-45_label_B6-0-0__5.npy,B6-0-0
v=jYENhkzdpO8__#00-05-20_00-06-45_label_B6-0-0__6.npy,B6-0-0
v=jYENhkzdpO8__#00-05-20_00-06-45_label_B6-0-0__7.npy,B6-0-0
v=jYENhkzdpO8__#00-05-20_00-06-45_label_B6-0-0__8.npy,B6-0-0
v=jYENhkzdpO8__#00-05-20_00-06-45_label_B6-0-0__9.npy,B6-0-0
v=jYENhkzdpO8__#00-06-46_00-08-35_label_B6-0-0__0.npy,B6-0-0
v=jYENhkzdpO8__#00-06-46_00-08-35_label_B6-0-0__1.npy,B6-0-0
v=jYENhkzdpO8__#00-06-46_00-08-35_label_B6-0-0__2.npy,B6-0-0
v=jYENhkzdpO8__#00-06-46_00-08-35_label_B6-0-0__3.npy,B6-0-0
v=jYENhkzdpO8__#00-06-46_00-08-35_label_B6-0-0__4.npy,B6-0-0
v=jYENhkzdpO8__#00-06-46_00-08-35_label_B6-0-0__5.npy,B6-0-0
v=jYENhkzdpO8__#00-06-46_00-08-35_label_B6-0-0__6.npy,B6-0-0
v=jYENhkzdpO8__#00-06-46_00-08-35_label_B6-0-0__7.npy,B6-0-0
v=jYENhkzdpO8__#00-06-46_00-08-35_label_B6-0-0__8.npy,B6-0-0
v=jYENhkzdpO8__#00-06-46_00-08-35_label_B6-0-0__9.npy,B6-0-0
v=jYENhkzdpO8__#00-08-37_00-09-38_label_B6-0-0__0.npy,B6-0-0
v=jYENhkzdpO8__#00-08-37_00-09-38_label_B6-0-0__1.npy,B6-0-0
v=jYENhkzdpO8__#00-08-37_00-09-38_label_B6-0-0__2.npy,B6-0-0
v=jYENhkzdpO8__#00-08-37_00-09-38_label_B6-0-0__3.npy,B6-0-0
v=jYENhkzdpO8__#00-08-37_00-09-38_label_B6-0-0__4.npy,B6-0-0
v=jYENhkzdpO8__#00-08-37_00-09-38_label_B6-0-0__5.npy,B6-0-0
v=jYENhkzdpO8__#00-08-37_00-09-38_label_B6-0-0__6.npy,B6-0-0
v=jYENhkzdpO8__#00-08-37_00-09-38_label_B6-0-0__7.npy,B6-0-0
v=jYENhkzdpO8__#00-08-37_00-09-38_label_B6-0-0__8.npy,B6-0-0
v=jYENhkzdpO8__#00-08-37_00-09-38_label_B6-0-0__9.npy,B6-0-0
v=jpmQSeObStc__#00-03-25_00-04-54_label_B6-0-0__0.npy,B6-0-0
v=jpmQSeObStc__#00-03-25_00-04-54_label_B6-0-0__1.npy,B6-0-0
v=jpmQSeObStc__#00-03-25_00-04-54_label_B6-0-0__2.npy,B6-0-0
v=jpmQSeObStc__#00-03-25_00-04-54_label_B6-0-0__3.npy,B6-0-0
v=jpmQSeObStc__#00-03-25_00-04-54_label_B6-0-0__4.npy,B6-0-0
v=jpmQSeObStc__#00-03-25_00-04-54_label_B6-0-0__5.npy,B6-0-0
v=jpmQSeObStc__#00-03-25_00-04-54_label_B6-0-0__6.npy,B6-0-0
v=jpmQSeObStc__#00-03-25_00-04-54_label_B6-0-0__7.npy,B6-0-0
v=jpmQSeObStc__#00-03-25_00-04-54_label_B6-0-0__8.npy,B6-0-0
v=jpmQSeObStc__#00-03-25_00-04-54_label_B6-0-0__9.npy,B6-0-0
v=jpmQSeObStc__#00-05-24_00-06-07_label_B6-0-0__0.npy,B6-0-0
v=jpmQSeObStc__#00-05-24_00-06-07_label_B6-0-0__1.npy,B6-0-0
v=jpmQSeObStc__#00-05-24_00-06-07_label_B6-0-0__2.npy,B6-0-0
v=jpmQSeObStc__#00-05-24_00-06-07_label_B6-0-0__3.npy,B6-0-0
v=jpmQSeObStc__#00-05-24_00-06-07_label_B6-0-0__4.npy,B6-0-0
v=jpmQSeObStc__#00-05-24_00-06-07_label_B6-0-0__5.npy,B6-0-0
v=jpmQSeObStc__#00-05-24_00-06-07_label_B6-0-0__6.npy,B6-0-0
v=jpmQSeObStc__#00-05-24_00-06-07_label_B6-0-0__7.npy,B6-0-0
v=jpmQSeObStc__#00-05-24_00-06-07_label_B6-0-0__8.npy,B6-0-0
v=jpmQSeObStc__#00-05-24_00-06-07_label_B6-0-0__9.npy,B6-0-0
v=k7R_Qo-BiAw__#00-00-00_00-00-51_label_B6-0-0__0.npy,B6-0-0
v=k7R_Qo-BiAw__#00-00-00_00-00-51_label_B6-0-0__1.npy,B6-0-0
v=k7R_Qo-BiAw__#00-00-00_00-00-51_label_B6-0-0__2.npy,B6-0-0
v=k7R_Qo-BiAw__#00-00-00_00-00-51_label_B6-0-0__3.npy,B6-0-0
v=k7R_Qo-BiAw__#00-00-00_00-00-51_label_B6-0-0__4.npy,B6-0-0
v=k7R_Qo-BiAw__#00-00-00_00-00-51_label_B6-0-0__5.npy,B6-0-0
v=k7R_Qo-BiAw__#00-00-00_00-00-51_label_B6-0-0__6.npy,B6-0-0
v=k7R_Qo-BiAw__#00-00-00_00-00-51_label_B6-0-0__7.npy,B6-0-0
v=k7R_Qo-BiAw__#00-00-00_00-00-51_label_B6-0-0__8.npy,B6-0-0
v=k7R_Qo-BiAw__#00-00-00_00-00-51_label_B6-0-0__9.npy,B6-0-0
v=k7R_Qo-BiAw__#00-01-00_00-02-45_label_B6-0-0__0.npy,B6-0-0
v=k7R_Qo-BiAw__#00-01-00_00-02-45_label_B6-0-0__1.npy,B6-0-0
v=k7R_Qo-BiAw__#00-01-00_00-02-45_label_B6-0-0__2.npy,B6-0-0
v=k7R_Qo-BiAw__#00-01-00_00-02-45_label_B6-0-0__3.npy,B6-0-0
v=k7R_Qo-BiAw__#00-01-00_00-02-45_label_B6-0-0__4.npy,B6-0-0
v=k7R_Qo-BiAw__#00-01-00_00-02-45_label_B6-0-0__5.npy,B6-0-0
v=k7R_Qo-BiAw__#00-01-00_00-02-45_label_B6-0-0__6.npy,B6-0-0
v=k7R_Qo-BiAw__#00-01-00_00-02-45_label_B6-0-0__7.npy,B6-0-0
v=k7R_Qo-BiAw__#00-01-00_00-02-45_label_B6-0-0__8.npy,B6-0-0
v=k7R_Qo-BiAw__#00-01-00_00-02-45_label_B6-0-0__9.npy,B6-0-0
v=k7R_Qo-BiAw__#00-03-00_00-04-09_label_B6-0-0__0.npy,B6-0-0
v=k7R_Qo-BiAw__#00-03-00_00-04-09_label_B6-0-0__1.npy,B6-0-0
v=k7R_Qo-BiAw__#00-03-00_00-04-09_label_B6-0-0__2.npy,B6-0-0
v=k7R_Qo-BiAw__#00-03-00_00-04-09_label_B6-0-0__3.npy,B6-0-0
v=k7R_Qo-BiAw__#00-03-00_00-04-09_label_B6-0-0__4.npy,B6-0-0
v=k7R_Qo-BiAw__#00-03-00_00-04-09_label_B6-0-0__5.npy,B6-0-0
v=k7R_Qo-BiAw__#00-03-00_00-04-09_label_B6-0-0__6.npy,B6-0-0
v=k7R_Qo-BiAw__#00-03-00_00-04-09_label_B6-0-0__7.npy,B6-0-0
v=k7R_Qo-BiAw__#00-03-00_00-04-09_label_B6-0-0__8.npy,B6-0-0
v=k7R_Qo-BiAw__#00-03-00_00-04-09_label_B6-0-0__9.npy,B6-0-0
v=k7R_Qo-BiAw__#00-04-10_00-06-09_label_B6-0-0__0.npy,B6-0-0
v=k7R_Qo-BiAw__#00-04-10_00-06-09_label_B6-0-0__1.npy,B6-0-0
v=k7R_Qo-BiAw__#00-04-10_00-06-09_label_B6-0-0__2.npy,B6-0-0
v=k7R_Qo-BiAw__#00-04-10_00-06-09_label_B6-0-0__3.npy,B6-0-0
v=k7R_Qo-BiAw__#00-04-10_00-06-09_label_B6-0-0__4.npy,B6-0-0
v=k7R_Qo-BiAw__#00-04-10_00-06-09_label_B6-0-0__5.npy,B6-0-0
v=k7R_Qo-BiAw__#00-04-10_00-06-09_label_B6-0-0__6.npy,B6-0-0
v=k7R_Qo-BiAw__#00-04-10_00-06-09_label_B6-0-0__7.npy,B6-0-0
v=k7R_Qo-BiAw__#00-04-10_00-06-09_label_B6-0-0__8.npy,B6-0-0
v=k7R_Qo-BiAw__#00-04-10_00-06-09_label_B6-0-0__9.npy,B6-0-0
v=k7R_Qo-BiAw__#00-06-10_00-07-19_label_B6-0-0__0.npy,B6-0-0
v=k7R_Qo-BiAw__#00-06-10_00-07-19_label_B6-0-0__1.npy,B6-0-0
v=k7R_Qo-BiAw__#00-06-10_00-07-19_label_B6-0-0__2.npy,B6-0-0
v=k7R_Qo-BiAw__#00-06-10_00-07-19_label_B6-0-0__3.npy,B6-0-0
v=k7R_Qo-BiAw__#00-06-10_00-07-19_label_B6-0-0__4.npy,B6-0-0
v=k7R_Qo-BiAw__#00-06-10_00-07-19_label_B6-0-0__5.npy,B6-0-0
v=k7R_Qo-BiAw__#00-06-10_00-07-19_label_B6-0-0__6.npy,B6-0-0
v=k7R_Qo-BiAw__#00-06-10_00-07-19_label_B6-0-0__7.npy,B6-0-0
v=k7R_Qo-BiAw__#00-06-10_00-07-19_label_B6-0-0__8.npy,B6-0-0
v=k7R_Qo-BiAw__#00-06-10_00-07-19_label_B6-0-0__9.npy,B6-0-0
v=k7R_Qo-BiAw__#00-07-22_00-08-19_label_B6-0-0__0.npy,B6-0-0
v=k7R_Qo-BiAw__#00-07-22_00-08-19_label_B6-0-0__1.npy,B6-0-0
v=k7R_Qo-BiAw__#00-07-22_00-08-19_label_B6-0-0__2.npy,B6-0-0
v=k7R_Qo-BiAw__#00-07-22_00-08-19_label_B6-0-0__3.npy,B6-0-0
v=k7R_Qo-BiAw__#00-07-22_00-08-19_label_B6-0-0__4.npy,B6-0-0
v=k7R_Qo-BiAw__#00-07-22_00-08-19_label_B6-0-0__5.npy,B6-0-0
v=k7R_Qo-BiAw__#00-07-22_00-08-19_label_B6-0-0__6.npy,B6-0-0
v=k7R_Qo-BiAw__#00-07-22_00-08-19_label_B6-0-0__7.npy,B6-0-0
v=k7R_Qo-BiAw__#00-07-22_00-08-19_label_B6-0-0__8.npy,B6-0-0
v=k7R_Qo-BiAw__#00-07-22_00-08-19_label_B6-0-0__9.npy,B6-0-0
v=k7R_Qo-BiAw__#00-08-35_00-10-25_label_B6-0-0__0.npy,B6-0-0
v=k7R_Qo-BiAw__#00-08-35_00-10-25_label_B6-0-0__1.npy,B6-0-0
v=k7R_Qo-BiAw__#00-08-35_00-10-25_label_B6-0-0__2.npy,B6-0-0
v=k7R_Qo-BiAw__#00-08-35_00-10-25_label_B6-0-0__3.npy,B6-0-0
v=k7R_Qo-BiAw__#00-08-35_00-10-25_label_B6-0-0__4.npy,B6-0-0
v=k7R_Qo-BiAw__#00-08-35_00-10-25_label_B6-0-0__5.npy,B6-0-0
v=k7R_Qo-BiAw__#00-08-35_00-10-25_label_B6-0-0__6.npy,B6-0-0
v=k7R_Qo-BiAw__#00-08-35_00-10-25_label_B6-0-0__7.npy,B6-0-0
v=k7R_Qo-BiAw__#00-08-35_00-10-25_label_B6-0-0__8.npy,B6-0-0
v=k7R_Qo-BiAw__#00-08-35_00-10-25_label_B6-0-0__9.npy,B6-0-0
v=k7R_Qo-BiAw__#00-11-00_00-12-45_label_B6-0-0__0.npy,B6-0-0
v=k7R_Qo-BiAw__#00-11-00_00-12-45_label_B6-0-0__1.npy,B6-0-0
v=k7R_Qo-BiAw__#00-11-00_00-12-45_label_B6-0-0__2.npy,B6-0-0
v=k7R_Qo-BiAw__#00-11-00_00-12-45_label_B6-0-0__3.npy,B6-0-0
v=k7R_Qo-BiAw__#00-11-00_00-12-45_label_B6-0-0__4.npy,B6-0-0
v=k7R_Qo-BiAw__#00-11-00_00-12-45_label_B6-0-0__5.npy,B6-0-0
v=k7R_Qo-BiAw__#00-11-00_00-12-45_label_B6-0-0__6.npy,B6-0-0
v=k7R_Qo-BiAw__#00-11-00_00-12-45_label_B6-0-0__7.npy,B6-0-0
v=k7R_Qo-BiAw__#00-11-00_00-12-45_label_B6-0-0__8.npy,B6-0-0
v=k7R_Qo-BiAw__#00-11-00_00-12-45_label_B6-0-0__9.npy,B6-0-0
v=k7R_Qo-BiAw__#00-13-00_00-14-09_label_B6-0-0__0.npy,B6-0-0
v=k7R_Qo-BiAw__#00-13-00_00-14-09_label_B6-0-0__1.npy,B6-0-0
v=k7R_Qo-BiAw__#00-13-00_00-14-09_label_B6-0-0__2.npy,B6-0-0
v=k7R_Qo-BiAw__#00-13-00_00-14-09_label_B6-0-0__3.npy,B6-0-0
v=k7R_Qo-BiAw__#00-13-00_00-14-09_label_B6-0-0__4.npy,B6-0-0
v=k7R_Qo-BiAw__#00-13-00_00-14-09_label_B6-0-0__5.npy,B6-0-0
v=k7R_Qo-BiAw__#00-13-00_00-14-09_label_B6-0-0__6.npy,B6-0-0
v=k7R_Qo-BiAw__#00-13-00_00-14-09_label_B6-0-0__7.npy,B6-0-0
v=k7R_Qo-BiAw__#00-13-00_00-14-09_label_B6-0-0__8.npy,B6-0-0
v=k7R_Qo-BiAw__#00-13-00_00-14-09_label_B6-0-0__9.npy,B6-0-0
v=k7R_Qo-BiAw__#00-14-10_00-15-49_label_B6-0-0__0.npy,B6-0-0
v=k7R_Qo-BiAw__#00-14-10_00-15-49_label_B6-0-0__1.npy,B6-0-0
v=k7R_Qo-BiAw__#00-14-10_00-15-49_label_B6-0-0__2.npy,B6-0-0
v=k7R_Qo-BiAw__#00-14-10_00-15-49_label_B6-0-0__3.npy,B6-0-0
v=k7R_Qo-BiAw__#00-14-10_00-15-49_label_B6-0-0__4.npy,B6-0-0
v=k7R_Qo-BiAw__#00-14-10_00-15-49_label_B6-0-0__5.npy,B6-0-0
v=k7R_Qo-BiAw__#00-14-10_00-15-49_label_B6-0-0__6.npy,B6-0-0
v=k7R_Qo-BiAw__#00-14-10_00-15-49_label_B6-0-0__7.npy,B6-0-0
v=k7R_Qo-BiAw__#00-14-10_00-15-49_label_B6-0-0__8.npy,B6-0-0
v=k7R_Qo-BiAw__#00-14-10_00-15-49_label_B6-0-0__9.npy,B6-0-0
v=k7R_Qo-BiAw__#00-16-00_00-18-45_label_B6-0-0__0.npy,B6-0-0
v=k7R_Qo-BiAw__#00-16-00_00-18-45_label_B6-0-0__1.npy,B6-0-0
v=k7R_Qo-BiAw__#00-16-00_00-18-45_label_B6-0-0__2.npy,B6-0-0
v=k7R_Qo-BiAw__#00-16-00_00-18-45_label_B6-0-0__3.npy,B6-0-0
v=k7R_Qo-BiAw__#00-16-00_00-18-45_label_B6-0-0__4.npy,B6-0-0
v=k7R_Qo-BiAw__#00-16-00_00-18-45_label_B6-0-0__5.npy,B6-0-0
v=k7R_Qo-BiAw__#00-16-00_00-18-45_label_B6-0-0__6.npy,B6-0-0
v=k7R_Qo-BiAw__#00-16-00_00-18-45_label_B6-0-0__7.npy,B6-0-0
v=k7R_Qo-BiAw__#00-16-00_00-18-45_label_B6-0-0__8.npy,B6-0-0
v=k7R_Qo-BiAw__#00-16-00_00-18-45_label_B6-0-0__9.npy,B6-0-0
v=k7R_Qo-BiAw__#00-19-00_00-20-09_label_B6-0-0__0.npy,B6-0-0
v=k7R_Qo-BiAw__#00-19-00_00-20-09_label_B6-0-0__1.npy,B6-0-0
v=k7R_Qo-BiAw__#00-19-00_00-20-09_label_B6-0-0__2.npy,B6-0-0
v=k7R_Qo-BiAw__#00-19-00_00-20-09_label_B6-0-0__3.npy,B6-0-0
v=k7R_Qo-BiAw__#00-19-00_00-20-09_label_B6-0-0__4.npy,B6-0-0
v=k7R_Qo-BiAw__#00-19-00_00-20-09_label_B6-0-0__5.npy,B6-0-0
v=k7R_Qo-BiAw__#00-19-00_00-20-09_label_B6-0-0__6.npy,B6-0-0
v=k7R_Qo-BiAw__#00-19-00_00-20-09_label_B6-0-0__7.npy,B6-0-0
v=k7R_Qo-BiAw__#00-19-00_00-20-09_label_B6-0-0__8.npy,B6-0-0
v=k7R_Qo-BiAw__#00-19-00_00-20-09_label_B6-0-0__9.npy,B6-0-0
v=kVl-6-A9ZO4__#00-00-00_00-00-51_label_B6-0-0__0.npy,B6-0-0
v=kVl-6-A9ZO4__#00-00-00_00-00-51_label_B6-0-0__1.npy,B6-0-0
v=kVl-6-A9ZO4__#00-00-00_00-00-51_label_B6-0-0__2.npy,B6-0-0
v=kVl-6-A9ZO4__#00-00-00_00-00-51_label_B6-0-0__3.npy,B6-0-0
v=kVl-6-A9ZO4__#00-00-00_00-00-51_label_B6-0-0__4.npy,B6-0-0
v=kVl-6-A9ZO4__#00-00-00_00-00-51_label_B6-0-0__5.npy,B6-0-0
v=kVl-6-A9ZO4__#00-00-00_00-00-51_label_B6-0-0__6.npy,B6-0-0
v=kVl-6-A9ZO4__#00-00-00_00-00-51_label_B6-0-0__7.npy,B6-0-0
v=kVl-6-A9ZO4__#00-00-00_00-00-51_label_B6-0-0__8.npy,B6-0-0
v=kVl-6-A9ZO4__#00-00-00_00-00-51_label_B6-0-0__9.npy,B6-0-0
v=kVl-6-A9ZO4__#00-01-00_00-02-45_label_B6-0-0__0.npy,B6-0-0
v=kVl-6-A9ZO4__#00-01-00_00-02-45_label_B6-0-0__1.npy,B6-0-0
v=kVl-6-A9ZO4__#00-01-00_00-02-45_label_B6-0-0__2.npy,B6-0-0
v=kVl-6-A9ZO4__#00-01-00_00-02-45_label_B6-0-0__3.npy,B6-0-0
v=kVl-6-A9ZO4__#00-01-00_00-02-45_label_B6-0-0__4.npy,B6-0-0
v=kVl-6-A9ZO4__#00-01-00_00-02-45_label_B6-0-0__5.npy,B6-0-0
v=kVl-6-A9ZO4__#00-01-00_00-02-45_label_B6-0-0__6.npy,B6-0-0
v=kVl-6-A9ZO4__#00-01-00_00-02-45_label_B6-0-0__7.npy,B6-0-0
v=kVl-6-A9ZO4__#00-01-00_00-02-45_label_B6-0-0__8.npy,B6-0-0
v=kVl-6-A9ZO4__#00-01-00_00-02-45_label_B6-0-0__9.npy,B6-0-0
v=kVl-6-A9ZO4__#00-03-00_00-04-09_label_B6-0-0__0.npy,B6-0-0
v=kVl-6-A9ZO4__#00-03-00_00-04-09_label_B6-0-0__1.npy,B6-0-0
v=kVl-6-A9ZO4__#00-03-00_00-04-09_label_B6-0-0__2.npy,B6-0-0
v=kVl-6-A9ZO4__#00-03-00_00-04-09_label_B6-0-0__3.npy,B6-0-0
v=kVl-6-A9ZO4__#00-03-00_00-04-09_label_B6-0-0__4.npy,B6-0-0
v=kVl-6-A9ZO4__#00-03-00_00-04-09_label_B6-0-0__5.npy,B6-0-0
v=kVl-6-A9ZO4__#00-03-00_00-04-09_label_B6-0-0__6.npy,B6-0-0
v=kVl-6-A9ZO4__#00-03-00_00-04-09_label_B6-0-0__7.npy,B6-0-0
v=kVl-6-A9ZO4__#00-03-00_00-04-09_label_B6-0-0__8.npy,B6-0-0
v=kVl-6-A9ZO4__#00-03-00_00-04-09_label_B6-0-0__9.npy,B6-0-0
v=kVl-6-A9ZO4__#00-04-11_00-05-09_label_B6-0-0__0.npy,B6-0-0
v=kVl-6-A9ZO4__#00-04-11_00-05-09_label_B6-0-0__1.npy,B6-0-0
v=kVl-6-A9ZO4__#00-04-11_00-05-09_label_B6-0-0__2.npy,B6-0-0
v=kVl-6-A9ZO4__#00-04-11_00-05-09_label_B6-0-0__3.npy,B6-0-0
v=kVl-6-A9ZO4__#00-04-11_00-05-09_label_B6-0-0__4.npy,B6-0-0
v=kVl-6-A9ZO4__#00-04-11_00-05-09_label_B6-0-0__5.npy,B6-0-0
v=kVl-6-A9ZO4__#00-04-11_00-05-09_label_B6-0-0__6.npy,B6-0-0
v=kVl-6-A9ZO4__#00-04-11_00-05-09_label_B6-0-0__7.npy,B6-0-0
v=kVl-6-A9ZO4__#00-04-11_00-05-09_label_B6-0-0__8.npy,B6-0-0
v=kVl-6-A9ZO4__#00-04-11_00-05-09_label_B6-0-0__9.npy,B6-0-0
v=kVl-6-A9ZO4__#00-05-11_00-06-35_label_B6-0-0__0.npy,B6-0-0
v=kVl-6-A9ZO4__#00-05-11_00-06-35_label_B6-0-0__1.npy,B6-0-0
v=kVl-6-A9ZO4__#00-05-11_00-06-35_label_B6-0-0__2.npy,B6-0-0
v=kVl-6-A9ZO4__#00-05-11_00-06-35_label_B6-0-0__3.npy,B6-0-0
v=kVl-6-A9ZO4__#00-05-11_00-06-35_label_B6-0-0__4.npy,B6-0-0
v=kVl-6-A9ZO4__#00-05-11_00-06-35_label_B6-0-0__5.npy,B6-0-0
v=kVl-6-A9ZO4__#00-05-11_00-06-35_label_B6-0-0__6.npy,B6-0-0
v=kVl-6-A9ZO4__#00-05-11_00-06-35_label_B6-0-0__7.npy,B6-0-0
v=kVl-6-A9ZO4__#00-05-11_00-06-35_label_B6-0-0__8.npy,B6-0-0
v=kVl-6-A9ZO4__#00-05-11_00-06-35_label_B6-0-0__9.npy,B6-0-0
v=kVl-6-A9ZO4__#00-06-41_00-07-55_label_B6-0-0__0.npy,B6-0-0
v=kVl-6-A9ZO4__#00-06-41_00-07-55_label_B6-0-0__1.npy,B6-0-0
v=kVl-6-A9ZO4__#00-06-41_00-07-55_label_B6-0-0__2.npy,B6-0-0
v=kVl-6-A9ZO4__#00-06-41_00-07-55_label_B6-0-0__3.npy,B6-0-0
v=kVl-6-A9ZO4__#00-06-41_00-07-55_label_B6-0-0__4.npy,B6-0-0
v=kVl-6-A9ZO4__#00-06-41_00-07-55_label_B6-0-0__5.npy,B6-0-0
v=kVl-6-A9ZO4__#00-06-41_00-07-55_label_B6-0-0__6.npy,B6-0-0
v=kVl-6-A9ZO4__#00-06-41_00-07-55_label_B6-0-0__7.npy,B6-0-0
v=kVl-6-A9ZO4__#00-06-41_00-07-55_label_B6-0-0__8.npy,B6-0-0
v=kVl-6-A9ZO4__#00-06-41_00-07-55_label_B6-0-0__9.npy,B6-0-0
v=kVl-6-A9ZO4__#00-09-41_00-10-02_label_B6-0-0__0.npy,B6-0-0
v=kVl-6-A9ZO4__#00-09-41_00-10-02_label_B6-0-0__1.npy,B6-0-0
v=kVl-6-A9ZO4__#00-09-41_00-10-02_label_B6-0-0__2.npy,B6-0-0
v=kVl-6-A9ZO4__#00-09-41_00-10-02_label_B6-0-0__3.npy,B6-0-0
v=kVl-6-A9ZO4__#00-09-41_00-10-02_label_B6-0-0__4.npy,B6-0-0
v=kVl-6-A9ZO4__#00-09-41_00-10-02_label_B6-0-0__5.npy,B6-0-0
v=kVl-6-A9ZO4__#00-09-41_00-10-02_label_B6-0-0__6.npy,B6-0-0
v=kVl-6-A9ZO4__#00-09-41_00-10-02_label_B6-0-0__7.npy,B6-0-0
v=kVl-6-A9ZO4__#00-09-41_00-10-02_label_B6-0-0__8.npy,B6-0-0
v=kVl-6-A9ZO4__#00-09-41_00-10-02_label_B6-0-0__9.npy,B6-0-0
v=ll9dxM3KArA__#00-00-00_00-00-51_label_B6-0-0__0.npy,B6-0-0
v=ll9dxM3KArA__#00-00-00_00-00-51_label_B6-0-0__1.npy,B6-0-0
v=ll9dxM3KArA__#00-00-00_00-00-51_label_B6-0-0__2.npy,B6-0-0
v=ll9dxM3KArA__#00-00-00_00-00-51_label_B6-0-0__3.npy,B6-0-0
v=ll9dxM3KArA__#00-00-00_00-00-51_label_B6-0-0__4.npy,B6-0-0
v=ll9dxM3KArA__#00-00-00_00-00-51_label_B6-0-0__5.npy,B6-0-0
v=ll9dxM3KArA__#00-00-00_00-00-51_label_B6-0-0__6.npy,B6-0-0
v=ll9dxM3KArA__#00-00-00_00-00-51_label_B6-0-0__7.npy,B6-0-0
v=ll9dxM3KArA__#00-00-00_00-00-51_label_B6-0-0__8.npy,B6-0-0
v=ll9dxM3KArA__#00-00-00_00-00-51_label_B6-0-0__9.npy,B6-0-0
v=ll9dxM3KArA__#00-01-00_00-02-45_label_B6-0-0__0.npy,B6-0-0
v=ll9dxM3KArA__#00-01-00_00-02-45_label_B6-0-0__1.npy,B6-0-0
v=ll9dxM3KArA__#00-01-00_00-02-45_label_B6-0-0__2.npy,B6-0-0
v=ll9dxM3KArA__#00-01-00_00-02-45_label_B6-0-0__3.npy,B6-0-0
v=ll9dxM3KArA__#00-01-00_00-02-45_label_B6-0-0__4.npy,B6-0-0
v=ll9dxM3KArA__#00-01-00_00-02-45_label_B6-0-0__5.npy,B6-0-0
v=ll9dxM3KArA__#00-01-00_00-02-45_label_B6-0-0__6.npy,B6-0-0
v=ll9dxM3KArA__#00-01-00_00-02-45_label_B6-0-0__7.npy,B6-0-0
v=ll9dxM3KArA__#00-01-00_00-02-45_label_B6-0-0__8.npy,B6-0-0
v=ll9dxM3KArA__#00-01-00_00-02-45_label_B6-0-0__9.npy,B6-0-0
v=ll9dxM3KArA__#00-03-00_00-04-09_label_B6-0-0__0.npy,B6-0-0
v=ll9dxM3KArA__#00-03-00_00-04-09_label_B6-0-0__1.npy,B6-0-0
v=ll9dxM3KArA__#00-03-00_00-04-09_label_B6-0-0__2.npy,B6-0-0
v=ll9dxM3KArA__#00-03-00_00-04-09_label_B6-0-0__3.npy,B6-0-0
v=ll9dxM3KArA__#00-03-00_00-04-09_label_B6-0-0__4.npy,B6-0-0
v=ll9dxM3KArA__#00-03-00_00-04-09_label_B6-0-0__5.npy,B6-0-0
v=ll9dxM3KArA__#00-03-00_00-04-09_label_B6-0-0__6.npy,B6-0-0
v=ll9dxM3KArA__#00-03-00_00-04-09_label_B6-0-0__7.npy,B6-0-0
v=ll9dxM3KArA__#00-03-00_00-04-09_label_B6-0-0__8.npy,B6-0-0
v=ll9dxM3KArA__#00-03-00_00-04-09_label_B6-0-0__9.npy,B6-0-0
v=ll9dxM3KArA__#00-04-10_00-05-12_label_B6-0-0__0.npy,B6-0-0
v=ll9dxM3KArA__#00-04-10_00-05-12_label_B6-0-0__1.npy,B6-0-0
v=ll9dxM3KArA__#00-04-10_00-05-12_label_B6-0-0__2.npy,B6-0-0
v=ll9dxM3KArA__#00-04-10_00-05-12_label_B6-0-0__3.npy,B6-0-0
v=ll9dxM3KArA__#00-04-10_00-05-12_label_B6-0-0__4.npy,B6-0-0
v=ll9dxM3KArA__#00-04-10_00-05-12_label_B6-0-0__5.npy,B6-0-0
v=ll9dxM3KArA__#00-04-10_00-05-12_label_B6-0-0__6.npy,B6-0-0
v=ll9dxM3KArA__#00-04-10_00-05-12_label_B6-0-0__7.npy,B6-0-0
v=ll9dxM3KArA__#00-04-10_00-05-12_label_B6-0-0__8.npy,B6-0-0
v=ll9dxM3KArA__#00-04-10_00-05-12_label_B6-0-0__9.npy,B6-0-0
v=n81Q_AzkVio__#1_label_B6-0-0__0.npy,B6-0-0
v=n81Q_AzkVio__#1_label_B6-0-0__1.npy,B6-0-0
v=n81Q_AzkVio__#1_label_B6-0-0__2.npy,B6-0-0
v=n81Q_AzkVio__#1_label_B6-0-0__3.npy,B6-0-0
v=n81Q_AzkVio__#1_label_B6-0-0__4.npy,B6-0-0
v=n81Q_AzkVio__#1_label_B6-0-0__5.npy,B6-0-0
v=n81Q_AzkVio__#1_label_B6-0-0__6.npy,B6-0-0
v=n81Q_AzkVio__#1_label_B6-0-0__7.npy,B6-0-0
v=n81Q_AzkVio__#1_label_B6-0-0__8.npy,B6-0-0
v=n81Q_AzkVio__#1_label_B6-0-0__9.npy,B6-0-0
v=nIU1Uky7--A__#1_label_B6-0-0__0.npy,B6-0-0
v=nIU1Uky7--A__#1_label_B6-0-0__1.npy,B6-0-0
v=nIU1Uky7--A__#1_label_B6-0-0__2.npy,B6-0-0
v=nIU1Uky7--A__#1_label_B6-0-0__3.npy,B6-0-0
v=nIU1Uky7--A__#1_label_B6-0-0__4.npy,B6-0-0
v=nIU1Uky7--A__#1_label_B6-0-0__5.npy,B6-0-0
v=nIU1Uky7--A__#1_label_B6-0-0__6.npy,B6-0-0
v=nIU1Uky7--A__#1_label_B6-0-0__7.npy,B6-0-0
v=nIU1Uky7--A__#1_label_B6-0-0__8.npy,B6-0-0
v=nIU1Uky7--A__#1_label_B6-0-0__9.npy,B6-0-0
v=nLAapCIlr-o__#00-01-00_00-02-45_label_B6-0-0__0.npy,B6-0-0
v=nLAapCIlr-o__#00-01-00_00-02-45_label_B6-0-0__1.npy,B6-0-0
v=nLAapCIlr-o__#00-01-00_00-02-45_label_B6-0-0__2.npy,B6-0-0
v=nLAapCIlr-o__#00-01-00_00-02-45_label_B6-0-0__3.npy,B6-0-0
v=nLAapCIlr-o__#00-01-00_00-02-45_label_B6-0-0__4.npy,B6-0-0
v=nLAapCIlr-o__#00-01-00_00-02-45_label_B6-0-0__5.npy,B6-0-0
v=nLAapCIlr-o__#00-01-00_00-02-45_label_B6-0-0__6.npy,B6-0-0
v=nLAapCIlr-o__#00-01-00_00-02-45_label_B6-0-0__7.npy,B6-0-0
v=nLAapCIlr-o__#00-01-00_00-02-45_label_B6-0-0__8.npy,B6-0-0
v=nLAapCIlr-o__#00-01-00_00-02-45_label_B6-0-0__9.npy,B6-0-0
v=nLAapCIlr-o__#00-03-00_00-04-09_label_B6-0-0__0.npy,B6-0-0
v=nLAapCIlr-o__#00-03-00_00-04-09_label_B6-0-0__1.npy,B6-0-0
v=nLAapCIlr-o__#00-03-00_00-04-09_label_B6-0-0__2.npy,B6-0-0
v=nLAapCIlr-o__#00-03-00_00-04-09_label_B6-0-0__3.npy,B6-0-0
v=nLAapCIlr-o__#00-03-00_00-04-09_label_B6-0-0__4.npy,B6-0-0
v=nLAapCIlr-o__#00-03-00_00-04-09_label_B6-0-0__5.npy,B6-0-0
v=nLAapCIlr-o__#00-03-00_00-04-09_label_B6-0-0__6.npy,B6-0-0
v=nLAapCIlr-o__#00-03-00_00-04-09_label_B6-0-0__7.npy,B6-0-0
v=nLAapCIlr-o__#00-03-00_00-04-09_label_B6-0-0__8.npy,B6-0-0
v=nLAapCIlr-o__#00-03-00_00-04-09_label_B6-0-0__9.npy,B6-0-0
v=nLAapCIlr-o__#00-04-10_00-06-09_label_B6-0-0__0.npy,B6-0-0
v=nLAapCIlr-o__#00-04-10_00-06-09_label_B6-0-0__1.npy,B6-0-0
v=nLAapCIlr-o__#00-04-10_00-06-09_label_B6-0-0__2.npy,B6-0-0
v=nLAapCIlr-o__#00-04-10_00-06-09_label_B6-0-0__3.npy,B6-0-0
v=nLAapCIlr-o__#00-04-10_00-06-09_label_B6-0-0__4.npy,B6-0-0
v=nLAapCIlr-o__#00-04-10_00-06-09_label_B6-0-0__5.npy,B6-0-0
v=nLAapCIlr-o__#00-04-10_00-06-09_label_B6-0-0__6.npy,B6-0-0
v=nLAapCIlr-o__#00-04-10_00-06-09_label_B6-0-0__7.npy,B6-0-0
v=nLAapCIlr-o__#00-04-10_00-06-09_label_B6-0-0__8.npy,B6-0-0
v=nLAapCIlr-o__#00-04-10_00-06-09_label_B6-0-0__9.npy,B6-0-0
v=nLAapCIlr-o__#00-06-10_00-07-19_label_B6-0-0__0.npy,B6-0-0
v=nLAapCIlr-o__#00-06-10_00-07-19_label_B6-0-0__1.npy,B6-0-0
v=nLAapCIlr-o__#00-06-10_00-07-19_label_B6-0-0__2.npy,B6-0-0
v=nLAapCIlr-o__#00-06-10_00-07-19_label_B6-0-0__3.npy,B6-0-0
v=nLAapCIlr-o__#00-06-10_00-07-19_label_B6-0-0__4.npy,B6-0-0
v=nLAapCIlr-o__#00-06-10_00-07-19_label_B6-0-0__5.npy,B6-0-0
v=nLAapCIlr-o__#00-06-10_00-07-19_label_B6-0-0__6.npy,B6-0-0
v=nLAapCIlr-o__#00-06-10_00-07-19_label_B6-0-0__7.npy,B6-0-0
v=nLAapCIlr-o__#00-06-10_00-07-19_label_B6-0-0__8.npy,B6-0-0
v=nLAapCIlr-o__#00-06-10_00-07-19_label_B6-0-0__9.npy,B6-0-0
v=nLAapCIlr-o__#00-10-30_00-10-51_label_B6-0-0__0.npy,B6-0-0
v=nLAapCIlr-o__#00-10-30_00-10-51_label_B6-0-0__1.npy,B6-0-0
v=nLAapCIlr-o__#00-10-30_00-10-51_label_B6-0-0__2.npy,B6-0-0
v=nLAapCIlr-o__#00-10-30_00-10-51_label_B6-0-0__3.npy,B6-0-0
v=nLAapCIlr-o__#00-10-30_00-10-51_label_B6-0-0__4.npy,B6-0-0
v=nLAapCIlr-o__#00-10-30_00-10-51_label_B6-0-0__5.npy,B6-0-0
v=nLAapCIlr-o__#00-10-30_00-10-51_label_B6-0-0__6.npy,B6-0-0
v=nLAapCIlr-o__#00-10-30_00-10-51_label_B6-0-0__7.npy,B6-0-0
v=nLAapCIlr-o__#00-10-30_00-10-51_label_B6-0-0__8.npy,B6-0-0
v=nLAapCIlr-o__#00-10-30_00-10-51_label_B6-0-0__9.npy,B6-0-0
v=nLAapCIlr-o__#00-13-00_00-14-09_label_B6-0-0__0.npy,B6-0-0
v=nLAapCIlr-o__#00-13-00_00-14-09_label_B6-0-0__1.npy,B6-0-0
v=nLAapCIlr-o__#00-13-00_00-14-09_label_B6-0-0__2.npy,B6-0-0
v=nLAapCIlr-o__#00-13-00_00-14-09_label_B6-0-0__3.npy,B6-0-0
v=nLAapCIlr-o__#00-13-00_00-14-09_label_B6-0-0__4.npy,B6-0-0
v=nLAapCIlr-o__#00-13-00_00-14-09_label_B6-0-0__5.npy,B6-0-0
v=nLAapCIlr-o__#00-13-00_00-14-09_label_B6-0-0__6.npy,B6-0-0
v=nLAapCIlr-o__#00-13-00_00-14-09_label_B6-0-0__7.npy,B6-0-0
v=nLAapCIlr-o__#00-13-00_00-14-09_label_B6-0-0__8.npy,B6-0-0
v=nLAapCIlr-o__#00-13-00_00-14-09_label_B6-0-0__9.npy,B6-0-0
v=nLAapCIlr-o__#00-19-10_00-21-09_label_B6-0-0__0.npy,B6-0-0
v=nLAapCIlr-o__#00-19-10_00-21-09_label_B6-0-0__1.npy,B6-0-0
v=nLAapCIlr-o__#00-19-10_00-21-09_label_B6-0-0__2.npy,B6-0-0
v=nLAapCIlr-o__#00-19-10_00-21-09_label_B6-0-0__3.npy,B6-0-0
v=nLAapCIlr-o__#00-19-10_00-21-09_label_B6-0-0__4.npy,B6-0-0
v=nLAapCIlr-o__#00-19-10_00-21-09_label_B6-0-0__5.npy,B6-0-0
v=nLAapCIlr-o__#00-19-10_00-21-09_label_B6-0-0__6.npy,B6-0-0
v=nLAapCIlr-o__#00-19-10_00-21-09_label_B6-0-0__7.npy,B6-0-0
v=nLAapCIlr-o__#00-19-10_00-21-09_label_B6-0-0__8.npy,B6-0-0
v=nLAapCIlr-o__#00-19-10_00-21-09_label_B6-0-0__9.npy,B6-0-0
v=nLAapCIlr-o__#00-21-10_00-23-09_label_B6-0-0__0.npy,B6-0-0
v=nLAapCIlr-o__#00-21-10_00-23-09_label_B6-0-0__1.npy,B6-0-0
v=nLAapCIlr-o__#00-21-10_00-23-09_label_B6-0-0__2.npy,B6-0-0
v=nLAapCIlr-o__#00-21-10_00-23-09_label_B6-0-0__3.npy,B6-0-0
v=nLAapCIlr-o__#00-21-10_00-23-09_label_B6-0-0__4.npy,B6-0-0
v=nLAapCIlr-o__#00-21-10_00-23-09_label_B6-0-0__5.npy,B6-0-0
v=nLAapCIlr-o__#00-21-10_00-23-09_label_B6-0-0__6.npy,B6-0-0
v=nLAapCIlr-o__#00-21-10_00-23-09_label_B6-0-0__7.npy,B6-0-0
v=nLAapCIlr-o__#00-21-10_00-23-09_label_B6-0-0__8.npy,B6-0-0
v=nLAapCIlr-o__#00-21-10_00-23-09_label_B6-0-0__9.npy,B6-0-0
v=nSGwiA89DYw__#00-00-00_00-00-51_label_B6-0-0__0.npy,B6-0-0
v=nSGwiA89DYw__#00-00-00_00-00-51_label_B6-0-0__1.npy,B6-0-0
v=nSGwiA89DYw__#00-00-00_00-00-51_label_B6-0-0__2.npy,B6-0-0
v=nSGwiA89DYw__#00-00-00_00-00-51_label_B6-0-0__3.npy,B6-0-0
v=nSGwiA89DYw__#00-00-00_00-00-51_label_B6-0-0__4.npy,B6-0-0
v=nSGwiA89DYw__#00-00-00_00-00-51_label_B6-0-0__5.npy,B6-0-0
v=nSGwiA89DYw__#00-00-00_00-00-51_label_B6-0-0__6.npy,B6-0-0
v=nSGwiA89DYw__#00-00-00_00-00-51_label_B6-0-0__7.npy,B6-0-0
v=nSGwiA89DYw__#00-00-00_00-00-51_label_B6-0-0__8.npy,B6-0-0
v=nSGwiA89DYw__#00-00-00_00-00-51_label_B6-0-0__9.npy,B6-0-0
v=nSGwiA89DYw__#00-01-00_00-02-45_label_B6-0-0__0.npy,B6-0-0
v=nSGwiA89DYw__#00-01-00_00-02-45_label_B6-0-0__1.npy,B6-0-0
v=nSGwiA89DYw__#00-01-00_00-02-45_label_B6-0-0__2.npy,B6-0-0
v=nSGwiA89DYw__#00-01-00_00-02-45_label_B6-0-0__3.npy,B6-0-0
v=nSGwiA89DYw__#00-01-00_00-02-45_label_B6-0-0__4.npy,B6-0-0
v=nSGwiA89DYw__#00-01-00_00-02-45_label_B6-0-0__5.npy,B6-0-0
v=nSGwiA89DYw__#00-01-00_00-02-45_label_B6-0-0__6.npy,B6-0-0
v=nSGwiA89DYw__#00-01-00_00-02-45_label_B6-0-0__7.npy,B6-0-0
v=nSGwiA89DYw__#00-01-00_00-02-45_label_B6-0-0__8.npy,B6-0-0
v=nSGwiA89DYw__#00-01-00_00-02-45_label_B6-0-0__9.npy,B6-0-0
v=nSGwiA89DYw__#00-03-00_00-03-55_label_B6-0-0__0.npy,B6-0-0
v=nSGwiA89DYw__#00-03-00_00-03-55_label_B6-0-0__1.npy,B6-0-0
v=nSGwiA89DYw__#00-03-00_00-03-55_label_B6-0-0__2.npy,B6-0-0
v=nSGwiA89DYw__#00-03-00_00-03-55_label_B6-0-0__3.npy,B6-0-0
v=nSGwiA89DYw__#00-03-00_00-03-55_label_B6-0-0__4.npy,B6-0-0
v=nSGwiA89DYw__#00-03-00_00-03-55_label_B6-0-0__5.npy,B6-0-0
v=nSGwiA89DYw__#00-03-00_00-03-55_label_B6-0-0__6.npy,B6-0-0
v=nSGwiA89DYw__#00-03-00_00-03-55_label_B6-0-0__7.npy,B6-0-0
v=nSGwiA89DYw__#00-03-00_00-03-55_label_B6-0-0__8.npy,B6-0-0
v=nSGwiA89DYw__#00-03-00_00-03-55_label_B6-0-0__9.npy,B6-0-0
v=nSGwiA89DYw__#00-04-00_00-05-15_label_B6-0-0__0.npy,B6-0-0
v=nSGwiA89DYw__#00-04-00_00-05-15_label_B6-0-0__1.npy,B6-0-0
v=nSGwiA89DYw__#00-04-00_00-05-15_label_B6-0-0__2.npy,B6-0-0
v=nSGwiA89DYw__#00-04-00_00-05-15_label_B6-0-0__3.npy,B6-0-0
v=nSGwiA89DYw__#00-04-00_00-05-15_label_B6-0-0__4.npy,B6-0-0
v=nSGwiA89DYw__#00-04-00_00-05-15_label_B6-0-0__5.npy,B6-0-0
v=nSGwiA89DYw__#00-04-00_00-05-15_label_B6-0-0__6.npy,B6-0-0
v=nSGwiA89DYw__#00-04-00_00-05-15_label_B6-0-0__7.npy,B6-0-0
v=nSGwiA89DYw__#00-04-00_00-05-15_label_B6-0-0__8.npy,B6-0-0
v=nSGwiA89DYw__#00-04-00_00-05-15_label_B6-0-0__9.npy,B6-0-0
v=nSGwiA89DYw__#00-05-20_00-06-40_label_B6-0-0__0.npy,B6-0-0
v=nSGwiA89DYw__#00-05-20_00-06-40_label_B6-0-0__1.npy,B6-0-0
v=nSGwiA89DYw__#00-05-20_00-06-40_label_B6-0-0__2.npy,B6-0-0
v=nSGwiA89DYw__#00-05-20_00-06-40_label_B6-0-0__3.npy,B6-0-0
v=nSGwiA89DYw__#00-05-20_00-06-40_label_B6-0-0__4.npy,B6-0-0
v=nSGwiA89DYw__#00-05-20_00-06-40_label_B6-0-0__5.npy,B6-0-0
v=nSGwiA89DYw__#00-05-20_00-06-40_label_B6-0-0__6.npy,B6-0-0
v=nSGwiA89DYw__#00-05-20_00-06-40_label_B6-0-0__7.npy,B6-0-0
v=nSGwiA89DYw__#00-05-20_00-06-40_label_B6-0-0__8.npy,B6-0-0
v=nSGwiA89DYw__#00-05-20_00-06-40_label_B6-0-0__9.npy,B6-0-0
v=oLFGaFmYoRw__#1_label_B6-0-0__0.npy,B6-0-0
v=oLFGaFmYoRw__#1_label_B6-0-0__1.npy,B6-0-0
v=oLFGaFmYoRw__#1_label_B6-0-0__2.npy,B6-0-0
v=oLFGaFmYoRw__#1_label_B6-0-0__3.npy,B6-0-0
v=oLFGaFmYoRw__#1_label_B6-0-0__4.npy,B6-0-0
v=oLFGaFmYoRw__#1_label_B6-0-0__5.npy,B6-0-0
v=oLFGaFmYoRw__#1_label_B6-0-0__6.npy,B6-0-0
v=oLFGaFmYoRw__#1_label_B6-0-0__7.npy,B6-0-0
v=oLFGaFmYoRw__#1_label_B6-0-0__8.npy,B6-0-0
v=oLFGaFmYoRw__#1_label_B6-0-0__9.npy,B6-0-0
v=qmsQ-obL1Z4__#00-02-00_00-03-26_label_B6-0-0__0.npy,B6-0-0
v=qmsQ-obL1Z4__#00-02-00_00-03-26_label_B6-0-0__1.npy,B6-0-0
v=qmsQ-obL1Z4__#00-02-00_00-03-26_label_B6-0-0__2.npy,B6-0-0
v=qmsQ-obL1Z4__#00-02-00_00-03-26_label_B6-0-0__3.npy,B6-0-0
v=qmsQ-obL1Z4__#00-02-00_00-03-26_label_B6-0-0__4.npy,B6-0-0
v=qmsQ-obL1Z4__#00-02-00_00-03-26_label_B6-0-0__5.npy,B6-0-0
v=qmsQ-obL1Z4__#00-02-00_00-03-26_label_B6-0-0__6.npy,B6-0-0
v=qmsQ-obL1Z4__#00-02-00_00-03-26_label_B6-0-0__7.npy,B6-0-0
v=qmsQ-obL1Z4__#00-02-00_00-03-26_label_B6-0-0__8.npy,B6-0-0
v=qmsQ-obL1Z4__#00-02-00_00-03-26_label_B6-0-0__9.npy,B6-0-0
v=qmsQ-obL1Z4__#00-05-00_00-08-44_label_B6-0-0__0.npy,B6-0-0
v=qmsQ-obL1Z4__#00-05-00_00-08-44_label_B6-0-0__1.npy,B6-0-0
v=qmsQ-obL1Z4__#00-05-00_00-08-44_label_B6-0-0__2.npy,B6-0-0
v=qmsQ-obL1Z4__#00-05-00_00-08-44_label_B6-0-0__3.npy,B6-0-0
v=qmsQ-obL1Z4__#00-05-00_00-08-44_label_B6-0-0__4.npy,B6-0-0
v=qmsQ-obL1Z4__#00-05-00_00-08-44_label_B6-0-0__5.npy,B6-0-0
v=qmsQ-obL1Z4__#00-05-00_00-08-44_label_B6-0-0__6.npy,B6-0-0
v=qmsQ-obL1Z4__#00-05-00_00-08-44_label_B6-0-0__7.npy,B6-0-0
v=qmsQ-obL1Z4__#00-05-00_00-08-44_label_B6-0-0__8.npy,B6-0-0
v=qmsQ-obL1Z4__#00-05-00_00-08-44_label_B6-0-0__9.npy,B6-0-0
v=qmsQ-obL1Z4__#00-09-20_00-13-00_label_B6-0-0__0.npy,B6-0-0
v=qmsQ-obL1Z4__#00-09-20_00-13-00_label_B6-0-0__1.npy,B6-0-0
v=qmsQ-obL1Z4__#00-09-20_00-13-00_label_B6-0-0__2.npy,B6-0-0
v=qmsQ-obL1Z4__#00-09-20_00-13-00_label_B6-0-0__3.npy,B6-0-0
v=qmsQ-obL1Z4__#00-09-20_00-13-00_label_B6-0-0__4.npy,B6-0-0
v=qmsQ-obL1Z4__#00-09-20_00-13-00_label_B6-0-0__5.npy,B6-0-0
v=qmsQ-obL1Z4__#00-09-20_00-13-00_label_B6-0-0__6.npy,B6-0-0
v=qmsQ-obL1Z4__#00-09-20_00-13-00_label_B6-0-0__7.npy,B6-0-0
v=qmsQ-obL1Z4__#00-09-20_00-13-00_label_B6-0-0__8.npy,B6-0-0
v=qmsQ-obL1Z4__#00-09-20_00-13-00_label_B6-0-0__9.npy,B6-0-0
v=qmsQ-obL1Z4__#00-13-00_00-16-10_label_B6-0-0__0.npy,B6-0-0
v=qmsQ-obL1Z4__#00-13-00_00-16-10_label_B6-0-0__1.npy,B6-0-0
v=qmsQ-obL1Z4__#00-13-00_00-16-10_label_B6-0-0__2.npy,B6-0-0
v=qmsQ-obL1Z4__#00-13-00_00-16-10_label_B6-0-0__3.npy,B6-0-0
v=qmsQ-obL1Z4__#00-13-00_00-16-10_label_B6-0-0__4.npy,B6-0-0
v=qmsQ-obL1Z4__#00-13-00_00-16-10_label_B6-0-0__5.npy,B6-0-0
v=qmsQ-obL1Z4__#00-13-00_00-16-10_label_B6-0-0__6.npy,B6-0-0
v=qmsQ-obL1Z4__#00-13-00_00-16-10_label_B6-0-0__7.npy,B6-0-0
v=qmsQ-obL1Z4__#00-13-00_00-16-10_label_B6-0-0__8.npy,B6-0-0
v=qmsQ-obL1Z4__#00-13-00_00-16-10_label_B6-0-0__9.npy,B6-0-0
v=qmsQ-obL1Z4__#00-16-10_00-18-00_label_B6-0-0__0.npy,B6-0-0
v=qmsQ-obL1Z4__#00-16-10_00-18-00_label_B6-0-0__1.npy,B6-0-0
v=qmsQ-obL1Z4__#00-16-10_00-18-00_label_B6-0-0__2.npy,B6-0-0
v=qmsQ-obL1Z4__#00-16-10_00-18-00_label_B6-0-0__3.npy,B6-0-0
v=qmsQ-obL1Z4__#00-16-10_00-18-00_label_B6-0-0__4.npy,B6-0-0
v=qmsQ-obL1Z4__#00-16-10_00-18-00_label_B6-0-0__5.npy,B6-0-0
v=qmsQ-obL1Z4__#00-16-10_00-18-00_label_B6-0-0__6.npy,B6-0-0
v=qmsQ-obL1Z4__#00-16-10_00-18-00_label_B6-0-0__7.npy,B6-0-0
v=qmsQ-obL1Z4__#00-16-10_00-18-00_label_B6-0-0__8.npy,B6-0-0
v=qmsQ-obL1Z4__#00-16-10_00-18-00_label_B6-0-0__9.npy,B6-0-0
v=qmsQ-obL1Z4__#00-18-55_00-21-52_label_B6-0-0__0.npy,B6-0-0
v=qmsQ-obL1Z4__#00-18-55_00-21-52_label_B6-0-0__1.npy,B6-0-0
v=qmsQ-obL1Z4__#00-18-55_00-21-52_label_B6-0-0__2.npy,B6-0-0
v=qmsQ-obL1Z4__#00-18-55_00-21-52_label_B6-0-0__3.npy,B6-0-0
v=qmsQ-obL1Z4__#00-18-55_00-21-52_label_B6-0-0__4.npy,B6-0-0
v=qmsQ-obL1Z4__#00-18-55_00-21-52_label_B6-0-0__5.npy,B6-0-0
v=qmsQ-obL1Z4__#00-18-55_00-21-52_label_B6-0-0__6.npy,B6-0-0
v=qmsQ-obL1Z4__#00-18-55_00-21-52_label_B6-0-0__7.npy,B6-0-0
v=qmsQ-obL1Z4__#00-18-55_00-21-52_label_B6-0-0__8.npy,B6-0-0
v=qmsQ-obL1Z4__#00-18-55_00-21-52_label_B6-0-0__9.npy,B6-0-0
v=qmsQ-obL1Z4__#00-21-52_00-25-35_label_B6-0-0__0.npy,B6-0-0
v=qmsQ-obL1Z4__#00-21-52_00-25-35_label_B6-0-0__1.npy,B6-0-0
v=qmsQ-obL1Z4__#00-21-52_00-25-35_label_B6-0-0__2.npy,B6-0-0
v=qmsQ-obL1Z4__#00-21-52_00-25-35_label_B6-0-0__3.npy,B6-0-0
v=qmsQ-obL1Z4__#00-21-52_00-25-35_label_B6-0-0__4.npy,B6-0-0
v=qmsQ-obL1Z4__#00-21-52_00-25-35_label_B6-0-0__5.npy,B6-0-0
v=qmsQ-obL1Z4__#00-21-52_00-25-35_label_B6-0-0__6.npy,B6-0-0
v=qmsQ-obL1Z4__#00-21-52_00-25-35_label_B6-0-0__7.npy,B6-0-0
v=qmsQ-obL1Z4__#00-21-52_00-25-35_label_B6-0-0__8.npy,B6-0-0
v=qmsQ-obL1Z4__#00-21-52_00-25-35_label_B6-0-0__9.npy,B6-0-0
v=qmsQ-obL1Z4__#00-25-35_00-29-02_label_B6-0-0__0.npy,B6-0-0
v=qmsQ-obL1Z4__#00-25-35_00-29-02_label_B6-0-0__1.npy,B6-0-0
v=qmsQ-obL1Z4__#00-25-35_00-29-02_label_B6-0-0__2.npy,B6-0-0
v=qmsQ-obL1Z4__#00-25-35_00-29-02_label_B6-0-0__3.npy,B6-0-0
v=qmsQ-obL1Z4__#00-25-35_00-29-02_label_B6-0-0__4.npy,B6-0-0
v=qmsQ-obL1Z4__#00-25-35_00-29-02_label_B6-0-0__5.npy,B6-0-0
v=qmsQ-obL1Z4__#00-25-35_00-29-02_label_B6-0-0__6.npy,B6-0-0
v=qmsQ-obL1Z4__#00-25-35_00-29-02_label_B6-0-0__7.npy,B6-0-0
v=qmsQ-obL1Z4__#00-25-35_00-29-02_label_B6-0-0__8.npy,B6-0-0
v=qmsQ-obL1Z4__#00-25-35_00-29-02_label_B6-0-0__9.npy,B6-0-0
v=qmsQ-obL1Z4__#00-29-02_00-32-10_label_B6-0-0__0.npy,B6-0-0
v=qmsQ-obL1Z4__#00-29-02_00-32-10_label_B6-0-0__1.npy,B6-0-0
v=qmsQ-obL1Z4__#00-29-02_00-32-10_label_B6-0-0__2.npy,B6-0-0
v=qmsQ-obL1Z4__#00-29-02_00-32-10_label_B6-0-0__3.npy,B6-0-0
v=qmsQ-obL1Z4__#00-29-02_00-32-10_label_B6-0-0__4.npy,B6-0-0
v=qmsQ-obL1Z4__#00-29-02_00-32-10_label_B6-0-0__5.npy,B6-0-0
v=qmsQ-obL1Z4__#00-29-02_00-32-10_label_B6-0-0__6.npy,B6-0-0
v=qmsQ-obL1Z4__#00-29-02_00-32-10_label_B6-0-0__7.npy,B6-0-0
v=qmsQ-obL1Z4__#00-29-02_00-32-10_label_B6-0-0__8.npy,B6-0-0
v=qmsQ-obL1Z4__#00-29-02_00-32-10_label_B6-0-0__9.npy,B6-0-0
v=qmsQ-obL1Z4__#00-32-10_00-37-41_label_B6-0-0__0.npy,B6-0-0
v=qmsQ-obL1Z4__#00-32-10_00-37-41_label_B6-0-0__1.npy,B6-0-0
v=qmsQ-obL1Z4__#00-32-10_00-37-41_label_B6-0-0__2.npy,B6-0-0
v=qmsQ-obL1Z4__#00-32-10_00-37-41_label_B6-0-0__3.npy,B6-0-0
v=qmsQ-obL1Z4__#00-32-10_00-37-41_label_B6-0-0__4.npy,B6-0-0
v=qmsQ-obL1Z4__#00-32-10_00-37-41_label_B6-0-0__5.npy,B6-0-0
v=qmsQ-obL1Z4__#00-32-10_00-37-41_label_B6-0-0__6.npy,B6-0-0
v=qmsQ-obL1Z4__#00-32-10_00-37-41_label_B6-0-0__7.npy,B6-0-0
v=qmsQ-obL1Z4__#00-32-10_00-37-41_label_B6-0-0__8.npy,B6-0-0
v=qmsQ-obL1Z4__#00-32-10_00-37-41_label_B6-0-0__9.npy,B6-0-0
v=qqsd-cZr01k__#00-00-00_00-00-51_label_B6-0-0__0.npy,B6-0-0
v=qqsd-cZr01k__#00-00-00_00-00-51_label_B6-0-0__1.npy,B6-0-0
v=qqsd-cZr01k__#00-00-00_00-00-51_label_B6-0-0__2.npy,B6-0-0
v=qqsd-cZr01k__#00-00-00_00-00-51_label_B6-0-0__3.npy,B6-0-0
v=qqsd-cZr01k__#00-00-00_00-00-51_label_B6-0-0__4.npy,B6-0-0
v=qqsd-cZr01k__#00-00-00_00-00-51_label_B6-0-0__5.npy,B6-0-0
v=qqsd-cZr01k__#00-00-00_00-00-51_label_B6-0-0__6.npy,B6-0-0
v=qqsd-cZr01k__#00-00-00_00-00-51_label_B6-0-0__7.npy,B6-0-0
v=qqsd-cZr01k__#00-00-00_00-00-51_label_B6-0-0__8.npy,B6-0-0
v=qqsd-cZr01k__#00-00-00_00-00-51_label_B6-0-0__9.npy,B6-0-0
v=qqsd-cZr01k__#00-03-00_00-04-09_label_B6-0-0__0.npy,B6-0-0
v=qqsd-cZr01k__#00-03-00_00-04-09_label_B6-0-0__1.npy,B6-0-0
v=qqsd-cZr01k__#00-03-00_00-04-09_label_B6-0-0__2.npy,B6-0-0
v=qqsd-cZr01k__#00-03-00_00-04-09_label_B6-0-0__3.npy,B6-0-0
v=qqsd-cZr01k__#00-03-00_00-04-09_label_B6-0-0__4.npy,B6-0-0
v=qqsd-cZr01k__#00-03-00_00-04-09_label_B6-0-0__5.npy,B6-0-0
v=qqsd-cZr01k__#00-03-00_00-04-09_label_B6-0-0__6.npy,B6-0-0
v=qqsd-cZr01k__#00-03-00_00-04-09_label_B6-0-0__7.npy,B6-0-0
v=qqsd-cZr01k__#00-03-00_00-04-09_label_B6-0-0__8.npy,B6-0-0
v=qqsd-cZr01k__#00-03-00_00-04-09_label_B6-0-0__9.npy,B6-0-0
v=qqsd-cZr01k__#00-04-10_00-06-09_label_B6-0-0__0.npy,B6-0-0
v=qqsd-cZr01k__#00-04-10_00-06-09_label_B6-0-0__1.npy,B6-0-0
v=qqsd-cZr01k__#00-04-10_00-06-09_label_B6-0-0__2.npy,B6-0-0
v=qqsd-cZr01k__#00-04-10_00-06-09_label_B6-0-0__3.npy,B6-0-0
v=qqsd-cZr01k__#00-04-10_00-06-09_label_B6-0-0__4.npy,B6-0-0
v=qqsd-cZr01k__#00-04-10_00-06-09_label_B6-0-0__5.npy,B6-0-0
v=qqsd-cZr01k__#00-04-10_00-06-09_label_B6-0-0__6.npy,B6-0-0
v=qqsd-cZr01k__#00-04-10_00-06-09_label_B6-0-0__7.npy,B6-0-0
v=qqsd-cZr01k__#00-04-10_00-06-09_label_B6-0-0__8.npy,B6-0-0
v=qqsd-cZr01k__#00-04-10_00-06-09_label_B6-0-0__9.npy,B6-0-0
v=qr7e5aqvNmQ__#00-00-00_00-00-51_label_B6-0-0__0.npy,B6-0-0
v=qr7e5aqvNmQ__#00-00-00_00-00-51_label_B6-0-0__1.npy,B6-0-0
v=qr7e5aqvNmQ__#00-00-00_00-00-51_label_B6-0-0__2.npy,B6-0-0
v=qr7e5aqvNmQ__#00-00-00_00-00-51_label_B6-0-0__3.npy,B6-0-0
v=qr7e5aqvNmQ__#00-00-00_00-00-51_label_B6-0-0__4.npy,B6-0-0
v=qr7e5aqvNmQ__#00-00-00_00-00-51_label_B6-0-0__5.npy,B6-0-0
v=qr7e5aqvNmQ__#00-00-00_00-00-51_label_B6-0-0__6.npy,B6-0-0
v=qr7e5aqvNmQ__#00-00-00_00-00-51_label_B6-0-0__7.npy,B6-0-0
v=qr7e5aqvNmQ__#00-00-00_00-00-51_label_B6-0-0__8.npy,B6-0-0
v=qr7e5aqvNmQ__#00-00-00_00-00-51_label_B6-0-0__9.npy,B6-0-0
v=qr7e5aqvNmQ__#00-01-00_00-02-45_label_B6-0-0__0.npy,B6-0-0
v=qr7e5aqvNmQ__#00-01-00_00-02-45_label_B6-0-0__1.npy,B6-0-0
v=qr7e5aqvNmQ__#00-01-00_00-02-45_label_B6-0-0__2.npy,B6-0-0
v=qr7e5aqvNmQ__#00-01-00_00-02-45_label_B6-0-0__3.npy,B6-0-0
v=qr7e5aqvNmQ__#00-01-00_00-02-45_label_B6-0-0__4.npy,B6-0-0
v=qr7e5aqvNmQ__#00-01-00_00-02-45_label_B6-0-0__5.npy,B6-0-0
v=qr7e5aqvNmQ__#00-01-00_00-02-45_label_B6-0-0__6.npy,B6-0-0
v=qr7e5aqvNmQ__#00-01-00_00-02-45_label_B6-0-0__7.npy,B6-0-0
v=qr7e5aqvNmQ__#00-01-00_00-02-45_label_B6-0-0__8.npy,B6-0-0
v=qr7e5aqvNmQ__#00-01-00_00-02-45_label_B6-0-0__9.npy,B6-0-0
v=qr7e5aqvNmQ__#00-03-00_00-04-09_label_B6-0-0__0.npy,B6-0-0
v=qr7e5aqvNmQ__#00-03-00_00-04-09_label_B6-0-0__1.npy,B6-0-0
v=qr7e5aqvNmQ__#00-03-00_00-04-09_label_B6-0-0__2.npy,B6-0-0
v=qr7e5aqvNmQ__#00-03-00_00-04-09_label_B6-0-0__3.npy,B6-0-0
v=qr7e5aqvNmQ__#00-03-00_00-04-09_label_B6-0-0__4.npy,B6-0-0
v=qr7e5aqvNmQ__#00-03-00_00-04-09_label_B6-0-0__5.npy,B6-0-0
v=qr7e5aqvNmQ__#00-03-00_00-04-09_label_B6-0-0__6.npy,B6-0-0
v=qr7e5aqvNmQ__#00-03-00_00-04-09_label_B6-0-0__7.npy,B6-0-0
v=qr7e5aqvNmQ__#00-03-00_00-04-09_label_B6-0-0__8.npy,B6-0-0
v=qr7e5aqvNmQ__#00-03-00_00-04-09_label_B6-0-0__9.npy,B6-0-0
v=qr7e5aqvNmQ__#00-04-10_00-06-09_label_B6-0-0__0.npy,B6-0-0
v=qr7e5aqvNmQ__#00-04-10_00-06-09_label_B6-0-0__1.npy,B6-0-0
v=qr7e5aqvNmQ__#00-04-10_00-06-09_label_B6-0-0__2.npy,B6-0-0
v=qr7e5aqvNmQ__#00-04-10_00-06-09_label_B6-0-0__3.npy,B6-0-0
v=qr7e5aqvNmQ__#00-04-10_00-06-09_label_B6-0-0__4.npy,B6-0-0
v=qr7e5aqvNmQ__#00-04-10_00-06-09_label_B6-0-0__5.npy,B6-0-0
v=qr7e5aqvNmQ__#00-04-10_00-06-09_label_B6-0-0__6.npy,B6-0-0
v=qr7e5aqvNmQ__#00-04-10_00-06-09_label_B6-0-0__7.npy,B6-0-0
v=qr7e5aqvNmQ__#00-04-10_00-06-09_label_B6-0-0__8.npy,B6-0-0
v=qr7e5aqvNmQ__#00-04-10_00-06-09_label_B6-0-0__9.npy,B6-0-0
v=qr7e5aqvNmQ__#00-06-10_00-07-19_label_B6-0-0__0.npy,B6-0-0
v=qr7e5aqvNmQ__#00-06-10_00-07-19_label_B6-0-0__1.npy,B6-0-0
v=qr7e5aqvNmQ__#00-06-10_00-07-19_label_B6-0-0__2.npy,B6-0-0
v=qr7e5aqvNmQ__#00-06-10_00-07-19_label_B6-0-0__3.npy,B6-0-0
v=qr7e5aqvNmQ__#00-06-10_00-07-19_label_B6-0-0__4.npy,B6-0-0
v=qr7e5aqvNmQ__#00-06-10_00-07-19_label_B6-0-0__5.npy,B6-0-0
v=qr7e5aqvNmQ__#00-06-10_00-07-19_label_B6-0-0__6.npy,B6-0-0
v=qr7e5aqvNmQ__#00-06-10_00-07-19_label_B6-0-0__7.npy,B6-0-0
v=qr7e5aqvNmQ__#00-06-10_00-07-19_label_B6-0-0__8.npy,B6-0-0
v=qr7e5aqvNmQ__#00-06-10_00-07-19_label_B6-0-0__9.npy,B6-0-0
v=qr7e5aqvNmQ__#00-08-35_00-10-05_label_B6-0-0__0.npy,B6-0-0
v=qr7e5aqvNmQ__#00-08-35_00-10-05_label_B6-0-0__1.npy,B6-0-0
v=qr7e5aqvNmQ__#00-08-35_00-10-05_label_B6-0-0__2.npy,B6-0-0
v=qr7e5aqvNmQ__#00-08-35_00-10-05_label_B6-0-0__3.npy,B6-0-0
v=qr7e5aqvNmQ__#00-08-35_00-10-05_label_B6-0-0__4.npy,B6-0-0
v=qr7e5aqvNmQ__#00-08-35_00-10-05_label_B6-0-0__5.npy,B6-0-0
v=qr7e5aqvNmQ__#00-08-35_00-10-05_label_B6-0-0__6.npy,B6-0-0
v=qr7e5aqvNmQ__#00-08-35_00-10-05_label_B6-0-0__7.npy,B6-0-0
v=qr7e5aqvNmQ__#00-08-35_00-10-05_label_B6-0-0__8.npy,B6-0-0
v=qr7e5aqvNmQ__#00-08-35_00-10-05_label_B6-0-0__9.npy,B6-0-0
v=sE-DC2trBkI__#00-04-10_00-05-12_label_B6-0-0__0.npy,B6-0-0
v=sE-DC2trBkI__#00-04-10_00-05-12_label_B6-0-0__1.npy,B6-0-0
v=sE-DC2trBkI__#00-04-10_00-05-12_label_B6-0-0__2.npy,B6-0-0
v=sE-DC2trBkI__#00-04-10_00-05-12_label_B6-0-0__3.npy,B6-0-0
v=sE-DC2trBkI__#00-04-10_00-05-12_label_B6-0-0__4.npy,B6-0-0
v=sE-DC2trBkI__#00-04-10_00-05-12_label_B6-0-0__5.npy,B6-0-0
v=sE-DC2trBkI__#00-04-10_00-05-12_label_B6-0-0__6.npy,B6-0-0
v=sE-DC2trBkI__#00-04-10_00-05-12_label_B6-0-0__7.npy,B6-0-0
v=sE-DC2trBkI__#00-04-10_00-05-12_label_B6-0-0__8.npy,B6-0-0
v=sE-DC2trBkI__#00-04-10_00-05-12_label_B6-0-0__9.npy,B6-0-0
v=sE-DC2trBkI__#00-05-20_00-06-20_label_B6-0-0__0.npy,B6-0-0
v=sE-DC2trBkI__#00-05-20_00-06-20_label_B6-0-0__1.npy,B6-0-0
v=sE-DC2trBkI__#00-05-20_00-06-20_label_B6-0-0__2.npy,B6-0-0
v=sE-DC2trBkI__#00-05-20_00-06-20_label_B6-0-0__3.npy,B6-0-0
v=sE-DC2trBkI__#00-05-20_00-06-20_label_B6-0-0__4.npy,B6-0-0
v=sE-DC2trBkI__#00-05-20_00-06-20_label_B6-0-0__5.npy,B6-0-0
v=sE-DC2trBkI__#00-05-20_00-06-20_label_B6-0-0__6.npy,B6-0-0
v=sE-DC2trBkI__#00-05-20_00-06-20_label_B6-0-0__7.npy,B6-0-0
v=sE-DC2trBkI__#00-05-20_00-06-20_label_B6-0-0__8.npy,B6-0-0
v=sE-DC2trBkI__#00-05-20_00-06-20_label_B6-0-0__9.npy,B6-0-0
v=sE-DC2trBkI__#00-07-40_00-08-50_label_B6-0-0__0.npy,B6-0-0
v=sE-DC2trBkI__#00-07-40_00-08-50_label_B6-0-0__1.npy,B6-0-0
v=sE-DC2trBkI__#00-07-40_00-08-50_label_B6-0-0__2.npy,B6-0-0
v=sE-DC2trBkI__#00-07-40_00-08-50_label_B6-0-0__3.npy,B6-0-0
v=sE-DC2trBkI__#00-07-40_00-08-50_label_B6-0-0__4.npy,B6-0-0
v=sE-DC2trBkI__#00-07-40_00-08-50_label_B6-0-0__5.npy,B6-0-0
v=sE-DC2trBkI__#00-07-40_00-08-50_label_B6-0-0__6.npy,B6-0-0
v=sE-DC2trBkI__#00-07-40_00-08-50_label_B6-0-0__7.npy,B6-0-0
v=sE-DC2trBkI__#00-07-40_00-08-50_label_B6-0-0__8.npy,B6-0-0
v=sE-DC2trBkI__#00-07-40_00-08-50_label_B6-0-0__9.npy,B6-0-0
v=sM814jqUPXw__#00-00-00_00-00-51_label_B6-0-0__0.npy,B6-0-0
v=sM814jqUPXw__#00-00-00_00-00-51_label_B6-0-0__1.npy,B6-0-0
v=sM814jqUPXw__#00-00-00_00-00-51_label_B6-0-0__2.npy,B6-0-0
v=sM814jqUPXw__#00-00-00_00-00-51_label_B6-0-0__3.npy,B6-0-0
v=sM814jqUPXw__#00-00-00_00-00-51_label_B6-0-0__4.npy,B6-0-0
v=sM814jqUPXw__#00-00-00_00-00-51_label_B6-0-0__5.npy,B6-0-0
v=sM814jqUPXw__#00-00-00_00-00-51_label_B6-0-0__6.npy,B6-0-0
v=sM814jqUPXw__#00-00-00_00-00-51_label_B6-0-0__7.npy,B6-0-0
v=sM814jqUPXw__#00-00-00_00-00-51_label_B6-0-0__8.npy,B6-0-0
v=sM814jqUPXw__#00-00-00_00-00-51_label_B6-0-0__9.npy,B6-0-0
v=sM814jqUPXw__#00-01-00_00-02-45_label_B6-0-0__0.npy,B6-0-0
v=sM814jqUPXw__#00-01-00_00-02-45_label_B6-0-0__1.npy,B6-0-0
v=sM814jqUPXw__#00-01-00_00-02-45_label_B6-0-0__2.npy,B6-0-0
v=sM814jqUPXw__#00-01-00_00-02-45_label_B6-0-0__3.npy,B6-0-0
v=sM814jqUPXw__#00-01-00_00-02-45_label_B6-0-0__4.npy,B6-0-0
v=sM814jqUPXw__#00-01-00_00-02-45_label_B6-0-0__5.npy,B6-0-0
v=sM814jqUPXw__#00-01-00_00-02-45_label_B6-0-0__6.npy,B6-0-0
v=sM814jqUPXw__#00-01-00_00-02-45_label_B6-0-0__7.npy,B6-0-0
v=sM814jqUPXw__#00-01-00_00-02-45_label_B6-0-0__8.npy,B6-0-0
v=sM814jqUPXw__#00-01-00_00-02-45_label_B6-0-0__9.npy,B6-0-0
v=sM814jqUPXw__#00-03-00_00-04-09_label_B6-0-0__0.npy,B6-0-0
v=sM814jqUPXw__#00-03-00_00-04-09_label_B6-0-0__1.npy,B6-0-0
v=sM814jqUPXw__#00-03-00_00-04-09_label_B6-0-0__2.npy,B6-0-0
v=sM814jqUPXw__#00-03-00_00-04-09_label_B6-0-0__3.npy,B6-0-0
v=sM814jqUPXw__#00-03-00_00-04-09_label_B6-0-0__4.npy,B6-0-0
v=sM814jqUPXw__#00-03-00_00-04-09_label_B6-0-0__5.npy,B6-0-0
v=sM814jqUPXw__#00-03-00_00-04-09_label_B6-0-0__6.npy,B6-0-0
v=sM814jqUPXw__#00-03-00_00-04-09_label_B6-0-0__7.npy,B6-0-0
v=sM814jqUPXw__#00-03-00_00-04-09_label_B6-0-0__8.npy,B6-0-0
v=sM814jqUPXw__#00-03-00_00-04-09_label_B6-0-0__9.npy,B6-0-0
v=sM814jqUPXw__#00-04-10_00-06-09_label_B6-0-0__0.npy,B6-0-0
v=sM814jqUPXw__#00-04-10_00-06-09_label_B6-0-0__1.npy,B6-0-0
v=sM814jqUPXw__#00-04-10_00-06-09_label_B6-0-0__2.npy,B6-0-0
v=sM814jqUPXw__#00-04-10_00-06-09_label_B6-0-0__3.npy,B6-0-0
v=sM814jqUPXw__#00-04-10_00-06-09_label_B6-0-0__4.npy,B6-0-0
v=sM814jqUPXw__#00-04-10_00-06-09_label_B6-0-0__5.npy,B6-0-0
v=sM814jqUPXw__#00-04-10_00-06-09_label_B6-0-0__6.npy,B6-0-0
v=sM814jqUPXw__#00-04-10_00-06-09_label_B6-0-0__7.npy,B6-0-0
v=sM814jqUPXw__#00-04-10_00-06-09_label_B6-0-0__8.npy,B6-0-0
v=sM814jqUPXw__#00-04-10_00-06-09_label_B6-0-0__9.npy,B6-0-0
v=sM814jqUPXw__#00-06-10_00-07-51_label_B6-0-0__0.npy,B6-0-0
v=sM814jqUPXw__#00-06-10_00-07-51_label_B6-0-0__1.npy,B6-0-0
v=sM814jqUPXw__#00-06-10_00-07-51_label_B6-0-0__2.npy,B6-0-0
v=sM814jqUPXw__#00-06-10_00-07-51_label_B6-0-0__3.npy,B6-0-0
v=sM814jqUPXw__#00-06-10_00-07-51_label_B6-0-0__4.npy,B6-0-0
v=sM814jqUPXw__#00-06-10_00-07-51_label_B6-0-0__5.npy,B6-0-0
v=sM814jqUPXw__#00-06-10_00-07-51_label_B6-0-0__6.npy,B6-0-0
v=sM814jqUPXw__#00-06-10_00-07-51_label_B6-0-0__7.npy,B6-0-0
v=sM814jqUPXw__#00-06-10_00-07-51_label_B6-0-0__8.npy,B6-0-0
v=sM814jqUPXw__#00-06-10_00-07-51_label_B6-0-0__9.npy,B6-0-0
v=sM814jqUPXw__#00-08-00_00-08-45_label_B6-0-0__0.npy,B6-0-0
v=sM814jqUPXw__#00-08-00_00-08-45_label_B6-0-0__1.npy,B6-0-0
v=sM814jqUPXw__#00-08-00_00-08-45_label_B6-0-0__2.npy,B6-0-0
v=sM814jqUPXw__#00-08-00_00-08-45_label_B6-0-0__3.npy,B6-0-0
v=sM814jqUPXw__#00-08-00_00-08-45_label_B6-0-0__4.npy,B6-0-0
v=sM814jqUPXw__#00-08-00_00-08-45_label_B6-0-0__5.npy,B6-0-0
v=sM814jqUPXw__#00-08-00_00-08-45_label_B6-0-0__6.npy,B6-0-0
v=sM814jqUPXw__#00-08-00_00-08-45_label_B6-0-0__7.npy,B6-0-0
v=sM814jqUPXw__#00-08-00_00-08-45_label_B6-0-0__8.npy,B6-0-0
v=sM814jqUPXw__#00-08-00_00-08-45_label_B6-0-0__9.npy,B6-0-0
v=sM814jqUPXw__#00-09-00_00-10-09_label_B6-0-0__0.npy,B6-0-0
v=sM814jqUPXw__#00-09-00_00-10-09_label_B6-0-0__1.npy,B6-0-0
v=sM814jqUPXw__#00-09-00_00-10-09_label_B6-0-0__2.npy,B6-0-0
v=sM814jqUPXw__#00-09-00_00-10-09_label_B6-0-0__3.npy,B6-0-0
v=sM814jqUPXw__#00-09-00_00-10-09_label_B6-0-0__4.npy,B6-0-0
v=sM814jqUPXw__#00-09-00_00-10-09_label_B6-0-0__5.npy,B6-0-0
v=sM814jqUPXw__#00-09-00_00-10-09_label_B6-0-0__6.npy,B6-0-0
v=sM814jqUPXw__#00-09-00_00-10-09_label_B6-0-0__7.npy,B6-0-0
v=sM814jqUPXw__#00-09-00_00-10-09_label_B6-0-0__8.npy,B6-0-0
v=sM814jqUPXw__#00-09-00_00-10-09_label_B6-0-0__9.npy,B6-0-0
v=sOd762lSarw__#00-02-05_00-03-47_label_B6-0-0__0.npy,B6-0-0
v=sOd762lSarw__#00-02-05_00-03-47_label_B6-0-0__1.npy,B6-0-0
v=sOd762lSarw__#00-02-05_00-03-47_label_B6-0-0__2.npy,B6-0-0
v=sOd762lSarw__#00-02-05_00-03-47_label_B6-0-0__3.npy,B6-0-0
v=sOd762lSarw__#00-02-05_00-03-47_label_B6-0-0__4.npy,B6-0-0
v=sOd762lSarw__#00-02-05_00-03-47_label_B6-0-0__5.npy,B6-0-0
v=sOd762lSarw__#00-02-05_00-03-47_label_B6-0-0__6.npy,B6-0-0
v=sOd762lSarw__#00-02-05_00-03-47_label_B6-0-0__7.npy,B6-0-0
v=sOd762lSarw__#00-02-05_00-03-47_label_B6-0-0__8.npy,B6-0-0
v=sOd762lSarw__#00-02-05_00-03-47_label_B6-0-0__9.npy,B6-0-0
v=shph7ZJb9tU__#1_label_B6-0-0__0.npy,B6-0-0
v=shph7ZJb9tU__#1_label_B6-0-0__1.npy,B6-0-0
v=shph7ZJb9tU__#1_label_B6-0-0__2.npy,B6-0-0
v=shph7ZJb9tU__#1_label_B6-0-0__3.npy,B6-0-0
v=shph7ZJb9tU__#1_label_B6-0-0__4.npy,B6-0-0
v=shph7ZJb9tU__#1_label_B6-0-0__5.npy,B6-0-0
v=shph7ZJb9tU__#1_label_B6-0-0__6.npy,B6-0-0
v=shph7ZJb9tU__#1_label_B6-0-0__7.npy,B6-0-0
v=shph7ZJb9tU__#1_label_B6-0-0__8.npy,B6-0-0
v=shph7ZJb9tU__#1_label_B6-0-0__9.npy,B6-0-0
v=tP19WuyY3IY__#00-01-00_00-02-45_label_B6-0-0__0.npy,B6-0-0
v=tP19WuyY3IY__#00-01-00_00-02-45_label_B6-0-0__1.npy,B6-0-0
v=tP19WuyY3IY__#00-01-00_00-02-45_label_B6-0-0__2.npy,B6-0-0
v=tP19WuyY3IY__#00-01-00_00-02-45_label_B6-0-0__3.npy,B6-0-0
v=tP19WuyY3IY__#00-01-00_00-02-45_label_B6-0-0__4.npy,B6-0-0
v=tP19WuyY3IY__#00-01-00_00-02-45_label_B6-0-0__5.npy,B6-0-0
v=tP19WuyY3IY__#00-01-00_00-02-45_label_B6-0-0__6.npy,B6-0-0
v=tP19WuyY3IY__#00-01-00_00-02-45_label_B6-0-0__7.npy,B6-0-0
v=tP19WuyY3IY__#00-01-00_00-02-45_label_B6-0-0__8.npy,B6-0-0
v=tP19WuyY3IY__#00-01-00_00-02-45_label_B6-0-0__9.npy,B6-0-0
v=tP19WuyY3IY__#00-03-00_00-04-09_label_B6-0-0__0.npy,B6-0-0
v=tP19WuyY3IY__#00-03-00_00-04-09_label_B6-0-0__1.npy,B6-0-0
v=tP19WuyY3IY__#00-03-00_00-04-09_label_B6-0-0__2.npy,B6-0-0
v=tP19WuyY3IY__#00-03-00_00-04-09_label_B6-0-0__3.npy,B6-0-0
v=tP19WuyY3IY__#00-03-00_00-04-09_label_B6-0-0__4.npy,B6-0-0
v=tP19WuyY3IY__#00-03-00_00-04-09_label_B6-0-0__5.npy,B6-0-0
v=tP19WuyY3IY__#00-03-00_00-04-09_label_B6-0-0__6.npy,B6-0-0
v=tP19WuyY3IY__#00-03-00_00-04-09_label_B6-0-0__7.npy,B6-0-0
v=tP19WuyY3IY__#00-03-00_00-04-09_label_B6-0-0__8.npy,B6-0-0
v=tP19WuyY3IY__#00-03-00_00-04-09_label_B6-0-0__9.npy,B6-0-0
v=tP19WuyY3IY__#00-04-10_00-06-09_label_B6-0-0__0.npy,B6-0-0
v=tP19WuyY3IY__#00-04-10_00-06-09_label_B6-0-0__1.npy,B6-0-0
v=tP19WuyY3IY__#00-04-10_00-06-09_label_B6-0-0__2.npy,B6-0-0
v=tP19WuyY3IY__#00-04-10_00-06-09_label_B6-0-0__3.npy,B6-0-0
v=tP19WuyY3IY__#00-04-10_00-06-09_label_B6-0-0__4.npy,B6-0-0
v=tP19WuyY3IY__#00-04-10_00-06-09_label_B6-0-0__5.npy,B6-0-0
v=tP19WuyY3IY__#00-04-10_00-06-09_label_B6-0-0__6.npy,B6-0-0
v=tP19WuyY3IY__#00-04-10_00-06-09_label_B6-0-0__7.npy,B6-0-0
v=tP19WuyY3IY__#00-04-10_00-06-09_label_B6-0-0__8.npy,B6-0-0
v=tP19WuyY3IY__#00-04-10_00-06-09_label_B6-0-0__9.npy,B6-0-0
v=tP19WuyY3IY__#00-08-00_00-08-45_label_B6-0-0__0.npy,B6-0-0
v=tP19WuyY3IY__#00-08-00_00-08-45_label_B6-0-0__1.npy,B6-0-0
v=tP19WuyY3IY__#00-08-00_00-08-45_label_B6-0-0__2.npy,B6-0-0
v=tP19WuyY3IY__#00-08-00_00-08-45_label_B6-0-0__3.npy,B6-0-0
v=tP19WuyY3IY__#00-08-00_00-08-45_label_B6-0-0__4.npy,B6-0-0
v=tP19WuyY3IY__#00-08-00_00-08-45_label_B6-0-0__5.npy,B6-0-0
v=tP19WuyY3IY__#00-08-00_00-08-45_label_B6-0-0__6.npy,B6-0-0
v=tP19WuyY3IY__#00-08-00_00-08-45_label_B6-0-0__7.npy,B6-0-0
v=tP19WuyY3IY__#00-08-00_00-08-45_label_B6-0-0__8.npy,B6-0-0
v=tP19WuyY3IY__#00-08-00_00-08-45_label_B6-0-0__9.npy,B6-0-0
v=tP19WuyY3IY__#00-09-00_00-10-09_label_B6-0-0__0.npy,B6-0-0
v=tP19WuyY3IY__#00-09-00_00-10-09_label_B6-0-0__1.npy,B6-0-0
v=tP19WuyY3IY__#00-09-00_00-10-09_label_B6-0-0__2.npy,B6-0-0
v=tP19WuyY3IY__#00-09-00_00-10-09_label_B6-0-0__3.npy,B6-0-0
v=tP19WuyY3IY__#00-09-00_00-10-09_label_B6-0-0__4.npy,B6-0-0
v=tP19WuyY3IY__#00-09-00_00-10-09_label_B6-0-0__5.npy,B6-0-0
v=tP19WuyY3IY__#00-09-00_00-10-09_label_B6-0-0__6.npy,B6-0-0
v=tP19WuyY3IY__#00-09-00_00-10-09_label_B6-0-0__7.npy,B6-0-0
v=tP19WuyY3IY__#00-09-00_00-10-09_label_B6-0-0__8.npy,B6-0-0
v=tP19WuyY3IY__#00-09-00_00-10-09_label_B6-0-0__9.npy,B6-0-0
v=tP19WuyY3IY__#00-10-10_00-12-09_label_B6-0-0__0.npy,B6-0-0
v=tP19WuyY3IY__#00-10-10_00-12-09_label_B6-0-0__1.npy,B6-0-0
v=tP19WuyY3IY__#00-10-10_00-12-09_label_B6-0-0__2.npy,B6-0-0
v=tP19WuyY3IY__#00-10-10_00-12-09_label_B6-0-0__3.npy,B6-0-0
v=tP19WuyY3IY__#00-10-10_00-12-09_label_B6-0-0__4.npy,B6-0-0
v=tP19WuyY3IY__#00-10-10_00-12-09_label_B6-0-0__5.npy,B6-0-0
v=tP19WuyY3IY__#00-10-10_00-12-09_label_B6-0-0__6.npy,B6-0-0
v=tP19WuyY3IY__#00-10-10_00-12-09_label_B6-0-0__7.npy,B6-0-0
v=tP19WuyY3IY__#00-10-10_00-12-09_label_B6-0-0__8.npy,B6-0-0
v=tP19WuyY3IY__#00-10-10_00-12-09_label_B6-0-0__9.npy,B6-0-0
v=tT-SrQC6Ddw__#00-00-00_00-00-51_label_B6-0-0__0.npy,B6-0-0
v=tT-SrQC6Ddw__#00-00-00_00-00-51_label_B6-0-0__1.npy,B6-0-0
v=tT-SrQC6Ddw__#00-00-00_00-00-51_label_B6-0-0__2.npy,B6-0-0
v=tT-SrQC6Ddw__#00-00-00_00-00-51_label_B6-0-0__3.npy,B6-0-0
v=tT-SrQC6Ddw__#00-00-00_00-00-51_label_B6-0-0__4.npy,B6-0-0
v=tT-SrQC6Ddw__#00-00-00_00-00-51_label_B6-0-0__5.npy,B6-0-0
v=tT-SrQC6Ddw__#00-00-00_00-00-51_label_B6-0-0__6.npy,B6-0-0
v=tT-SrQC6Ddw__#00-00-00_00-00-51_label_B6-0-0__7.npy,B6-0-0
v=tT-SrQC6Ddw__#00-00-00_00-00-51_label_B6-0-0__8.npy,B6-0-0
v=tT-SrQC6Ddw__#00-00-00_00-00-51_label_B6-0-0__9.npy,B6-0-0
v=tT-SrQC6Ddw__#00-01-00_00-02-45_label_B6-0-0__0.npy,B6-0-0
v=tT-SrQC6Ddw__#00-01-00_00-02-45_label_B6-0-0__1.npy,B6-0-0
v=tT-SrQC6Ddw__#00-01-00_00-02-45_label_B6-0-0__2.npy,B6-0-0
v=tT-SrQC6Ddw__#00-01-00_00-02-45_label_B6-0-0__3.npy,B6-0-0
v=tT-SrQC6Ddw__#00-01-00_00-02-45_label_B6-0-0__4.npy,B6-0-0
v=tT-SrQC6Ddw__#00-01-00_00-02-45_label_B6-0-0__5.npy,B6-0-0
v=tT-SrQC6Ddw__#00-01-00_00-02-45_label_B6-0-0__6.npy,B6-0-0
v=tT-SrQC6Ddw__#00-01-00_00-02-45_label_B6-0-0__7.npy,B6-0-0
v=tT-SrQC6Ddw__#00-01-00_00-02-45_label_B6-0-0__8.npy,B6-0-0
v=tT-SrQC6Ddw__#00-01-00_00-02-45_label_B6-0-0__9.npy,B6-0-0
v=tT-SrQC6Ddw__#00-05-20_00-06-20_label_B6-0-0__0.npy,B6-0-0
v=tT-SrQC6Ddw__#00-05-20_00-06-20_label_B6-0-0__1.npy,B6-0-0
v=tT-SrQC6Ddw__#00-05-20_00-06-20_label_B6-0-0__2.npy,B6-0-0
v=tT-SrQC6Ddw__#00-05-20_00-06-20_label_B6-0-0__3.npy,B6-0-0
v=tT-SrQC6Ddw__#00-05-20_00-06-20_label_B6-0-0__4.npy,B6-0-0
v=tT-SrQC6Ddw__#00-05-20_00-06-20_label_B6-0-0__5.npy,B6-0-0
v=tT-SrQC6Ddw__#00-05-20_00-06-20_label_B6-0-0__6.npy,B6-0-0
v=tT-SrQC6Ddw__#00-05-20_00-06-20_label_B6-0-0__7.npy,B6-0-0
v=tT-SrQC6Ddw__#00-05-20_00-06-20_label_B6-0-0__8.npy,B6-0-0
v=tT-SrQC6Ddw__#00-05-20_00-06-20_label_B6-0-0__9.npy,B6-0-0
v=uBXprlsmd18__#00-00-00_00-00-51_label_B6-0-0__0.npy,B6-0-0
v=uBXprlsmd18__#00-00-00_00-00-51_label_B6-0-0__1.npy,B6-0-0
v=uBXprlsmd18__#00-00-00_00-00-51_label_B6-0-0__2.npy,B6-0-0
v=uBXprlsmd18__#00-00-00_00-00-51_label_B6-0-0__3.npy,B6-0-0
v=uBXprlsmd18__#00-00-00_00-00-51_label_B6-0-0__4.npy,B6-0-0
v=uBXprlsmd18__#00-00-00_00-00-51_label_B6-0-0__5.npy,B6-0-0
v=uBXprlsmd18__#00-00-00_00-00-51_label_B6-0-0__6.npy,B6-0-0
v=uBXprlsmd18__#00-00-00_00-00-51_label_B6-0-0__7.npy,B6-0-0
v=uBXprlsmd18__#00-00-00_00-00-51_label_B6-0-0__8.npy,B6-0-0
v=uBXprlsmd18__#00-00-00_00-00-51_label_B6-0-0__9.npy,B6-0-0
v=uBXprlsmd18__#00-01-00_00-02-45_label_B6-0-0__0.npy,B6-0-0
v=uBXprlsmd18__#00-01-00_00-02-45_label_B6-0-0__1.npy,B6-0-0
v=uBXprlsmd18__#00-01-00_00-02-45_label_B6-0-0__2.npy,B6-0-0
v=uBXprlsmd18__#00-01-00_00-02-45_label_B6-0-0__3.npy,B6-0-0
v=uBXprlsmd18__#00-01-00_00-02-45_label_B6-0-0__4.npy,B6-0-0
v=uBXprlsmd18__#00-01-00_00-02-45_label_B6-0-0__5.npy,B6-0-0
v=uBXprlsmd18__#00-01-00_00-02-45_label_B6-0-0__6.npy,B6-0-0
v=uBXprlsmd18__#00-01-00_00-02-45_label_B6-0-0__7.npy,B6-0-0
v=uBXprlsmd18__#00-01-00_00-02-45_label_B6-0-0__8.npy,B6-0-0
v=uBXprlsmd18__#00-01-00_00-02-45_label_B6-0-0__9.npy,B6-0-0
v=uBXprlsmd18__#00-04-10_00-06-09_label_B6-0-0__0.npy,B6-0-0
v=uBXprlsmd18__#00-04-10_00-06-09_label_B6-0-0__1.npy,B6-0-0
v=uBXprlsmd18__#00-04-10_00-06-09_label_B6-0-0__2.npy,B6-0-0
v=uBXprlsmd18__#00-04-10_00-06-09_label_B6-0-0__3.npy,B6-0-0
v=uBXprlsmd18__#00-04-10_00-06-09_label_B6-0-0__4.npy,B6-0-0
v=uBXprlsmd18__#00-04-10_00-06-09_label_B6-0-0__5.npy,B6-0-0
v=uBXprlsmd18__#00-04-10_00-06-09_label_B6-0-0__6.npy,B6-0-0
v=uBXprlsmd18__#00-04-10_00-06-09_label_B6-0-0__7.npy,B6-0-0
v=uBXprlsmd18__#00-04-10_00-06-09_label_B6-0-0__8.npy,B6-0-0
v=uBXprlsmd18__#00-04-10_00-06-09_label_B6-0-0__9.npy,B6-0-0
v=uBXprlsmd18__#00-08-35_00-10-25_label_B6-0-0__0.npy,B6-0-0
v=uBXprlsmd18__#00-08-35_00-10-25_label_B6-0-0__1.npy,B6-0-0
v=uBXprlsmd18__#00-08-35_00-10-25_label_B6-0-0__2.npy,B6-0-0
v=uBXprlsmd18__#00-08-35_00-10-25_label_B6-0-0__3.npy,B6-0-0
v=uBXprlsmd18__#00-08-35_00-10-25_label_B6-0-0__4.npy,B6-0-0
v=uBXprlsmd18__#00-08-35_00-10-25_label_B6-0-0__5.npy,B6-0-0
v=uBXprlsmd18__#00-08-35_00-10-25_label_B6-0-0__6.npy,B6-0-0
v=uBXprlsmd18__#00-08-35_00-10-25_label_B6-0-0__7.npy,B6-0-0
v=uBXprlsmd18__#00-08-35_00-10-25_label_B6-0-0__8.npy,B6-0-0
v=uBXprlsmd18__#00-08-35_00-10-25_label_B6-0-0__9.npy,B6-0-0
v=uBXprlsmd18__#00-10-30_00-10-51_label_B6-0-0__0.npy,B6-0-0
v=uBXprlsmd18__#00-10-30_00-10-51_label_B6-0-0__1.npy,B6-0-0
v=uBXprlsmd18__#00-10-30_00-10-51_label_B6-0-0__2.npy,B6-0-0
v=uBXprlsmd18__#00-10-30_00-10-51_label_B6-0-0__3.npy,B6-0-0
v=uBXprlsmd18__#00-10-30_00-10-51_label_B6-0-0__4.npy,B6-0-0
v=uBXprlsmd18__#00-10-30_00-10-51_label_B6-0-0__5.npy,B6-0-0
v=uBXprlsmd18__#00-10-30_00-10-51_label_B6-0-0__6.npy,B6-0-0
v=uBXprlsmd18__#00-10-30_00-10-51_label_B6-0-0__7.npy,B6-0-0
v=uBXprlsmd18__#00-10-30_00-10-51_label_B6-0-0__8.npy,B6-0-0
v=uBXprlsmd18__#00-10-30_00-10-51_label_B6-0-0__9.npy,B6-0-0
v=uBXprlsmd18__#00-11-00_00-12-45_label_B6-0-0__0.npy,B6-0-0
v=uBXprlsmd18__#00-11-00_00-12-45_label_B6-0-0__1.npy,B6-0-0
v=uBXprlsmd18__#00-11-00_00-12-45_label_B6-0-0__2.npy,B6-0-0
v=uBXprlsmd18__#00-11-00_00-12-45_label_B6-0-0__3.npy,B6-0-0
v=uBXprlsmd18__#00-11-00_00-12-45_label_B6-0-0__4.npy,B6-0-0
v=uBXprlsmd18__#00-11-00_00-12-45_label_B6-0-0__5.npy,B6-0-0
v=uBXprlsmd18__#00-11-00_00-12-45_label_B6-0-0__6.npy,B6-0-0
v=uBXprlsmd18__#00-11-00_00-12-45_label_B6-0-0__7.npy,B6-0-0
v=uBXprlsmd18__#00-11-00_00-12-45_label_B6-0-0__8.npy,B6-0-0
v=uBXprlsmd18__#00-11-00_00-12-45_label_B6-0-0__9.npy,B6-0-0
v=uBXprlsmd18__#00-13-00_00-14-09_label_B6-0-0__0.npy,B6-0-0
v=uBXprlsmd18__#00-13-00_00-14-09_label_B6-0-0__1.npy,B6-0-0
v=uBXprlsmd18__#00-13-00_00-14-09_label_B6-0-0__2.npy,B6-0-0
v=uBXprlsmd18__#00-13-00_00-14-09_label_B6-0-0__3.npy,B6-0-0
v=uBXprlsmd18__#00-13-00_00-14-09_label_B6-0-0__4.npy,B6-0-0
v=uBXprlsmd18__#00-13-00_00-14-09_label_B6-0-0__5.npy,B6-0-0
v=uBXprlsmd18__#00-13-00_00-14-09_label_B6-0-0__6.npy,B6-0-0
v=uBXprlsmd18__#00-13-00_00-14-09_label_B6-0-0__7.npy,B6-0-0
v=uBXprlsmd18__#00-13-00_00-14-09_label_B6-0-0__8.npy,B6-0-0
v=uBXprlsmd18__#00-13-00_00-14-09_label_B6-0-0__9.npy,B6-0-0
v=uBXprlsmd18__#00-14-10_00-16-09_label_B6-0-0__0.npy,B6-0-0
v=uBXprlsmd18__#00-14-10_00-16-09_label_B6-0-0__1.npy,B6-0-0
v=uBXprlsmd18__#00-14-10_00-16-09_label_B6-0-0__2.npy,B6-0-0
v=uBXprlsmd18__#00-14-10_00-16-09_label_B6-0-0__3.npy,B6-0-0
v=uBXprlsmd18__#00-14-10_00-16-09_label_B6-0-0__4.npy,B6-0-0
v=uBXprlsmd18__#00-14-10_00-16-09_label_B6-0-0__5.npy,B6-0-0
v=uBXprlsmd18__#00-14-10_00-16-09_label_B6-0-0__6.npy,B6-0-0
v=uBXprlsmd18__#00-14-10_00-16-09_label_B6-0-0__7.npy,B6-0-0
v=uBXprlsmd18__#00-14-10_00-16-09_label_B6-0-0__8.npy,B6-0-0
v=uBXprlsmd18__#00-14-10_00-16-09_label_B6-0-0__9.npy,B6-0-0
v=uBXprlsmd18__#00-16-10_00-20-09_label_B6-0-0__0.npy,B6-0-0
v=uBXprlsmd18__#00-16-10_00-20-09_label_B6-0-0__1.npy,B6-0-0
v=uBXprlsmd18__#00-16-10_00-20-09_label_B6-0-0__2.npy,B6-0-0
v=uBXprlsmd18__#00-16-10_00-20-09_label_B6-0-0__3.npy,B6-0-0
v=uBXprlsmd18__#00-16-10_00-20-09_label_B6-0-0__4.npy,B6-0-0
v=uBXprlsmd18__#00-16-10_00-20-09_label_B6-0-0__5.npy,B6-0-0
v=uBXprlsmd18__#00-16-10_00-20-09_label_B6-0-0__6.npy,B6-0-0
v=uBXprlsmd18__#00-16-10_00-20-09_label_B6-0-0__7.npy,B6-0-0
v=uBXprlsmd18__#00-16-10_00-20-09_label_B6-0-0__8.npy,B6-0-0
v=uBXprlsmd18__#00-16-10_00-20-09_label_B6-0-0__9.npy,B6-0-0
v=uBXprlsmd18__#00-20-10_00-23-09_label_B6-0-0__0.npy,B6-0-0
v=uBXprlsmd18__#00-20-10_00-23-09_label_B6-0-0__1.npy,B6-0-0
v=uBXprlsmd18__#00-20-10_00-23-09_label_B6-0-0__2.npy,B6-0-0
v=uBXprlsmd18__#00-20-10_00-23-09_label_B6-0-0__3.npy,B6-0-0
v=uBXprlsmd18__#00-20-10_00-23-09_label_B6-0-0__4.npy,B6-0-0
v=uBXprlsmd18__#00-20-10_00-23-09_label_B6-0-0__5.npy,B6-0-0
v=uBXprlsmd18__#00-20-10_00-23-09_label_B6-0-0__6.npy,B6-0-0
v=uBXprlsmd18__#00-20-10_00-23-09_label_B6-0-0__7.npy,B6-0-0
v=uBXprlsmd18__#00-20-10_00-23-09_label_B6-0-0__8.npy,B6-0-0
v=uBXprlsmd18__#00-20-10_00-23-09_label_B6-0-0__9.npy,B6-0-0
v=vhACO_m5pH0__#00-00-00_00-00-51_label_B6-0-0__0.npy,B6-0-0
v=vhACO_m5pH0__#00-00-00_00-00-51_label_B6-0-0__1.npy,B6-0-0
v=vhACO_m5pH0__#00-00-00_00-00-51_label_B6-0-0__2.npy,B6-0-0
v=vhACO_m5pH0__#00-00-00_00-00-51_label_B6-0-0__3.npy,B6-0-0
v=vhACO_m5pH0__#00-00-00_00-00-51_label_B6-0-0__4.npy,B6-0-0
v=vhACO_m5pH0__#00-00-00_00-00-51_label_B6-0-0__5.npy,B6-0-0
v=vhACO_m5pH0__#00-00-00_00-00-51_label_B6-0-0__6.npy,B6-0-0
v=vhACO_m5pH0__#00-00-00_00-00-51_label_B6-0-0__7.npy,B6-0-0
v=vhACO_m5pH0__#00-00-00_00-00-51_label_B6-0-0__8.npy,B6-0-0
v=vhACO_m5pH0__#00-00-00_00-00-51_label_B6-0-0__9.npy,B6-0-0
v=vhACO_m5pH0__#00-01-00_00-02-45_label_B6-0-0__0.npy,B6-0-0
v=vhACO_m5pH0__#00-01-00_00-02-45_label_B6-0-0__1.npy,B6-0-0
v=vhACO_m5pH0__#00-01-00_00-02-45_label_B6-0-0__2.npy,B6-0-0
v=vhACO_m5pH0__#00-01-00_00-02-45_label_B6-0-0__3.npy,B6-0-0
v=vhACO_m5pH0__#00-01-00_00-02-45_label_B6-0-0__4.npy,B6-0-0
v=vhACO_m5pH0__#00-01-00_00-02-45_label_B6-0-0__5.npy,B6-0-0
v=vhACO_m5pH0__#00-01-00_00-02-45_label_B6-0-0__6.npy,B6-0-0
v=vhACO_m5pH0__#00-01-00_00-02-45_label_B6-0-0__7.npy,B6-0-0
v=vhACO_m5pH0__#00-01-00_00-02-45_label_B6-0-0__8.npy,B6-0-0
v=vhACO_m5pH0__#00-01-00_00-02-45_label_B6-0-0__9.npy,B6-0-0
v=vhACO_m5pH0__#00-03-00_00-03-55_label_B6-0-0__0.npy,B6-0-0
v=vhACO_m5pH0__#00-03-00_00-03-55_label_B6-0-0__1.npy,B6-0-0
v=vhACO_m5pH0__#00-03-00_00-03-55_label_B6-0-0__2.npy,B6-0-0
v=vhACO_m5pH0__#00-03-00_00-03-55_label_B6-0-0__3.npy,B6-0-0
v=vhACO_m5pH0__#00-03-00_00-03-55_label_B6-0-0__4.npy,B6-0-0
v=vhACO_m5pH0__#00-03-00_00-03-55_label_B6-0-0__5.npy,B6-0-0
v=vhACO_m5pH0__#00-03-00_00-03-55_label_B6-0-0__6.npy,B6-0-0
v=vhACO_m5pH0__#00-03-00_00-03-55_label_B6-0-0__7.npy,B6-0-0
v=vhACO_m5pH0__#00-03-00_00-03-55_label_B6-0-0__8.npy,B6-0-0
v=vhACO_m5pH0__#00-03-00_00-03-55_label_B6-0-0__9.npy,B6-0-0
v=vhACO_m5pH0__#00-04-00_00-05-15_label_B6-0-0__0.npy,B6-0-0
v=vhACO_m5pH0__#00-04-00_00-05-15_label_B6-0-0__1.npy,B6-0-0
v=vhACO_m5pH0__#00-04-00_00-05-15_label_B6-0-0__2.npy,B6-0-0
v=vhACO_m5pH0__#00-04-00_00-05-15_label_B6-0-0__3.npy,B6-0-0
v=vhACO_m5pH0__#00-04-00_00-05-15_label_B6-0-0__4.npy,B6-0-0
v=vhACO_m5pH0__#00-04-00_00-05-15_label_B6-0-0__5.npy,B6-0-0
v=vhACO_m5pH0__#00-04-00_00-05-15_label_B6-0-0__6.npy,B6-0-0
v=vhACO_m5pH0__#00-04-00_00-05-15_label_B6-0-0__7.npy,B6-0-0
v=vhACO_m5pH0__#00-04-00_00-05-15_label_B6-0-0__8.npy,B6-0-0
v=vhACO_m5pH0__#00-04-00_00-05-15_label_B6-0-0__9.npy,B6-0-0
v=vhACO_m5pH0__#00-05-20_00-06-40_label_B6-0-0__0.npy,B6-0-0
v=vhACO_m5pH0__#00-05-20_00-06-40_label_B6-0-0__1.npy,B6-0-0
v=vhACO_m5pH0__#00-05-20_00-06-40_label_B6-0-0__2.npy,B6-0-0
v=vhACO_m5pH0__#00-05-20_00-06-40_label_B6-0-0__3.npy,B6-0-0
v=vhACO_m5pH0__#00-05-20_00-06-40_label_B6-0-0__4.npy,B6-0-0
v=vhACO_m5pH0__#00-05-20_00-06-40_label_B6-0-0__5.npy,B6-0-0
v=vhACO_m5pH0__#00-05-20_00-06-40_label_B6-0-0__6.npy,B6-0-0
v=vhACO_m5pH0__#00-05-20_00-06-40_label_B6-0-0__7.npy,B6-0-0
v=vhACO_m5pH0__#00-05-20_00-06-40_label_B6-0-0__8.npy,B6-0-0
v=vhACO_m5pH0__#00-05-20_00-06-40_label_B6-0-0__9.npy,B6-0-0
v=vhACO_m5pH0__#00-06-50_00-07-40_label_B6-0-0__0.npy,B6-0-0
v=vhACO_m5pH0__#00-06-50_00-07-40_label_B6-0-0__1.npy,B6-0-0
v=vhACO_m5pH0__#00-06-50_00-07-40_label_B6-0-0__2.npy,B6-0-0
v=vhACO_m5pH0__#00-06-50_00-07-40_label_B6-0-0__3.npy,B6-0-0
v=vhACO_m5pH0__#00-06-50_00-07-40_label_B6-0-0__4.npy,B6-0-0
v=vhACO_m5pH0__#00-06-50_00-07-40_label_B6-0-0__5.npy,B6-0-0
v=vhACO_m5pH0__#00-06-50_00-07-40_label_B6-0-0__6.npy,B6-0-0
v=vhACO_m5pH0__#00-06-50_00-07-40_label_B6-0-0__7.npy,B6-0-0
v=vhACO_m5pH0__#00-06-50_00-07-40_label_B6-0-0__8.npy,B6-0-0
v=vhACO_m5pH0__#00-06-50_00-07-40_label_B6-0-0__9.npy,B6-0-0
v=vhACO_m5pH0__#00-07-55_00-08-40_label_B6-0-0__0.npy,B6-0-0
v=vhACO_m5pH0__#00-07-55_00-08-40_label_B6-0-0__1.npy,B6-0-0
v=vhACO_m5pH0__#00-07-55_00-08-40_label_B6-0-0__2.npy,B6-0-0
v=vhACO_m5pH0__#00-07-55_00-08-40_label_B6-0-0__3.npy,B6-0-0
v=vhACO_m5pH0__#00-07-55_00-08-40_label_B6-0-0__4.npy,B6-0-0
v=vhACO_m5pH0__#00-07-55_00-08-40_label_B6-0-0__5.npy,B6-0-0
v=vhACO_m5pH0__#00-07-55_00-08-40_label_B6-0-0__6.npy,B6-0-0
v=vhACO_m5pH0__#00-07-55_00-08-40_label_B6-0-0__7.npy,B6-0-0
v=vhACO_m5pH0__#00-07-55_00-08-40_label_B6-0-0__8.npy,B6-0-0
v=vhACO_m5pH0__#00-07-55_00-08-40_label_B6-0-0__9.npy,B6-0-0
v=vhACO_m5pH0__#00-08-42_00-09-40_label_B6-0-0__0.npy,B6-0-0
v=vhACO_m5pH0__#00-08-42_00-09-40_label_B6-0-0__1.npy,B6-0-0
v=vhACO_m5pH0__#00-08-42_00-09-40_label_B6-0-0__2.npy,B6-0-0
v=vhACO_m5pH0__#00-08-42_00-09-40_label_B6-0-0__3.npy,B6-0-0
v=vhACO_m5pH0__#00-08-42_00-09-40_label_B6-0-0__4.npy,B6-0-0
v=vhACO_m5pH0__#00-08-42_00-09-40_label_B6-0-0__5.npy,B6-0-0
v=vhACO_m5pH0__#00-08-42_00-09-40_label_B6-0-0__6.npy,B6-0-0
v=vhACO_m5pH0__#00-08-42_00-09-40_label_B6-0-0__7.npy,B6-0-0
v=vhACO_m5pH0__#00-08-42_00-09-40_label_B6-0-0__8.npy,B6-0-0
v=vhACO_m5pH0__#00-08-42_00-09-40_label_B6-0-0__9.npy,B6-0-0
v=vhACO_m5pH0__#00-11-42_00-12-40_label_B6-0-0__0.npy,B6-0-0
v=vhACO_m5pH0__#00-11-42_00-12-40_label_B6-0-0__1.npy,B6-0-0
v=vhACO_m5pH0__#00-11-42_00-12-40_label_B6-0-0__2.npy,B6-0-0
v=vhACO_m5pH0__#00-11-42_00-12-40_label_B6-0-0__3.npy,B6-0-0
v=vhACO_m5pH0__#00-11-42_00-12-40_label_B6-0-0__4.npy,B6-0-0
v=vhACO_m5pH0__#00-11-42_00-12-40_label_B6-0-0__5.npy,B6-0-0
v=vhACO_m5pH0__#00-11-42_00-12-40_label_B6-0-0__6.npy,B6-0-0
v=vhACO_m5pH0__#00-11-42_00-12-40_label_B6-0-0__7.npy,B6-0-0
v=vhACO_m5pH0__#00-11-42_00-12-40_label_B6-0-0__8.npy,B6-0-0
v=vhACO_m5pH0__#00-11-42_00-12-40_label_B6-0-0__9.npy,B6-0-0
v=vhACO_m5pH0__#00-12-42_00-13-40_label_B6-0-0__0.npy,B6-0-0
v=vhACO_m5pH0__#00-12-42_00-13-40_label_B6-0-0__1.npy,B6-0-0
v=vhACO_m5pH0__#00-12-42_00-13-40_label_B6-0-0__2.npy,B6-0-0
v=vhACO_m5pH0__#00-12-42_00-13-40_label_B6-0-0__3.npy,B6-0-0
v=vhACO_m5pH0__#00-12-42_00-13-40_label_B6-0-0__4.npy,B6-0-0
v=vhACO_m5pH0__#00-12-42_00-13-40_label_B6-0-0__5.npy,B6-0-0
v=vhACO_m5pH0__#00-12-42_00-13-40_label_B6-0-0__6.npy,B6-0-0
v=vhACO_m5pH0__#00-12-42_00-13-40_label_B6-0-0__7.npy,B6-0-0
v=vhACO_m5pH0__#00-12-42_00-13-40_label_B6-0-0__8.npy,B6-0-0
v=vhACO_m5pH0__#00-12-42_00-13-40_label_B6-0-0__9.npy,B6-0-0
v=vhACO_m5pH0__#00-13-42_00-14-40_label_B6-0-0__0.npy,B6-0-0
v=vhACO_m5pH0__#00-13-42_00-14-40_label_B6-0-0__1.npy,B6-0-0
v=vhACO_m5pH0__#00-13-42_00-14-40_label_B6-0-0__2.npy,B6-0-0
v=vhACO_m5pH0__#00-13-42_00-14-40_label_B6-0-0__3.npy,B6-0-0
v=vhACO_m5pH0__#00-13-42_00-14-40_label_B6-0-0__4.npy,B6-0-0
v=vhACO_m5pH0__#00-13-42_00-14-40_label_B6-0-0__5.npy,B6-0-0
v=vhACO_m5pH0__#00-13-42_00-14-40_label_B6-0-0__6.npy,B6-0-0
v=vhACO_m5pH0__#00-13-42_00-14-40_label_B6-0-0__7.npy,B6-0-0
v=vhACO_m5pH0__#00-13-42_00-14-40_label_B6-0-0__8.npy,B6-0-0
v=vhACO_m5pH0__#00-13-42_00-14-40_label_B6-0-0__9.npy,B6-0-0
v=vhACO_m5pH0__#00-15-42_00-17-40_label_B6-0-0__0.npy,B6-0-0
v=vhACO_m5pH0__#00-15-42_00-17-40_label_B6-0-0__1.npy,B6-0-0
v=vhACO_m5pH0__#00-15-42_00-17-40_label_B6-0-0__2.npy,B6-0-0
v=vhACO_m5pH0__#00-15-42_00-17-40_label_B6-0-0__3.npy,B6-0-0
v=vhACO_m5pH0__#00-15-42_00-17-40_label_B6-0-0__4.npy,B6-0-0
v=vhACO_m5pH0__#00-15-42_00-17-40_label_B6-0-0__5.npy,B6-0-0
v=vhACO_m5pH0__#00-15-42_00-17-40_label_B6-0-0__6.npy,B6-0-0
v=vhACO_m5pH0__#00-15-42_00-17-40_label_B6-0-0__7.npy,B6-0-0
v=vhACO_m5pH0__#00-15-42_00-17-40_label_B6-0-0__8.npy,B6-0-0
v=vhACO_m5pH0__#00-15-42_00-17-40_label_B6-0-0__9.npy,B6-0-0
v=vhACO_m5pH0__#00-18-42_00-20-40_label_B6-0-0__0.npy,B6-0-0
v=vhACO_m5pH0__#00-18-42_00-20-40_label_B6-0-0__1.npy,B6-0-0
v=vhACO_m5pH0__#00-18-42_00-20-40_label_B6-0-0__2.npy,B6-0-0
v=vhACO_m5pH0__#00-18-42_00-20-40_label_B6-0-0__3.npy,B6-0-0
v=vhACO_m5pH0__#00-18-42_00-20-40_label_B6-0-0__4.npy,B6-0-0
v=vhACO_m5pH0__#00-18-42_00-20-40_label_B6-0-0__5.npy,B6-0-0
v=vhACO_m5pH0__#00-18-42_00-20-40_label_B6-0-0__6.npy,B6-0-0
v=vhACO_m5pH0__#00-18-42_00-20-40_label_B6-0-0__7.npy,B6-0-0
v=vhACO_m5pH0__#00-18-42_00-20-40_label_B6-0-0__8.npy,B6-0-0
v=vhACO_m5pH0__#00-18-42_00-20-40_label_B6-0-0__9.npy,B6-0-0
v=vhACO_m5pH0__#00-22-42_00-24-10_label_B6-0-0__0.npy,B6-0-0
v=vhACO_m5pH0__#00-22-42_00-24-10_label_B6-0-0__1.npy,B6-0-0
v=vhACO_m5pH0__#00-22-42_00-24-10_label_B6-0-0__2.npy,B6-0-0
v=vhACO_m5pH0__#00-22-42_00-24-10_label_B6-0-0__3.npy,B6-0-0
v=vhACO_m5pH0__#00-22-42_00-24-10_label_B6-0-0__4.npy,B6-0-0
v=vhACO_m5pH0__#00-22-42_00-24-10_label_B6-0-0__5.npy,B6-0-0
v=vhACO_m5pH0__#00-22-42_00-24-10_label_B6-0-0__6.npy,B6-0-0
v=vhACO_m5pH0__#00-22-42_00-24-10_label_B6-0-0__7.npy,B6-0-0
v=vhACO_m5pH0__#00-22-42_00-24-10_label_B6-0-0__8.npy,B6-0-0
v=vhACO_m5pH0__#00-22-42_00-24-10_label_B6-0-0__9.npy,B6-0-0
v=wVey5JDRf_g__#00-02-51_00-04-08_label_B6-0-0__0.npy,B6-0-0
v=wVey5JDRf_g__#00-02-51_00-04-08_label_B6-0-0__1.npy,B6-0-0
v=wVey5JDRf_g__#00-02-51_00-04-08_label_B6-0-0__2.npy,B6-0-0
v=wVey5JDRf_g__#00-02-51_00-04-08_label_B6-0-0__3.npy,B6-0-0
v=wVey5JDRf_g__#00-02-51_00-04-08_label_B6-0-0__4.npy,B6-0-0
v=wVey5JDRf_g__#00-02-51_00-04-08_label_B6-0-0__5.npy,B6-0-0
v=wVey5JDRf_g__#00-02-51_00-04-08_label_B6-0-0__6.npy,B6-0-0
v=wVey5JDRf_g__#00-02-51_00-04-08_label_B6-0-0__7.npy,B6-0-0
v=wVey5JDRf_g__#00-02-51_00-04-08_label_B6-0-0__8.npy,B6-0-0
v=wVey5JDRf_g__#00-02-51_00-04-08_label_B6-0-0__9.npy,B6-0-0
v=x4o5-WFBHCY__#1_label_B6-0-0__0.npy,B6-0-0
v=x4o5-WFBHCY__#1_label_B6-0-0__1.npy,B6-0-0
v=x4o5-WFBHCY__#1_label_B6-0-0__2.npy,B6-0-0
v=x4o5-WFBHCY__#1_label_B6-0-0__3.npy,B6-0-0
v=x4o5-WFBHCY__#1_label_B6-0-0__4.npy,B6-0-0
v=x4o5-WFBHCY__#1_label_B6-0-0__5.npy,B6-0-0
v=x4o5-WFBHCY__#1_label_B6-0-0__6.npy,B6-0-0
v=x4o5-WFBHCY__#1_label_B6-0-0__7.npy,B6-0-0
v=x4o5-WFBHCY__#1_label_B6-0-0__8.npy,B6-0-0
v=x4o5-WFBHCY__#1_label_B6-0-0__9.npy,B6-0-0
v=x_Uc50OGPw4__#1_label_B6-0-0__0.npy,B6-0-0
v=x_Uc50OGPw4__#1_label_B6-0-0__1.npy,B6-0-0
v=x_Uc50OGPw4__#1_label_B6-0-0__2.npy,B6-0-0
v=x_Uc50OGPw4__#1_label_B6-0-0__3.npy,B6-0-0
v=x_Uc50OGPw4__#1_label_B6-0-0__4.npy,B6-0-0
v=x_Uc50OGPw4__#1_label_B6-0-0__5.npy,B6-0-0
v=x_Uc50OGPw4__#1_label_B6-0-0__6.npy,B6-0-0
v=x_Uc50OGPw4__#1_label_B6-0-0__7.npy,B6-0-0
v=x_Uc50OGPw4__#1_label_B6-0-0__8.npy,B6-0-0
v=x_Uc50OGPw4__#1_label_B6-0-0__9.npy,B6-0-0
v=y7JEq-kf-2I__#00-06-50_00-07-24_label_B6-0-0__0.npy,B6-0-0
v=y7JEq-kf-2I__#00-06-50_00-07-24_label_B6-0-0__1.npy,B6-0-0
v=y7JEq-kf-2I__#00-06-50_00-07-24_label_B6-0-0__2.npy,B6-0-0
v=y7JEq-kf-2I__#00-06-50_00-07-24_label_B6-0-0__3.npy,B6-0-0
v=y7JEq-kf-2I__#00-06-50_00-07-24_label_B6-0-0__4.npy,B6-0-0
v=y7JEq-kf-2I__#00-06-50_00-07-24_label_B6-0-0__5.npy,B6-0-0
v=y7JEq-kf-2I__#00-06-50_00-07-24_label_B6-0-0__6.npy,B6-0-0
v=y7JEq-kf-2I__#00-06-50_00-07-24_label_B6-0-0__7.npy,B6-0-0
v=y7JEq-kf-2I__#00-06-50_00-07-24_label_B6-0-0__8.npy,B6-0-0
v=y7JEq-kf-2I__#00-06-50_00-07-24_label_B6-0-0__9.npy,B6-0-0
v=yy-KIWDcBr4__#00-00-00_00-00-51_label_B6-0-0__0.npy,B6-0-0
v=yy-KIWDcBr4__#00-00-00_00-00-51_label_B6-0-0__1.npy,B6-0-0
v=yy-KIWDcBr4__#00-00-00_00-00-51_label_B6-0-0__2.npy,B6-0-0
v=yy-KIWDcBr4__#00-00-00_00-00-51_label_B6-0-0__3.npy,B6-0-0
v=yy-KIWDcBr4__#00-00-00_00-00-51_label_B6-0-0__4.npy,B6-0-0
v=yy-KIWDcBr4__#00-00-00_00-00-51_label_B6-0-0__5.npy,B6-0-0
v=yy-KIWDcBr4__#00-00-00_00-00-51_label_B6-0-0__6.npy,B6-0-0
v=yy-KIWDcBr4__#00-00-00_00-00-51_label_B6-0-0__7.npy,B6-0-0
v=yy-KIWDcBr4__#00-00-00_00-00-51_label_B6-0-0__8.npy,B6-0-0
v=yy-KIWDcBr4__#00-00-00_00-00-51_label_B6-0-0__9.npy,B6-0-0
v=yy-KIWDcBr4__#00-01-00_00-02-45_label_B6-0-0__0.npy,B6-0-0
v=yy-KIWDcBr4__#00-01-00_00-02-45_label_B6-0-0__1.npy,B6-0-0
v=yy-KIWDcBr4__#00-01-00_00-02-45_label_B6-0-0__2.npy,B6-0-0
v=yy-KIWDcBr4__#00-01-00_00-02-45_label_B6-0-0__3.npy,B6-0-0
v=yy-KIWDcBr4__#00-01-00_00-02-45_label_B6-0-0__4.npy,B6-0-0
v=yy-KIWDcBr4__#00-01-00_00-02-45_label_B6-0-0__5.npy,B6-0-0
v=yy-KIWDcBr4__#00-01-00_00-02-45_label_B6-0-0__6.npy,B6-0-0
v=yy-KIWDcBr4__#00-01-00_00-02-45_label_B6-0-0__7.npy,B6-0-0
v=yy-KIWDcBr4__#00-01-00_00-02-45_label_B6-0-0__8.npy,B6-0-0
v=yy-KIWDcBr4__#00-01-00_00-02-45_label_B6-0-0__9.npy,B6-0-0
v=yy-KIWDcBr4__#00-03-00_00-04-09_label_B6-0-0__0.npy,B6-0-0
v=yy-KIWDcBr4__#00-03-00_00-04-09_label_B6-0-0__1.npy,B6-0-0
v=yy-KIWDcBr4__#00-03-00_00-04-09_label_B6-0-0__2.npy,B6-0-0
v=yy-KIWDcBr4__#00-03-00_00-04-09_label_B6-0-0__3.npy,B6-0-0
v=yy-KIWDcBr4__#00-03-00_00-04-09_label_B6-0-0__4.npy,B6-0-0
v=yy-KIWDcBr4__#00-03-00_00-04-09_label_B6-0-0__5.npy,B6-0-0
v=yy-KIWDcBr4__#00-03-00_00-04-09_label_B6-0-0__6.npy,B6-0-0
v=yy-KIWDcBr4__#00-03-00_00-04-09_label_B6-0-0__7.npy,B6-0-0
v=yy-KIWDcBr4__#00-03-00_00-04-09_label_B6-0-0__8.npy,B6-0-0
v=yy-KIWDcBr4__#00-03-00_00-04-09_label_B6-0-0__9.npy,B6-0-0
v=yy-KIWDcBr4__#00-04-10_00-06-09_label_B6-0-0__0.npy,B6-0-0
v=yy-KIWDcBr4__#00-04-10_00-06-09_label_B6-0-0__1.npy,B6-0-0
v=yy-KIWDcBr4__#00-04-10_00-06-09_label_B6-0-0__2.npy,B6-0-0
v=yy-KIWDcBr4__#00-04-10_00-06-09_label_B6-0-0__3.npy,B6-0-0
v=yy-KIWDcBr4__#00-04-10_00-06-09_label_B6-0-0__4.npy,B6-0-0
v=yy-KIWDcBr4__#00-04-10_00-06-09_label_B6-0-0__5.npy,B6-0-0
v=yy-KIWDcBr4__#00-04-10_00-06-09_label_B6-0-0__6.npy,B6-0-0
v=yy-KIWDcBr4__#00-04-10_00-06-09_label_B6-0-0__7.npy,B6-0-0
v=yy-KIWDcBr4__#00-04-10_00-06-09_label_B6-0-0__8.npy,B6-0-0
v=yy-KIWDcBr4__#00-04-10_00-06-09_label_B6-0-0__9.npy,B6-0-0
v=yy-KIWDcBr4__#00-06-10_00-07-19_label_B6-0-0__0.npy,B6-0-0
v=yy-KIWDcBr4__#00-06-10_00-07-19_label_B6-0-0__1.npy,B6-0-0
v=yy-KIWDcBr4__#00-06-10_00-07-19_label_B6-0-0__2.npy,B6-0-0
v=yy-KIWDcBr4__#00-06-10_00-07-19_label_B6-0-0__3.npy,B6-0-0
v=yy-KIWDcBr4__#00-06-10_00-07-19_label_B6-0-0__4.npy,B6-0-0
v=yy-KIWDcBr4__#00-06-10_00-07-19_label_B6-0-0__5.npy,B6-0-0
v=yy-KIWDcBr4__#00-06-10_00-07-19_label_B6-0-0__6.npy,B6-0-0
v=yy-KIWDcBr4__#00-06-10_00-07-19_label_B6-0-0__7.npy,B6-0-0
v=yy-KIWDcBr4__#00-06-10_00-07-19_label_B6-0-0__8.npy,B6-0-0
v=yy-KIWDcBr4__#00-06-10_00-07-19_label_B6-0-0__9.npy,B6-0-0
v=yy-KIWDcBr4__#00-07-22_00-08-19_label_B6-0-0__0.npy,B6-0-0
v=yy-KIWDcBr4__#00-07-22_00-08-19_label_B6-0-0__1.npy,B6-0-0
v=yy-KIWDcBr4__#00-07-22_00-08-19_label_B6-0-0__2.npy,B6-0-0
v=yy-KIWDcBr4__#00-07-22_00-08-19_label_B6-0-0__3.npy,B6-0-0
v=yy-KIWDcBr4__#00-07-22_00-08-19_label_B6-0-0__4.npy,B6-0-0
v=yy-KIWDcBr4__#00-07-22_00-08-19_label_B6-0-0__5.npy,B6-0-0
v=yy-KIWDcBr4__#00-07-22_00-08-19_label_B6-0-0__6.npy,B6-0-0
v=yy-KIWDcBr4__#00-07-22_00-08-19_label_B6-0-0__7.npy,B6-0-0
v=yy-KIWDcBr4__#00-07-22_00-08-19_label_B6-0-0__8.npy,B6-0-0
v=yy-KIWDcBr4__#00-07-22_00-08-19_label_B6-0-0__9.npy,B6-0-0
v=yy-KIWDcBr4__#00-11-00_00-12-45_label_B6-0-0__0.npy,B6-0-0
v=yy-KIWDcBr4__#00-11-00_00-12-45_label_B6-0-0__1.npy,B6-0-0
v=yy-KIWDcBr4__#00-11-00_00-12-45_label_B6-0-0__2.npy,B6-0-0
v=yy-KIWDcBr4__#00-11-00_00-12-45_label_B6-0-0__3.npy,B6-0-0
v=yy-KIWDcBr4__#00-11-00_00-12-45_label_B6-0-0__4.npy,B6-0-0
v=yy-KIWDcBr4__#00-11-00_00-12-45_label_B6-0-0__5.npy,B6-0-0
v=yy-KIWDcBr4__#00-11-00_00-12-45_label_B6-0-0__6.npy,B6-0-0
v=yy-KIWDcBr4__#00-11-00_00-12-45_label_B6-0-0__7.npy,B6-0-0
v=yy-KIWDcBr4__#00-11-00_00-12-45_label_B6-0-0__8.npy,B6-0-0
v=yy-KIWDcBr4__#00-11-00_00-12-45_label_B6-0-0__9.npy,B6-0-0
v=yy-KIWDcBr4__#00-13-00_00-14-09_label_B6-0-0__0.npy,B6-0-0
v=yy-KIWDcBr4__#00-13-00_00-14-09_label_B6-0-0__1.npy,B6-0-0
v=yy-KIWDcBr4__#00-13-00_00-14-09_label_B6-0-0__2.npy,B6-0-0
v=yy-KIWDcBr4__#00-13-00_00-14-09_label_B6-0-0__3.npy,B6-0-0
v=yy-KIWDcBr4__#00-13-00_00-14-09_label_B6-0-0__4.npy,B6-0-0
v=yy-KIWDcBr4__#00-13-00_00-14-09_label_B6-0-0__5.npy,B6-0-0
v=yy-KIWDcBr4__#00-13-00_00-14-09_label_B6-0-0__6.npy,B6-0-0
v=yy-KIWDcBr4__#00-13-00_00-14-09_label_B6-0-0__7.npy,B6-0-0
v=yy-KIWDcBr4__#00-13-00_00-14-09_label_B6-0-0__8.npy,B6-0-0
v=yy-KIWDcBr4__#00-13-00_00-14-09_label_B6-0-0__9.npy,B6-0-0
v=yy-KIWDcBr4__#00-14-10_00-16-09_label_B6-0-0__0.npy,B6-0-0
v=yy-KIWDcBr4__#00-14-10_00-16-09_label_B6-0-0__1.npy,B6-0-0
v=yy-KIWDcBr4__#00-14-10_00-16-09_label_B6-0-0__2.npy,B6-0-0
v=yy-KIWDcBr4__#00-14-10_00-16-09_label_B6-0-0__3.npy,B6-0-0
v=yy-KIWDcBr4__#00-14-10_00-16-09_label_B6-0-0__4.npy,B6-0-0
v=yy-KIWDcBr4__#00-14-10_00-16-09_label_B6-0-0__5.npy,B6-0-0
v=yy-KIWDcBr4__#00-14-10_00-16-09_label_B6-0-0__6.npy,B6-0-0
v=yy-KIWDcBr4__#00-14-10_00-16-09_label_B6-0-0__7.npy,B6-0-0
v=yy-KIWDcBr4__#00-14-10_00-16-09_label_B6-0-0__8.npy,B6-0-0
v=yy-KIWDcBr4__#00-14-10_00-16-09_label_B6-0-0__9.npy,B6-0-0
v=zoIn2hOrUIM__#00-00-00_00-00-51_label_B6-0-0__0.npy,B6-0-0
v=zoIn2hOrUIM__#00-00-00_00-00-51_label_B6-0-0__1.npy,B6-0-0
v=zoIn2hOrUIM__#00-00-00_00-00-51_label_B6-0-0__2.npy,B6-0-0
v=zoIn2hOrUIM__#00-00-00_00-00-51_label_B6-0-0__3.npy,B6-0-0
v=zoIn2hOrUIM__#00-00-00_00-00-51_label_B6-0-0__4.npy,B6-0-0
v=zoIn2hOrUIM__#00-00-00_00-00-51_label_B6-0-0__5.npy,B6-0-0
v=zoIn2hOrUIM__#00-00-00_00-00-51_label_B6-0-0__6.npy,B6-0-0
v=zoIn2hOrUIM__#00-00-00_00-00-51_label_B6-0-0__7.npy,B6-0-0
v=zoIn2hOrUIM__#00-00-00_00-00-51_label_B6-0-0__8.npy,B6-0-0
v=zoIn2hOrUIM__#00-00-00_00-00-51_label_B6-0-0__9.npy,B6-0-0
v=zoIn2hOrUIM__#00-03-00_00-04-09_label_B6-0-0__0.npy,B6-0-0
v=zoIn2hOrUIM__#00-03-00_00-04-09_label_B6-0-0__1.npy,B6-0-0
v=zoIn2hOrUIM__#00-03-00_00-04-09_label_B6-0-0__2.npy,B6-0-0
v=zoIn2hOrUIM__#00-03-00_00-04-09_label_B6-0-0__3.npy,B6-0-0
v=zoIn2hOrUIM__#00-03-00_00-04-09_label_B6-0-0__4.npy,B6-0-0
v=zoIn2hOrUIM__#00-03-00_00-04-09_label_B6-0-0__5.npy,B6-0-0
v=zoIn2hOrUIM__#00-03-00_00-04-09_label_B6-0-0__6.npy,B6-0-0
v=zoIn2hOrUIM__#00-03-00_00-04-09_label_B6-0-0__7.npy,B6-0-0
v=zoIn2hOrUIM__#00-03-00_00-04-09_label_B6-0-0__8.npy,B6-0-0
v=zoIn2hOrUIM__#00-03-00_00-04-09_label_B6-0-0__9.npy,B6-0-0
v=zoIn2hOrUIM__#00-04-10_00-06-09_label_B6-0-0__0.npy,B6-0-0
v=zoIn2hOrUIM__#00-04-10_00-06-09_label_B6-0-0__1.npy,B6-0-0
v=zoIn2hOrUIM__#00-04-10_00-06-09_label_B6-0-0__2.npy,B6-0-0
v=zoIn2hOrUIM__#00-04-10_00-06-09_label_B6-0-0__3.npy,B6-0-0
v=zoIn2hOrUIM__#00-04-10_00-06-09_label_B6-0-0__4.npy,B6-0-0
v=zoIn2hOrUIM__#00-04-10_00-06-09_label_B6-0-0__5.npy,B6-0-0
v=zoIn2hOrUIM__#00-04-10_00-06-09_label_B6-0-0__6.npy,B6-0-0
v=zoIn2hOrUIM__#00-04-10_00-06-09_label_B6-0-0__7.npy,B6-0-0
v=zoIn2hOrUIM__#00-04-10_00-06-09_label_B6-0-0__8.npy,B6-0-0
v=zoIn2hOrUIM__#00-04-10_00-06-09_label_B6-0-0__9.npy,B6-0-0
v=zoIn2hOrUIM__#00-07-22_00-08-19_label_B6-0-0__0.npy,B6-0-0
v=zoIn2hOrUIM__#00-07-22_00-08-19_label_B6-0-0__1.npy,B6-0-0
v=zoIn2hOrUIM__#00-07-22_00-08-19_label_B6-0-0__2.npy,B6-0-0
v=zoIn2hOrUIM__#00-07-22_00-08-19_label_B6-0-0__3.npy,B6-0-0
v=zoIn2hOrUIM__#00-07-22_00-08-19_label_B6-0-0__4.npy,B6-0-0
v=zoIn2hOrUIM__#00-07-22_00-08-19_label_B6-0-0__5.npy,B6-0-0
v=zoIn2hOrUIM__#00-07-22_00-08-19_label_B6-0-0__6.npy,B6-0-0
v=zoIn2hOrUIM__#00-07-22_00-08-19_label_B6-0-0__7.npy,B6-0-0
v=zoIn2hOrUIM__#00-07-22_00-08-19_label_B6-0-0__8.npy,B6-0-0
v=zoIn2hOrUIM__#00-07-22_00-08-19_label_B6-0-0__9.npy,B6-0-0
Bullet.in.the.Head.1990__#01-59-31_02-01-50_label_B6-B2-G__0.npy,B6-B2-G
Bullet.in.the.Head.1990__#01-59-31_02-01-50_label_B6-B2-G__1.npy,B6-B2-G
Bullet.in.the.Head.1990__#01-59-31_02-01-50_label_B6-B2-G__2.npy,B6-B2-G
Bullet.in.the.Head.1990__#01-59-31_02-01-50_label_B6-B2-G__3.npy,B6-B2-G
Bullet.in.the.Head.1990__#01-59-31_02-01-50_label_B6-B2-G__4.npy,B6-B2-G
Bullet.in.the.Head.1990__#01-59-31_02-01-50_label_B6-B2-G__5.npy,B6-B2-G
Bullet.in.the.Head.1990__#01-59-31_02-01-50_label_B6-B2-G__6.npy,B6-B2-G
Bullet.in.the.Head.1990__#01-59-31_02-01-50_label_B6-B2-G__7.npy,B6-B2-G
Bullet.in.the.Head.1990__#01-59-31_02-01-50_label_B6-B2-G__8.npy,B6-B2-G
Bullet.in.the.Head.1990__#01-59-31_02-01-50_label_B6-B2-G__9.npy,B6-B2-G
Mission.Impossible.II.2000__#01-45-43_01-46-20_label_B6-G-0__0.npy,B6-G-0
Mission.Impossible.II.2000__#01-45-43_01-46-20_label_B6-G-0__1.npy,B6-G-0
Mission.Impossible.II.2000__#01-45-43_01-46-20_label_B6-G-0__2.npy,B6-G-0
Mission.Impossible.II.2000__#01-45-43_01-46-20_label_B6-G-0__3.npy,B6-G-0
Mission.Impossible.II.2000__#01-45-43_01-46-20_label_B6-G-0__4.npy,B6-G-0
Mission.Impossible.II.2000__#01-45-43_01-46-20_label_B6-G-0__5.npy,B6-G-0
Mission.Impossible.II.2000__#01-45-43_01-46-20_label_B6-G-0__6.npy,B6-G-0
Mission.Impossible.II.2000__#01-45-43_01-46-20_label_B6-G-0__7.npy,B6-G-0
Mission.Impossible.II.2000__#01-45-43_01-46-20_label_B6-G-0__8.npy,B6-G-0
Mission.Impossible.II.2000__#01-45-43_01-46-20_label_B6-G-0__9.npy,B6-G-0
God.Bless.America.2011__#01-13-20_01-15-05_label_B2-B6-0__0.npy,B2-B6-0
God.Bless.America.2011__#01-13-20_01-15-05_label_B2-B6-0__1.npy,B2-B6-0
God.Bless.America.2011__#01-13-20_01-15-05_label_B2-B6-0__2.npy,B2-B6-0
God.Bless.America.2011__#01-13-20_01-15-05_label_B2-B6-0__3.npy,B2-B6-0
God.Bless.America.2011__#01-13-20_01-15-05_label_B2-B6-0__4.npy,B2-B6-0
God.Bless.America.2011__#01-13-20_01-15-05_label_B2-B6-0__5.npy,B2-B6-0
God.Bless.America.2011__#01-13-20_01-15-05_label_B2-B6-0__6.npy,B2-B6-0
God.Bless.America.2011__#01-13-20_01-15-05_label_B2-B6-0__7.npy,B2-B6-0
God.Bless.America.2011__#01-13-20_01-15-05_label_B2-B6-0__8.npy,B2-B6-0
God.Bless.America.2011__#01-13-20_01-15-05_label_B2-B6-0__9.npy,B2-B6-0
Fast.Furious.6.2013__#01-51-35_01-53-02_label_B1-B6-0__0.npy,B1-B6-0
Fast.Furious.6.2013__#01-51-35_01-53-02_label_B1-B6-0__1.npy,B1-B6-0
Fast.Furious.6.2013__#01-51-35_01-53-02_label_B1-B6-0__2.npy,B1-B6-0
Fast.Furious.6.2013__#01-51-35_01-53-02_label_B1-B6-0__3.npy,B1-B6-0
Fast.Furious.6.2013__#01-51-35_01-53-02_label_B1-B6-0__4.npy,B1-B6-0
Fast.Furious.6.2013__#01-51-35_01-53-02_label_B1-B6-0__5.npy,B1-B6-0
Fast.Furious.6.2013__#01-51-35_01-53-02_label_B1-B6-0__6.npy,B1-B6-0
Fast.Furious.6.2013__#01-51-35_01-53-02_label_B1-B6-0__7.npy,B1-B6-0
Fast.Furious.6.2013__#01-51-35_01-53-02_label_B1-B6-0__8.npy,B1-B6-0
Fast.Furious.6.2013__#01-51-35_01-53-02_label_B1-B6-0__9.npy,B1-B6-0
Mission.Impossible.V.Rogue.Nation.2015__#01-14-35_01-15-25_label_B2-B6-0__0.npy,B2-B6-0
Mission.Impossible.V.Rogue.Nation.2015__#01-14-35_01-15-25_label_B2-B6-0__1.npy,B2-B6-0
Mission.Impossible.V.Rogue.Nation.2015__#01-14-35_01-15-25_label_B2-B6-0__2.npy,B2-B6-0
Mission.Impossible.V.Rogue.Nation.2015__#01-14-35_01-15-25_label_B2-B6-0__3.npy,B2-B6-0
Mission.Impossible.V.Rogue.Nation.2015__#01-14-35_01-15-25_label_B2-B6-0__4.npy,B2-B6-0
Mission.Impossible.V.Rogue.Nation.2015__#01-14-35_01-15-25_label_B2-B6-0__5.npy,B2-B6-0
Mission.Impossible.V.Rogue.Nation.2015__#01-14-35_01-15-25_label_B2-B6-0__6.npy,B2-B6-0
Mission.Impossible.V.Rogue.Nation.2015__#01-14-35_01-15-25_label_B2-B6-0__7.npy,B2-B6-0
Mission.Impossible.V.Rogue.Nation.2015__#01-14-35_01-15-25_label_B2-B6-0__8.npy,B2-B6-0
Mission.Impossible.V.Rogue.Nation.2015__#01-14-35_01-15-25_label_B2-B6-0__9.npy,B2-B6-0
Bad.Boys.II.2003__#00-27-29_00-30-13_label_B6-B2-0__0.npy,B6-B2-0
Bad.Boys.II.2003__#00-27-29_00-30-13_label_B6-B2-0__1.npy,B6-B2-0
Bad.Boys.II.2003__#00-27-29_00-30-13_label_B6-B2-0__2.npy,B6-B2-0
Bad.Boys.II.2003__#00-27-29_00-30-13_label_B6-B2-0__3.npy,B6-B2-0
Bad.Boys.II.2003__#00-27-29_00-30-13_label_B6-B2-0__4.npy,B6-B2-0
Bad.Boys.II.2003__#00-27-29_00-30-13_label_B6-B2-0__5.npy,B6-B2-0
Bad.Boys.II.2003__#00-27-29_00-30-13_label_B6-B2-0__6.npy,B6-B2-0
Bad.Boys.II.2003__#00-27-29_00-30-13_label_B6-B2-0__7.npy,B6-B2-0
Bad.Boys.II.2003__#00-27-29_00-30-13_label_B6-B2-0__8.npy,B6-B2-0
Bad.Boys.II.2003__#00-27-29_00-30-13_label_B6-B2-0__9.npy,B6-B2-0
Fast.Furious.6.2013__#01-02-17_01-03-10_label_B6-B2-G__0.npy,B6-B2-G
Fast.Furious.6.2013__#01-02-17_01-03-10_label_B6-B2-G__1.npy,B6-B2-G
Fast.Furious.6.2013__#01-02-17_01-03-10_label_B6-B2-G__2.npy,B6-B2-G
Fast.Furious.6.2013__#01-02-17_01-03-10_label_B6-B2-G__3.npy,B6-B2-G
Fast.Furious.6.2013__#01-02-17_01-03-10_label_B6-B2-G__4.npy,B6-B2-G
Fast.Furious.6.2013__#01-02-17_01-03-10_label_B6-B2-G__5.npy,B6-B2-G
Fast.Furious.6.2013__#01-02-17_01-03-10_label_B6-B2-G__6.npy,B6-B2-G
Fast.Furious.6.2013__#01-02-17_01-03-10_label_B6-B2-G__7.npy,B6-B2-G
Fast.Furious.6.2013__#01-02-17_01-03-10_label_B6-B2-G__8.npy,B6-B2-G
Fast.Furious.6.2013__#01-02-17_01-03-10_label_B6-B2-G__9.npy,B6-B2-G
Casino.Royale.2006__#00-49-40_00-50-05_label_B6-G-0__0.npy,B6-G-0
Casino.Royale.2006__#00-49-40_00-50-05_label_B6-G-0__1.npy,B6-G-0
Casino.Royale.2006__#00-49-40_00-50-05_label_B6-G-0__2.npy,B6-G-0
Casino.Royale.2006__#00-49-40_00-50-05_label_B6-G-0__3.npy,B6-G-0
Casino.Royale.2006__#00-49-40_00-50-05_label_B6-G-0__4.npy,B6-G-0
Casino.Royale.2006__#00-49-40_00-50-05_label_B6-G-0__5.npy,B6-G-0
Casino.Royale.2006__#00-49-40_00-50-05_label_B6-G-0__6.npy,B6-G-0
Casino.Royale.2006__#00-49-40_00-50-05_label_B6-G-0__7.npy,B6-G-0
Casino.Royale.2006__#00-49-40_00-50-05_label_B6-G-0__8.npy,B6-G-0
Casino.Royale.2006__#00-49-40_00-50-05_label_B6-G-0__9.npy,B6-G-0
Fast.Five.2011__#01-47-02_01-47-34_label_B6-B2-0__0.npy,B6-B2-0
Fast.Five.2011__#01-47-02_01-47-34_label_B6-B2-0__1.npy,B6-B2-0
Fast.Five.2011__#01-47-02_01-47-34_label_B6-B2-0__2.npy,B6-B2-0
Fast.Five.2011__#01-47-02_01-47-34_label_B6-B2-0__3.npy,B6-B2-0
Fast.Five.2011__#01-47-02_01-47-34_label_B6-B2-0__4.npy,B6-B2-0
Fast.Five.2011__#01-47-02_01-47-34_label_B6-B2-0__5.npy,B6-B2-0
Fast.Five.2011__#01-47-02_01-47-34_label_B6-B2-0__6.npy,B6-B2-0
Fast.Five.2011__#01-47-02_01-47-34_label_B6-B2-0__7.npy,B6-B2-0
Fast.Five.2011__#01-47-02_01-47-34_label_B6-B2-0__8.npy,B6-B2-0
Fast.Five.2011__#01-47-02_01-47-34_label_B6-B2-0__9.npy,B6-B2-0
Bad.Boys.II.2003__#02-13-42_02-15-02_label_B6-G-B2__0.npy,B6-G-B2
Bad.Boys.II.2003__#02-13-42_02-15-02_label_B6-G-B2__1.npy,B6-G-B2
Bad.Boys.II.2003__#02-13-42_02-15-02_label_B6-G-B2__2.npy,B6-G-B2
Bad.Boys.II.2003__#02-13-42_02-15-02_label_B6-G-B2__3.npy,B6-G-B2
Bad.Boys.II.2003__#02-13-42_02-15-02_label_B6-G-B2__4.npy,B6-G-B2
Bad.Boys.II.2003__#02-13-42_02-15-02_label_B6-G-B2__5.npy,B6-G-B2
Bad.Boys.II.2003__#02-13-42_02-15-02_label_B6-G-B2__6.npy,B6-G-B2
Bad.Boys.II.2003__#02-13-42_02-15-02_label_B6-G-B2__7.npy,B6-G-B2
Bad.Boys.II.2003__#02-13-42_02-15-02_label_B6-G-B2__8.npy,B6-G-B2
Bad.Boys.II.2003__#02-13-42_02-15-02_label_B6-G-B2__9.npy,B6-G-B2
Fast.Furious.6.2013__#00-29-05_00-30-15_label_B2-B6-0__0.npy,B2-B6-0
Fast.Furious.6.2013__#00-29-05_00-30-15_label_B2-B6-0__1.npy,B2-B6-0
Fast.Furious.6.2013__#00-29-05_00-30-15_label_B2-B6-0__2.npy,B2-B6-0
Fast.Furious.6.2013__#00-29-05_00-30-15_label_B2-B6-0__3.npy,B2-B6-0
Fast.Furious.6.2013__#00-29-05_00-30-15_label_B2-B6-0__4.npy,B2-B6-0
Fast.Furious.6.2013__#00-29-05_00-30-15_label_B2-B6-0__5.npy,B2-B6-0
Fast.Furious.6.2013__#00-29-05_00-30-15_label_B2-B6-0__6.npy,B2-B6-0
Fast.Furious.6.2013__#00-29-05_00-30-15_label_B2-B6-0__7.npy,B2-B6-0
Fast.Furious.6.2013__#00-29-05_00-30-15_label_B2-B6-0__8.npy,B2-B6-0
Fast.Furious.6.2013__#00-29-05_00-30-15_label_B2-B6-0__9.npy,B2-B6-0
Jason.Bourne.2016__#0-28-43_0-29-35_label_B6-B4-0__0.npy,B6-B4-0
Jason.Bourne.2016__#0-28-43_0-29-35_label_B6-B4-0__1.npy,B6-B4-0
Jason.Bourne.2016__#0-28-43_0-29-35_label_B6-B4-0__2.npy,B6-B4-0
Jason.Bourne.2016__#0-28-43_0-29-35_label_B6-B4-0__3.npy,B6-B4-0
Jason.Bourne.2016__#0-28-43_0-29-35_label_B6-B4-0__4.npy,B6-B4-0
Jason.Bourne.2016__#0-28-43_0-29-35_label_B6-B4-0__5.npy,B6-B4-0
Jason.Bourne.2016__#0-28-43_0-29-35_label_B6-B4-0__6.npy,B6-B4-0
Jason.Bourne.2016__#0-28-43_0-29-35_label_B6-B4-0__7.npy,B6-B4-0
Jason.Bourne.2016__#0-28-43_0-29-35_label_B6-B4-0__8.npy,B6-B4-0
Jason.Bourne.2016__#0-28-43_0-29-35_label_B6-B4-0__9.npy,B6-B4-0
Bad.Boys.II.2003__#01-27-09_01-28-25_label_B2-B6-0__0.npy,B2-B6-0
Bad.Boys.II.2003__#01-27-09_01-28-25_label_B2-B6-0__1.npy,B2-B6-0
Bad.Boys.II.2003__#01-27-09_01-28-25_label_B2-B6-0__2.npy,B2-B6-0
Bad.Boys.II.2003__#01-27-09_01-28-25_label_B2-B6-0__3.npy,B2-B6-0
Bad.Boys.II.2003__#01-27-09_01-28-25_label_B2-B6-0__4.npy,B2-B6-0
Bad.Boys.II.2003__#01-27-09_01-28-25_label_B2-B6-0__5.npy,B2-B6-0
Bad.Boys.II.2003__#01-27-09_01-28-25_label_B2-B6-0__6.npy,B2-B6-0
Bad.Boys.II.2003__#01-27-09_01-28-25_label_B2-B6-0__7.npy,B2-B6-0
Bad.Boys.II.2003__#01-27-09_01-28-25_label_B2-B6-0__8.npy,B2-B6-0
Bad.Boys.II.2003__#01-27-09_01-28-25_label_B2-B6-0__9.npy,B2-B6-0
Fast.Furious.6.2013__#01-26-10_01-28-12_label_B6-B2-0__0.npy,B6-B2-0
Fast.Furious.6.2013__#01-26-10_01-28-12_label_B6-B2-0__1.npy,B6-B2-0
Fast.Furious.6.2013__#01-26-10_01-28-12_label_B6-B2-0__2.npy,B6-B2-0
Fast.Furious.6.2013__#01-26-10_01-28-12_label_B6-B2-0__3.npy,B6-B2-0
Fast.Furious.6.2013__#01-26-10_01-28-12_label_B6-B2-0__4.npy,B6-B2-0
Fast.Furious.6.2013__#01-26-10_01-28-12_label_B6-B2-0__5.npy,B6-B2-0
Fast.Furious.6.2013__#01-26-10_01-28-12_label_B6-B2-0__6.npy,B6-B2-0
Fast.Furious.6.2013__#01-26-10_01-28-12_label_B6-B2-0__7.npy,B6-B2-0
Fast.Furious.6.2013__#01-26-10_01-28-12_label_B6-B2-0__8.npy,B6-B2-0
Fast.Furious.6.2013__#01-26-10_01-28-12_label_B6-B2-0__9.npy,B6-B2-0
Crank.Dircut.2006__#01-06-54_01-07-05_label_B6-B2-0__0.npy,B6-B2-0
Crank.Dircut.2006__#01-06-54_01-07-05_label_B6-B2-0__1.npy,B6-B2-0
Crank.Dircut.2006__#01-06-54_01-07-05_label_B6-B2-0__2.npy,B6-B2-0
Crank.Dircut.2006__#01-06-54_01-07-05_label_B6-B2-0__3.npy,B6-B2-0
Crank.Dircut.2006__#01-06-54_01-07-05_label_B6-B2-0__4.npy,B6-B2-0
Crank.Dircut.2006__#01-06-54_01-07-05_label_B6-B2-0__5.npy,B6-B2-0
Crank.Dircut.2006__#01-06-54_01-07-05_label_B6-B2-0__6.npy,B6-B2-0
Crank.Dircut.2006__#01-06-54_01-07-05_label_B6-B2-0__7.npy,B6-B2-0
Crank.Dircut.2006__#01-06-54_01-07-05_label_B6-B2-0__8.npy,B6-B2-0
Crank.Dircut.2006__#01-06-54_01-07-05_label_B6-B2-0__9.npy,B6-B2-0
Mission.Impossible.III.2006__#01-02-54_01-04-32_label_G-B6-0__0.npy,G-B6-0
Mission.Impossible.III.2006__#01-02-54_01-04-32_label_G-B6-0__1.npy,G-B6-0
Mission.Impossible.III.2006__#01-02-54_01-04-32_label_G-B6-0__2.npy,G-B6-0
Mission.Impossible.III.2006__#01-02-54_01-04-32_label_G-B6-0__3.npy,G-B6-0
Mission.Impossible.III.2006__#01-02-54_01-04-32_label_G-B6-0__4.npy,G-B6-0
Mission.Impossible.III.2006__#01-02-54_01-04-32_label_G-B6-0__5.npy,G-B6-0
Mission.Impossible.III.2006__#01-02-54_01-04-32_label_G-B6-0__6.npy,G-B6-0
Mission.Impossible.III.2006__#01-02-54_01-04-32_label_G-B6-0__7.npy,G-B6-0
Mission.Impossible.III.2006__#01-02-54_01-04-32_label_G-B6-0__8.npy,G-B6-0
Mission.Impossible.III.2006__#01-02-54_01-04-32_label_G-B6-0__9.npy,G-B6-0
Fast.Five.2011__#01-50-50_01-51-37_label_B2-B6-0__0.npy,B2-B6-0
Fast.Five.2011__#01-50-50_01-51-37_label_B2-B6-0__1.npy,B2-B6-0
Fast.Five.2011__#01-50-50_01-51-37_label_B2-B6-0__2.npy,B2-B6-0
Fast.Five.2011__#01-50-50_01-51-37_label_B2-B6-0__3.npy,B2-B6-0
Fast.Five.2011__#01-50-50_01-51-37_label_B2-B6-0__4.npy,B2-B6-0
Fast.Five.2011__#01-50-50_01-51-37_label_B2-B6-0__5.npy,B2-B6-0
Fast.Five.2011__#01-50-50_01-51-37_label_B2-B6-0__6.npy,B2-B6-0
Fast.Five.2011__#01-50-50_01-51-37_label_B2-B6-0__7.npy,B2-B6-0
Fast.Five.2011__#01-50-50_01-51-37_label_B2-B6-0__8.npy,B2-B6-0
Fast.Five.2011__#01-50-50_01-51-37_label_B2-B6-0__9.npy,B2-B6-0
Taken.2.UNRATED.EXTENDED.2012__#00-31-10_00-31-40_label_B2-B6-0__0.npy,B2-B6-0
Taken.2.UNRATED.EXTENDED.2012__#00-31-10_00-31-40_label_B2-B6-0__1.npy,B2-B6-0
Taken.2.UNRATED.EXTENDED.2012__#00-31-10_00-31-40_label_B2-B6-0__2.npy,B2-B6-0
Taken.2.UNRATED.EXTENDED.2012__#00-31-10_00-31-40_label_B2-B6-0__3.npy,B2-B6-0
Taken.2.UNRATED.EXTENDED.2012__#00-31-10_00-31-40_label_B2-B6-0__4.npy,B2-B6-0
Taken.2.UNRATED.EXTENDED.2012__#00-31-10_00-31-40_label_B2-B6-0__5.npy,B2-B6-0
Taken.2.UNRATED.EXTENDED.2012__#00-31-10_00-31-40_label_B2-B6-0__6.npy,B2-B6-0
Taken.2.UNRATED.EXTENDED.2012__#00-31-10_00-31-40_label_B2-B6-0__7.npy,B2-B6-0
Taken.2.UNRATED.EXTENDED.2012__#00-31-10_00-31-40_label_B2-B6-0__8.npy,B2-B6-0
Taken.2.UNRATED.EXTENDED.2012__#00-31-10_00-31-40_label_B2-B6-0__9.npy,B2-B6-0
Quantum.Of.Solace.2008__#00-00-44_00-03-45_label_B2-B6-0__0.npy,B2-B6-0
Quantum.Of.Solace.2008__#00-00-44_00-03-45_label_B2-B6-0__1.npy,B2-B6-0
Quantum.Of.Solace.2008__#00-00-44_00-03-45_label_B2-B6-0__2.npy,B2-B6-0
Quantum.Of.Solace.2008__#00-00-44_00-03-45_label_B2-B6-0__3.npy,B2-B6-0
Quantum.Of.Solace.2008__#00-00-44_00-03-45_label_B2-B6-0__4.npy,B2-B6-0
Quantum.Of.Solace.2008__#00-00-44_00-03-45_label_B2-B6-0__5.npy,B2-B6-0
Quantum.Of.Solace.2008__#00-00-44_00-03-45_label_B2-B6-0__6.npy,B2-B6-0
Quantum.Of.Solace.2008__#00-00-44_00-03-45_label_B2-B6-0__7.npy,B2-B6-0
Quantum.Of.Solace.2008__#00-00-44_00-03-45_label_B2-B6-0__8.npy,B2-B6-0
Quantum.Of.Solace.2008__#00-00-44_00-03-45_label_B2-B6-0__9.npy,B2-B6-0
The.Bourne.Supremacy.2004__#0-16-21_0-17-00_label_B6-B2-0__0.npy,B6-B2-0
The.Bourne.Supremacy.2004__#0-16-21_0-17-00_label_B6-B2-0__1.npy,B6-B2-0
The.Bourne.Supremacy.2004__#0-16-21_0-17-00_label_B6-B2-0__2.npy,B6-B2-0
The.Bourne.Supremacy.2004__#0-16-21_0-17-00_label_B6-B2-0__3.npy,B6-B2-0
The.Bourne.Supremacy.2004__#0-16-21_0-17-00_label_B6-B2-0__4.npy,B6-B2-0
The.Bourne.Supremacy.2004__#0-16-21_0-17-00_label_B6-B2-0__5.npy,B6-B2-0
The.Bourne.Supremacy.2004__#0-16-21_0-17-00_label_B6-B2-0__6.npy,B6-B2-0
The.Bourne.Supremacy.2004__#0-16-21_0-17-00_label_B6-B2-0__7.npy,B6-B2-0
The.Bourne.Supremacy.2004__#0-16-21_0-17-00_label_B6-B2-0__8.npy,B6-B2-0
The.Bourne.Supremacy.2004__#0-16-21_0-17-00_label_B6-B2-0__9.npy,B6-B2-0
The.Bourne.Supremacy.2004__#01-28-07_01-33-16_label_B6-B2-0__0.npy,B6-B2-0
The.Bourne.Supremacy.2004__#01-28-07_01-33-16_label_B6-B2-0__1.npy,B6-B2-0
The.Bourne.Supremacy.2004__#01-28-07_01-33-16_label_B6-B2-0__2.npy,B6-B2-0
The.Bourne.Supremacy.2004__#01-28-07_01-33-16_label_B6-B2-0__3.npy,B6-B2-0
The.Bourne.Supremacy.2004__#01-28-07_01-33-16_label_B6-B2-0__4.npy,B6-B2-0
The.Bourne.Supremacy.2004__#01-28-07_01-33-16_label_B6-B2-0__5.npy,B6-B2-0
The.Bourne.Supremacy.2004__#01-28-07_01-33-16_label_B6-B2-0__6.npy,B6-B2-0
The.Bourne.Supremacy.2004__#01-28-07_01-33-16_label_B6-B2-0__7.npy,B6-B2-0
The.Bourne.Supremacy.2004__#01-28-07_01-33-16_label_B6-B2-0__8.npy,B6-B2-0
The.Bourne.Supremacy.2004__#01-28-07_01-33-16_label_B6-B2-0__9.npy,B6-B2-0
Skyfall.2012__#00-06-26_00-06-56_label_B2-B6-0__0.npy,B2-B6-0
Skyfall.2012__#00-06-26_00-06-56_label_B2-B6-0__1.npy,B2-B6-0
Skyfall.2012__#00-06-26_00-06-56_label_B2-B6-0__2.npy,B2-B6-0
Skyfall.2012__#00-06-26_00-06-56_label_B2-B6-0__3.npy,B2-B6-0
Skyfall.2012__#00-06-26_00-06-56_label_B2-B6-0__4.npy,B2-B6-0
Skyfall.2012__#00-06-26_00-06-56_label_B2-B6-0__5.npy,B2-B6-0
Skyfall.2012__#00-06-26_00-06-56_label_B2-B6-0__6.npy,B2-B6-0
Skyfall.2012__#00-06-26_00-06-56_label_B2-B6-0__7.npy,B2-B6-0
Skyfall.2012__#00-06-26_00-06-56_label_B2-B6-0__8.npy,B2-B6-0
Skyfall.2012__#00-06-26_00-06-56_label_B2-B6-0__9.npy,B2-B6-0
Taken.2.UNRATED.EXTENDED.2012__#01-08-35_01-08-55_label_B6-G-0__0.npy,B6-G-0
Taken.2.UNRATED.EXTENDED.2012__#01-08-35_01-08-55_label_B6-G-0__1.npy,B6-G-0
Taken.2.UNRATED.EXTENDED.2012__#01-08-35_01-08-55_label_B6-G-0__2.npy,B6-G-0
Taken.2.UNRATED.EXTENDED.2012__#01-08-35_01-08-55_label_B6-G-0__3.npy,B6-G-0
Taken.2.UNRATED.EXTENDED.2012__#01-08-35_01-08-55_label_B6-G-0__4.npy,B6-G-0
Taken.2.UNRATED.EXTENDED.2012__#01-08-35_01-08-55_label_B6-G-0__5.npy,B6-G-0
Taken.2.UNRATED.EXTENDED.2012__#01-08-35_01-08-55_label_B6-G-0__6.npy,B6-G-0
Taken.2.UNRATED.EXTENDED.2012__#01-08-35_01-08-55_label_B6-G-0__7.npy,B6-G-0
Taken.2.UNRATED.EXTENDED.2012__#01-08-35_01-08-55_label_B6-G-0__8.npy,B6-G-0
Taken.2.UNRATED.EXTENDED.2012__#01-08-35_01-08-55_label_B6-G-0__9.npy,B6-G-0
Operation.Red.Sea.2018__#0-35-18_0-36-03_label_B2-B6-0__0.npy,B2-B6-0
Operation.Red.Sea.2018__#0-35-18_0-36-03_label_B2-B6-0__1.npy,B2-B6-0
Operation.Red.Sea.2018__#0-35-18_0-36-03_label_B2-B6-0__2.npy,B2-B6-0
Operation.Red.Sea.2018__#0-35-18_0-36-03_label_B2-B6-0__3.npy,B2-B6-0
Operation.Red.Sea.2018__#0-35-18_0-36-03_label_B2-B6-0__4.npy,B2-B6-0
Operation.Red.Sea.2018__#0-35-18_0-36-03_label_B2-B6-0__5.npy,B2-B6-0
Operation.Red.Sea.2018__#0-35-18_0-36-03_label_B2-B6-0__6.npy,B2-B6-0
Operation.Red.Sea.2018__#0-35-18_0-36-03_label_B2-B6-0__7.npy,B2-B6-0
Operation.Red.Sea.2018__#0-35-18_0-36-03_label_B2-B6-0__8.npy,B2-B6-0
Operation.Red.Sea.2018__#0-35-18_0-36-03_label_B2-B6-0__9.npy,B2-B6-0
Salt.2010__#00-55-52_00-57-50_label_B1-B5-B6__0.npy,B1-B5-B6
Salt.2010__#00-55-52_00-57-50_label_B1-B5-B6__1.npy,B1-B5-B6
Salt.2010__#00-55-52_00-57-50_label_B1-B5-B6__2.npy,B1-B5-B6
Salt.2010__#00-55-52_00-57-50_label_B1-B5-B6__3.npy,B1-B5-B6
Salt.2010__#00-55-52_00-57-50_label_B1-B5-B6__4.npy,B1-B5-B6
Salt.2010__#00-55-52_00-57-50_label_B1-B5-B6__5.npy,B1-B5-B6
Salt.2010__#00-55-52_00-57-50_label_B1-B5-B6__6.npy,B1-B5-B6
Salt.2010__#00-55-52_00-57-50_label_B1-B5-B6__7.npy,B1-B5-B6
Salt.2010__#00-55-52_00-57-50_label_B1-B5-B6__8.npy,B1-B5-B6
Salt.2010__#00-55-52_00-57-50_label_B1-B5-B6__9.npy,B1-B5-B6
Sin.City.2005__#01-17-34_01-18-27_label_B6-B2-0__0.npy,B6-B2-0
Sin.City.2005__#01-17-34_01-18-27_label_B6-B2-0__1.npy,B6-B2-0
Sin.City.2005__#01-17-34_01-18-27_label_B6-B2-0__2.npy,B6-B2-0
Sin.City.2005__#01-17-34_01-18-27_label_B6-B2-0__3.npy,B6-B2-0
Sin.City.2005__#01-17-34_01-18-27_label_B6-B2-0__4.npy,B6-B2-0
Sin.City.2005__#01-17-34_01-18-27_label_B6-B2-0__5.npy,B6-B2-0
Sin.City.2005__#01-17-34_01-18-27_label_B6-B2-0__6.npy,B6-B2-0
Sin.City.2005__#01-17-34_01-18-27_label_B6-B2-0__7.npy,B6-B2-0
Sin.City.2005__#01-17-34_01-18-27_label_B6-B2-0__8.npy,B6-B2-0
Sin.City.2005__#01-17-34_01-18-27_label_B6-B2-0__9.npy,B6-B2-0
Rush.Hour.3.2007.BluRay__#00-08-51_00-09-10_label_B2-B6-0__0.npy,B2-B6-0
Rush.Hour.3.2007.BluRay__#00-08-51_00-09-10_label_B2-B6-0__1.npy,B2-B6-0
Rush.Hour.3.2007.BluRay__#00-08-51_00-09-10_label_B2-B6-0__2.npy,B2-B6-0
Rush.Hour.3.2007.BluRay__#00-08-51_00-09-10_label_B2-B6-0__3.npy,B2-B6-0
Rush.Hour.3.2007.BluRay__#00-08-51_00-09-10_label_B2-B6-0__4.npy,B2-B6-0
Rush.Hour.3.2007.BluRay__#00-08-51_00-09-10_label_B2-B6-0__5.npy,B2-B6-0
Rush.Hour.3.2007.BluRay__#00-08-51_00-09-10_label_B2-B6-0__6.npy,B2-B6-0
Rush.Hour.3.2007.BluRay__#00-08-51_00-09-10_label_B2-B6-0__7.npy,B2-B6-0
Rush.Hour.3.2007.BluRay__#00-08-51_00-09-10_label_B2-B6-0__8.npy,B2-B6-0
Rush.Hour.3.2007.BluRay__#00-08-51_00-09-10_label_B2-B6-0__9.npy,B2-B6-0
Taken.3.2014__#00-46-08_00-46-32_label_B2-B6-0__0.npy,B2-B6-0
Taken.3.2014__#00-46-08_00-46-32_label_B2-B6-0__1.npy,B2-B6-0
Taken.3.2014__#00-46-08_00-46-32_label_B2-B6-0__2.npy,B2-B6-0
Taken.3.2014__#00-46-08_00-46-32_label_B2-B6-0__3.npy,B2-B6-0
Taken.3.2014__#00-46-08_00-46-32_label_B2-B6-0__4.npy,B2-B6-0
Taken.3.2014__#00-46-08_00-46-32_label_B2-B6-0__5.npy,B2-B6-0
Taken.3.2014__#00-46-08_00-46-32_label_B2-B6-0__6.npy,B2-B6-0
Taken.3.2014__#00-46-08_00-46-32_label_B2-B6-0__7.npy,B2-B6-0
Taken.3.2014__#00-46-08_00-46-32_label_B2-B6-0__8.npy,B2-B6-0
Taken.3.2014__#00-46-08_00-46-32_label_B2-B6-0__9.npy,B2-B6-0
v=j5vwnjZVgnc__#1_label_B6-G-0__0.npy,B6-G-0
v=j5vwnjZVgnc__#1_label_B6-G-0__1.npy,B6-G-0
v=j5vwnjZVgnc__#1_label_B6-G-0__2.npy,B6-G-0
v=j5vwnjZVgnc__#1_label_B6-G-0__3.npy,B6-G-0
v=j5vwnjZVgnc__#1_label_B6-G-0__4.npy,B6-G-0
v=j5vwnjZVgnc__#1_label_B6-G-0__5.npy,B6-G-0
v=j5vwnjZVgnc__#1_label_B6-G-0__6.npy,B6-G-0
v=j5vwnjZVgnc__#1_label_B6-G-0__7.npy,B6-G-0
v=j5vwnjZVgnc__#1_label_B6-G-0__8.npy,B6-G-0
v=j5vwnjZVgnc__#1_label_B6-G-0__9.npy,B6-G-0
v=AqmD1zuTcxE__#1_label_B2-G-B6__0.npy,B2-G-B6
v=AqmD1zuTcxE__#1_label_B2-G-B6__1.npy,B2-G-B6
v=AqmD1zuTcxE__#1_label_B2-G-B6__2.npy,B2-G-B6
v=AqmD1zuTcxE__#1_label_B2-G-B6__3.npy,B2-G-B6
v=AqmD1zuTcxE__#1_label_B2-G-B6__4.npy,B2-G-B6
v=AqmD1zuTcxE__#1_label_B2-G-B6__5.npy,B2-G-B6
v=AqmD1zuTcxE__#1_label_B2-G-B6__6.npy,B2-G-B6
v=AqmD1zuTcxE__#1_label_B2-G-B6__7.npy,B2-G-B6
v=AqmD1zuTcxE__#1_label_B2-G-B6__8.npy,B2-G-B6
v=AqmD1zuTcxE__#1_label_B2-G-B6__9.npy,B2-G-B6
v=stupPQ782U8__#00-02-02_00-04-02_label_G-B6-0__0.npy,G-B6-0
v=stupPQ782U8__#00-02-02_00-04-02_label_G-B6-0__1.npy,G-B6-0
v=stupPQ782U8__#00-02-02_00-04-02_label_G-B6-0__2.npy,G-B6-0
v=stupPQ782U8__#00-02-02_00-04-02_label_G-B6-0__3.npy,G-B6-0
v=stupPQ782U8__#00-02-02_00-04-02_label_G-B6-0__4.npy,G-B6-0
v=stupPQ782U8__#00-02-02_00-04-02_label_G-B6-0__5.npy,G-B6-0
v=stupPQ782U8__#00-02-02_00-04-02_label_G-B6-0__6.npy,G-B6-0
v=stupPQ782U8__#00-02-02_00-04-02_label_G-B6-0__7.npy,G-B6-0
v=stupPQ782U8__#00-02-02_00-04-02_label_G-B6-0__8.npy,G-B6-0
v=stupPQ782U8__#00-02-02_00-04-02_label_G-B6-0__9.npy,G-B6-0
wangted.2008__#0-14-01_0-20-25_label_B2-B6-0__0.npy,B2-B6-0
wangted.2008__#0-14-01_0-20-25_label_B2-B6-0__1.npy,B2-B6-0
wangted.2008__#0-14-01_0-20-25_label_B2-B6-0__2.npy,B2-B6-0
wangted.2008__#0-14-01_0-20-25_label_B2-B6-0__3.npy,B2-B6-0
wangted.2008__#0-14-01_0-20-25_label_B2-B6-0__4.npy,B2-B6-0
wangted.2008__#0-14-01_0-20-25_label_B2-B6-0__5.npy,B2-B6-0
wangted.2008__#0-14-01_0-20-25_label_B2-B6-0__6.npy,B2-B6-0
wangted.2008__#0-14-01_0-20-25_label_B2-B6-0__7.npy,B2-B6-0
wangted.2008__#0-14-01_0-20-25_label_B2-B6-0__8.npy,B2-B6-0
wangted.2008__#0-14-01_0-20-25_label_B2-B6-0__9.npy,B2-B6-0
wangted.2008__#01-27-20_01-28-20_label_B2-B6-0__0.npy,B2-B6-0
wangted.2008__#01-27-20_01-28-20_label_B2-B6-0__1.npy,B2-B6-0
wangted.2008__#01-27-20_01-28-20_label_B2-B6-0__2.npy,B2-B6-0
wangted.2008__#01-27-20_01-28-20_label_B2-B6-0__3.npy,B2-B6-0
wangted.2008__#01-27-20_01-28-20_label_B2-B6-0__4.npy,B2-B6-0
wangted.2008__#01-27-20_01-28-20_label_B2-B6-0__5.npy,B2-B6-0
wangted.2008__#01-27-20_01-28-20_label_B2-B6-0__6.npy,B2-B6-0
wangted.2008__#01-27-20_01-28-20_label_B2-B6-0__7.npy,B2-B6-0
wangted.2008__#01-27-20_01-28-20_label_B2-B6-0__8.npy,B2-B6-0
wangted.2008__#01-27-20_01-28-20_label_B2-B6-0__9.npy,B2-B6-0
Good.Will.Hunting.1997__#00-50-26_00-55-16_label_A__0.npy,A
Good.Will.Hunting.1997__#00-50-26_00-55-16_label_A__1.npy,A
Good.Will.Hunting.1997__#00-50-26_00-55-16_label_A__2.npy,A
Good.Will.Hunting.1997__#00-50-26_00-55-16_label_A__3.npy,A
Good.Will.Hunting.1997__#00-50-26_00-55-16_label_A__4.npy,A
Good.Will.Hunting.1997__#00-50-26_00-55-16_label_A__5.npy,A
Good.Will.Hunting.1997__#00-50-26_00-55-16_label_A__6.npy,A
Good.Will.Hunting.1997__#00-50-26_00-55-16_label_A__7.npy,A
Good.Will.Hunting.1997__#00-50-26_00-55-16_label_A__8.npy,A
Good.Will.Hunting.1997__#00-50-26_00-55-16_label_A__9.npy,A
v=fkps18H3SXY__#01-12-00_01-18-00_label_A__0.npy,A
v=fkps18H3SXY__#01-12-00_01-18-00_label_A__1.npy,A
v=fkps18H3SXY__#01-12-00_01-18-00_label_A__2.npy,A
v=fkps18H3SXY__#01-12-00_01-18-00_label_A__3.npy,A
v=fkps18H3SXY__#01-12-00_01-18-00_label_A__4.npy,A
v=fkps18H3SXY__#01-12-00_01-18-00_label_A__5.npy,A
v=fkps18H3SXY__#01-12-00_01-18-00_label_A__6.npy,A
v=fkps18H3SXY__#01-12-00_01-18-00_label_A__7.npy,A
v=fkps18H3SXY__#01-12-00_01-18-00_label_A__8.npy,A
v=fkps18H3SXY__#01-12-00_01-18-00_label_A__9.npy,A
New.Kids.Turbo.2010__#00-58-34_00-59-04_label_A__0.npy,A
New.Kids.Turbo.2010__#00-58-34_00-59-04_label_A__1.npy,A
New.Kids.Turbo.2010__#00-58-34_00-59-04_label_A__2.npy,A
New.Kids.Turbo.2010__#00-58-34_00-59-04_label_A__3.npy,A
New.Kids.Turbo.2010__#00-58-34_00-59-04_label_A__4.npy,A
New.Kids.Turbo.2010__#00-58-34_00-59-04_label_A__5.npy,A
New.Kids.Turbo.2010__#00-58-34_00-59-04_label_A__6.npy,A
New.Kids.Turbo.2010__#00-58-34_00-59-04_label_A__7.npy,A
New.Kids.Turbo.2010__#00-58-34_00-59-04_label_A__8.npy,A
New.Kids.Turbo.2010__#00-58-34_00-59-04_label_A__9.npy,A
v=hHJcYL0VEsA__#1_label_A__0.npy,A
v=hHJcYL0VEsA__#1_label_A__1.npy,A
v=hHJcYL0VEsA__#1_label_A__2.npy,A
v=hHJcYL0VEsA__#1_label_A__3.npy,A
v=hHJcYL0VEsA__#1_label_A__4.npy,A
v=hHJcYL0VEsA__#1_label_A__5.npy,A
v=hHJcYL0VEsA__#1_label_A__6.npy,A
v=hHJcYL0VEsA__#1_label_A__7.npy,A
v=hHJcYL0VEsA__#1_label_A__8.npy,A
v=hHJcYL0VEsA__#1_label_A__9.npy,A
Shoot.Em.Up.2007__#00-47-30_00-49-40_label_A__0.npy,A
Shoot.Em.Up.2007__#00-47-30_00-49-40_label_A__1.npy,A
Shoot.Em.Up.2007__#00-47-30_00-49-40_label_A__2.npy,A
Shoot.Em.Up.2007__#00-47-30_00-49-40_label_A__3.npy,A
Shoot.Em.Up.2007__#00-47-30_00-49-40_label_A__4.npy,A
Shoot.Em.Up.2007__#00-47-30_00-49-40_label_A__5.npy,A
Shoot.Em.Up.2007__#00-47-30_00-49-40_label_A__6.npy,A
Shoot.Em.Up.2007__#00-47-30_00-49-40_label_A__7.npy,A
Shoot.Em.Up.2007__#00-47-30_00-49-40_label_A__8.npy,A
Shoot.Em.Up.2007__#00-47-30_00-49-40_label_A__9.npy,A
City.Of.Men.2007__#00-26-43_00-27-53_label_A__0.npy,A
City.Of.Men.2007__#00-26-43_00-27-53_label_A__1.npy,A
City.Of.Men.2007__#00-26-43_00-27-53_label_A__2.npy,A
City.Of.Men.2007__#00-26-43_00-27-53_label_A__3.npy,A
City.Of.Men.2007__#00-26-43_00-27-53_label_A__4.npy,A
City.Of.Men.2007__#00-26-43_00-27-53_label_A__5.npy,A
City.Of.Men.2007__#00-26-43_00-27-53_label_A__6.npy,A
City.Of.Men.2007__#00-26-43_00-27-53_label_A__7.npy,A
City.Of.Men.2007__#00-26-43_00-27-53_label_A__8.npy,A
City.Of.Men.2007__#00-26-43_00-27-53_label_A__9.npy,A
v=RFjN_SM7ijc__#1_label_A__0.npy,A
v=RFjN_SM7ijc__#1_label_A__1.npy,A
v=RFjN_SM7ijc__#1_label_A__2.npy,A
v=RFjN_SM7ijc__#1_label_A__3.npy,A
v=RFjN_SM7ijc__#1_label_A__4.npy,A
v=RFjN_SM7ijc__#1_label_A__5.npy,A
v=RFjN_SM7ijc__#1_label_A__6.npy,A
v=RFjN_SM7ijc__#1_label_A__7.npy,A
v=RFjN_SM7ijc__#1_label_A__8.npy,A
v=RFjN_SM7ijc__#1_label_A__9.npy,A
v=BGPGknpq3e0__#1_label_A__0.npy,A
v=BGPGknpq3e0__#1_label_A__1.npy,A
v=BGPGknpq3e0__#1_label_A__2.npy,A
v=BGPGknpq3e0__#1_label_A__3.npy,A
v=BGPGknpq3e0__#1_label_A__4.npy,A
v=BGPGknpq3e0__#1_label_A__5.npy,A
v=BGPGknpq3e0__#1_label_A__6.npy,A
v=BGPGknpq3e0__#1_label_A__7.npy,A
v=BGPGknpq3e0__#1_label_A__8.npy,A
v=BGPGknpq3e0__#1_label_A__9.npy,A
The.Intouchables.2011__#00-23-50_00-24-31_label_A__0.npy,A
The.Intouchables.2011__#00-23-50_00-24-31_label_A__1.npy,A
The.Intouchables.2011__#00-23-50_00-24-31_label_A__2.npy,A
The.Intouchables.2011__#00-23-50_00-24-31_label_A__3.npy,A
The.Intouchables.2011__#00-23-50_00-24-31_label_A__4.npy,A
The.Intouchables.2011__#00-23-50_00-24-31_label_A__5.npy,A
The.Intouchables.2011__#00-23-50_00-24-31_label_A__6.npy,A
The.Intouchables.2011__#00-23-50_00-24-31_label_A__7.npy,A
The.Intouchables.2011__#00-23-50_00-24-31_label_A__8.npy,A
The.Intouchables.2011__#00-23-50_00-24-31_label_A__9.npy,A
v=EocJm3Dry4E__#1_label_A__0.npy,A
v=EocJm3Dry4E__#1_label_A__1.npy,A
v=EocJm3Dry4E__#1_label_A__2.npy,A
v=EocJm3Dry4E__#1_label_A__3.npy,A
v=EocJm3Dry4E__#1_label_A__4.npy,A
v=EocJm3Dry4E__#1_label_A__5.npy,A
v=EocJm3Dry4E__#1_label_A__6.npy,A
v=EocJm3Dry4E__#1_label_A__7.npy,A
v=EocJm3Dry4E__#1_label_A__8.npy,A
v=EocJm3Dry4E__#1_label_A__9.npy,A
v=Yr41_8QOTF8__#00-00-00_00-03-00_label_A__0.npy,A
v=Yr41_8QOTF8__#00-00-00_00-03-00_label_A__1.npy,A
v=Yr41_8QOTF8__#00-00-00_00-03-00_label_A__2.npy,A
v=Yr41_8QOTF8__#00-00-00_00-03-00_label_A__3.npy,A
v=Yr41_8QOTF8__#00-00-00_00-03-00_label_A__4.npy,A
v=Yr41_8QOTF8__#00-00-00_00-03-00_label_A__5.npy,A
v=Yr41_8QOTF8__#00-00-00_00-03-00_label_A__6.npy,A
v=Yr41_8QOTF8__#00-00-00_00-03-00_label_A__7.npy,A
v=Yr41_8QOTF8__#00-00-00_00-03-00_label_A__8.npy,A
v=Yr41_8QOTF8__#00-00-00_00-03-00_label_A__9.npy,A
v=T1s-h38GvmA__#1_label_A__0.npy,A
v=T1s-h38GvmA__#1_label_A__1.npy,A
v=T1s-h38GvmA__#1_label_A__2.npy,A
v=T1s-h38GvmA__#1_label_A__3.npy,A
v=T1s-h38GvmA__#1_label_A__4.npy,A
v=T1s-h38GvmA__#1_label_A__5.npy,A
v=T1s-h38GvmA__#1_label_A__6.npy,A
v=T1s-h38GvmA__#1_label_A__7.npy,A
v=T1s-h38GvmA__#1_label_A__8.npy,A
v=T1s-h38GvmA__#1_label_A__9.npy,A
Love.Me.If.You.Dare.2003__#00-39-25_00-45-16_label_A__0.npy,A
Love.Me.If.You.Dare.2003__#00-39-25_00-45-16_label_A__1.npy,A
Love.Me.If.You.Dare.2003__#00-39-25_00-45-16_label_A__2.npy,A
Love.Me.If.You.Dare.2003__#00-39-25_00-45-16_label_A__3.npy,A
Love.Me.If.You.Dare.2003__#00-39-25_00-45-16_label_A__4.npy,A
Love.Me.If.You.Dare.2003__#00-39-25_00-45-16_label_A__5.npy,A
Love.Me.If.You.Dare.2003__#00-39-25_00-45-16_label_A__6.npy,A
Love.Me.If.You.Dare.2003__#00-39-25_00-45-16_label_A__7.npy,A
Love.Me.If.You.Dare.2003__#00-39-25_00-45-16_label_A__8.npy,A
Love.Me.If.You.Dare.2003__#00-39-25_00-45-16_label_A__9.npy,A
Haywire.2011__#00-05-37_00-07-13_label_A__0.npy,A
Haywire.2011__#00-05-37_00-07-13_label_A__1.npy,A
Haywire.2011__#00-05-37_00-07-13_label_A__2.npy,A
Haywire.2011__#00-05-37_00-07-13_label_A__3.npy,A
Haywire.2011__#00-05-37_00-07-13_label_A__4.npy,A
Haywire.2011__#00-05-37_00-07-13_label_A__5.npy,A
Haywire.2011__#00-05-37_00-07-13_label_A__6.npy,A
Haywire.2011__#00-05-37_00-07-13_label_A__7.npy,A
Haywire.2011__#00-05-37_00-07-13_label_A__8.npy,A
Haywire.2011__#00-05-37_00-07-13_label_A__9.npy,A
v=CUowt8pwRCM__#1_label_A__0.npy,A
v=CUowt8pwRCM__#1_label_A__1.npy,A
v=CUowt8pwRCM__#1_label_A__2.npy,A
v=CUowt8pwRCM__#1_label_A__3.npy,A
v=CUowt8pwRCM__#1_label_A__4.npy,A
v=CUowt8pwRCM__#1_label_A__5.npy,A
v=CUowt8pwRCM__#1_label_A__6.npy,A
v=CUowt8pwRCM__#1_label_A__7.npy,A
v=CUowt8pwRCM__#1_label_A__8.npy,A
v=CUowt8pwRCM__#1_label_A__9.npy,A
The.Intouchables.2011__#00-31-05_00-32-05_label_A__0.npy,A
The.Intouchables.2011__#00-31-05_00-32-05_label_A__1.npy,A
The.Intouchables.2011__#00-31-05_00-32-05_label_A__2.npy,A
The.Intouchables.2011__#00-31-05_00-32-05_label_A__3.npy,A
The.Intouchables.2011__#00-31-05_00-32-05_label_A__4.npy,A
The.Intouchables.2011__#00-31-05_00-32-05_label_A__5.npy,A
The.Intouchables.2011__#00-31-05_00-32-05_label_A__6.npy,A
The.Intouchables.2011__#00-31-05_00-32-05_label_A__7.npy,A
The.Intouchables.2011__#00-31-05_00-32-05_label_A__8.npy,A
The.Intouchables.2011__#00-31-05_00-32-05_label_A__9.npy,A
v=AqFWYZsOgWY__#00-39-00_00-42-00_label_A__0.npy,A
v=AqFWYZsOgWY__#00-39-00_00-42-00_label_A__1.npy,A
v=AqFWYZsOgWY__#00-39-00_00-42-00_label_A__2.npy,A
v=AqFWYZsOgWY__#00-39-00_00-42-00_label_A__3.npy,A
v=AqFWYZsOgWY__#00-39-00_00-42-00_label_A__4.npy,A
v=AqFWYZsOgWY__#00-39-00_00-42-00_label_A__5.npy,A
v=AqFWYZsOgWY__#00-39-00_00-42-00_label_A__6.npy,A
v=AqFWYZsOgWY__#00-39-00_00-42-00_label_A__7.npy,A
v=AqFWYZsOgWY__#00-39-00_00-42-00_label_A__8.npy,A
v=AqFWYZsOgWY__#00-39-00_00-42-00_label_A__9.npy,A
Bad.Boys.II.2003__#00-23-01_00-25-06_label_A__0.npy,A
Bad.Boys.II.2003__#00-23-01_00-25-06_label_A__1.npy,A
Bad.Boys.II.2003__#00-23-01_00-25-06_label_A__2.npy,A
Bad.Boys.II.2003__#00-23-01_00-25-06_label_A__3.npy,A
Bad.Boys.II.2003__#00-23-01_00-25-06_label_A__4.npy,A
Bad.Boys.II.2003__#00-23-01_00-25-06_label_A__5.npy,A
Bad.Boys.II.2003__#00-23-01_00-25-06_label_A__6.npy,A
Bad.Boys.II.2003__#00-23-01_00-25-06_label_A__7.npy,A
Bad.Boys.II.2003__#00-23-01_00-25-06_label_A__8.npy,A
Bad.Boys.II.2003__#00-23-01_00-25-06_label_A__9.npy,A
Jason.Bourne.2016__#0-05-33_0-07-56_label_A__0.npy,A
Jason.Bourne.2016__#0-05-33_0-07-56_label_A__1.npy,A
Jason.Bourne.2016__#0-05-33_0-07-56_label_A__2.npy,A
Jason.Bourne.2016__#0-05-33_0-07-56_label_A__3.npy,A
Jason.Bourne.2016__#0-05-33_0-07-56_label_A__4.npy,A
Jason.Bourne.2016__#0-05-33_0-07-56_label_A__5.npy,A
Jason.Bourne.2016__#0-05-33_0-07-56_label_A__6.npy,A
Jason.Bourne.2016__#0-05-33_0-07-56_label_A__7.npy,A
Jason.Bourne.2016__#0-05-33_0-07-56_label_A__8.npy,A
Jason.Bourne.2016__#0-05-33_0-07-56_label_A__9.npy,A
Taken.2.UNRATED.EXTENDED.2012__#00-22-20_00-23-38_label_A__0.npy,A
Taken.2.UNRATED.EXTENDED.2012__#00-22-20_00-23-38_label_A__1.npy,A
Taken.2.UNRATED.EXTENDED.2012__#00-22-20_00-23-38_label_A__2.npy,A
Taken.2.UNRATED.EXTENDED.2012__#00-22-20_00-23-38_label_A__3.npy,A
Taken.2.UNRATED.EXTENDED.2012__#00-22-20_00-23-38_label_A__4.npy,A
Taken.2.UNRATED.EXTENDED.2012__#00-22-20_00-23-38_label_A__5.npy,A
Taken.2.UNRATED.EXTENDED.2012__#00-22-20_00-23-38_label_A__6.npy,A
Taken.2.UNRATED.EXTENDED.2012__#00-22-20_00-23-38_label_A__7.npy,A
Taken.2.UNRATED.EXTENDED.2012__#00-22-20_00-23-38_label_A__8.npy,A
Taken.2.UNRATED.EXTENDED.2012__#00-22-20_00-23-38_label_A__9.npy,A
v=uq0-ncI0MNg__#1_label_A__0.npy,A
v=uq0-ncI0MNg__#1_label_A__1.npy,A
v=uq0-ncI0MNg__#1_label_A__2.npy,A
v=uq0-ncI0MNg__#1_label_A__3.npy,A
v=uq0-ncI0MNg__#1_label_A__4.npy,A
v=uq0-ncI0MNg__#1_label_A__5.npy,A
v=uq0-ncI0MNg__#1_label_A__6.npy,A
v=uq0-ncI0MNg__#1_label_A__7.npy,A
v=uq0-ncI0MNg__#1_label_A__8.npy,A
v=uq0-ncI0MNg__#1_label_A__9.npy,A
v=AqFWYZsOgWY__#00-30-00_00-33-00_label_A__0.npy,A
v=AqFWYZsOgWY__#00-30-00_00-33-00_label_A__1.npy,A
v=AqFWYZsOgWY__#00-30-00_00-33-00_label_A__2.npy,A
v=AqFWYZsOgWY__#00-30-00_00-33-00_label_A__3.npy,A
v=AqFWYZsOgWY__#00-30-00_00-33-00_label_A__4.npy,A
v=AqFWYZsOgWY__#00-30-00_00-33-00_label_A__5.npy,A
v=AqFWYZsOgWY__#00-30-00_00-33-00_label_A__6.npy,A
v=AqFWYZsOgWY__#00-30-00_00-33-00_label_A__7.npy,A
v=AqFWYZsOgWY__#00-30-00_00-33-00_label_A__8.npy,A
v=AqFWYZsOgWY__#00-30-00_00-33-00_label_A__9.npy,A
The.Bourne.Identity.2002__#0-59-13_01-03-20_label_A__0.npy,A
The.Bourne.Identity.2002__#0-59-13_01-03-20_label_A__1.npy,A
The.Bourne.Identity.2002__#0-59-13_01-03-20_label_A__2.npy,A
The.Bourne.Identity.2002__#0-59-13_01-03-20_label_A__3.npy,A
The.Bourne.Identity.2002__#0-59-13_01-03-20_label_A__4.npy,A
The.Bourne.Identity.2002__#0-59-13_01-03-20_label_A__5.npy,A
The.Bourne.Identity.2002__#0-59-13_01-03-20_label_A__6.npy,A
The.Bourne.Identity.2002__#0-59-13_01-03-20_label_A__7.npy,A
The.Bourne.Identity.2002__#0-59-13_01-03-20_label_A__8.npy,A
The.Bourne.Identity.2002__#0-59-13_01-03-20_label_A__9.npy,A
v=vsI_pKNcgeQ__#00-27-00_00-29-03_label_A__0.npy,A
v=vsI_pKNcgeQ__#00-27-00_00-29-03_label_A__1.npy,A
v=vsI_pKNcgeQ__#00-27-00_00-29-03_label_A__2.npy,A
v=vsI_pKNcgeQ__#00-27-00_00-29-03_label_A__3.npy,A
v=vsI_pKNcgeQ__#00-27-00_00-29-03_label_A__4.npy,A
v=vsI_pKNcgeQ__#00-27-00_00-29-03_label_A__5.npy,A
v=vsI_pKNcgeQ__#00-27-00_00-29-03_label_A__6.npy,A
v=vsI_pKNcgeQ__#00-27-00_00-29-03_label_A__7.npy,A
v=vsI_pKNcgeQ__#00-27-00_00-29-03_label_A__8.npy,A
v=vsI_pKNcgeQ__#00-27-00_00-29-03_label_A__9.npy,A
v=MSRxFlV9Wwc__#1_label_A__0.npy,A
v=MSRxFlV9Wwc__#1_label_A__1.npy,A
v=MSRxFlV9Wwc__#1_label_A__2.npy,A
v=MSRxFlV9Wwc__#1_label_A__3.npy,A
v=MSRxFlV9Wwc__#1_label_A__4.npy,A
v=MSRxFlV9Wwc__#1_label_A__5.npy,A
v=MSRxFlV9Wwc__#1_label_A__6.npy,A
v=MSRxFlV9Wwc__#1_label_A__7.npy,A
v=MSRxFlV9Wwc__#1_label_A__8.npy,A
v=MSRxFlV9Wwc__#1_label_A__9.npy,A
v=VRn8Tc02TbU__#00-27-00_00-30-00_label_A__0.npy,A
v=VRn8Tc02TbU__#00-27-00_00-30-00_label_A__1.npy,A
v=VRn8Tc02TbU__#00-27-00_00-30-00_label_A__2.npy,A
v=VRn8Tc02TbU__#00-27-00_00-30-00_label_A__3.npy,A
v=VRn8Tc02TbU__#00-27-00_00-30-00_label_A__4.npy,A
v=VRn8Tc02TbU__#00-27-00_00-30-00_label_A__5.npy,A
v=VRn8Tc02TbU__#00-27-00_00-30-00_label_A__6.npy,A
v=VRn8Tc02TbU__#00-27-00_00-30-00_label_A__7.npy,A
v=VRn8Tc02TbU__#00-27-00_00-30-00_label_A__8.npy,A
v=VRn8Tc02TbU__#00-27-00_00-30-00_label_A__9.npy,A
The.Attorney.2013__#00-08-55_00-10-50_label_A__0.npy,A
The.Attorney.2013__#00-08-55_00-10-50_label_A__1.npy,A
The.Attorney.2013__#00-08-55_00-10-50_label_A__2.npy,A
The.Attorney.2013__#00-08-55_00-10-50_label_A__3.npy,A
The.Attorney.2013__#00-08-55_00-10-50_label_A__4.npy,A
The.Attorney.2013__#00-08-55_00-10-50_label_A__5.npy,A
The.Attorney.2013__#00-08-55_00-10-50_label_A__6.npy,A
The.Attorney.2013__#00-08-55_00-10-50_label_A__7.npy,A
The.Attorney.2013__#00-08-55_00-10-50_label_A__8.npy,A
The.Attorney.2013__#00-08-55_00-10-50_label_A__9.npy,A
City.of.God.2002__#00-44-06_00-45-30_label_A__0.npy,A
City.of.God.2002__#00-44-06_00-45-30_label_A__1.npy,A
City.of.God.2002__#00-44-06_00-45-30_label_A__2.npy,A
City.of.God.2002__#00-44-06_00-45-30_label_A__3.npy,A
City.of.God.2002__#00-44-06_00-45-30_label_A__4.npy,A
City.of.God.2002__#00-44-06_00-45-30_label_A__5.npy,A
City.of.God.2002__#00-44-06_00-45-30_label_A__6.npy,A
City.of.God.2002__#00-44-06_00-45-30_label_A__7.npy,A
City.of.God.2002__#00-44-06_00-45-30_label_A__8.npy,A
City.of.God.2002__#00-44-06_00-45-30_label_A__9.npy,A
GoldenEye.1995__#00-36-26_00-38-25_label_A__0.npy,A
GoldenEye.1995__#00-36-26_00-38-25_label_A__1.npy,A
GoldenEye.1995__#00-36-26_00-38-25_label_A__2.npy,A
GoldenEye.1995__#00-36-26_00-38-25_label_A__3.npy,A
GoldenEye.1995__#00-36-26_00-38-25_label_A__4.npy,A
GoldenEye.1995__#00-36-26_00-38-25_label_A__5.npy,A
GoldenEye.1995__#00-36-26_00-38-25_label_A__6.npy,A
GoldenEye.1995__#00-36-26_00-38-25_label_A__7.npy,A
GoldenEye.1995__#00-36-26_00-38-25_label_A__8.npy,A
GoldenEye.1995__#00-36-26_00-38-25_label_A__9.npy,A
v=qQCTvJq83_s__#1_label_A__0.npy,A
v=qQCTvJq83_s__#1_label_A__1.npy,A
v=qQCTvJq83_s__#1_label_A__2.npy,A
v=qQCTvJq83_s__#1_label_A__3.npy,A
v=qQCTvJq83_s__#1_label_A__4.npy,A
v=qQCTvJq83_s__#1_label_A__5.npy,A
v=qQCTvJq83_s__#1_label_A__6.npy,A
v=qQCTvJq83_s__#1_label_A__7.npy,A
v=qQCTvJq83_s__#1_label_A__8.npy,A
v=qQCTvJq83_s__#1_label_A__9.npy,A
v=sirrTXiPFmw__#1_label_A__0.npy,A
v=sirrTXiPFmw__#1_label_A__1.npy,A
v=sirrTXiPFmw__#1_label_A__2.npy,A
v=sirrTXiPFmw__#1_label_A__3.npy,A
v=sirrTXiPFmw__#1_label_A__4.npy,A
v=sirrTXiPFmw__#1_label_A__5.npy,A
v=sirrTXiPFmw__#1_label_A__6.npy,A
v=sirrTXiPFmw__#1_label_A__7.npy,A
v=sirrTXiPFmw__#1_label_A__8.npy,A
v=sirrTXiPFmw__#1_label_A__9.npy,A
The.Attorney.2013__#00-02-45_00-04-15_label_A__0.npy,A
The.Attorney.2013__#00-02-45_00-04-15_label_A__1.npy,A
The.Attorney.2013__#00-02-45_00-04-15_label_A__2.npy,A
The.Attorney.2013__#00-02-45_00-04-15_label_A__3.npy,A
The.Attorney.2013__#00-02-45_00-04-15_label_A__4.npy,A
The.Attorney.2013__#00-02-45_00-04-15_label_A__5.npy,A
The.Attorney.2013__#00-02-45_00-04-15_label_A__6.npy,A
The.Attorney.2013__#00-02-45_00-04-15_label_A__7.npy,A
The.Attorney.2013__#00-02-45_00-04-15_label_A__8.npy,A
The.Attorney.2013__#00-02-45_00-04-15_label_A__9.npy,A
Love.Actually.2003__#00-06-37_00-08-22_label_A__0.npy,A
Love.Actually.2003__#00-06-37_00-08-22_label_A__1.npy,A
Love.Actually.2003__#00-06-37_00-08-22_label_A__2.npy,A
Love.Actually.2003__#00-06-37_00-08-22_label_A__3.npy,A
Love.Actually.2003__#00-06-37_00-08-22_label_A__4.npy,A
Love.Actually.2003__#00-06-37_00-08-22_label_A__5.npy,A
Love.Actually.2003__#00-06-37_00-08-22_label_A__6.npy,A
Love.Actually.2003__#00-06-37_00-08-22_label_A__7.npy,A
Love.Actually.2003__#00-06-37_00-08-22_label_A__8.npy,A
Love.Actually.2003__#00-06-37_00-08-22_label_A__9.npy,A
Still.Walking.2008__#01-47-40_01-49-53_label_A__0.npy,A
Still.Walking.2008__#01-47-40_01-49-53_label_A__1.npy,A
Still.Walking.2008__#01-47-40_01-49-53_label_A__2.npy,A
Still.Walking.2008__#01-47-40_01-49-53_label_A__3.npy,A
Still.Walking.2008__#01-47-40_01-49-53_label_A__4.npy,A
Still.Walking.2008__#01-47-40_01-49-53_label_A__5.npy,A
Still.Walking.2008__#01-47-40_01-49-53_label_A__6.npy,A
Still.Walking.2008__#01-47-40_01-49-53_label_A__7.npy,A
Still.Walking.2008__#01-47-40_01-49-53_label_A__8.npy,A
Still.Walking.2008__#01-47-40_01-49-53_label_A__9.npy,A
v=MnQyX8iL-Qc__#1_label_A__0.npy,A
v=MnQyX8iL-Qc__#1_label_A__1.npy,A
v=MnQyX8iL-Qc__#1_label_A__2.npy,A
v=MnQyX8iL-Qc__#1_label_A__3.npy,A
v=MnQyX8iL-Qc__#1_label_A__4.npy,A
v=MnQyX8iL-Qc__#1_label_A__5.npy,A
v=MnQyX8iL-Qc__#1_label_A__6.npy,A
v=MnQyX8iL-Qc__#1_label_A__7.npy,A
v=MnQyX8iL-Qc__#1_label_A__8.npy,A
v=MnQyX8iL-Qc__#1_label_A__9.npy,A
v=u5cV27GYHKw__#1_label_A__0.npy,A
v=u5cV27GYHKw__#1_label_A__1.npy,A
v=u5cV27GYHKw__#1_label_A__2.npy,A
v=u5cV27GYHKw__#1_label_A__3.npy,A
v=u5cV27GYHKw__#1_label_A__4.npy,A
v=u5cV27GYHKw__#1_label_A__5.npy,A
v=u5cV27GYHKw__#1_label_A__6.npy,A
v=u5cV27GYHKw__#1_label_A__7.npy,A
v=u5cV27GYHKw__#1_label_A__8.npy,A
v=u5cV27GYHKw__#1_label_A__9.npy,A
v=vFPQ_NiDBIU__#00-54-00_01-00-00_label_A__0.npy,A
v=vFPQ_NiDBIU__#00-54-00_01-00-00_label_A__1.npy,A
v=vFPQ_NiDBIU__#00-54-00_01-00-00_label_A__2.npy,A
v=vFPQ_NiDBIU__#00-54-00_01-00-00_label_A__3.npy,A
v=vFPQ_NiDBIU__#00-54-00_01-00-00_label_A__4.npy,A
v=vFPQ_NiDBIU__#00-54-00_01-00-00_label_A__5.npy,A
v=vFPQ_NiDBIU__#00-54-00_01-00-00_label_A__6.npy,A
v=vFPQ_NiDBIU__#00-54-00_01-00-00_label_A__7.npy,A
v=vFPQ_NiDBIU__#00-54-00_01-00-00_label_A__8.npy,A
v=vFPQ_NiDBIU__#00-54-00_01-00-00_label_A__9.npy,A
Your.Name.2016__#00-56-40_01-01-02_label_A__0.npy,A
Your.Name.2016__#00-56-40_01-01-02_label_A__1.npy,A
Your.Name.2016__#00-56-40_01-01-02_label_A__2.npy,A
Your.Name.2016__#00-56-40_01-01-02_label_A__3.npy,A
Your.Name.2016__#00-56-40_01-01-02_label_A__4.npy,A
Your.Name.2016__#00-56-40_01-01-02_label_A__5.npy,A
Your.Name.2016__#00-56-40_01-01-02_label_A__6.npy,A
Your.Name.2016__#00-56-40_01-01-02_label_A__7.npy,A
Your.Name.2016__#00-56-40_01-01-02_label_A__8.npy,A
Your.Name.2016__#00-56-40_01-01-02_label_A__9.npy,A
Taken.Extended.Cut.2008__#00-01-33_00-04-35_label_A__0.npy,A
Taken.Extended.Cut.2008__#00-01-33_00-04-35_label_A__1.npy,A
Taken.Extended.Cut.2008__#00-01-33_00-04-35_label_A__2.npy,A
Taken.Extended.Cut.2008__#00-01-33_00-04-35_label_A__3.npy,A
Taken.Extended.Cut.2008__#00-01-33_00-04-35_label_A__4.npy,A
Taken.Extended.Cut.2008__#00-01-33_00-04-35_label_A__5.npy,A
Taken.Extended.Cut.2008__#00-01-33_00-04-35_label_A__6.npy,A
Taken.Extended.Cut.2008__#00-01-33_00-04-35_label_A__7.npy,A
Taken.Extended.Cut.2008__#00-01-33_00-04-35_label_A__8.npy,A
Taken.Extended.Cut.2008__#00-01-33_00-04-35_label_A__9.npy,A
Mission.Impossible.III.2006__#00-04-22_00-07-45_label_A__0.npy,A
Mission.Impossible.III.2006__#00-04-22_00-07-45_label_A__1.npy,A
Mission.Impossible.III.2006__#00-04-22_00-07-45_label_A__2.npy,A
Mission.Impossible.III.2006__#00-04-22_00-07-45_label_A__3.npy,A
Mission.Impossible.III.2006__#00-04-22_00-07-45_label_A__4.npy,A
Mission.Impossible.III.2006__#00-04-22_00-07-45_label_A__5.npy,A
Mission.Impossible.III.2006__#00-04-22_00-07-45_label_A__6.npy,A
Mission.Impossible.III.2006__#00-04-22_00-07-45_label_A__7.npy,A
Mission.Impossible.III.2006__#00-04-22_00-07-45_label_A__8.npy,A
Mission.Impossible.III.2006__#00-04-22_00-07-45_label_A__9.npy,A
v=gHUZylSNA_U__#1_label_A__0.npy,A
v=gHUZylSNA_U__#1_label_A__1.npy,A
v=gHUZylSNA_U__#1_label_A__2.npy,A
v=gHUZylSNA_U__#1_label_A__3.npy,A
v=gHUZylSNA_U__#1_label_A__4.npy,A
v=gHUZylSNA_U__#1_label_A__5.npy,A
v=gHUZylSNA_U__#1_label_A__6.npy,A
v=gHUZylSNA_U__#1_label_A__7.npy,A
v=gHUZylSNA_U__#1_label_A__8.npy,A
v=gHUZylSNA_U__#1_label_A__9.npy,A
Kingsman.The.Golden.Circle.2017__#02-12-27_02-14-03_label_A__0.npy,A
Kingsman.The.Golden.Circle.2017__#02-12-27_02-14-03_label_A__1.npy,A
Kingsman.The.Golden.Circle.2017__#02-12-27_02-14-03_label_A__2.npy,A
Kingsman.The.Golden.Circle.2017__#02-12-27_02-14-03_label_A__3.npy,A
Kingsman.The.Golden.Circle.2017__#02-12-27_02-14-03_label_A__4.npy,A
Kingsman.The.Golden.Circle.2017__#02-12-27_02-14-03_label_A__5.npy,A
Kingsman.The.Golden.Circle.2017__#02-12-27_02-14-03_label_A__6.npy,A
Kingsman.The.Golden.Circle.2017__#02-12-27_02-14-03_label_A__7.npy,A
Kingsman.The.Golden.Circle.2017__#02-12-27_02-14-03_label_A__8.npy,A
Kingsman.The.Golden.Circle.2017__#02-12-27_02-14-03_label_A__9.npy,A
v=q2SP66Jb6Cw__#00-30-00_00-36-00_label_A__0.npy,A
v=q2SP66Jb6Cw__#00-30-00_00-36-00_label_A__1.npy,A
v=q2SP66Jb6Cw__#00-30-00_00-36-00_label_A__2.npy,A
v=q2SP66Jb6Cw__#00-30-00_00-36-00_label_A__3.npy,A
v=q2SP66Jb6Cw__#00-30-00_00-36-00_label_A__4.npy,A
v=q2SP66Jb6Cw__#00-30-00_00-36-00_label_A__5.npy,A
v=q2SP66Jb6Cw__#00-30-00_00-36-00_label_A__6.npy,A
v=q2SP66Jb6Cw__#00-30-00_00-36-00_label_A__7.npy,A
v=q2SP66Jb6Cw__#00-30-00_00-36-00_label_A__8.npy,A
v=q2SP66Jb6Cw__#00-30-00_00-36-00_label_A__9.npy,A
v=-CnM_aqi4eg__#1_label_A__0.npy,A
v=-CnM_aqi4eg__#1_label_A__1.npy,A
v=-CnM_aqi4eg__#1_label_A__2.npy,A
v=-CnM_aqi4eg__#1_label_A__3.npy,A
v=-CnM_aqi4eg__#1_label_A__4.npy,A
v=-CnM_aqi4eg__#1_label_A__5.npy,A
v=-CnM_aqi4eg__#1_label_A__6.npy,A
v=-CnM_aqi4eg__#1_label_A__7.npy,A
v=-CnM_aqi4eg__#1_label_A__8.npy,A
v=-CnM_aqi4eg__#1_label_A__9.npy,A
v=OqrOkekz2aQ__#1_label_A__0.npy,A
v=OqrOkekz2aQ__#1_label_A__1.npy,A
v=OqrOkekz2aQ__#1_label_A__2.npy,A
v=OqrOkekz2aQ__#1_label_A__3.npy,A
v=OqrOkekz2aQ__#1_label_A__4.npy,A
v=OqrOkekz2aQ__#1_label_A__5.npy,A
v=OqrOkekz2aQ__#1_label_A__6.npy,A
v=OqrOkekz2aQ__#1_label_A__7.npy,A
v=OqrOkekz2aQ__#1_label_A__8.npy,A
v=OqrOkekz2aQ__#1_label_A__9.npy,A
Your.Name.2016__#00-20-35_00-23-06_label_A__0.npy,A
Your.Name.2016__#00-20-35_00-23-06_label_A__1.npy,A
Your.Name.2016__#00-20-35_00-23-06_label_A__2.npy,A
Your.Name.2016__#00-20-35_00-23-06_label_A__3.npy,A
Your.Name.2016__#00-20-35_00-23-06_label_A__4.npy,A
Your.Name.2016__#00-20-35_00-23-06_label_A__5.npy,A
Your.Name.2016__#00-20-35_00-23-06_label_A__6.npy,A
Your.Name.2016__#00-20-35_00-23-06_label_A__7.npy,A
Your.Name.2016__#00-20-35_00-23-06_label_A__8.npy,A
Your.Name.2016__#00-20-35_00-23-06_label_A__9.npy,A
v=MyM5G7fo7Gg__#00-12-00_00-15-00_label_A__0.npy,A
v=MyM5G7fo7Gg__#00-12-00_00-15-00_label_A__1.npy,A
v=MyM5G7fo7Gg__#00-12-00_00-15-00_label_A__2.npy,A
v=MyM5G7fo7Gg__#00-12-00_00-15-00_label_A__3.npy,A
v=MyM5G7fo7Gg__#00-12-00_00-15-00_label_A__4.npy,A
v=MyM5G7fo7Gg__#00-12-00_00-15-00_label_A__5.npy,A
v=MyM5G7fo7Gg__#00-12-00_00-15-00_label_A__6.npy,A
v=MyM5G7fo7Gg__#00-12-00_00-15-00_label_A__7.npy,A
v=MyM5G7fo7Gg__#00-12-00_00-15-00_label_A__8.npy,A
v=MyM5G7fo7Gg__#00-12-00_00-15-00_label_A__9.npy,A
Fury.2014__#00-20-27_00-21-57_label_A__0.npy,A
Fury.2014__#00-20-27_00-21-57_label_A__1.npy,A
Fury.2014__#00-20-27_00-21-57_label_A__2.npy,A
Fury.2014__#00-20-27_00-21-57_label_A__3.npy,A
Fury.2014__#00-20-27_00-21-57_label_A__4.npy,A
Fury.2014__#00-20-27_00-21-57_label_A__5.npy,A
Fury.2014__#00-20-27_00-21-57_label_A__6.npy,A
Fury.2014__#00-20-27_00-21-57_label_A__7.npy,A
Fury.2014__#00-20-27_00-21-57_label_A__8.npy,A
Fury.2014__#00-20-27_00-21-57_label_A__9.npy,A
v=89PKbJ2NAqc__#1_label_A__0.npy,A
v=89PKbJ2NAqc__#1_label_A__1.npy,A
v=89PKbJ2NAqc__#1_label_A__2.npy,A
v=89PKbJ2NAqc__#1_label_A__3.npy,A
v=89PKbJ2NAqc__#1_label_A__4.npy,A
v=89PKbJ2NAqc__#1_label_A__5.npy,A
v=89PKbJ2NAqc__#1_label_A__6.npy,A
v=89PKbJ2NAqc__#1_label_A__7.npy,A
v=89PKbJ2NAqc__#1_label_A__8.npy,A
v=89PKbJ2NAqc__#1_label_A__9.npy,A
Fast.Furious.6.2013__#00-53-55_00-55-16_label_A__0.npy,A
Fast.Furious.6.2013__#00-53-55_00-55-16_label_A__1.npy,A
Fast.Furious.6.2013__#00-53-55_00-55-16_label_A__2.npy,A
Fast.Furious.6.2013__#00-53-55_00-55-16_label_A__3.npy,A
Fast.Furious.6.2013__#00-53-55_00-55-16_label_A__4.npy,A
Fast.Furious.6.2013__#00-53-55_00-55-16_label_A__5.npy,A
Fast.Furious.6.2013__#00-53-55_00-55-16_label_A__6.npy,A
Fast.Furious.6.2013__#00-53-55_00-55-16_label_A__7.npy,A
Fast.Furious.6.2013__#00-53-55_00-55-16_label_A__8.npy,A
Fast.Furious.6.2013__#00-53-55_00-55-16_label_A__9.npy,A
v=0qCqt8jLPaE__#1_label_A__0.npy,A
v=0qCqt8jLPaE__#1_label_A__1.npy,A
v=0qCqt8jLPaE__#1_label_A__2.npy,A
v=0qCqt8jLPaE__#1_label_A__3.npy,A
v=0qCqt8jLPaE__#1_label_A__4.npy,A
v=0qCqt8jLPaE__#1_label_A__5.npy,A
v=0qCqt8jLPaE__#1_label_A__6.npy,A
v=0qCqt8jLPaE__#1_label_A__7.npy,A
v=0qCqt8jLPaE__#1_label_A__8.npy,A
v=0qCqt8jLPaE__#1_label_A__9.npy,A
Fast.Furious.2009__#00-26-32_00-29-20_label_A__0.npy,A
Fast.Furious.2009__#00-26-32_00-29-20_label_A__1.npy,A
Fast.Furious.2009__#00-26-32_00-29-20_label_A__2.npy,A
Fast.Furious.2009__#00-26-32_00-29-20_label_A__3.npy,A
Fast.Furious.2009__#00-26-32_00-29-20_label_A__4.npy,A
Fast.Furious.2009__#00-26-32_00-29-20_label_A__5.npy,A
Fast.Furious.2009__#00-26-32_00-29-20_label_A__6.npy,A
Fast.Furious.2009__#00-26-32_00-29-20_label_A__7.npy,A
Fast.Furious.2009__#00-26-32_00-29-20_label_A__8.npy,A
Fast.Furious.2009__#00-26-32_00-29-20_label_A__9.npy,A
v=vFPQ_NiDBIU__#02-30-00_02-36-00_label_A__0.npy,A
v=vFPQ_NiDBIU__#02-30-00_02-36-00_label_A__1.npy,A
v=vFPQ_NiDBIU__#02-30-00_02-36-00_label_A__2.npy,A
v=vFPQ_NiDBIU__#02-30-00_02-36-00_label_A__3.npy,A
v=vFPQ_NiDBIU__#02-30-00_02-36-00_label_A__4.npy,A
v=vFPQ_NiDBIU__#02-30-00_02-36-00_label_A__5.npy,A
v=vFPQ_NiDBIU__#02-30-00_02-36-00_label_A__6.npy,A
v=vFPQ_NiDBIU__#02-30-00_02-36-00_label_A__7.npy,A
v=vFPQ_NiDBIU__#02-30-00_02-36-00_label_A__8.npy,A
v=vFPQ_NiDBIU__#02-30-00_02-36-00_label_A__9.npy,A
Kingsman.The.Golden.Circle.2017__#01-41-40_01-43-21_label_A__0.npy,A
Kingsman.The.Golden.Circle.2017__#01-41-40_01-43-21_label_A__1.npy,A
Kingsman.The.Golden.Circle.2017__#01-41-40_01-43-21_label_A__2.npy,A
Kingsman.The.Golden.Circle.2017__#01-41-40_01-43-21_label_A__3.npy,A
Kingsman.The.Golden.Circle.2017__#01-41-40_01-43-21_label_A__4.npy,A
Kingsman.The.Golden.Circle.2017__#01-41-40_01-43-21_label_A__5.npy,A
Kingsman.The.Golden.Circle.2017__#01-41-40_01-43-21_label_A__6.npy,A
Kingsman.The.Golden.Circle.2017__#01-41-40_01-43-21_label_A__7.npy,A
Kingsman.The.Golden.Circle.2017__#01-41-40_01-43-21_label_A__8.npy,A
Kingsman.The.Golden.Circle.2017__#01-41-40_01-43-21_label_A__9.npy,A
Yellow.Sea.2010__#00-45-37_00-46-43_label_A__0.npy,A
Yellow.Sea.2010__#00-45-37_00-46-43_label_A__1.npy,A
Yellow.Sea.2010__#00-45-37_00-46-43_label_A__2.npy,A
Yellow.Sea.2010__#00-45-37_00-46-43_label_A__3.npy,A
Yellow.Sea.2010__#00-45-37_00-46-43_label_A__4.npy,A
Yellow.Sea.2010__#00-45-37_00-46-43_label_A__5.npy,A
Yellow.Sea.2010__#00-45-37_00-46-43_label_A__6.npy,A
Yellow.Sea.2010__#00-45-37_00-46-43_label_A__7.npy,A
Yellow.Sea.2010__#00-45-37_00-46-43_label_A__8.npy,A
Yellow.Sea.2010__#00-45-37_00-46-43_label_A__9.npy,A
Lord.of.War__#00-00-00_00-01-00_label_A__0.npy,A
Lord.of.War__#00-00-00_00-01-00_label_A__1.npy,A
Lord.of.War__#00-00-00_00-01-00_label_A__2.npy,A
Lord.of.War__#00-00-00_00-01-00_label_A__3.npy,A
Lord.of.War__#00-00-00_00-01-00_label_A__4.npy,A
Lord.of.War__#00-00-00_00-01-00_label_A__5.npy,A
Lord.of.War__#00-00-00_00-01-00_label_A__6.npy,A
Lord.of.War__#00-00-00_00-01-00_label_A__7.npy,A
Lord.of.War__#00-00-00_00-01-00_label_A__8.npy,A
Lord.of.War__#00-00-00_00-01-00_label_A__9.npy,A
v=1Zp0CITmdoY__#1_label_A__0.npy,A
v=1Zp0CITmdoY__#1_label_A__1.npy,A
v=1Zp0CITmdoY__#1_label_A__2.npy,A
v=1Zp0CITmdoY__#1_label_A__3.npy,A
v=1Zp0CITmdoY__#1_label_A__4.npy,A
v=1Zp0CITmdoY__#1_label_A__5.npy,A
v=1Zp0CITmdoY__#1_label_A__6.npy,A
v=1Zp0CITmdoY__#1_label_A__7.npy,A
v=1Zp0CITmdoY__#1_label_A__8.npy,A
v=1Zp0CITmdoY__#1_label_A__9.npy,A
v=wDPzFSdbqnU__#1_label_A__0.npy,A
v=wDPzFSdbqnU__#1_label_A__1.npy,A
v=wDPzFSdbqnU__#1_label_A__2.npy,A
v=wDPzFSdbqnU__#1_label_A__3.npy,A
v=wDPzFSdbqnU__#1_label_A__4.npy,A
v=wDPzFSdbqnU__#1_label_A__5.npy,A
v=wDPzFSdbqnU__#1_label_A__6.npy,A
v=wDPzFSdbqnU__#1_label_A__7.npy,A
v=wDPzFSdbqnU__#1_label_A__8.npy,A
v=wDPzFSdbqnU__#1_label_A__9.npy,A
The.Notebook.2004__#01-46-20_01-48-10_label_A__0.npy,A
The.Notebook.2004__#01-46-20_01-48-10_label_A__1.npy,A
The.Notebook.2004__#01-46-20_01-48-10_label_A__2.npy,A
The.Notebook.2004__#01-46-20_01-48-10_label_A__3.npy,A
The.Notebook.2004__#01-46-20_01-48-10_label_A__4.npy,A
The.Notebook.2004__#01-46-20_01-48-10_label_A__5.npy,A
The.Notebook.2004__#01-46-20_01-48-10_label_A__6.npy,A
The.Notebook.2004__#01-46-20_01-48-10_label_A__7.npy,A
The.Notebook.2004__#01-46-20_01-48-10_label_A__8.npy,A
The.Notebook.2004__#01-46-20_01-48-10_label_A__9.npy,A
A.Beautiful.Mind.2001__#01-21-22_01-25-40_label_A__0.npy,A
A.Beautiful.Mind.2001__#01-21-22_01-25-40_label_A__1.npy,A
A.Beautiful.Mind.2001__#01-21-22_01-25-40_label_A__2.npy,A
A.Beautiful.Mind.2001__#01-21-22_01-25-40_label_A__3.npy,A
A.Beautiful.Mind.2001__#01-21-22_01-25-40_label_A__4.npy,A
A.Beautiful.Mind.2001__#01-21-22_01-25-40_label_A__5.npy,A
A.Beautiful.Mind.2001__#01-21-22_01-25-40_label_A__6.npy,A
A.Beautiful.Mind.2001__#01-21-22_01-25-40_label_A__7.npy,A
A.Beautiful.Mind.2001__#01-21-22_01-25-40_label_A__8.npy,A
A.Beautiful.Mind.2001__#01-21-22_01-25-40_label_A__9.npy,A
The.Bourne.Identity.2002__#01-49-52_01-50-30_label_A__0.npy,A
The.Bourne.Identity.2002__#01-49-52_01-50-30_label_A__1.npy,A
The.Bourne.Identity.2002__#01-49-52_01-50-30_label_A__2.npy,A
The.Bourne.Identity.2002__#01-49-52_01-50-30_label_A__3.npy,A
The.Bourne.Identity.2002__#01-49-52_01-50-30_label_A__4.npy,A
The.Bourne.Identity.2002__#01-49-52_01-50-30_label_A__5.npy,A
The.Bourne.Identity.2002__#01-49-52_01-50-30_label_A__6.npy,A
The.Bourne.Identity.2002__#01-49-52_01-50-30_label_A__7.npy,A
The.Bourne.Identity.2002__#01-49-52_01-50-30_label_A__8.npy,A
The.Bourne.Identity.2002__#01-49-52_01-50-30_label_A__9.npy,A
v=CxA9FYvDUxY__#1_label_A__0.npy,A
v=CxA9FYvDUxY__#1_label_A__1.npy,A
v=CxA9FYvDUxY__#1_label_A__2.npy,A
v=CxA9FYvDUxY__#1_label_A__3.npy,A
v=CxA9FYvDUxY__#1_label_A__4.npy,A
v=CxA9FYvDUxY__#1_label_A__5.npy,A
v=CxA9FYvDUxY__#1_label_A__6.npy,A
v=CxA9FYvDUxY__#1_label_A__7.npy,A
v=CxA9FYvDUxY__#1_label_A__8.npy,A
v=CxA9FYvDUxY__#1_label_A__9.npy,A
The.Intouchables.2011__#00-38-52_00-40-31_label_A__0.npy,A
The.Intouchables.2011__#00-38-52_00-40-31_label_A__1.npy,A
The.Intouchables.2011__#00-38-52_00-40-31_label_A__2.npy,A
The.Intouchables.2011__#00-38-52_00-40-31_label_A__3.npy,A
The.Intouchables.2011__#00-38-52_00-40-31_label_A__4.npy,A
The.Intouchables.2011__#00-38-52_00-40-31_label_A__5.npy,A
The.Intouchables.2011__#00-38-52_00-40-31_label_A__6.npy,A
The.Intouchables.2011__#00-38-52_00-40-31_label_A__7.npy,A
The.Intouchables.2011__#00-38-52_00-40-31_label_A__8.npy,A
The.Intouchables.2011__#00-38-52_00-40-31_label_A__9.npy,A
v=KAMpR94SIJ0__#1_label_A__0.npy,A
v=KAMpR94SIJ0__#1_label_A__1.npy,A
v=KAMpR94SIJ0__#1_label_A__2.npy,A
v=KAMpR94SIJ0__#1_label_A__3.npy,A
v=KAMpR94SIJ0__#1_label_A__4.npy,A
v=KAMpR94SIJ0__#1_label_A__5.npy,A
v=KAMpR94SIJ0__#1_label_A__6.npy,A
v=KAMpR94SIJ0__#1_label_A__7.npy,A
v=KAMpR94SIJ0__#1_label_A__8.npy,A
v=KAMpR94SIJ0__#1_label_A__9.npy,A
Saving.Private.Ryan.1998__#00-33-15_00-36-11_label_A__0.npy,A
Saving.Private.Ryan.1998__#00-33-15_00-36-11_label_A__1.npy,A
Saving.Private.Ryan.1998__#00-33-15_00-36-11_label_A__2.npy,A
Saving.Private.Ryan.1998__#00-33-15_00-36-11_label_A__3.npy,A
Saving.Private.Ryan.1998__#00-33-15_00-36-11_label_A__4.npy,A
Saving.Private.Ryan.1998__#00-33-15_00-36-11_label_A__5.npy,A
Saving.Private.Ryan.1998__#00-33-15_00-36-11_label_A__6.npy,A
Saving.Private.Ryan.1998__#00-33-15_00-36-11_label_A__7.npy,A
Saving.Private.Ryan.1998__#00-33-15_00-36-11_label_A__8.npy,A
Saving.Private.Ryan.1998__#00-33-15_00-36-11_label_A__9.npy,A
Before.Sunset.2004__#00-08-55_00-10-50_label_A__0.npy,A
Before.Sunset.2004__#00-08-55_00-10-50_label_A__1.npy,A
Before.Sunset.2004__#00-08-55_00-10-50_label_A__2.npy,A
Before.Sunset.2004__#00-08-55_00-10-50_label_A__3.npy,A
Before.Sunset.2004__#00-08-55_00-10-50_label_A__4.npy,A
Before.Sunset.2004__#00-08-55_00-10-50_label_A__5.npy,A
Before.Sunset.2004__#00-08-55_00-10-50_label_A__6.npy,A
Before.Sunset.2004__#00-08-55_00-10-50_label_A__7.npy,A
Before.Sunset.2004__#00-08-55_00-10-50_label_A__8.npy,A
Before.Sunset.2004__#00-08-55_00-10-50_label_A__9.npy,A
The.Pursuit.of.Happyness.2006__#00-51-55_00-55-16_label_A__0.npy,A
The.Pursuit.of.Happyness.2006__#00-51-55_00-55-16_label_A__1.npy,A
The.Pursuit.of.Happyness.2006__#00-51-55_00-55-16_label_A__2.npy,A
The.Pursuit.of.Happyness.2006__#00-51-55_00-55-16_label_A__3.npy,A
The.Pursuit.of.Happyness.2006__#00-51-55_00-55-16_label_A__4.npy,A
The.Pursuit.of.Happyness.2006__#00-51-55_00-55-16_label_A__5.npy,A
The.Pursuit.of.Happyness.2006__#00-51-55_00-55-16_label_A__6.npy,A
The.Pursuit.of.Happyness.2006__#00-51-55_00-55-16_label_A__7.npy,A
The.Pursuit.of.Happyness.2006__#00-51-55_00-55-16_label_A__8.npy,A
The.Pursuit.of.Happyness.2006__#00-51-55_00-55-16_label_A__9.npy,A
Bullet.in.the.Head.1990__#01-12-20_01-13-40_label_A__0.npy,A
Bullet.in.the.Head.1990__#01-12-20_01-13-40_label_A__1.npy,A
Bullet.in.the.Head.1990__#01-12-20_01-13-40_label_A__2.npy,A
Bullet.in.the.Head.1990__#01-12-20_01-13-40_label_A__3.npy,A
Bullet.in.the.Head.1990__#01-12-20_01-13-40_label_A__4.npy,A
Bullet.in.the.Head.1990__#01-12-20_01-13-40_label_A__5.npy,A
Bullet.in.the.Head.1990__#01-12-20_01-13-40_label_A__6.npy,A
Bullet.in.the.Head.1990__#01-12-20_01-13-40_label_A__7.npy,A
Bullet.in.the.Head.1990__#01-12-20_01-13-40_label_A__8.npy,A
Bullet.in.the.Head.1990__#01-12-20_01-13-40_label_A__9.npy,A
v=u3ufuLefCLo__#1_label_A__0.npy,A
v=u3ufuLefCLo__#1_label_A__1.npy,A
v=u3ufuLefCLo__#1_label_A__2.npy,A
v=u3ufuLefCLo__#1_label_A__3.npy,A
v=u3ufuLefCLo__#1_label_A__4.npy,A
v=u3ufuLefCLo__#1_label_A__5.npy,A
v=u3ufuLefCLo__#1_label_A__6.npy,A
v=u3ufuLefCLo__#1_label_A__7.npy,A
v=u3ufuLefCLo__#1_label_A__8.npy,A
v=u3ufuLefCLo__#1_label_A__9.npy,A
The.Bourne.Identity.2002__#0-35-57_0-42-18_label_A__0.npy,A
The.Bourne.Identity.2002__#0-35-57_0-42-18_label_A__1.npy,A
The.Bourne.Identity.2002__#0-35-57_0-42-18_label_A__2.npy,A
The.Bourne.Identity.2002__#0-35-57_0-42-18_label_A__3.npy,A
The.Bourne.Identity.2002__#0-35-57_0-42-18_label_A__4.npy,A
The.Bourne.Identity.2002__#0-35-57_0-42-18_label_A__5.npy,A
The.Bourne.Identity.2002__#0-35-57_0-42-18_label_A__6.npy,A
The.Bourne.Identity.2002__#0-35-57_0-42-18_label_A__7.npy,A
The.Bourne.Identity.2002__#0-35-57_0-42-18_label_A__8.npy,A
The.Bourne.Identity.2002__#0-35-57_0-42-18_label_A__9.npy,A
v=FHeDUxT5tB4__#1_label_A__0.npy,A
v=FHeDUxT5tB4__#1_label_A__1.npy,A
v=FHeDUxT5tB4__#1_label_A__2.npy,A
v=FHeDUxT5tB4__#1_label_A__3.npy,A
v=FHeDUxT5tB4__#1_label_A__4.npy,A
v=FHeDUxT5tB4__#1_label_A__5.npy,A
v=FHeDUxT5tB4__#1_label_A__6.npy,A
v=FHeDUxT5tB4__#1_label_A__7.npy,A
v=FHeDUxT5tB4__#1_label_A__8.npy,A
v=FHeDUxT5tB4__#1_label_A__9.npy,A
Kill.Bill.Vol.2.2004__#0-22-40_0-24-00_label_A__0.npy,A
Kill.Bill.Vol.2.2004__#0-22-40_0-24-00_label_A__1.npy,A
Kill.Bill.Vol.2.2004__#0-22-40_0-24-00_label_A__2.npy,A
Kill.Bill.Vol.2.2004__#0-22-40_0-24-00_label_A__3.npy,A
Kill.Bill.Vol.2.2004__#0-22-40_0-24-00_label_A__4.npy,A
Kill.Bill.Vol.2.2004__#0-22-40_0-24-00_label_A__5.npy,A
Kill.Bill.Vol.2.2004__#0-22-40_0-24-00_label_A__6.npy,A
Kill.Bill.Vol.2.2004__#0-22-40_0-24-00_label_A__7.npy,A
Kill.Bill.Vol.2.2004__#0-22-40_0-24-00_label_A__8.npy,A
Kill.Bill.Vol.2.2004__#0-22-40_0-24-00_label_A__9.npy,A
v=8lr4JyJjsOk__#1_label_A__0.npy,A
v=8lr4JyJjsOk__#1_label_A__1.npy,A
v=8lr4JyJjsOk__#1_label_A__2.npy,A
v=8lr4JyJjsOk__#1_label_A__3.npy,A
v=8lr4JyJjsOk__#1_label_A__4.npy,A
v=8lr4JyJjsOk__#1_label_A__5.npy,A
v=8lr4JyJjsOk__#1_label_A__6.npy,A
v=8lr4JyJjsOk__#1_label_A__7.npy,A
v=8lr4JyJjsOk__#1_label_A__8.npy,A
v=8lr4JyJjsOk__#1_label_A__9.npy,A
v=p2ggHwtb-Zg__#00-00-00_00-03-00_label_A__0.npy,A
v=p2ggHwtb-Zg__#00-00-00_00-03-00_label_A__1.npy,A
v=p2ggHwtb-Zg__#00-00-00_00-03-00_label_A__2.npy,A
v=p2ggHwtb-Zg__#00-00-00_00-03-00_label_A__3.npy,A
v=p2ggHwtb-Zg__#00-00-00_00-03-00_label_A__4.npy,A
v=p2ggHwtb-Zg__#00-00-00_00-03-00_label_A__5.npy,A
v=p2ggHwtb-Zg__#00-00-00_00-03-00_label_A__6.npy,A
v=p2ggHwtb-Zg__#00-00-00_00-03-00_label_A__7.npy,A
v=p2ggHwtb-Zg__#00-00-00_00-03-00_label_A__8.npy,A
v=p2ggHwtb-Zg__#00-00-00_00-03-00_label_A__9.npy,A
Young.And.Dangerous.II.1996__#0-32-36_0-33-56_label_A__0.npy,A
Young.And.Dangerous.II.1996__#0-32-36_0-33-56_label_A__1.npy,A
Young.And.Dangerous.II.1996__#0-32-36_0-33-56_label_A__2.npy,A
Young.And.Dangerous.II.1996__#0-32-36_0-33-56_label_A__3.npy,A
Young.And.Dangerous.II.1996__#0-32-36_0-33-56_label_A__4.npy,A
Young.And.Dangerous.II.1996__#0-32-36_0-33-56_label_A__5.npy,A
Young.And.Dangerous.II.1996__#0-32-36_0-33-56_label_A__6.npy,A
Young.And.Dangerous.II.1996__#0-32-36_0-33-56_label_A__7.npy,A
Young.And.Dangerous.II.1996__#0-32-36_0-33-56_label_A__8.npy,A
Young.And.Dangerous.II.1996__#0-32-36_0-33-56_label_A__9.npy,A
One.Day.2011__#00-01-45_00-02-50_label_A__0.npy,A
One.Day.2011__#00-01-45_00-02-50_label_A__1.npy,A
One.Day.2011__#00-01-45_00-02-50_label_A__2.npy,A
One.Day.2011__#00-01-45_00-02-50_label_A__3.npy,A
One.Day.2011__#00-01-45_00-02-50_label_A__4.npy,A
One.Day.2011__#00-01-45_00-02-50_label_A__5.npy,A
One.Day.2011__#00-01-45_00-02-50_label_A__6.npy,A
One.Day.2011__#00-01-45_00-02-50_label_A__7.npy,A
One.Day.2011__#00-01-45_00-02-50_label_A__8.npy,A
One.Day.2011__#00-01-45_00-02-50_label_A__9.npy,A
Love.Actually.2003__#00-08-55_00-10-00_label_A__0.npy,A
Love.Actually.2003__#00-08-55_00-10-00_label_A__1.npy,A
Love.Actually.2003__#00-08-55_00-10-00_label_A__2.npy,A
Love.Actually.2003__#00-08-55_00-10-00_label_A__3.npy,A
Love.Actually.2003__#00-08-55_00-10-00_label_A__4.npy,A
Love.Actually.2003__#00-08-55_00-10-00_label_A__5.npy,A
Love.Actually.2003__#00-08-55_00-10-00_label_A__6.npy,A
Love.Actually.2003__#00-08-55_00-10-00_label_A__7.npy,A
Love.Actually.2003__#00-08-55_00-10-00_label_A__8.npy,A
Love.Actually.2003__#00-08-55_00-10-00_label_A__9.npy,A
Your.Name.2016__#00-16-18_00-17-27_label_A__0.npy,A
Your.Name.2016__#00-16-18_00-17-27_label_A__1.npy,A
Your.Name.2016__#00-16-18_00-17-27_label_A__2.npy,A
Your.Name.2016__#00-16-18_00-17-27_label_A__3.npy,A
Your.Name.2016__#00-16-18_00-17-27_label_A__4.npy,A
Your.Name.2016__#00-16-18_00-17-27_label_A__5.npy,A
Your.Name.2016__#00-16-18_00-17-27_label_A__6.npy,A
Your.Name.2016__#00-16-18_00-17-27_label_A__7.npy,A
Your.Name.2016__#00-16-18_00-17-27_label_A__8.npy,A
Your.Name.2016__#00-16-18_00-17-27_label_A__9.npy,A
v=hdPTRcsFN5w__#00-03-00_00-06-00_label_A__0.npy,A
v=hdPTRcsFN5w__#00-03-00_00-06-00_label_A__1.npy,A
v=hdPTRcsFN5w__#00-03-00_00-06-00_label_A__2.npy,A
v=hdPTRcsFN5w__#00-03-00_00-06-00_label_A__3.npy,A
v=hdPTRcsFN5w__#00-03-00_00-06-00_label_A__4.npy,A
v=hdPTRcsFN5w__#00-03-00_00-06-00_label_A__5.npy,A
v=hdPTRcsFN5w__#00-03-00_00-06-00_label_A__6.npy,A
v=hdPTRcsFN5w__#00-03-00_00-06-00_label_A__7.npy,A
v=hdPTRcsFN5w__#00-03-00_00-06-00_label_A__8.npy,A
v=hdPTRcsFN5w__#00-03-00_00-06-00_label_A__9.npy,A
Gladiator.2000__#01-44-18_01-46-14_label_A__0.npy,A
Gladiator.2000__#01-44-18_01-46-14_label_A__1.npy,A
Gladiator.2000__#01-44-18_01-46-14_label_A__2.npy,A
Gladiator.2000__#01-44-18_01-46-14_label_A__3.npy,A
Gladiator.2000__#01-44-18_01-46-14_label_A__4.npy,A
Gladiator.2000__#01-44-18_01-46-14_label_A__5.npy,A
Gladiator.2000__#01-44-18_01-46-14_label_A__6.npy,A
Gladiator.2000__#01-44-18_01-46-14_label_A__7.npy,A
Gladiator.2000__#01-44-18_01-46-14_label_A__8.npy,A
Gladiator.2000__#01-44-18_01-46-14_label_A__9.npy,A
Tropa.de.Elite.2.2010__#00-35-46_00-36-40_label_A__0.npy,A
Tropa.de.Elite.2.2010__#00-35-46_00-36-40_label_A__1.npy,A
Tropa.de.Elite.2.2010__#00-35-46_00-36-40_label_A__2.npy,A
Tropa.de.Elite.2.2010__#00-35-46_00-36-40_label_A__3.npy,A
Tropa.de.Elite.2.2010__#00-35-46_00-36-40_label_A__4.npy,A
Tropa.de.Elite.2.2010__#00-35-46_00-36-40_label_A__5.npy,A
Tropa.de.Elite.2.2010__#00-35-46_00-36-40_label_A__6.npy,A
Tropa.de.Elite.2.2010__#00-35-46_00-36-40_label_A__7.npy,A
Tropa.de.Elite.2.2010__#00-35-46_00-36-40_label_A__8.npy,A
Tropa.de.Elite.2.2010__#00-35-46_00-36-40_label_A__9.npy,A
Your.Name.2016__#00-23-50_00-24-31_label_A__0.npy,A
Your.Name.2016__#00-23-50_00-24-31_label_A__1.npy,A
Your.Name.2016__#00-23-50_00-24-31_label_A__2.npy,A
Your.Name.2016__#00-23-50_00-24-31_label_A__3.npy,A
Your.Name.2016__#00-23-50_00-24-31_label_A__4.npy,A
Your.Name.2016__#00-23-50_00-24-31_label_A__5.npy,A
Your.Name.2016__#00-23-50_00-24-31_label_A__6.npy,A
Your.Name.2016__#00-23-50_00-24-31_label_A__7.npy,A
Your.Name.2016__#00-23-50_00-24-31_label_A__8.npy,A
Your.Name.2016__#00-23-50_00-24-31_label_A__9.npy,A
Flipped.2010__#00-57-20_00-58-17_label_A__0.npy,A
Flipped.2010__#00-57-20_00-58-17_label_A__1.npy,A
Flipped.2010__#00-57-20_00-58-17_label_A__2.npy,A
Flipped.2010__#00-57-20_00-58-17_label_A__3.npy,A
Flipped.2010__#00-57-20_00-58-17_label_A__4.npy,A
Flipped.2010__#00-57-20_00-58-17_label_A__5.npy,A
Flipped.2010__#00-57-20_00-58-17_label_A__6.npy,A
Flipped.2010__#00-57-20_00-58-17_label_A__7.npy,A
Flipped.2010__#00-57-20_00-58-17_label_A__8.npy,A
Flipped.2010__#00-57-20_00-58-17_label_A__9.npy,A
v=Ix4xrfIVI8Y__#00-37-48_00-57-50_label_A__0.npy,A
v=Ix4xrfIVI8Y__#00-37-48_00-57-50_label_A__1.npy,A
v=Ix4xrfIVI8Y__#00-37-48_00-57-50_label_A__2.npy,A
v=Ix4xrfIVI8Y__#00-37-48_00-57-50_label_A__3.npy,A
v=Ix4xrfIVI8Y__#00-37-48_00-57-50_label_A__4.npy,A
v=Ix4xrfIVI8Y__#00-37-48_00-57-50_label_A__5.npy,A
v=Ix4xrfIVI8Y__#00-37-48_00-57-50_label_A__6.npy,A
v=Ix4xrfIVI8Y__#00-37-48_00-57-50_label_A__7.npy,A
v=Ix4xrfIVI8Y__#00-37-48_00-57-50_label_A__8.npy,A
v=Ix4xrfIVI8Y__#00-37-48_00-57-50_label_A__9.npy,A
v=9eME1y6V-T4__#02-18-00_02-20-40_label_A__0.npy,A
v=9eME1y6V-T4__#02-18-00_02-20-40_label_A__1.npy,A
v=9eME1y6V-T4__#02-18-00_02-20-40_label_A__2.npy,A
v=9eME1y6V-T4__#02-18-00_02-20-40_label_A__3.npy,A
v=9eME1y6V-T4__#02-18-00_02-20-40_label_A__4.npy,A
v=9eME1y6V-T4__#02-18-00_02-20-40_label_A__5.npy,A
v=9eME1y6V-T4__#02-18-00_02-20-40_label_A__6.npy,A
v=9eME1y6V-T4__#02-18-00_02-20-40_label_A__7.npy,A
v=9eME1y6V-T4__#02-18-00_02-20-40_label_A__8.npy,A
v=9eME1y6V-T4__#02-18-00_02-20-40_label_A__9.npy,A
v=1CGPBylxXDQ__#1_label_A__0.npy,A
v=1CGPBylxXDQ__#1_label_A__1.npy,A
v=1CGPBylxXDQ__#1_label_A__2.npy,A
v=1CGPBylxXDQ__#1_label_A__3.npy,A
v=1CGPBylxXDQ__#1_label_A__4.npy,A
v=1CGPBylxXDQ__#1_label_A__5.npy,A
v=1CGPBylxXDQ__#1_label_A__6.npy,A
v=1CGPBylxXDQ__#1_label_A__7.npy,A
v=1CGPBylxXDQ__#1_label_A__8.npy,A
v=1CGPBylxXDQ__#1_label_A__9.npy,A
Before.Sunset.2004__#00-40-52_00-42-01_label_A__0.npy,A
Before.Sunset.2004__#00-40-52_00-42-01_label_A__1.npy,A
Before.Sunset.2004__#00-40-52_00-42-01_label_A__2.npy,A
Before.Sunset.2004__#00-40-52_00-42-01_label_A__3.npy,A
Before.Sunset.2004__#00-40-52_00-42-01_label_A__4.npy,A
Before.Sunset.2004__#00-40-52_00-42-01_label_A__5.npy,A
Before.Sunset.2004__#00-40-52_00-42-01_label_A__6.npy,A
Before.Sunset.2004__#00-40-52_00-42-01_label_A__7.npy,A
Before.Sunset.2004__#00-40-52_00-42-01_label_A__8.npy,A
Before.Sunset.2004__#00-40-52_00-42-01_label_A__9.npy,A
v=W0oYXpd_WIU__#1_label_A__0.npy,A
v=W0oYXpd_WIU__#1_label_A__1.npy,A
v=W0oYXpd_WIU__#1_label_A__2.npy,A
v=W0oYXpd_WIU__#1_label_A__3.npy,A
v=W0oYXpd_WIU__#1_label_A__4.npy,A
v=W0oYXpd_WIU__#1_label_A__5.npy,A
v=W0oYXpd_WIU__#1_label_A__6.npy,A
v=W0oYXpd_WIU__#1_label_A__7.npy,A
v=W0oYXpd_WIU__#1_label_A__8.npy,A
v=W0oYXpd_WIU__#1_label_A__9.npy,A
v=hicx0-o7V7o__#1_label_A__0.npy,A
v=hicx0-o7V7o__#1_label_A__1.npy,A
v=hicx0-o7V7o__#1_label_A__2.npy,A
v=hicx0-o7V7o__#1_label_A__3.npy,A
v=hicx0-o7V7o__#1_label_A__4.npy,A
v=hicx0-o7V7o__#1_label_A__5.npy,A
v=hicx0-o7V7o__#1_label_A__6.npy,A
v=hicx0-o7V7o__#1_label_A__7.npy,A
v=hicx0-o7V7o__#1_label_A__8.npy,A
v=hicx0-o7V7o__#1_label_A__9.npy,A
v=EDWpEhytG0c__#1_label_A__0.npy,A
v=EDWpEhytG0c__#1_label_A__1.npy,A
v=EDWpEhytG0c__#1_label_A__2.npy,A
v=EDWpEhytG0c__#1_label_A__3.npy,A
v=EDWpEhytG0c__#1_label_A__4.npy,A
v=EDWpEhytG0c__#1_label_A__5.npy,A
v=EDWpEhytG0c__#1_label_A__6.npy,A
v=EDWpEhytG0c__#1_label_A__7.npy,A
v=EDWpEhytG0c__#1_label_A__8.npy,A
v=EDWpEhytG0c__#1_label_A__9.npy,A
Skyfall.2012__#00-59-47_01-03-05_label_A__0.npy,A
Skyfall.2012__#00-59-47_01-03-05_label_A__1.npy,A
Skyfall.2012__#00-59-47_01-03-05_label_A__2.npy,A
Skyfall.2012__#00-59-47_01-03-05_label_A__3.npy,A
Skyfall.2012__#00-59-47_01-03-05_label_A__4.npy,A
Skyfall.2012__#00-59-47_01-03-05_label_A__5.npy,A
Skyfall.2012__#00-59-47_01-03-05_label_A__6.npy,A
Skyfall.2012__#00-59-47_01-03-05_label_A__7.npy,A
Skyfall.2012__#00-59-47_01-03-05_label_A__8.npy,A
Skyfall.2012__#00-59-47_01-03-05_label_A__9.npy,A
v=VRn8Tc02TbU__#00-30-00_00-32-22_label_A__0.npy,A
v=VRn8Tc02TbU__#00-30-00_00-32-22_label_A__1.npy,A
v=VRn8Tc02TbU__#00-30-00_00-32-22_label_A__2.npy,A
v=VRn8Tc02TbU__#00-30-00_00-32-22_label_A__3.npy,A
v=VRn8Tc02TbU__#00-30-00_00-32-22_label_A__4.npy,A
v=VRn8Tc02TbU__#00-30-00_00-32-22_label_A__5.npy,A
v=VRn8Tc02TbU__#00-30-00_00-32-22_label_A__6.npy,A
v=VRn8Tc02TbU__#00-30-00_00-32-22_label_A__7.npy,A
v=VRn8Tc02TbU__#00-30-00_00-32-22_label_A__8.npy,A
v=VRn8Tc02TbU__#00-30-00_00-32-22_label_A__9.npy,A
v=yQV7LaFD7Vk__#1_label_A__0.npy,A
v=yQV7LaFD7Vk__#1_label_A__1.npy,A
v=yQV7LaFD7Vk__#1_label_A__2.npy,A
v=yQV7LaFD7Vk__#1_label_A__3.npy,A
v=yQV7LaFD7Vk__#1_label_A__4.npy,A
v=yQV7LaFD7Vk__#1_label_A__5.npy,A
v=yQV7LaFD7Vk__#1_label_A__6.npy,A
v=yQV7LaFD7Vk__#1_label_A__7.npy,A
v=yQV7LaFD7Vk__#1_label_A__8.npy,A
v=yQV7LaFD7Vk__#1_label_A__9.npy,A
The.Bourne.Legacy.2012__#0-02-25_0-03-30_label_A__0.npy,A
The.Bourne.Legacy.2012__#0-02-25_0-03-30_label_A__1.npy,A
The.Bourne.Legacy.2012__#0-02-25_0-03-30_label_A__2.npy,A
The.Bourne.Legacy.2012__#0-02-25_0-03-30_label_A__3.npy,A
The.Bourne.Legacy.2012__#0-02-25_0-03-30_label_A__4.npy,A
The.Bourne.Legacy.2012__#0-02-25_0-03-30_label_A__5.npy,A
The.Bourne.Legacy.2012__#0-02-25_0-03-30_label_A__6.npy,A
The.Bourne.Legacy.2012__#0-02-25_0-03-30_label_A__7.npy,A
The.Bourne.Legacy.2012__#0-02-25_0-03-30_label_A__8.npy,A
The.Bourne.Legacy.2012__#0-02-25_0-03-30_label_A__9.npy,A
The.Pursuit.of.Happyness.2006__#00-38-52_00-40-31_label_A__0.npy,A
The.Pursuit.of.Happyness.2006__#00-38-52_00-40-31_label_A__1.npy,A
The.Pursuit.of.Happyness.2006__#00-38-52_00-40-31_label_A__2.npy,A
The.Pursuit.of.Happyness.2006__#00-38-52_00-40-31_label_A__3.npy,A
The.Pursuit.of.Happyness.2006__#00-38-52_00-40-31_label_A__4.npy,A
The.Pursuit.of.Happyness.2006__#00-38-52_00-40-31_label_A__5.npy,A
The.Pursuit.of.Happyness.2006__#00-38-52_00-40-31_label_A__6.npy,A
The.Pursuit.of.Happyness.2006__#00-38-52_00-40-31_label_A__7.npy,A
The.Pursuit.of.Happyness.2006__#00-38-52_00-40-31_label_A__8.npy,A
The.Pursuit.of.Happyness.2006__#00-38-52_00-40-31_label_A__9.npy,A
The.Pursuit.of.Happyness.2006__#01-21-00_01-26-08_label_A__0.npy,A
The.Pursuit.of.Happyness.2006__#01-21-00_01-26-08_label_A__1.npy,A
The.Pursuit.of.Happyness.2006__#01-21-00_01-26-08_label_A__2.npy,A
The.Pursuit.of.Happyness.2006__#01-21-00_01-26-08_label_A__3.npy,A
The.Pursuit.of.Happyness.2006__#01-21-00_01-26-08_label_A__4.npy,A
The.Pursuit.of.Happyness.2006__#01-21-00_01-26-08_label_A__5.npy,A
The.Pursuit.of.Happyness.2006__#01-21-00_01-26-08_label_A__6.npy,A
The.Pursuit.of.Happyness.2006__#01-21-00_01-26-08_label_A__7.npy,A
The.Pursuit.of.Happyness.2006__#01-21-00_01-26-08_label_A__8.npy,A
The.Pursuit.of.Happyness.2006__#01-21-00_01-26-08_label_A__9.npy,A
v=cu1ImwKxezg__#1_label_A__0.npy,A
v=cu1ImwKxezg__#1_label_A__1.npy,A
v=cu1ImwKxezg__#1_label_A__2.npy,A
v=cu1ImwKxezg__#1_label_A__3.npy,A
v=cu1ImwKxezg__#1_label_A__4.npy,A
v=cu1ImwKxezg__#1_label_A__5.npy,A
v=cu1ImwKxezg__#1_label_A__6.npy,A
v=cu1ImwKxezg__#1_label_A__7.npy,A
v=cu1ImwKxezg__#1_label_A__8.npy,A
v=cu1ImwKxezg__#1_label_A__9.npy,A
v=rKUipxR3bDc__#1_label_A__0.npy,A
v=rKUipxR3bDc__#1_label_A__1.npy,A
v=rKUipxR3bDc__#1_label_A__2.npy,A
v=rKUipxR3bDc__#1_label_A__3.npy,A
v=rKUipxR3bDc__#1_label_A__4.npy,A
v=rKUipxR3bDc__#1_label_A__5.npy,A
v=rKUipxR3bDc__#1_label_A__6.npy,A
v=rKUipxR3bDc__#1_label_A__7.npy,A
v=rKUipxR3bDc__#1_label_A__8.npy,A
v=rKUipxR3bDc__#1_label_A__9.npy,A
v=dzEM_e9ZKJ8__#1_label_A__0.npy,A
v=dzEM_e9ZKJ8__#1_label_A__1.npy,A
v=dzEM_e9ZKJ8__#1_label_A__2.npy,A
v=dzEM_e9ZKJ8__#1_label_A__3.npy,A
v=dzEM_e9ZKJ8__#1_label_A__4.npy,A
v=dzEM_e9ZKJ8__#1_label_A__5.npy,A
v=dzEM_e9ZKJ8__#1_label_A__6.npy,A
v=dzEM_e9ZKJ8__#1_label_A__7.npy,A
v=dzEM_e9ZKJ8__#1_label_A__8.npy,A
v=dzEM_e9ZKJ8__#1_label_A__9.npy,A
v=Vqx7u6rt5cY__#1_label_A__0.npy,A
v=Vqx7u6rt5cY__#1_label_A__1.npy,A
v=Vqx7u6rt5cY__#1_label_A__2.npy,A
v=Vqx7u6rt5cY__#1_label_A__3.npy,A
v=Vqx7u6rt5cY__#1_label_A__4.npy,A
v=Vqx7u6rt5cY__#1_label_A__5.npy,A
v=Vqx7u6rt5cY__#1_label_A__6.npy,A
v=Vqx7u6rt5cY__#1_label_A__7.npy,A
v=Vqx7u6rt5cY__#1_label_A__8.npy,A
v=Vqx7u6rt5cY__#1_label_A__9.npy,A
v=4cw1WZxwJ3w__#1_label_A__0.npy,A
v=4cw1WZxwJ3w__#1_label_A__1.npy,A
v=4cw1WZxwJ3w__#1_label_A__2.npy,A
v=4cw1WZxwJ3w__#1_label_A__3.npy,A
v=4cw1WZxwJ3w__#1_label_A__4.npy,A
v=4cw1WZxwJ3w__#1_label_A__5.npy,A
v=4cw1WZxwJ3w__#1_label_A__6.npy,A
v=4cw1WZxwJ3w__#1_label_A__7.npy,A
v=4cw1WZxwJ3w__#1_label_A__8.npy,A
v=4cw1WZxwJ3w__#1_label_A__9.npy,A
v=K3E8wjd6DuE__#1_label_A__0.npy,A
v=K3E8wjd6DuE__#1_label_A__1.npy,A
v=K3E8wjd6DuE__#1_label_A__2.npy,A
v=K3E8wjd6DuE__#1_label_A__3.npy,A
v=K3E8wjd6DuE__#1_label_A__4.npy,A
v=K3E8wjd6DuE__#1_label_A__5.npy,A
v=K3E8wjd6DuE__#1_label_A__6.npy,A
v=K3E8wjd6DuE__#1_label_A__7.npy,A
v=K3E8wjd6DuE__#1_label_A__8.npy,A
v=K3E8wjd6DuE__#1_label_A__9.npy,A
v=SdYFFo_tsfk__#00-42-00_00-48-00_label_A__0.npy,A
v=SdYFFo_tsfk__#00-42-00_00-48-00_label_A__1.npy,A
v=SdYFFo_tsfk__#00-42-00_00-48-00_label_A__2.npy,A
v=SdYFFo_tsfk__#00-42-00_00-48-00_label_A__3.npy,A
v=SdYFFo_tsfk__#00-42-00_00-48-00_label_A__4.npy,A
v=SdYFFo_tsfk__#00-42-00_00-48-00_label_A__5.npy,A
v=SdYFFo_tsfk__#00-42-00_00-48-00_label_A__6.npy,A
v=SdYFFo_tsfk__#00-42-00_00-48-00_label_A__7.npy,A
v=SdYFFo_tsfk__#00-42-00_00-48-00_label_A__8.npy,A
v=SdYFFo_tsfk__#00-42-00_00-48-00_label_A__9.npy,A
The.Secret.Life.of.Walter.Mitty.2013__#01-36-20_01-40-08_label_A__0.npy,A
The.Secret.Life.of.Walter.Mitty.2013__#01-36-20_01-40-08_label_A__1.npy,A
The.Secret.Life.of.Walter.Mitty.2013__#01-36-20_01-40-08_label_A__2.npy,A
The.Secret.Life.of.Walter.Mitty.2013__#01-36-20_01-40-08_label_A__3.npy,A
The.Secret.Life.of.Walter.Mitty.2013__#01-36-20_01-40-08_label_A__4.npy,A
The.Secret.Life.of.Walter.Mitty.2013__#01-36-20_01-40-08_label_A__5.npy,A
The.Secret.Life.of.Walter.Mitty.2013__#01-36-20_01-40-08_label_A__6.npy,A
The.Secret.Life.of.Walter.Mitty.2013__#01-36-20_01-40-08_label_A__7.npy,A
The.Secret.Life.of.Walter.Mitty.2013__#01-36-20_01-40-08_label_A__8.npy,A
The.Secret.Life.of.Walter.Mitty.2013__#01-36-20_01-40-08_label_A__9.npy,A
Tropa.de.Elite.2.2010__#01-29-26_01-30-50_label_A__0.npy,A
Tropa.de.Elite.2.2010__#01-29-26_01-30-50_label_A__1.npy,A
Tropa.de.Elite.2.2010__#01-29-26_01-30-50_label_A__2.npy,A
Tropa.de.Elite.2.2010__#01-29-26_01-30-50_label_A__3.npy,A
Tropa.de.Elite.2.2010__#01-29-26_01-30-50_label_A__4.npy,A
Tropa.de.Elite.2.2010__#01-29-26_01-30-50_label_A__5.npy,A
Tropa.de.Elite.2.2010__#01-29-26_01-30-50_label_A__6.npy,A
Tropa.de.Elite.2.2010__#01-29-26_01-30-50_label_A__7.npy,A
Tropa.de.Elite.2.2010__#01-29-26_01-30-50_label_A__8.npy,A
Tropa.de.Elite.2.2010__#01-29-26_01-30-50_label_A__9.npy,A
Still.Walking.2008__#00-30-50_00-32-31_label_A__0.npy,A
Still.Walking.2008__#00-30-50_00-32-31_label_A__1.npy,A
Still.Walking.2008__#00-30-50_00-32-31_label_A__2.npy,A
Still.Walking.2008__#00-30-50_00-32-31_label_A__3.npy,A
Still.Walking.2008__#00-30-50_00-32-31_label_A__4.npy,A
Still.Walking.2008__#00-30-50_00-32-31_label_A__5.npy,A
Still.Walking.2008__#00-30-50_00-32-31_label_A__6.npy,A
Still.Walking.2008__#00-30-50_00-32-31_label_A__7.npy,A
Still.Walking.2008__#00-30-50_00-32-31_label_A__8.npy,A
Still.Walking.2008__#00-30-50_00-32-31_label_A__9.npy,A
The.Secret.Life.of.Walter.Mitty.2013__#00-01-45_00-02-44_label_A__0.npy,A
The.Secret.Life.of.Walter.Mitty.2013__#00-01-45_00-02-44_label_A__1.npy,A
The.Secret.Life.of.Walter.Mitty.2013__#00-01-45_00-02-44_label_A__2.npy,A
The.Secret.Life.of.Walter.Mitty.2013__#00-01-45_00-02-44_label_A__3.npy,A
The.Secret.Life.of.Walter.Mitty.2013__#00-01-45_00-02-44_label_A__4.npy,A
The.Secret.Life.of.Walter.Mitty.2013__#00-01-45_00-02-44_label_A__5.npy,A
The.Secret.Life.of.Walter.Mitty.2013__#00-01-45_00-02-44_label_A__6.npy,A
The.Secret.Life.of.Walter.Mitty.2013__#00-01-45_00-02-44_label_A__7.npy,A
The.Secret.Life.of.Walter.Mitty.2013__#00-01-45_00-02-44_label_A__8.npy,A
The.Secret.Life.of.Walter.Mitty.2013__#00-01-45_00-02-44_label_A__9.npy,A
Be.with.You.2018__#00-01-45_00-02-50_label_A__0.npy,A
Be.with.You.2018__#00-01-45_00-02-50_label_A__1.npy,A
Be.with.You.2018__#00-01-45_00-02-50_label_A__2.npy,A
Be.with.You.2018__#00-01-45_00-02-50_label_A__3.npy,A
Be.with.You.2018__#00-01-45_00-02-50_label_A__4.npy,A
Be.with.You.2018__#00-01-45_00-02-50_label_A__5.npy,A
Be.with.You.2018__#00-01-45_00-02-50_label_A__6.npy,A
Be.with.You.2018__#00-01-45_00-02-50_label_A__7.npy,A
Be.with.You.2018__#00-01-45_00-02-50_label_A__8.npy,A
Be.with.You.2018__#00-01-45_00-02-50_label_A__9.npy,A
v=NPa2j8eQogc__#1_label_A__0.npy,A
v=NPa2j8eQogc__#1_label_A__1.npy,A
v=NPa2j8eQogc__#1_label_A__2.npy,A
v=NPa2j8eQogc__#1_label_A__3.npy,A
v=NPa2j8eQogc__#1_label_A__4.npy,A
v=NPa2j8eQogc__#1_label_A__5.npy,A
v=NPa2j8eQogc__#1_label_A__6.npy,A
v=NPa2j8eQogc__#1_label_A__7.npy,A
v=NPa2j8eQogc__#1_label_A__8.npy,A
v=NPa2j8eQogc__#1_label_A__9.npy,A
v=fx8NZovRGp8__#1_label_A__0.npy,A
v=fx8NZovRGp8__#1_label_A__1.npy,A
v=fx8NZovRGp8__#1_label_A__2.npy,A
v=fx8NZovRGp8__#1_label_A__3.npy,A
v=fx8NZovRGp8__#1_label_A__4.npy,A
v=fx8NZovRGp8__#1_label_A__5.npy,A
v=fx8NZovRGp8__#1_label_A__6.npy,A
v=fx8NZovRGp8__#1_label_A__7.npy,A
v=fx8NZovRGp8__#1_label_A__8.npy,A
v=fx8NZovRGp8__#1_label_A__9.npy,A
v=MyM5G7fo7Gg__#00-00-00_00-03-00_label_A__0.npy,A
v=MyM5G7fo7Gg__#00-00-00_00-03-00_label_A__1.npy,A
v=MyM5G7fo7Gg__#00-00-00_00-03-00_label_A__2.npy,A
v=MyM5G7fo7Gg__#00-00-00_00-03-00_label_A__3.npy,A
v=MyM5G7fo7Gg__#00-00-00_00-03-00_label_A__4.npy,A
v=MyM5G7fo7Gg__#00-00-00_00-03-00_label_A__5.npy,A
v=MyM5G7fo7Gg__#00-00-00_00-03-00_label_A__6.npy,A
v=MyM5G7fo7Gg__#00-00-00_00-03-00_label_A__7.npy,A
v=MyM5G7fo7Gg__#00-00-00_00-03-00_label_A__8.npy,A
v=MyM5G7fo7Gg__#00-00-00_00-03-00_label_A__9.npy,A
Shoplifters.2018__#01-17-00_01-19-40_label_A__0.npy,A
Shoplifters.2018__#01-17-00_01-19-40_label_A__1.npy,A
Shoplifters.2018__#01-17-00_01-19-40_label_A__2.npy,A
Shoplifters.2018__#01-17-00_01-19-40_label_A__3.npy,A
Shoplifters.2018__#01-17-00_01-19-40_label_A__4.npy,A
Shoplifters.2018__#01-17-00_01-19-40_label_A__5.npy,A
Shoplifters.2018__#01-17-00_01-19-40_label_A__6.npy,A
Shoplifters.2018__#01-17-00_01-19-40_label_A__7.npy,A
Shoplifters.2018__#01-17-00_01-19-40_label_A__8.npy,A
Shoplifters.2018__#01-17-00_01-19-40_label_A__9.npy,A
Be.with.You.2018__#00-42-52_00-45-31_label_A__0.npy,A
Be.with.You.2018__#00-42-52_00-45-31_label_A__1.npy,A
Be.with.You.2018__#00-42-52_00-45-31_label_A__2.npy,A
Be.with.You.2018__#00-42-52_00-45-31_label_A__3.npy,A
Be.with.You.2018__#00-42-52_00-45-31_label_A__4.npy,A
Be.with.You.2018__#00-42-52_00-45-31_label_A__5.npy,A
Be.with.You.2018__#00-42-52_00-45-31_label_A__6.npy,A
Be.with.You.2018__#00-42-52_00-45-31_label_A__7.npy,A
Be.with.You.2018__#00-42-52_00-45-31_label_A__8.npy,A
Be.with.You.2018__#00-42-52_00-45-31_label_A__9.npy,A
Still.Walking.2008__#00-11-00_00-15-08_label_A__0.npy,A
Still.Walking.2008__#00-11-00_00-15-08_label_A__1.npy,A
Still.Walking.2008__#00-11-00_00-15-08_label_A__2.npy,A
Still.Walking.2008__#00-11-00_00-15-08_label_A__3.npy,A
Still.Walking.2008__#00-11-00_00-15-08_label_A__4.npy,A
Still.Walking.2008__#00-11-00_00-15-08_label_A__5.npy,A
Still.Walking.2008__#00-11-00_00-15-08_label_A__6.npy,A
Still.Walking.2008__#00-11-00_00-15-08_label_A__7.npy,A
Still.Walking.2008__#00-11-00_00-15-08_label_A__8.npy,A
Still.Walking.2008__#00-11-00_00-15-08_label_A__9.npy,A
v=usAvzbDq6-c__#00-00-00_00-03-00_label_A__0.npy,A
v=usAvzbDq6-c__#00-00-00_00-03-00_label_A__1.npy,A
v=usAvzbDq6-c__#00-00-00_00-03-00_label_A__2.npy,A
v=usAvzbDq6-c__#00-00-00_00-03-00_label_A__3.npy,A
v=usAvzbDq6-c__#00-00-00_00-03-00_label_A__4.npy,A
v=usAvzbDq6-c__#00-00-00_00-03-00_label_A__5.npy,A
v=usAvzbDq6-c__#00-00-00_00-03-00_label_A__6.npy,A
v=usAvzbDq6-c__#00-00-00_00-03-00_label_A__7.npy,A
v=usAvzbDq6-c__#00-00-00_00-03-00_label_A__8.npy,A
v=usAvzbDq6-c__#00-00-00_00-03-00_label_A__9.npy,A
v=DSG-zxGRkJw__#1_label_A__0.npy,A
v=DSG-zxGRkJw__#1_label_A__1.npy,A
v=DSG-zxGRkJw__#1_label_A__2.npy,A
v=DSG-zxGRkJw__#1_label_A__3.npy,A
v=DSG-zxGRkJw__#1_label_A__4.npy,A
v=DSG-zxGRkJw__#1_label_A__5.npy,A
v=DSG-zxGRkJw__#1_label_A__6.npy,A
v=DSG-zxGRkJw__#1_label_A__7.npy,A
v=DSG-zxGRkJw__#1_label_A__8.npy,A
v=DSG-zxGRkJw__#1_label_A__9.npy,A
v=9P0QnY6S-6Y__#1_label_A__0.npy,A
v=9P0QnY6S-6Y__#1_label_A__1.npy,A
v=9P0QnY6S-6Y__#1_label_A__2.npy,A
v=9P0QnY6S-6Y__#1_label_A__3.npy,A
v=9P0QnY6S-6Y__#1_label_A__4.npy,A
v=9P0QnY6S-6Y__#1_label_A__5.npy,A
v=9P0QnY6S-6Y__#1_label_A__6.npy,A
v=9P0QnY6S-6Y__#1_label_A__7.npy,A
v=9P0QnY6S-6Y__#1_label_A__8.npy,A
v=9P0QnY6S-6Y__#1_label_A__9.npy,A
Taken.Extended.Cut.2008__#00-52-12_00-52-31_label_A__0.npy,A
Taken.Extended.Cut.2008__#00-52-12_00-52-31_label_A__1.npy,A
Taken.Extended.Cut.2008__#00-52-12_00-52-31_label_A__2.npy,A
Taken.Extended.Cut.2008__#00-52-12_00-52-31_label_A__3.npy,A
Taken.Extended.Cut.2008__#00-52-12_00-52-31_label_A__4.npy,A
Taken.Extended.Cut.2008__#00-52-12_00-52-31_label_A__5.npy,A
Taken.Extended.Cut.2008__#00-52-12_00-52-31_label_A__6.npy,A
Taken.Extended.Cut.2008__#00-52-12_00-52-31_label_A__7.npy,A
Taken.Extended.Cut.2008__#00-52-12_00-52-31_label_A__8.npy,A
Taken.Extended.Cut.2008__#00-52-12_00-52-31_label_A__9.npy,A
Flipped.2010__#00-11-00_00-15-08_label_A__0.npy,A
Flipped.2010__#00-11-00_00-15-08_label_A__1.npy,A
Flipped.2010__#00-11-00_00-15-08_label_A__2.npy,A
Flipped.2010__#00-11-00_00-15-08_label_A__3.npy,A
Flipped.2010__#00-11-00_00-15-08_label_A__4.npy,A
Flipped.2010__#00-11-00_00-15-08_label_A__5.npy,A
Flipped.2010__#00-11-00_00-15-08_label_A__6.npy,A
Flipped.2010__#00-11-00_00-15-08_label_A__7.npy,A
Flipped.2010__#00-11-00_00-15-08_label_A__8.npy,A
Flipped.2010__#00-11-00_00-15-08_label_A__9.npy,A
GoldenEye.1995__#00-25-13_00-25-45_label_A__0.npy,A
GoldenEye.1995__#00-25-13_00-25-45_label_A__1.npy,A
GoldenEye.1995__#00-25-13_00-25-45_label_A__2.npy,A
GoldenEye.1995__#00-25-13_00-25-45_label_A__3.npy,A
GoldenEye.1995__#00-25-13_00-25-45_label_A__4.npy,A
GoldenEye.1995__#00-25-13_00-25-45_label_A__5.npy,A
GoldenEye.1995__#00-25-13_00-25-45_label_A__6.npy,A
GoldenEye.1995__#00-25-13_00-25-45_label_A__7.npy,A
GoldenEye.1995__#00-25-13_00-25-45_label_A__8.npy,A
GoldenEye.1995__#00-25-13_00-25-45_label_A__9.npy,A
v=enYITYwvPAQ__#00-30-00_00-31-30_label_A__0.npy,A
v=enYITYwvPAQ__#00-30-00_00-31-30_label_A__1.npy,A
v=enYITYwvPAQ__#00-30-00_00-31-30_label_A__2.npy,A
v=enYITYwvPAQ__#00-30-00_00-31-30_label_A__3.npy,A
v=enYITYwvPAQ__#00-30-00_00-31-30_label_A__4.npy,A
v=enYITYwvPAQ__#00-30-00_00-31-30_label_A__5.npy,A
v=enYITYwvPAQ__#00-30-00_00-31-30_label_A__6.npy,A
v=enYITYwvPAQ__#00-30-00_00-31-30_label_A__7.npy,A
v=enYITYwvPAQ__#00-30-00_00-31-30_label_A__8.npy,A
v=enYITYwvPAQ__#00-30-00_00-31-30_label_A__9.npy,A
v=ob_XPa4sXVI__#1_label_A__0.npy,A
v=ob_XPa4sXVI__#1_label_A__1.npy,A
v=ob_XPa4sXVI__#1_label_A__2.npy,A
v=ob_XPa4sXVI__#1_label_A__3.npy,A
v=ob_XPa4sXVI__#1_label_A__4.npy,A
v=ob_XPa4sXVI__#1_label_A__5.npy,A
v=ob_XPa4sXVI__#1_label_A__6.npy,A
v=ob_XPa4sXVI__#1_label_A__7.npy,A
v=ob_XPa4sXVI__#1_label_A__8.npy,A
v=ob_XPa4sXVI__#1_label_A__9.npy,A
v=9o3RfUGNDW8__#1_label_A__0.npy,A
v=9o3RfUGNDW8__#1_label_A__1.npy,A
v=9o3RfUGNDW8__#1_label_A__2.npy,A
v=9o3RfUGNDW8__#1_label_A__3.npy,A
v=9o3RfUGNDW8__#1_label_A__4.npy,A
v=9o3RfUGNDW8__#1_label_A__5.npy,A
v=9o3RfUGNDW8__#1_label_A__6.npy,A
v=9o3RfUGNDW8__#1_label_A__7.npy,A
v=9o3RfUGNDW8__#1_label_A__8.npy,A
v=9o3RfUGNDW8__#1_label_A__9.npy,A
v=H9Y5_X1sEEA__#00-24-00_00-27-00_label_A__0.npy,A
v=H9Y5_X1sEEA__#00-24-00_00-27-00_label_A__1.npy,A
v=H9Y5_X1sEEA__#00-24-00_00-27-00_label_A__2.npy,A
v=H9Y5_X1sEEA__#00-24-00_00-27-00_label_A__3.npy,A
v=H9Y5_X1sEEA__#00-24-00_00-27-00_label_A__4.npy,A
v=H9Y5_X1sEEA__#00-24-00_00-27-00_label_A__5.npy,A
v=H9Y5_X1sEEA__#00-24-00_00-27-00_label_A__6.npy,A
v=H9Y5_X1sEEA__#00-24-00_00-27-00_label_A__7.npy,A
v=H9Y5_X1sEEA__#00-24-00_00-27-00_label_A__8.npy,A
v=H9Y5_X1sEEA__#00-24-00_00-27-00_label_A__9.npy,A
Rush.Hour.3.2007.BluRay__#00-42-02_00-47-43_label_A__0.npy,A
Rush.Hour.3.2007.BluRay__#00-42-02_00-47-43_label_A__1.npy,A
Rush.Hour.3.2007.BluRay__#00-42-02_00-47-43_label_A__2.npy,A
Rush.Hour.3.2007.BluRay__#00-42-02_00-47-43_label_A__3.npy,A
Rush.Hour.3.2007.BluRay__#00-42-02_00-47-43_label_A__4.npy,A
Rush.Hour.3.2007.BluRay__#00-42-02_00-47-43_label_A__5.npy,A
Rush.Hour.3.2007.BluRay__#00-42-02_00-47-43_label_A__6.npy,A
Rush.Hour.3.2007.BluRay__#00-42-02_00-47-43_label_A__7.npy,A
Rush.Hour.3.2007.BluRay__#00-42-02_00-47-43_label_A__8.npy,A
Rush.Hour.3.2007.BluRay__#00-42-02_00-47-43_label_A__9.npy,A
v=yN8gzTFLtME__#1_label_A__0.npy,A
v=yN8gzTFLtME__#1_label_A__1.npy,A
v=yN8gzTFLtME__#1_label_A__2.npy,A
v=yN8gzTFLtME__#1_label_A__3.npy,A
v=yN8gzTFLtME__#1_label_A__4.npy,A
v=yN8gzTFLtME__#1_label_A__5.npy,A
v=yN8gzTFLtME__#1_label_A__6.npy,A
v=yN8gzTFLtME__#1_label_A__7.npy,A
v=yN8gzTFLtME__#1_label_A__8.npy,A
v=yN8gzTFLtME__#1_label_A__9.npy,A
v=62QZ0WROOKc__#1_label_A__0.npy,A
v=62QZ0WROOKc__#1_label_A__1.npy,A
v=62QZ0WROOKc__#1_label_A__2.npy,A
v=62QZ0WROOKc__#1_label_A__3.npy,A
v=62QZ0WROOKc__#1_label_A__4.npy,A
v=62QZ0WROOKc__#1_label_A__5.npy,A
v=62QZ0WROOKc__#1_label_A__6.npy,A
v=62QZ0WROOKc__#1_label_A__7.npy,A
v=62QZ0WROOKc__#1_label_A__8.npy,A
v=62QZ0WROOKc__#1_label_A__9.npy,A
The.Pursuit.of.Happyness.2006__#00-45-40_00-47-30_label_A__0.npy,A
The.Pursuit.of.Happyness.2006__#00-45-40_00-47-30_label_A__1.npy,A
The.Pursuit.of.Happyness.2006__#00-45-40_00-47-30_label_A__2.npy,A
The.Pursuit.of.Happyness.2006__#00-45-40_00-47-30_label_A__3.npy,A
The.Pursuit.of.Happyness.2006__#00-45-40_00-47-30_label_A__4.npy,A
The.Pursuit.of.Happyness.2006__#00-45-40_00-47-30_label_A__5.npy,A
The.Pursuit.of.Happyness.2006__#00-45-40_00-47-30_label_A__6.npy,A
The.Pursuit.of.Happyness.2006__#00-45-40_00-47-30_label_A__7.npy,A
The.Pursuit.of.Happyness.2006__#00-45-40_00-47-30_label_A__8.npy,A
The.Pursuit.of.Happyness.2006__#00-45-40_00-47-30_label_A__9.npy,A
v=DWLbc0JcBVE__#1_label_A__0.npy,A
v=DWLbc0JcBVE__#1_label_A__1.npy,A
v=DWLbc0JcBVE__#1_label_A__2.npy,A
v=DWLbc0JcBVE__#1_label_A__3.npy,A
v=DWLbc0JcBVE__#1_label_A__4.npy,A
v=DWLbc0JcBVE__#1_label_A__5.npy,A
v=DWLbc0JcBVE__#1_label_A__6.npy,A
v=DWLbc0JcBVE__#1_label_A__7.npy,A
v=DWLbc0JcBVE__#1_label_A__8.npy,A
v=DWLbc0JcBVE__#1_label_A__9.npy,A
v=hq_j5icEM9c__#1_label_A__0.npy,A
v=hq_j5icEM9c__#1_label_A__1.npy,A
v=hq_j5icEM9c__#1_label_A__2.npy,A
v=hq_j5icEM9c__#1_label_A__3.npy,A
v=hq_j5icEM9c__#1_label_A__4.npy,A
v=hq_j5icEM9c__#1_label_A__5.npy,A
v=hq_j5icEM9c__#1_label_A__6.npy,A
v=hq_j5icEM9c__#1_label_A__7.npy,A
v=hq_j5icEM9c__#1_label_A__8.npy,A
v=hq_j5icEM9c__#1_label_A__9.npy,A
v=F95hDZ9j0Ls__#1_label_A__0.npy,A
v=F95hDZ9j0Ls__#1_label_A__1.npy,A
v=F95hDZ9j0Ls__#1_label_A__2.npy,A
v=F95hDZ9j0Ls__#1_label_A__3.npy,A
v=F95hDZ9j0Ls__#1_label_A__4.npy,A
v=F95hDZ9j0Ls__#1_label_A__5.npy,A
v=F95hDZ9j0Ls__#1_label_A__6.npy,A
v=F95hDZ9j0Ls__#1_label_A__7.npy,A
v=F95hDZ9j0Ls__#1_label_A__8.npy,A
v=F95hDZ9j0Ls__#1_label_A__9.npy,A
Desperado.1995__#00-00-00_00-03-38_label_A__0.npy,A
Desperado.1995__#00-00-00_00-03-38_label_A__1.npy,A
Desperado.1995__#00-00-00_00-03-38_label_A__2.npy,A
Desperado.1995__#00-00-00_00-03-38_label_A__3.npy,A
Desperado.1995__#00-00-00_00-03-38_label_A__4.npy,A
Desperado.1995__#00-00-00_00-03-38_label_A__5.npy,A
Desperado.1995__#00-00-00_00-03-38_label_A__6.npy,A
Desperado.1995__#00-00-00_00-03-38_label_A__7.npy,A
Desperado.1995__#00-00-00_00-03-38_label_A__8.npy,A
Desperado.1995__#00-00-00_00-03-38_label_A__9.npy,A
v=VQXyK5J5zQk__#1_label_A__0.npy,A
v=VQXyK5J5zQk__#1_label_A__1.npy,A
v=VQXyK5J5zQk__#1_label_A__2.npy,A
v=VQXyK5J5zQk__#1_label_A__3.npy,A
v=VQXyK5J5zQk__#1_label_A__4.npy,A
v=VQXyK5J5zQk__#1_label_A__5.npy,A
v=VQXyK5J5zQk__#1_label_A__6.npy,A
v=VQXyK5J5zQk__#1_label_A__7.npy,A
v=VQXyK5J5zQk__#1_label_A__8.npy,A
v=VQXyK5J5zQk__#1_label_A__9.npy,A
v=NeAC-MfTZzU__#00-03-00_00-06-00_label_A__0.npy,A
v=NeAC-MfTZzU__#00-03-00_00-06-00_label_A__1.npy,A
v=NeAC-MfTZzU__#00-03-00_00-06-00_label_A__2.npy,A
v=NeAC-MfTZzU__#00-03-00_00-06-00_label_A__3.npy,A
v=NeAC-MfTZzU__#00-03-00_00-06-00_label_A__4.npy,A
v=NeAC-MfTZzU__#00-03-00_00-06-00_label_A__5.npy,A
v=NeAC-MfTZzU__#00-03-00_00-06-00_label_A__6.npy,A
v=NeAC-MfTZzU__#00-03-00_00-06-00_label_A__7.npy,A
v=NeAC-MfTZzU__#00-03-00_00-06-00_label_A__8.npy,A
v=NeAC-MfTZzU__#00-03-00_00-06-00_label_A__9.npy,A
v=RCnS7w-oyYc__#1_label_A__0.npy,A
v=RCnS7w-oyYc__#1_label_A__1.npy,A
v=RCnS7w-oyYc__#1_label_A__2.npy,A
v=RCnS7w-oyYc__#1_label_A__3.npy,A
v=RCnS7w-oyYc__#1_label_A__4.npy,A
v=RCnS7w-oyYc__#1_label_A__5.npy,A
v=RCnS7w-oyYc__#1_label_A__6.npy,A
v=RCnS7w-oyYc__#1_label_A__7.npy,A
v=RCnS7w-oyYc__#1_label_A__8.npy,A
v=RCnS7w-oyYc__#1_label_A__9.npy,A
v=SdYFFo_tsfk__#00-30-00_00-36-00_label_A__0.npy,A
v=SdYFFo_tsfk__#00-30-00_00-36-00_label_A__1.npy,A
v=SdYFFo_tsfk__#00-30-00_00-36-00_label_A__2.npy,A
v=SdYFFo_tsfk__#00-30-00_00-36-00_label_A__3.npy,A
v=SdYFFo_tsfk__#00-30-00_00-36-00_label_A__4.npy,A
v=SdYFFo_tsfk__#00-30-00_00-36-00_label_A__5.npy,A
v=SdYFFo_tsfk__#00-30-00_00-36-00_label_A__6.npy,A
v=SdYFFo_tsfk__#00-30-00_00-36-00_label_A__7.npy,A
v=SdYFFo_tsfk__#00-30-00_00-36-00_label_A__8.npy,A
v=SdYFFo_tsfk__#00-30-00_00-36-00_label_A__9.npy,A
v=AKS4ZC3ZdE8__#1_label_A__0.npy,A
v=AKS4ZC3ZdE8__#1_label_A__1.npy,A
v=AKS4ZC3ZdE8__#1_label_A__2.npy,A
v=AKS4ZC3ZdE8__#1_label_A__3.npy,A
v=AKS4ZC3ZdE8__#1_label_A__4.npy,A
v=AKS4ZC3ZdE8__#1_label_A__5.npy,A
v=AKS4ZC3ZdE8__#1_label_A__6.npy,A
v=AKS4ZC3ZdE8__#1_label_A__7.npy,A
v=AKS4ZC3ZdE8__#1_label_A__8.npy,A
v=AKS4ZC3ZdE8__#1_label_A__9.npy,A
v=fFfLxQwy0dk__#1_label_A__0.npy,A
v=fFfLxQwy0dk__#1_label_A__1.npy,A
v=fFfLxQwy0dk__#1_label_A__2.npy,A
v=fFfLxQwy0dk__#1_label_A__3.npy,A
v=fFfLxQwy0dk__#1_label_A__4.npy,A
v=fFfLxQwy0dk__#1_label_A__5.npy,A
v=fFfLxQwy0dk__#1_label_A__6.npy,A
v=fFfLxQwy0dk__#1_label_A__7.npy,A
v=fFfLxQwy0dk__#1_label_A__8.npy,A
v=fFfLxQwy0dk__#1_label_A__9.npy,A
Flipped.2010__#00-23-50_00-24-31_label_A__0.npy,A
Flipped.2010__#00-23-50_00-24-31_label_A__1.npy,A
Flipped.2010__#00-23-50_00-24-31_label_A__2.npy,A
Flipped.2010__#00-23-50_00-24-31_label_A__3.npy,A
Flipped.2010__#00-23-50_00-24-31_label_A__4.npy,A
Flipped.2010__#00-23-50_00-24-31_label_A__5.npy,A
Flipped.2010__#00-23-50_00-24-31_label_A__6.npy,A
Flipped.2010__#00-23-50_00-24-31_label_A__7.npy,A
Flipped.2010__#00-23-50_00-24-31_label_A__8.npy,A
Flipped.2010__#00-23-50_00-24-31_label_A__9.npy,A
Kill.Bill.Vol.2.2004__#0-12-30_0-14-20_label_A__0.npy,A
Kill.Bill.Vol.2.2004__#0-12-30_0-14-20_label_A__1.npy,A
Kill.Bill.Vol.2.2004__#0-12-30_0-14-20_label_A__2.npy,A
Kill.Bill.Vol.2.2004__#0-12-30_0-14-20_label_A__3.npy,A
Kill.Bill.Vol.2.2004__#0-12-30_0-14-20_label_A__4.npy,A
Kill.Bill.Vol.2.2004__#0-12-30_0-14-20_label_A__5.npy,A
Kill.Bill.Vol.2.2004__#0-12-30_0-14-20_label_A__6.npy,A
Kill.Bill.Vol.2.2004__#0-12-30_0-14-20_label_A__7.npy,A
Kill.Bill.Vol.2.2004__#0-12-30_0-14-20_label_A__8.npy,A
Kill.Bill.Vol.2.2004__#0-12-30_0-14-20_label_A__9.npy,A
v=htm7b_saqcs__#1_label_A__0.npy,A
v=htm7b_saqcs__#1_label_A__1.npy,A
v=htm7b_saqcs__#1_label_A__2.npy,A
v=htm7b_saqcs__#1_label_A__3.npy,A
v=htm7b_saqcs__#1_label_A__4.npy,A
v=htm7b_saqcs__#1_label_A__5.npy,A
v=htm7b_saqcs__#1_label_A__6.npy,A
v=htm7b_saqcs__#1_label_A__7.npy,A
v=htm7b_saqcs__#1_label_A__8.npy,A
v=htm7b_saqcs__#1_label_A__9.npy,A
v=WxiUccHD1Bc__#1_label_A__0.npy,A
v=WxiUccHD1Bc__#1_label_A__1.npy,A
v=WxiUccHD1Bc__#1_label_A__2.npy,A
v=WxiUccHD1Bc__#1_label_A__3.npy,A
v=WxiUccHD1Bc__#1_label_A__4.npy,A
v=WxiUccHD1Bc__#1_label_A__5.npy,A
v=WxiUccHD1Bc__#1_label_A__6.npy,A
v=WxiUccHD1Bc__#1_label_A__7.npy,A
v=WxiUccHD1Bc__#1_label_A__8.npy,A
v=WxiUccHD1Bc__#1_label_A__9.npy,A
About.Time.2013__#00-20-35_00-23-06_label_A__0.npy,A
About.Time.2013__#00-20-35_00-23-06_label_A__1.npy,A
About.Time.2013__#00-20-35_00-23-06_label_A__2.npy,A
About.Time.2013__#00-20-35_00-23-06_label_A__3.npy,A
About.Time.2013__#00-20-35_00-23-06_label_A__4.npy,A
About.Time.2013__#00-20-35_00-23-06_label_A__5.npy,A
About.Time.2013__#00-20-35_00-23-06_label_A__6.npy,A
About.Time.2013__#00-20-35_00-23-06_label_A__7.npy,A
About.Time.2013__#00-20-35_00-23-06_label_A__8.npy,A
About.Time.2013__#00-20-35_00-23-06_label_A__9.npy,A
v=ZvyOsM5lAdY__#1_label_A__0.npy,A
v=ZvyOsM5lAdY__#1_label_A__1.npy,A
v=ZvyOsM5lAdY__#1_label_A__2.npy,A
v=ZvyOsM5lAdY__#1_label_A__3.npy,A
v=ZvyOsM5lAdY__#1_label_A__4.npy,A
v=ZvyOsM5lAdY__#1_label_A__5.npy,A
v=ZvyOsM5lAdY__#1_label_A__6.npy,A
v=ZvyOsM5lAdY__#1_label_A__7.npy,A
v=ZvyOsM5lAdY__#1_label_A__8.npy,A
v=ZvyOsM5lAdY__#1_label_A__9.npy,A
Kill.Bill.Vol.1.2003__#01-05-33_01-06-42_label_A__0.npy,A
Kill.Bill.Vol.1.2003__#01-05-33_01-06-42_label_A__1.npy,A
Kill.Bill.Vol.1.2003__#01-05-33_01-06-42_label_A__2.npy,A
Kill.Bill.Vol.1.2003__#01-05-33_01-06-42_label_A__3.npy,A
Kill.Bill.Vol.1.2003__#01-05-33_01-06-42_label_A__4.npy,A
Kill.Bill.Vol.1.2003__#01-05-33_01-06-42_label_A__5.npy,A
Kill.Bill.Vol.1.2003__#01-05-33_01-06-42_label_A__6.npy,A
Kill.Bill.Vol.1.2003__#01-05-33_01-06-42_label_A__7.npy,A
Kill.Bill.Vol.1.2003__#01-05-33_01-06-42_label_A__8.npy,A
Kill.Bill.Vol.1.2003__#01-05-33_01-06-42_label_A__9.npy,A
v=C_-cBLQlB-A__#1_label_A__0.npy,A
v=C_-cBLQlB-A__#1_label_A__1.npy,A
v=C_-cBLQlB-A__#1_label_A__2.npy,A
v=C_-cBLQlB-A__#1_label_A__3.npy,A
v=C_-cBLQlB-A__#1_label_A__4.npy,A
v=C_-cBLQlB-A__#1_label_A__5.npy,A
v=C_-cBLQlB-A__#1_label_A__6.npy,A
v=C_-cBLQlB-A__#1_label_A__7.npy,A
v=C_-cBLQlB-A__#1_label_A__8.npy,A
v=C_-cBLQlB-A__#1_label_A__9.npy,A
About.Time.2013__#01-47-40_01-49-53_label_A__0.npy,A
About.Time.2013__#01-47-40_01-49-53_label_A__1.npy,A
About.Time.2013__#01-47-40_01-49-53_label_A__2.npy,A
About.Time.2013__#01-47-40_01-49-53_label_A__3.npy,A
About.Time.2013__#01-47-40_01-49-53_label_A__4.npy,A
About.Time.2013__#01-47-40_01-49-53_label_A__5.npy,A
About.Time.2013__#01-47-40_01-49-53_label_A__6.npy,A
About.Time.2013__#01-47-40_01-49-53_label_A__7.npy,A
About.Time.2013__#01-47-40_01-49-53_label_A__8.npy,A
About.Time.2013__#01-47-40_01-49-53_label_A__9.npy,A
About.Time.2013__#00-49-48_00-51-12_label_A__0.npy,A
About.Time.2013__#00-49-48_00-51-12_label_A__1.npy,A
About.Time.2013__#00-49-48_00-51-12_label_A__2.npy,A
About.Time.2013__#00-49-48_00-51-12_label_A__3.npy,A
About.Time.2013__#00-49-48_00-51-12_label_A__4.npy,A
About.Time.2013__#00-49-48_00-51-12_label_A__5.npy,A
About.Time.2013__#00-49-48_00-51-12_label_A__6.npy,A
About.Time.2013__#00-49-48_00-51-12_label_A__7.npy,A
About.Time.2013__#00-49-48_00-51-12_label_A__8.npy,A
About.Time.2013__#00-49-48_00-51-12_label_A__9.npy,A
v=p2ggHwtb-Zg__#00-18-00_00-21-00_label_A__0.npy,A
v=p2ggHwtb-Zg__#00-18-00_00-21-00_label_A__1.npy,A
v=p2ggHwtb-Zg__#00-18-00_00-21-00_label_A__2.npy,A
v=p2ggHwtb-Zg__#00-18-00_00-21-00_label_A__3.npy,A
v=p2ggHwtb-Zg__#00-18-00_00-21-00_label_A__4.npy,A
v=p2ggHwtb-Zg__#00-18-00_00-21-00_label_A__5.npy,A
v=p2ggHwtb-Zg__#00-18-00_00-21-00_label_A__6.npy,A
v=p2ggHwtb-Zg__#00-18-00_00-21-00_label_A__7.npy,A
v=p2ggHwtb-Zg__#00-18-00_00-21-00_label_A__8.npy,A
v=p2ggHwtb-Zg__#00-18-00_00-21-00_label_A__9.npy,A
v=rQWPigb7qDY__#1_label_A__0.npy,A
v=rQWPigb7qDY__#1_label_A__1.npy,A
v=rQWPigb7qDY__#1_label_A__2.npy,A
v=rQWPigb7qDY__#1_label_A__3.npy,A
v=rQWPigb7qDY__#1_label_A__4.npy,A
v=rQWPigb7qDY__#1_label_A__5.npy,A
v=rQWPigb7qDY__#1_label_A__6.npy,A
v=rQWPigb7qDY__#1_label_A__7.npy,A
v=rQWPigb7qDY__#1_label_A__8.npy,A
v=rQWPigb7qDY__#1_label_A__9.npy,A
v=q2SP66Jb6Cw__#00-54-00_01-00-00_label_A__0.npy,A
v=q2SP66Jb6Cw__#00-54-00_01-00-00_label_A__1.npy,A
v=q2SP66Jb6Cw__#00-54-00_01-00-00_label_A__2.npy,A
v=q2SP66Jb6Cw__#00-54-00_01-00-00_label_A__3.npy,A
v=q2SP66Jb6Cw__#00-54-00_01-00-00_label_A__4.npy,A
v=q2SP66Jb6Cw__#00-54-00_01-00-00_label_A__5.npy,A
v=q2SP66Jb6Cw__#00-54-00_01-00-00_label_A__6.npy,A
v=q2SP66Jb6Cw__#00-54-00_01-00-00_label_A__7.npy,A
v=q2SP66Jb6Cw__#00-54-00_01-00-00_label_A__8.npy,A
v=q2SP66Jb6Cw__#00-54-00_01-00-00_label_A__9.npy,A
About.Time.2013__#00-11-00_00-15-08_label_A__0.npy,A
About.Time.2013__#00-11-00_00-15-08_label_A__1.npy,A
About.Time.2013__#00-11-00_00-15-08_label_A__2.npy,A
About.Time.2013__#00-11-00_00-15-08_label_A__3.npy,A
About.Time.2013__#00-11-00_00-15-08_label_A__4.npy,A
About.Time.2013__#00-11-00_00-15-08_label_A__5.npy,A
About.Time.2013__#00-11-00_00-15-08_label_A__6.npy,A
About.Time.2013__#00-11-00_00-15-08_label_A__7.npy,A
About.Time.2013__#00-11-00_00-15-08_label_A__8.npy,A
About.Time.2013__#00-11-00_00-15-08_label_A__9.npy,A
v=3OnSGQzJGOY__#1_label_A__0.npy,A
v=3OnSGQzJGOY__#1_label_A__1.npy,A
v=3OnSGQzJGOY__#1_label_A__2.npy,A
v=3OnSGQzJGOY__#1_label_A__3.npy,A
v=3OnSGQzJGOY__#1_label_A__4.npy,A
v=3OnSGQzJGOY__#1_label_A__5.npy,A
v=3OnSGQzJGOY__#1_label_A__6.npy,A
v=3OnSGQzJGOY__#1_label_A__7.npy,A
v=3OnSGQzJGOY__#1_label_A__8.npy,A
v=3OnSGQzJGOY__#1_label_A__9.npy,A
v=q2SP66Jb6Cw__#00-06-00_00-12-00_label_A__0.npy,A
v=q2SP66Jb6Cw__#00-06-00_00-12-00_label_A__1.npy,A
v=q2SP66Jb6Cw__#00-06-00_00-12-00_label_A__2.npy,A
v=q2SP66Jb6Cw__#00-06-00_00-12-00_label_A__3.npy,A
v=q2SP66Jb6Cw__#00-06-00_00-12-00_label_A__4.npy,A
v=q2SP66Jb6Cw__#00-06-00_00-12-00_label_A__5.npy,A
v=q2SP66Jb6Cw__#00-06-00_00-12-00_label_A__6.npy,A
v=q2SP66Jb6Cw__#00-06-00_00-12-00_label_A__7.npy,A
v=q2SP66Jb6Cw__#00-06-00_00-12-00_label_A__8.npy,A
v=q2SP66Jb6Cw__#00-06-00_00-12-00_label_A__9.npy,A
v=Yr41_8QOTF8__#00-39-00_00-42-00_label_A__0.npy,A
v=Yr41_8QOTF8__#00-39-00_00-42-00_label_A__1.npy,A
v=Yr41_8QOTF8__#00-39-00_00-42-00_label_A__2.npy,A
v=Yr41_8QOTF8__#00-39-00_00-42-00_label_A__3.npy,A
v=Yr41_8QOTF8__#00-39-00_00-42-00_label_A__4.npy,A
v=Yr41_8QOTF8__#00-39-00_00-42-00_label_A__5.npy,A
v=Yr41_8QOTF8__#00-39-00_00-42-00_label_A__6.npy,A
v=Yr41_8QOTF8__#00-39-00_00-42-00_label_A__7.npy,A
v=Yr41_8QOTF8__#00-39-00_00-42-00_label_A__8.npy,A
v=Yr41_8QOTF8__#00-39-00_00-42-00_label_A__9.npy,A
v=oEmkMvF4Keo__#1_label_A__0.npy,A
v=oEmkMvF4Keo__#1_label_A__1.npy,A
v=oEmkMvF4Keo__#1_label_A__2.npy,A
v=oEmkMvF4Keo__#1_label_A__3.npy,A
v=oEmkMvF4Keo__#1_label_A__4.npy,A
v=oEmkMvF4Keo__#1_label_A__5.npy,A
v=oEmkMvF4Keo__#1_label_A__6.npy,A
v=oEmkMvF4Keo__#1_label_A__7.npy,A
v=oEmkMvF4Keo__#1_label_A__8.npy,A
v=oEmkMvF4Keo__#1_label_A__9.npy,A
v=dJRcXU8y4tw__#1_label_A__0.npy,A
v=dJRcXU8y4tw__#1_label_A__1.npy,A
v=dJRcXU8y4tw__#1_label_A__2.npy,A
v=dJRcXU8y4tw__#1_label_A__3.npy,A
v=dJRcXU8y4tw__#1_label_A__4.npy,A
v=dJRcXU8y4tw__#1_label_A__5.npy,A
v=dJRcXU8y4tw__#1_label_A__6.npy,A
v=dJRcXU8y4tw__#1_label_A__7.npy,A
v=dJRcXU8y4tw__#1_label_A__8.npy,A
v=dJRcXU8y4tw__#1_label_A__9.npy,A
v=Wc55h6-lhJ0__#1_label_A__0.npy,A
v=Wc55h6-lhJ0__#1_label_A__1.npy,A
v=Wc55h6-lhJ0__#1_label_A__2.npy,A
v=Wc55h6-lhJ0__#1_label_A__3.npy,A
v=Wc55h6-lhJ0__#1_label_A__4.npy,A
v=Wc55h6-lhJ0__#1_label_A__5.npy,A
v=Wc55h6-lhJ0__#1_label_A__6.npy,A
v=Wc55h6-lhJ0__#1_label_A__7.npy,A
v=Wc55h6-lhJ0__#1_label_A__8.npy,A
v=Wc55h6-lhJ0__#1_label_A__9.npy,A
v=r22wGeBDJdw__#1_label_A__0.npy,A
v=r22wGeBDJdw__#1_label_A__1.npy,A
v=r22wGeBDJdw__#1_label_A__2.npy,A
v=r22wGeBDJdw__#1_label_A__3.npy,A
v=r22wGeBDJdw__#1_label_A__4.npy,A
v=r22wGeBDJdw__#1_label_A__5.npy,A
v=r22wGeBDJdw__#1_label_A__6.npy,A
v=r22wGeBDJdw__#1_label_A__7.npy,A
v=r22wGeBDJdw__#1_label_A__8.npy,A
v=r22wGeBDJdw__#1_label_A__9.npy,A
v=nC1GrbpCyd4__#1_label_A__0.npy,A
v=nC1GrbpCyd4__#1_label_A__1.npy,A
v=nC1GrbpCyd4__#1_label_A__2.npy,A
v=nC1GrbpCyd4__#1_label_A__3.npy,A
v=nC1GrbpCyd4__#1_label_A__4.npy,A
v=nC1GrbpCyd4__#1_label_A__5.npy,A
v=nC1GrbpCyd4__#1_label_A__6.npy,A
v=nC1GrbpCyd4__#1_label_A__7.npy,A
v=nC1GrbpCyd4__#1_label_A__8.npy,A
v=nC1GrbpCyd4__#1_label_A__9.npy,A
v=9eME1y6V-T4__#01-30-00_01-36-00_label_A__0.npy,A
v=9eME1y6V-T4__#01-30-00_01-36-00_label_A__1.npy,A
v=9eME1y6V-T4__#01-30-00_01-36-00_label_A__2.npy,A
v=9eME1y6V-T4__#01-30-00_01-36-00_label_A__3.npy,A
v=9eME1y6V-T4__#01-30-00_01-36-00_label_A__4.npy,A
v=9eME1y6V-T4__#01-30-00_01-36-00_label_A__5.npy,A
v=9eME1y6V-T4__#01-30-00_01-36-00_label_A__6.npy,A
v=9eME1y6V-T4__#01-30-00_01-36-00_label_A__7.npy,A
v=9eME1y6V-T4__#01-30-00_01-36-00_label_A__8.npy,A
v=9eME1y6V-T4__#01-30-00_01-36-00_label_A__9.npy,A
Hear.Me.2009__#01-09-30_01-16-59_label_A__0.npy,A
Hear.Me.2009__#01-09-30_01-16-59_label_A__1.npy,A
Hear.Me.2009__#01-09-30_01-16-59_label_A__2.npy,A
Hear.Me.2009__#01-09-30_01-16-59_label_A__3.npy,A
Hear.Me.2009__#01-09-30_01-16-59_label_A__4.npy,A
Hear.Me.2009__#01-09-30_01-16-59_label_A__5.npy,A
Hear.Me.2009__#01-09-30_01-16-59_label_A__6.npy,A
Hear.Me.2009__#01-09-30_01-16-59_label_A__7.npy,A
Hear.Me.2009__#01-09-30_01-16-59_label_A__8.npy,A
Hear.Me.2009__#01-09-30_01-16-59_label_A__9.npy,A
v=vFPQ_NiDBIU__#01-42-00_01-48-00_label_A__0.npy,A
v=vFPQ_NiDBIU__#01-42-00_01-48-00_label_A__1.npy,A
v=vFPQ_NiDBIU__#01-42-00_01-48-00_label_A__2.npy,A
v=vFPQ_NiDBIU__#01-42-00_01-48-00_label_A__3.npy,A
v=vFPQ_NiDBIU__#01-42-00_01-48-00_label_A__4.npy,A
v=vFPQ_NiDBIU__#01-42-00_01-48-00_label_A__5.npy,A
v=vFPQ_NiDBIU__#01-42-00_01-48-00_label_A__6.npy,A
v=vFPQ_NiDBIU__#01-42-00_01-48-00_label_A__7.npy,A
v=vFPQ_NiDBIU__#01-42-00_01-48-00_label_A__8.npy,A
v=vFPQ_NiDBIU__#01-42-00_01-48-00_label_A__9.npy,A
v=vu3gsiA1KLs__#1_label_A__0.npy,A
v=vu3gsiA1KLs__#1_label_A__1.npy,A
v=vu3gsiA1KLs__#1_label_A__2.npy,A
v=vu3gsiA1KLs__#1_label_A__3.npy,A
v=vu3gsiA1KLs__#1_label_A__4.npy,A
v=vu3gsiA1KLs__#1_label_A__5.npy,A
v=vu3gsiA1KLs__#1_label_A__6.npy,A
v=vu3gsiA1KLs__#1_label_A__7.npy,A
v=vu3gsiA1KLs__#1_label_A__8.npy,A
v=vu3gsiA1KLs__#1_label_A__9.npy,A
A.Beautiful.Mind.2001__#00-58-18_01-02-30_label_A__0.npy,A
A.Beautiful.Mind.2001__#00-58-18_01-02-30_label_A__1.npy,A
A.Beautiful.Mind.2001__#00-58-18_01-02-30_label_A__2.npy,A
A.Beautiful.Mind.2001__#00-58-18_01-02-30_label_A__3.npy,A
A.Beautiful.Mind.2001__#00-58-18_01-02-30_label_A__4.npy,A
A.Beautiful.Mind.2001__#00-58-18_01-02-30_label_A__5.npy,A
A.Beautiful.Mind.2001__#00-58-18_01-02-30_label_A__6.npy,A
A.Beautiful.Mind.2001__#00-58-18_01-02-30_label_A__7.npy,A
A.Beautiful.Mind.2001__#00-58-18_01-02-30_label_A__8.npy,A
A.Beautiful.Mind.2001__#00-58-18_01-02-30_label_A__9.npy,A
About.Time.2013__#01-17-00_01-19-40_label_A__0.npy,A
About.Time.2013__#01-17-00_01-19-40_label_A__1.npy,A
About.Time.2013__#01-17-00_01-19-40_label_A__2.npy,A
About.Time.2013__#01-17-00_01-19-40_label_A__3.npy,A
About.Time.2013__#01-17-00_01-19-40_label_A__4.npy,A
About.Time.2013__#01-17-00_01-19-40_label_A__5.npy,A
About.Time.2013__#01-17-00_01-19-40_label_A__6.npy,A
About.Time.2013__#01-17-00_01-19-40_label_A__7.npy,A
About.Time.2013__#01-17-00_01-19-40_label_A__8.npy,A
About.Time.2013__#01-17-00_01-19-40_label_A__9.npy,A
v=aRYJ9u0sEE4__#1_label_A__0.npy,A
v=aRYJ9u0sEE4__#1_label_A__1.npy,A
v=aRYJ9u0sEE4__#1_label_A__2.npy,A
v=aRYJ9u0sEE4__#1_label_A__3.npy,A
v=aRYJ9u0sEE4__#1_label_A__4.npy,A
v=aRYJ9u0sEE4__#1_label_A__5.npy,A
v=aRYJ9u0sEE4__#1_label_A__6.npy,A
v=aRYJ9u0sEE4__#1_label_A__7.npy,A
v=aRYJ9u0sEE4__#1_label_A__8.npy,A
v=aRYJ9u0sEE4__#1_label_A__9.npy,A
Young.And.Dangerous.III.1996__#00-12-05_00-13-06_label_A__0.npy,A
Young.And.Dangerous.III.1996__#00-12-05_00-13-06_label_A__1.npy,A
Young.And.Dangerous.III.1996__#00-12-05_00-13-06_label_A__2.npy,A
Young.And.Dangerous.III.1996__#00-12-05_00-13-06_label_A__3.npy,A
Young.And.Dangerous.III.1996__#00-12-05_00-13-06_label_A__4.npy,A
Young.And.Dangerous.III.1996__#00-12-05_00-13-06_label_A__5.npy,A
Young.And.Dangerous.III.1996__#00-12-05_00-13-06_label_A__6.npy,A
Young.And.Dangerous.III.1996__#00-12-05_00-13-06_label_A__7.npy,A
Young.And.Dangerous.III.1996__#00-12-05_00-13-06_label_A__8.npy,A
Young.And.Dangerous.III.1996__#00-12-05_00-13-06_label_A__9.npy,A
v=fnN_FCj-MTA__#1_label_A__0.npy,A
v=fnN_FCj-MTA__#1_label_A__1.npy,A
v=fnN_FCj-MTA__#1_label_A__2.npy,A
v=fnN_FCj-MTA__#1_label_A__3.npy,A
v=fnN_FCj-MTA__#1_label_A__4.npy,A
v=fnN_FCj-MTA__#1_label_A__5.npy,A
v=fnN_FCj-MTA__#1_label_A__6.npy,A
v=fnN_FCj-MTA__#1_label_A__7.npy,A
v=fnN_FCj-MTA__#1_label_A__8.npy,A
v=fnN_FCj-MTA__#1_label_A__9.npy,A
The.Notebook.2004__#00-23-50_00-24-31_label_A__0.npy,A
The.Notebook.2004__#00-23-50_00-24-31_label_A__1.npy,A
The.Notebook.2004__#00-23-50_00-24-31_label_A__2.npy,A
The.Notebook.2004__#00-23-50_00-24-31_label_A__3.npy,A
The.Notebook.2004__#00-23-50_00-24-31_label_A__4.npy,A
The.Notebook.2004__#00-23-50_00-24-31_label_A__5.npy,A
The.Notebook.2004__#00-23-50_00-24-31_label_A__6.npy,A
The.Notebook.2004__#00-23-50_00-24-31_label_A__7.npy,A
The.Notebook.2004__#00-23-50_00-24-31_label_A__8.npy,A
The.Notebook.2004__#00-23-50_00-24-31_label_A__9.npy,A
v=-bIDfnyelC4__#1_label_A__0.npy,A
v=-bIDfnyelC4__#1_label_A__1.npy,A
v=-bIDfnyelC4__#1_label_A__2.npy,A
v=-bIDfnyelC4__#1_label_A__3.npy,A
v=-bIDfnyelC4__#1_label_A__4.npy,A
v=-bIDfnyelC4__#1_label_A__5.npy,A
v=-bIDfnyelC4__#1_label_A__6.npy,A
v=-bIDfnyelC4__#1_label_A__7.npy,A
v=-bIDfnyelC4__#1_label_A__8.npy,A
v=-bIDfnyelC4__#1_label_A__9.npy,A
v=E5l9d5x6uzk__#1_label_A__0.npy,A
v=E5l9d5x6uzk__#1_label_A__1.npy,A
v=E5l9d5x6uzk__#1_label_A__2.npy,A
v=E5l9d5x6uzk__#1_label_A__3.npy,A
v=E5l9d5x6uzk__#1_label_A__4.npy,A
v=E5l9d5x6uzk__#1_label_A__5.npy,A
v=E5l9d5x6uzk__#1_label_A__6.npy,A
v=E5l9d5x6uzk__#1_label_A__7.npy,A
v=E5l9d5x6uzk__#1_label_A__8.npy,A
v=E5l9d5x6uzk__#1_label_A__9.npy,A
Still.Walking.2008__#01-17-00_01-19-40_label_A__0.npy,A
Still.Walking.2008__#01-17-00_01-19-40_label_A__1.npy,A
Still.Walking.2008__#01-17-00_01-19-40_label_A__2.npy,A
Still.Walking.2008__#01-17-00_01-19-40_label_A__3.npy,A
Still.Walking.2008__#01-17-00_01-19-40_label_A__4.npy,A
Still.Walking.2008__#01-17-00_01-19-40_label_A__5.npy,A
Still.Walking.2008__#01-17-00_01-19-40_label_A__6.npy,A
Still.Walking.2008__#01-17-00_01-19-40_label_A__7.npy,A
Still.Walking.2008__#01-17-00_01-19-40_label_A__8.npy,A
Still.Walking.2008__#01-17-00_01-19-40_label_A__9.npy,A
Skyfall.2012__#01-07-38_01-08-17_label_A__0.npy,A
Skyfall.2012__#01-07-38_01-08-17_label_A__1.npy,A
Skyfall.2012__#01-07-38_01-08-17_label_A__2.npy,A
Skyfall.2012__#01-07-38_01-08-17_label_A__3.npy,A
Skyfall.2012__#01-07-38_01-08-17_label_A__4.npy,A
Skyfall.2012__#01-07-38_01-08-17_label_A__5.npy,A
Skyfall.2012__#01-07-38_01-08-17_label_A__6.npy,A
Skyfall.2012__#01-07-38_01-08-17_label_A__7.npy,A
Skyfall.2012__#01-07-38_01-08-17_label_A__8.npy,A
Skyfall.2012__#01-07-38_01-08-17_label_A__9.npy,A
Love.Actually.2003__#00-17-30_00-19-10_label_A__0.npy,A
Love.Actually.2003__#00-17-30_00-19-10_label_A__1.npy,A
Love.Actually.2003__#00-17-30_00-19-10_label_A__2.npy,A
Love.Actually.2003__#00-17-30_00-19-10_label_A__3.npy,A
Love.Actually.2003__#00-17-30_00-19-10_label_A__4.npy,A
Love.Actually.2003__#00-17-30_00-19-10_label_A__5.npy,A
Love.Actually.2003__#00-17-30_00-19-10_label_A__6.npy,A
Love.Actually.2003__#00-17-30_00-19-10_label_A__7.npy,A
Love.Actually.2003__#00-17-30_00-19-10_label_A__8.npy,A
Love.Actually.2003__#00-17-30_00-19-10_label_A__9.npy,A
v=3K40LT7Q_7s__#1_label_A__0.npy,A
v=3K40LT7Q_7s__#1_label_A__1.npy,A
v=3K40LT7Q_7s__#1_label_A__2.npy,A
v=3K40LT7Q_7s__#1_label_A__3.npy,A
v=3K40LT7Q_7s__#1_label_A__4.npy,A
v=3K40LT7Q_7s__#1_label_A__5.npy,A
v=3K40LT7Q_7s__#1_label_A__6.npy,A
v=3K40LT7Q_7s__#1_label_A__7.npy,A
v=3K40LT7Q_7s__#1_label_A__8.npy,A
v=3K40LT7Q_7s__#1_label_A__9.npy,A
Desperado.1995__#00-22-12_00-23-56_label_A__0.npy,A
Desperado.1995__#00-22-12_00-23-56_label_A__1.npy,A
Desperado.1995__#00-22-12_00-23-56_label_A__2.npy,A
Desperado.1995__#00-22-12_00-23-56_label_A__3.npy,A
Desperado.1995__#00-22-12_00-23-56_label_A__4.npy,A
Desperado.1995__#00-22-12_00-23-56_label_A__5.npy,A
Desperado.1995__#00-22-12_00-23-56_label_A__6.npy,A
Desperado.1995__#00-22-12_00-23-56_label_A__7.npy,A
Desperado.1995__#00-22-12_00-23-56_label_A__8.npy,A
Desperado.1995__#00-22-12_00-23-56_label_A__9.npy,A
Before.Sunrise.1995__#00-01-45_00-02-50_label_A__0.npy,A
Before.Sunrise.1995__#00-01-45_00-02-50_label_A__1.npy,A
Before.Sunrise.1995__#00-01-45_00-02-50_label_A__2.npy,A
Before.Sunrise.1995__#00-01-45_00-02-50_label_A__3.npy,A
Before.Sunrise.1995__#00-01-45_00-02-50_label_A__4.npy,A
Before.Sunrise.1995__#00-01-45_00-02-50_label_A__5.npy,A
Before.Sunrise.1995__#00-01-45_00-02-50_label_A__6.npy,A
Before.Sunrise.1995__#00-01-45_00-02-50_label_A__7.npy,A
Before.Sunrise.1995__#00-01-45_00-02-50_label_A__8.npy,A
Before.Sunrise.1995__#00-01-45_00-02-50_label_A__9.npy,A
v=SdYFFo_tsfk__#01-30-00_01-36-00_label_A__0.npy,A
v=SdYFFo_tsfk__#01-30-00_01-36-00_label_A__1.npy,A
v=SdYFFo_tsfk__#01-30-00_01-36-00_label_A__2.npy,A
v=SdYFFo_tsfk__#01-30-00_01-36-00_label_A__3.npy,A
v=SdYFFo_tsfk__#01-30-00_01-36-00_label_A__4.npy,A
v=SdYFFo_tsfk__#01-30-00_01-36-00_label_A__5.npy,A
v=SdYFFo_tsfk__#01-30-00_01-36-00_label_A__6.npy,A
v=SdYFFo_tsfk__#01-30-00_01-36-00_label_A__7.npy,A
v=SdYFFo_tsfk__#01-30-00_01-36-00_label_A__8.npy,A
v=SdYFFo_tsfk__#01-30-00_01-36-00_label_A__9.npy,A
Good.Will.Hunting.1997__#01-46-20_01-48-10_label_A__0.npy,A
Good.Will.Hunting.1997__#01-46-20_01-48-10_label_A__1.npy,A
Good.Will.Hunting.1997__#01-46-20_01-48-10_label_A__2.npy,A
Good.Will.Hunting.1997__#01-46-20_01-48-10_label_A__3.npy,A
Good.Will.Hunting.1997__#01-46-20_01-48-10_label_A__4.npy,A
Good.Will.Hunting.1997__#01-46-20_01-48-10_label_A__5.npy,A
Good.Will.Hunting.1997__#01-46-20_01-48-10_label_A__6.npy,A
Good.Will.Hunting.1997__#01-46-20_01-48-10_label_A__7.npy,A
Good.Will.Hunting.1997__#01-46-20_01-48-10_label_A__8.npy,A
Good.Will.Hunting.1997__#01-46-20_01-48-10_label_A__9.npy,A
Love.Actually.2003__#00-21-59_00-24-04_label_A__0.npy,A
Love.Actually.2003__#00-21-59_00-24-04_label_A__1.npy,A
Love.Actually.2003__#00-21-59_00-24-04_label_A__2.npy,A
Love.Actually.2003__#00-21-59_00-24-04_label_A__3.npy,A
Love.Actually.2003__#00-21-59_00-24-04_label_A__4.npy,A
Love.Actually.2003__#00-21-59_00-24-04_label_A__5.npy,A
Love.Actually.2003__#00-21-59_00-24-04_label_A__6.npy,A
Love.Actually.2003__#00-21-59_00-24-04_label_A__7.npy,A
Love.Actually.2003__#00-21-59_00-24-04_label_A__8.npy,A
Love.Actually.2003__#00-21-59_00-24-04_label_A__9.npy,A
v=7o0GnFD2yOg__#1_label_A__0.npy,A
v=7o0GnFD2yOg__#1_label_A__1.npy,A
v=7o0GnFD2yOg__#1_label_A__2.npy,A
v=7o0GnFD2yOg__#1_label_A__3.npy,A
v=7o0GnFD2yOg__#1_label_A__4.npy,A
v=7o0GnFD2yOg__#1_label_A__5.npy,A
v=7o0GnFD2yOg__#1_label_A__6.npy,A
v=7o0GnFD2yOg__#1_label_A__7.npy,A
v=7o0GnFD2yOg__#1_label_A__8.npy,A
v=7o0GnFD2yOg__#1_label_A__9.npy,A
Love.Me.If.You.Dare.2003__#00-23-50_00-24-31_label_A__0.npy,A
Love.Me.If.You.Dare.2003__#00-23-50_00-24-31_label_A__1.npy,A
Love.Me.If.You.Dare.2003__#00-23-50_00-24-31_label_A__2.npy,A
Love.Me.If.You.Dare.2003__#00-23-50_00-24-31_label_A__3.npy,A
Love.Me.If.You.Dare.2003__#00-23-50_00-24-31_label_A__4.npy,A
Love.Me.If.You.Dare.2003__#00-23-50_00-24-31_label_A__5.npy,A
Love.Me.If.You.Dare.2003__#00-23-50_00-24-31_label_A__6.npy,A
Love.Me.If.You.Dare.2003__#00-23-50_00-24-31_label_A__7.npy,A
Love.Me.If.You.Dare.2003__#00-23-50_00-24-31_label_A__8.npy,A
Love.Me.If.You.Dare.2003__#00-23-50_00-24-31_label_A__9.npy,A
v=12Jq0mFovdg__#1_label_A__0.npy,A
v=12Jq0mFovdg__#1_label_A__1.npy,A
v=12Jq0mFovdg__#1_label_A__2.npy,A
v=12Jq0mFovdg__#1_label_A__3.npy,A
v=12Jq0mFovdg__#1_label_A__4.npy,A
v=12Jq0mFovdg__#1_label_A__5.npy,A
v=12Jq0mFovdg__#1_label_A__6.npy,A
v=12Jq0mFovdg__#1_label_A__7.npy,A
v=12Jq0mFovdg__#1_label_A__8.npy,A
v=12Jq0mFovdg__#1_label_A__9.npy,A
v=VY91zRGzdv8__#1_label_A__0.npy,A
v=VY91zRGzdv8__#1_label_A__1.npy,A
v=VY91zRGzdv8__#1_label_A__2.npy,A
v=VY91zRGzdv8__#1_label_A__3.npy,A
v=VY91zRGzdv8__#1_label_A__4.npy,A
v=VY91zRGzdv8__#1_label_A__5.npy,A
v=VY91zRGzdv8__#1_label_A__6.npy,A
v=VY91zRGzdv8__#1_label_A__7.npy,A
v=VY91zRGzdv8__#1_label_A__8.npy,A
v=VY91zRGzdv8__#1_label_A__9.npy,A
Gladiator.2000__#01-13-12_01-15-48_label_A__0.npy,A
Gladiator.2000__#01-13-12_01-15-48_label_A__1.npy,A
Gladiator.2000__#01-13-12_01-15-48_label_A__2.npy,A
Gladiator.2000__#01-13-12_01-15-48_label_A__3.npy,A
Gladiator.2000__#01-13-12_01-15-48_label_A__4.npy,A
Gladiator.2000__#01-13-12_01-15-48_label_A__5.npy,A
Gladiator.2000__#01-13-12_01-15-48_label_A__6.npy,A
Gladiator.2000__#01-13-12_01-15-48_label_A__7.npy,A
Gladiator.2000__#01-13-12_01-15-48_label_A__8.npy,A
Gladiator.2000__#01-13-12_01-15-48_label_A__9.npy,A
v=tAIy_2Fnz-Q__#1_label_A__0.npy,A
v=tAIy_2Fnz-Q__#1_label_A__1.npy,A
v=tAIy_2Fnz-Q__#1_label_A__2.npy,A
v=tAIy_2Fnz-Q__#1_label_A__3.npy,A
v=tAIy_2Fnz-Q__#1_label_A__4.npy,A
v=tAIy_2Fnz-Q__#1_label_A__5.npy,A
v=tAIy_2Fnz-Q__#1_label_A__6.npy,A
v=tAIy_2Fnz-Q__#1_label_A__7.npy,A
v=tAIy_2Fnz-Q__#1_label_A__8.npy,A
v=tAIy_2Fnz-Q__#1_label_A__9.npy,A
Saving.Private.Ryan.1998__#01-06-35_01-13-13_label_A__0.npy,A
Saving.Private.Ryan.1998__#01-06-35_01-13-13_label_A__1.npy,A
Saving.Private.Ryan.1998__#01-06-35_01-13-13_label_A__2.npy,A
Saving.Private.Ryan.1998__#01-06-35_01-13-13_label_A__3.npy,A
Saving.Private.Ryan.1998__#01-06-35_01-13-13_label_A__4.npy,A
Saving.Private.Ryan.1998__#01-06-35_01-13-13_label_A__5.npy,A
Saving.Private.Ryan.1998__#01-06-35_01-13-13_label_A__6.npy,A
Saving.Private.Ryan.1998__#01-06-35_01-13-13_label_A__7.npy,A
Saving.Private.Ryan.1998__#01-06-35_01-13-13_label_A__8.npy,A
Saving.Private.Ryan.1998__#01-06-35_01-13-13_label_A__9.npy,A
v=P6njRwz_dMw__#1_label_A__0.npy,A
v=P6njRwz_dMw__#1_label_A__1.npy,A
v=P6njRwz_dMw__#1_label_A__2.npy,A
v=P6njRwz_dMw__#1_label_A__3.npy,A
v=P6njRwz_dMw__#1_label_A__4.npy,A
v=P6njRwz_dMw__#1_label_A__5.npy,A
v=P6njRwz_dMw__#1_label_A__6.npy,A
v=P6njRwz_dMw__#1_label_A__7.npy,A
v=P6njRwz_dMw__#1_label_A__8.npy,A
v=P6njRwz_dMw__#1_label_A__9.npy,A
Shoplifters.2018__#00-01-45_00-02-15_label_A__0.npy,A
Shoplifters.2018__#00-01-45_00-02-15_label_A__1.npy,A
Shoplifters.2018__#00-01-45_00-02-15_label_A__2.npy,A
Shoplifters.2018__#00-01-45_00-02-15_label_A__3.npy,A
Shoplifters.2018__#00-01-45_00-02-15_label_A__4.npy,A
Shoplifters.2018__#00-01-45_00-02-15_label_A__5.npy,A
Shoplifters.2018__#00-01-45_00-02-15_label_A__6.npy,A
Shoplifters.2018__#00-01-45_00-02-15_label_A__7.npy,A
Shoplifters.2018__#00-01-45_00-02-15_label_A__8.npy,A
Shoplifters.2018__#00-01-45_00-02-15_label_A__9.npy,A
Still.Walking.2008__#00-20-35_00-23-06_label_A__0.npy,A
Still.Walking.2008__#00-20-35_00-23-06_label_A__1.npy,A
Still.Walking.2008__#00-20-35_00-23-06_label_A__2.npy,A
Still.Walking.2008__#00-20-35_00-23-06_label_A__3.npy,A
Still.Walking.2008__#00-20-35_00-23-06_label_A__4.npy,A
Still.Walking.2008__#00-20-35_00-23-06_label_A__5.npy,A
Still.Walking.2008__#00-20-35_00-23-06_label_A__6.npy,A
Still.Walking.2008__#00-20-35_00-23-06_label_A__7.npy,A
Still.Walking.2008__#00-20-35_00-23-06_label_A__8.npy,A
Still.Walking.2008__#00-20-35_00-23-06_label_A__9.npy,A
v=mMod7Vk6N1w__#1_label_A__0.npy,A
v=mMod7Vk6N1w__#1_label_A__1.npy,A
v=mMod7Vk6N1w__#1_label_A__2.npy,A
v=mMod7Vk6N1w__#1_label_A__3.npy,A
v=mMod7Vk6N1w__#1_label_A__4.npy,A
v=mMod7Vk6N1w__#1_label_A__5.npy,A
v=mMod7Vk6N1w__#1_label_A__6.npy,A
v=mMod7Vk6N1w__#1_label_A__7.npy,A
v=mMod7Vk6N1w__#1_label_A__8.npy,A
v=mMod7Vk6N1w__#1_label_A__9.npy,A
Mission.Impossible.Fallout.2018__#01-40-00_01-43-20_label_A__0.npy,A
Mission.Impossible.Fallout.2018__#01-40-00_01-43-20_label_A__1.npy,A
Mission.Impossible.Fallout.2018__#01-40-00_01-43-20_label_A__2.npy,A
Mission.Impossible.Fallout.2018__#01-40-00_01-43-20_label_A__3.npy,A
Mission.Impossible.Fallout.2018__#01-40-00_01-43-20_label_A__4.npy,A
Mission.Impossible.Fallout.2018__#01-40-00_01-43-20_label_A__5.npy,A
Mission.Impossible.Fallout.2018__#01-40-00_01-43-20_label_A__6.npy,A
Mission.Impossible.Fallout.2018__#01-40-00_01-43-20_label_A__7.npy,A
Mission.Impossible.Fallout.2018__#01-40-00_01-43-20_label_A__8.npy,A
Mission.Impossible.Fallout.2018__#01-40-00_01-43-20_label_A__9.npy,A
Mission.Impossible.III.2006__#00-28-52_00-30-14_label_A__0.npy,A
Mission.Impossible.III.2006__#00-28-52_00-30-14_label_A__1.npy,A
Mission.Impossible.III.2006__#00-28-52_00-30-14_label_A__2.npy,A
Mission.Impossible.III.2006__#00-28-52_00-30-14_label_A__3.npy,A
Mission.Impossible.III.2006__#00-28-52_00-30-14_label_A__4.npy,A
Mission.Impossible.III.2006__#00-28-52_00-30-14_label_A__5.npy,A
Mission.Impossible.III.2006__#00-28-52_00-30-14_label_A__6.npy,A
Mission.Impossible.III.2006__#00-28-52_00-30-14_label_A__7.npy,A
Mission.Impossible.III.2006__#00-28-52_00-30-14_label_A__8.npy,A
Mission.Impossible.III.2006__#00-28-52_00-30-14_label_A__9.npy,A
The.Pursuit.of.Happyness.2006__#01-26-10_01-28-00_label_A__0.npy,A
The.Pursuit.of.Happyness.2006__#01-26-10_01-28-00_label_A__1.npy,A
The.Pursuit.of.Happyness.2006__#01-26-10_01-28-00_label_A__2.npy,A
The.Pursuit.of.Happyness.2006__#01-26-10_01-28-00_label_A__3.npy,A
The.Pursuit.of.Happyness.2006__#01-26-10_01-28-00_label_A__4.npy,A
The.Pursuit.of.Happyness.2006__#01-26-10_01-28-00_label_A__5.npy,A
The.Pursuit.of.Happyness.2006__#01-26-10_01-28-00_label_A__6.npy,A
The.Pursuit.of.Happyness.2006__#01-26-10_01-28-00_label_A__7.npy,A
The.Pursuit.of.Happyness.2006__#01-26-10_01-28-00_label_A__8.npy,A
The.Pursuit.of.Happyness.2006__#01-26-10_01-28-00_label_A__9.npy,A
v=LGmHE8wxreY__#1_label_A__0.npy,A
v=LGmHE8wxreY__#1_label_A__1.npy,A
v=LGmHE8wxreY__#1_label_A__2.npy,A
v=LGmHE8wxreY__#1_label_A__3.npy,A
v=LGmHE8wxreY__#1_label_A__4.npy,A
v=LGmHE8wxreY__#1_label_A__5.npy,A
v=LGmHE8wxreY__#1_label_A__6.npy,A
v=LGmHE8wxreY__#1_label_A__7.npy,A
v=LGmHE8wxreY__#1_label_A__8.npy,A
v=LGmHE8wxreY__#1_label_A__9.npy,A
v=wfkNZ9lg97w__#1_label_A__0.npy,A
v=wfkNZ9lg97w__#1_label_A__1.npy,A
v=wfkNZ9lg97w__#1_label_A__2.npy,A
v=wfkNZ9lg97w__#1_label_A__3.npy,A
v=wfkNZ9lg97w__#1_label_A__4.npy,A
v=wfkNZ9lg97w__#1_label_A__5.npy,A
v=wfkNZ9lg97w__#1_label_A__6.npy,A
v=wfkNZ9lg97w__#1_label_A__7.npy,A
v=wfkNZ9lg97w__#1_label_A__8.npy,A
v=wfkNZ9lg97w__#1_label_A__9.npy,A
Law.Abiding.Citizen.2009__#00-03-49_00-10-20_label_A__0.npy,A
Law.Abiding.Citizen.2009__#00-03-49_00-10-20_label_A__1.npy,A
Law.Abiding.Citizen.2009__#00-03-49_00-10-20_label_A__2.npy,A
Law.Abiding.Citizen.2009__#00-03-49_00-10-20_label_A__3.npy,A
Law.Abiding.Citizen.2009__#00-03-49_00-10-20_label_A__4.npy,A
Law.Abiding.Citizen.2009__#00-03-49_00-10-20_label_A__5.npy,A
Law.Abiding.Citizen.2009__#00-03-49_00-10-20_label_A__6.npy,A
Law.Abiding.Citizen.2009__#00-03-49_00-10-20_label_A__7.npy,A
Law.Abiding.Citizen.2009__#00-03-49_00-10-20_label_A__8.npy,A
Law.Abiding.Citizen.2009__#00-03-49_00-10-20_label_A__9.npy,A
v=H9Y5_X1sEEA__#00-12-00_00-15-00_label_A__0.npy,A
v=H9Y5_X1sEEA__#00-12-00_00-15-00_label_A__1.npy,A
v=H9Y5_X1sEEA__#00-12-00_00-15-00_label_A__2.npy,A
v=H9Y5_X1sEEA__#00-12-00_00-15-00_label_A__3.npy,A
v=H9Y5_X1sEEA__#00-12-00_00-15-00_label_A__4.npy,A
v=H9Y5_X1sEEA__#00-12-00_00-15-00_label_A__5.npy,A
v=H9Y5_X1sEEA__#00-12-00_00-15-00_label_A__6.npy,A
v=H9Y5_X1sEEA__#00-12-00_00-15-00_label_A__7.npy,A
v=H9Y5_X1sEEA__#00-12-00_00-15-00_label_A__8.npy,A
v=H9Y5_X1sEEA__#00-12-00_00-15-00_label_A__9.npy,A
Bullet.in.the.Head.1990__#01-44-20_01-45-20_label_A__0.npy,A
Bullet.in.the.Head.1990__#01-44-20_01-45-20_label_A__1.npy,A
Bullet.in.the.Head.1990__#01-44-20_01-45-20_label_A__2.npy,A
Bullet.in.the.Head.1990__#01-44-20_01-45-20_label_A__3.npy,A
Bullet.in.the.Head.1990__#01-44-20_01-45-20_label_A__4.npy,A
Bullet.in.the.Head.1990__#01-44-20_01-45-20_label_A__5.npy,A
Bullet.in.the.Head.1990__#01-44-20_01-45-20_label_A__6.npy,A
Bullet.in.the.Head.1990__#01-44-20_01-45-20_label_A__7.npy,A
Bullet.in.the.Head.1990__#01-44-20_01-45-20_label_A__8.npy,A
Bullet.in.the.Head.1990__#01-44-20_01-45-20_label_A__9.npy,A
v=ZwmDlqjJLcM__#1_label_A__0.npy,A
v=ZwmDlqjJLcM__#1_label_A__1.npy,A
v=ZwmDlqjJLcM__#1_label_A__2.npy,A
v=ZwmDlqjJLcM__#1_label_A__3.npy,A
v=ZwmDlqjJLcM__#1_label_A__4.npy,A
v=ZwmDlqjJLcM__#1_label_A__5.npy,A
v=ZwmDlqjJLcM__#1_label_A__6.npy,A
v=ZwmDlqjJLcM__#1_label_A__7.npy,A
v=ZwmDlqjJLcM__#1_label_A__8.npy,A
v=ZwmDlqjJLcM__#1_label_A__9.npy,A
The.Bourne.Ultimatum.2007__#0-28-05_0-29-52_label_A__0.npy,A
The.Bourne.Ultimatum.2007__#0-28-05_0-29-52_label_A__1.npy,A
The.Bourne.Ultimatum.2007__#0-28-05_0-29-52_label_A__2.npy,A
The.Bourne.Ultimatum.2007__#0-28-05_0-29-52_label_A__3.npy,A
The.Bourne.Ultimatum.2007__#0-28-05_0-29-52_label_A__4.npy,A
The.Bourne.Ultimatum.2007__#0-28-05_0-29-52_label_A__5.npy,A
The.Bourne.Ultimatum.2007__#0-28-05_0-29-52_label_A__6.npy,A
The.Bourne.Ultimatum.2007__#0-28-05_0-29-52_label_A__7.npy,A
The.Bourne.Ultimatum.2007__#0-28-05_0-29-52_label_A__8.npy,A
The.Bourne.Ultimatum.2007__#0-28-05_0-29-52_label_A__9.npy,A
A.Beautiful.Mind.2001__#00-03-00_00-04-05_label_A__0.npy,A
A.Beautiful.Mind.2001__#00-03-00_00-04-05_label_A__1.npy,A
A.Beautiful.Mind.2001__#00-03-00_00-04-05_label_A__2.npy,A
A.Beautiful.Mind.2001__#00-03-00_00-04-05_label_A__3.npy,A
A.Beautiful.Mind.2001__#00-03-00_00-04-05_label_A__4.npy,A
A.Beautiful.Mind.2001__#00-03-00_00-04-05_label_A__5.npy,A
A.Beautiful.Mind.2001__#00-03-00_00-04-05_label_A__6.npy,A
A.Beautiful.Mind.2001__#00-03-00_00-04-05_label_A__7.npy,A
A.Beautiful.Mind.2001__#00-03-00_00-04-05_label_A__8.npy,A
A.Beautiful.Mind.2001__#00-03-00_00-04-05_label_A__9.npy,A
v=VRn8Tc02TbU__#00-24-00_00-27-00_label_A__0.npy,A
v=VRn8Tc02TbU__#00-24-00_00-27-00_label_A__1.npy,A
v=VRn8Tc02TbU__#00-24-00_00-27-00_label_A__2.npy,A
v=VRn8Tc02TbU__#00-24-00_00-27-00_label_A__3.npy,A
v=VRn8Tc02TbU__#00-24-00_00-27-00_label_A__4.npy,A
v=VRn8Tc02TbU__#00-24-00_00-27-00_label_A__5.npy,A
v=VRn8Tc02TbU__#00-24-00_00-27-00_label_A__6.npy,A
v=VRn8Tc02TbU__#00-24-00_00-27-00_label_A__7.npy,A
v=VRn8Tc02TbU__#00-24-00_00-27-00_label_A__8.npy,A
v=VRn8Tc02TbU__#00-24-00_00-27-00_label_A__9.npy,A
wangted.2008__#01-23-38_01-24-25_label_A__0.npy,A
wangted.2008__#01-23-38_01-24-25_label_A__1.npy,A
wangted.2008__#01-23-38_01-24-25_label_A__2.npy,A
wangted.2008__#01-23-38_01-24-25_label_A__3.npy,A
wangted.2008__#01-23-38_01-24-25_label_A__4.npy,A
wangted.2008__#01-23-38_01-24-25_label_A__5.npy,A
wangted.2008__#01-23-38_01-24-25_label_A__6.npy,A
wangted.2008__#01-23-38_01-24-25_label_A__7.npy,A
wangted.2008__#01-23-38_01-24-25_label_A__8.npy,A
wangted.2008__#01-23-38_01-24-25_label_A__9.npy,A
Love.Me.If.You.Dare.2003__#00-20-35_00-21-55_label_A__0.npy,A
Love.Me.If.You.Dare.2003__#00-20-35_00-21-55_label_A__1.npy,A
Love.Me.If.You.Dare.2003__#00-20-35_00-21-55_label_A__2.npy,A
Love.Me.If.You.Dare.2003__#00-20-35_00-21-55_label_A__3.npy,A
Love.Me.If.You.Dare.2003__#00-20-35_00-21-55_label_A__4.npy,A
Love.Me.If.You.Dare.2003__#00-20-35_00-21-55_label_A__5.npy,A
Love.Me.If.You.Dare.2003__#00-20-35_00-21-55_label_A__6.npy,A
Love.Me.If.You.Dare.2003__#00-20-35_00-21-55_label_A__7.npy,A
Love.Me.If.You.Dare.2003__#00-20-35_00-21-55_label_A__8.npy,A
Love.Me.If.You.Dare.2003__#00-20-35_00-21-55_label_A__9.npy,A
Be.with.You.2018__#00-31-05_00-32-05_label_A__0.npy,A
Be.with.You.2018__#00-31-05_00-32-05_label_A__1.npy,A
Be.with.You.2018__#00-31-05_00-32-05_label_A__2.npy,A
Be.with.You.2018__#00-31-05_00-32-05_label_A__3.npy,A
Be.with.You.2018__#00-31-05_00-32-05_label_A__4.npy,A
Be.with.You.2018__#00-31-05_00-32-05_label_A__5.npy,A
Be.with.You.2018__#00-31-05_00-32-05_label_A__6.npy,A
Be.with.You.2018__#00-31-05_00-32-05_label_A__7.npy,A
Be.with.You.2018__#00-31-05_00-32-05_label_A__8.npy,A
Be.with.You.2018__#00-31-05_00-32-05_label_A__9.npy,A
v=xj64iI5W6r8__#1_label_A__0.npy,A
v=xj64iI5W6r8__#1_label_A__1.npy,A
v=xj64iI5W6r8__#1_label_A__2.npy,A
v=xj64iI5W6r8__#1_label_A__3.npy,A
v=xj64iI5W6r8__#1_label_A__4.npy,A
v=xj64iI5W6r8__#1_label_A__5.npy,A
v=xj64iI5W6r8__#1_label_A__6.npy,A
v=xj64iI5W6r8__#1_label_A__7.npy,A
v=xj64iI5W6r8__#1_label_A__8.npy,A
v=xj64iI5W6r8__#1_label_A__9.npy,A
v=sSUl-Op_EQ0__#1_label_A__0.npy,A
v=sSUl-Op_EQ0__#1_label_A__1.npy,A
v=sSUl-Op_EQ0__#1_label_A__2.npy,A
v=sSUl-Op_EQ0__#1_label_A__3.npy,A
v=sSUl-Op_EQ0__#1_label_A__4.npy,A
v=sSUl-Op_EQ0__#1_label_A__5.npy,A
v=sSUl-Op_EQ0__#1_label_A__6.npy,A
v=sSUl-Op_EQ0__#1_label_A__7.npy,A
v=sSUl-Op_EQ0__#1_label_A__8.npy,A
v=sSUl-Op_EQ0__#1_label_A__9.npy,A
v=JzrpCC7XmyE__#01-00-00_01-06-00_label_A__0.npy,A
v=JzrpCC7XmyE__#01-00-00_01-06-00_label_A__1.npy,A
v=JzrpCC7XmyE__#01-00-00_01-06-00_label_A__2.npy,A
v=JzrpCC7XmyE__#01-00-00_01-06-00_label_A__3.npy,A
v=JzrpCC7XmyE__#01-00-00_01-06-00_label_A__4.npy,A
v=JzrpCC7XmyE__#01-00-00_01-06-00_label_A__5.npy,A
v=JzrpCC7XmyE__#01-00-00_01-06-00_label_A__6.npy,A
v=JzrpCC7XmyE__#01-00-00_01-06-00_label_A__7.npy,A
v=JzrpCC7XmyE__#01-00-00_01-06-00_label_A__8.npy,A
v=JzrpCC7XmyE__#01-00-00_01-06-00_label_A__9.npy,A
v=BJ_TUBVQEiM__#1_label_A__0.npy,A
v=BJ_TUBVQEiM__#1_label_A__1.npy,A
v=BJ_TUBVQEiM__#1_label_A__2.npy,A
v=BJ_TUBVQEiM__#1_label_A__3.npy,A
v=BJ_TUBVQEiM__#1_label_A__4.npy,A
v=BJ_TUBVQEiM__#1_label_A__5.npy,A
v=BJ_TUBVQEiM__#1_label_A__6.npy,A
v=BJ_TUBVQEiM__#1_label_A__7.npy,A
v=BJ_TUBVQEiM__#1_label_A__8.npy,A
v=BJ_TUBVQEiM__#1_label_A__9.npy,A
Thelma...Louise.1991__#00-22-20_00-23-10_label_A__0.npy,A
Thelma...Louise.1991__#00-22-20_00-23-10_label_A__1.npy,A
Thelma...Louise.1991__#00-22-20_00-23-10_label_A__2.npy,A
Thelma...Louise.1991__#00-22-20_00-23-10_label_A__3.npy,A
Thelma...Louise.1991__#00-22-20_00-23-10_label_A__4.npy,A
Thelma...Louise.1991__#00-22-20_00-23-10_label_A__5.npy,A
Thelma...Louise.1991__#00-22-20_00-23-10_label_A__6.npy,A
Thelma...Louise.1991__#00-22-20_00-23-10_label_A__7.npy,A
Thelma...Louise.1991__#00-22-20_00-23-10_label_A__8.npy,A
Thelma...Louise.1991__#00-22-20_00-23-10_label_A__9.npy,A
v=gGlqujwrhbI__#00-00-00_00-03-00_label_A__0.npy,A
v=gGlqujwrhbI__#00-00-00_00-03-00_label_A__1.npy,A
v=gGlqujwrhbI__#00-00-00_00-03-00_label_A__2.npy,A
v=gGlqujwrhbI__#00-00-00_00-03-00_label_A__3.npy,A
v=gGlqujwrhbI__#00-00-00_00-03-00_label_A__4.npy,A
v=gGlqujwrhbI__#00-00-00_00-03-00_label_A__5.npy,A
v=gGlqujwrhbI__#00-00-00_00-03-00_label_A__6.npy,A
v=gGlqujwrhbI__#00-00-00_00-03-00_label_A__7.npy,A
v=gGlqujwrhbI__#00-00-00_00-03-00_label_A__8.npy,A
v=gGlqujwrhbI__#00-00-00_00-03-00_label_A__9.npy,A
v=KZLyc_Bc_N8__#1_label_A__0.npy,A
v=KZLyc_Bc_N8__#1_label_A__1.npy,A
v=KZLyc_Bc_N8__#1_label_A__2.npy,A
v=KZLyc_Bc_N8__#1_label_A__3.npy,A
v=KZLyc_Bc_N8__#1_label_A__4.npy,A
v=KZLyc_Bc_N8__#1_label_A__5.npy,A
v=KZLyc_Bc_N8__#1_label_A__6.npy,A
v=KZLyc_Bc_N8__#1_label_A__7.npy,A
v=KZLyc_Bc_N8__#1_label_A__8.npy,A
v=KZLyc_Bc_N8__#1_label_A__9.npy,A
Before.Sunrise.1995__#00-32-07_00-36-45_label_A__0.npy,A
Before.Sunrise.1995__#00-32-07_00-36-45_label_A__1.npy,A
Before.Sunrise.1995__#00-32-07_00-36-45_label_A__2.npy,A
Before.Sunrise.1995__#00-32-07_00-36-45_label_A__3.npy,A
Before.Sunrise.1995__#00-32-07_00-36-45_label_A__4.npy,A
Before.Sunrise.1995__#00-32-07_00-36-45_label_A__5.npy,A
Before.Sunrise.1995__#00-32-07_00-36-45_label_A__6.npy,A
Before.Sunrise.1995__#00-32-07_00-36-45_label_A__7.npy,A
Before.Sunrise.1995__#00-32-07_00-36-45_label_A__8.npy,A
Before.Sunrise.1995__#00-32-07_00-36-45_label_A__9.npy,A
IP.Man.2.2010__#00-57-58_00-59-16_label_A__0.npy,A
IP.Man.2.2010__#00-57-58_00-59-16_label_A__1.npy,A
IP.Man.2.2010__#00-57-58_00-59-16_label_A__2.npy,A
IP.Man.2.2010__#00-57-58_00-59-16_label_A__3.npy,A
IP.Man.2.2010__#00-57-58_00-59-16_label_A__4.npy,A
IP.Man.2.2010__#00-57-58_00-59-16_label_A__5.npy,A
IP.Man.2.2010__#00-57-58_00-59-16_label_A__6.npy,A
IP.Man.2.2010__#00-57-58_00-59-16_label_A__7.npy,A
IP.Man.2.2010__#00-57-58_00-59-16_label_A__8.npy,A
IP.Man.2.2010__#00-57-58_00-59-16_label_A__9.npy,A
v=zdbumR6Bhd8__#1_label_A__0.npy,A
v=zdbumR6Bhd8__#1_label_A__1.npy,A
v=zdbumR6Bhd8__#1_label_A__2.npy,A
v=zdbumR6Bhd8__#1_label_A__3.npy,A
v=zdbumR6Bhd8__#1_label_A__4.npy,A
v=zdbumR6Bhd8__#1_label_A__5.npy,A
v=zdbumR6Bhd8__#1_label_A__6.npy,A
v=zdbumR6Bhd8__#1_label_A__7.npy,A
v=zdbumR6Bhd8__#1_label_A__8.npy,A
v=zdbumR6Bhd8__#1_label_A__9.npy,A
v=H9Y5_X1sEEA__#00-48-00_00-51-00_label_A__0.npy,A
v=H9Y5_X1sEEA__#00-48-00_00-51-00_label_A__1.npy,A
v=H9Y5_X1sEEA__#00-48-00_00-51-00_label_A__2.npy,A
v=H9Y5_X1sEEA__#00-48-00_00-51-00_label_A__3.npy,A
v=H9Y5_X1sEEA__#00-48-00_00-51-00_label_A__4.npy,A
v=H9Y5_X1sEEA__#00-48-00_00-51-00_label_A__5.npy,A
v=H9Y5_X1sEEA__#00-48-00_00-51-00_label_A__6.npy,A
v=H9Y5_X1sEEA__#00-48-00_00-51-00_label_A__7.npy,A
v=H9Y5_X1sEEA__#00-48-00_00-51-00_label_A__8.npy,A
v=H9Y5_X1sEEA__#00-48-00_00-51-00_label_A__9.npy,A
v=VRn8Tc02TbU__#00-00-00_00-03-00_label_A__0.npy,A
v=VRn8Tc02TbU__#00-00-00_00-03-00_label_A__1.npy,A
v=VRn8Tc02TbU__#00-00-00_00-03-00_label_A__2.npy,A
v=VRn8Tc02TbU__#00-00-00_00-03-00_label_A__3.npy,A
v=VRn8Tc02TbU__#00-00-00_00-03-00_label_A__4.npy,A
v=VRn8Tc02TbU__#00-00-00_00-03-00_label_A__5.npy,A
v=VRn8Tc02TbU__#00-00-00_00-03-00_label_A__6.npy,A
v=VRn8Tc02TbU__#00-00-00_00-03-00_label_A__7.npy,A
v=VRn8Tc02TbU__#00-00-00_00-03-00_label_A__8.npy,A
v=VRn8Tc02TbU__#00-00-00_00-03-00_label_A__9.npy,A
Hear.Me.2009__#00-38-52_00-40-31_label_A__0.npy,A
Hear.Me.2009__#00-38-52_00-40-31_label_A__1.npy,A
Hear.Me.2009__#00-38-52_00-40-31_label_A__2.npy,A
Hear.Me.2009__#00-38-52_00-40-31_label_A__3.npy,A
Hear.Me.2009__#00-38-52_00-40-31_label_A__4.npy,A
Hear.Me.2009__#00-38-52_00-40-31_label_A__5.npy,A
Hear.Me.2009__#00-38-52_00-40-31_label_A__6.npy,A
Hear.Me.2009__#00-38-52_00-40-31_label_A__7.npy,A
Hear.Me.2009__#00-38-52_00-40-31_label_A__8.npy,A
Hear.Me.2009__#00-38-52_00-40-31_label_A__9.npy,A
v=Ryq_TqDsnSI__#1_label_A__0.npy,A
v=Ryq_TqDsnSI__#1_label_A__1.npy,A
v=Ryq_TqDsnSI__#1_label_A__2.npy,A
v=Ryq_TqDsnSI__#1_label_A__3.npy,A
v=Ryq_TqDsnSI__#1_label_A__4.npy,A
v=Ryq_TqDsnSI__#1_label_A__5.npy,A
v=Ryq_TqDsnSI__#1_label_A__6.npy,A
v=Ryq_TqDsnSI__#1_label_A__7.npy,A
v=Ryq_TqDsnSI__#1_label_A__8.npy,A
v=Ryq_TqDsnSI__#1_label_A__9.npy,A
A.Beautiful.Mind.2001__#01-52-20_01-58-00_label_A__0.npy,A
A.Beautiful.Mind.2001__#01-52-20_01-58-00_label_A__1.npy,A
A.Beautiful.Mind.2001__#01-52-20_01-58-00_label_A__2.npy,A
A.Beautiful.Mind.2001__#01-52-20_01-58-00_label_A__3.npy,A
A.Beautiful.Mind.2001__#01-52-20_01-58-00_label_A__4.npy,A
A.Beautiful.Mind.2001__#01-52-20_01-58-00_label_A__5.npy,A
A.Beautiful.Mind.2001__#01-52-20_01-58-00_label_A__6.npy,A
A.Beautiful.Mind.2001__#01-52-20_01-58-00_label_A__7.npy,A
A.Beautiful.Mind.2001__#01-52-20_01-58-00_label_A__8.npy,A
A.Beautiful.Mind.2001__#01-52-20_01-58-00_label_A__9.npy,A
Before.Sunset.2004__#00-42-52_00-45-31_label_A__0.npy,A
Before.Sunset.2004__#00-42-52_00-45-31_label_A__1.npy,A
Before.Sunset.2004__#00-42-52_00-45-31_label_A__2.npy,A
Before.Sunset.2004__#00-42-52_00-45-31_label_A__3.npy,A
Before.Sunset.2004__#00-42-52_00-45-31_label_A__4.npy,A
Before.Sunset.2004__#00-42-52_00-45-31_label_A__5.npy,A
Before.Sunset.2004__#00-42-52_00-45-31_label_A__6.npy,A
Before.Sunset.2004__#00-42-52_00-45-31_label_A__7.npy,A
Before.Sunset.2004__#00-42-52_00-45-31_label_A__8.npy,A
Before.Sunset.2004__#00-42-52_00-45-31_label_A__9.npy,A
Brick.Mansions.2014__#01-17-29_01-18-33_label_A__0.npy,A
Brick.Mansions.2014__#01-17-29_01-18-33_label_A__1.npy,A
Brick.Mansions.2014__#01-17-29_01-18-33_label_A__2.npy,A
Brick.Mansions.2014__#01-17-29_01-18-33_label_A__3.npy,A
Brick.Mansions.2014__#01-17-29_01-18-33_label_A__4.npy,A
Brick.Mansions.2014__#01-17-29_01-18-33_label_A__5.npy,A
Brick.Mansions.2014__#01-17-29_01-18-33_label_A__6.npy,A
Brick.Mansions.2014__#01-17-29_01-18-33_label_A__7.npy,A
Brick.Mansions.2014__#01-17-29_01-18-33_label_A__8.npy,A
Brick.Mansions.2014__#01-17-29_01-18-33_label_A__9.npy,A
v=Dd10MnXf1Hc__#1_label_A__0.npy,A
v=Dd10MnXf1Hc__#1_label_A__1.npy,A
v=Dd10MnXf1Hc__#1_label_A__2.npy,A
v=Dd10MnXf1Hc__#1_label_A__3.npy,A
v=Dd10MnXf1Hc__#1_label_A__4.npy,A
v=Dd10MnXf1Hc__#1_label_A__5.npy,A
v=Dd10MnXf1Hc__#1_label_A__6.npy,A
v=Dd10MnXf1Hc__#1_label_A__7.npy,A
v=Dd10MnXf1Hc__#1_label_A__8.npy,A
v=Dd10MnXf1Hc__#1_label_A__9.npy,A
v=yYhonx-3HN8__#1_label_A__0.npy,A
v=yYhonx-3HN8__#1_label_A__1.npy,A
v=yYhonx-3HN8__#1_label_A__2.npy,A
v=yYhonx-3HN8__#1_label_A__3.npy,A
v=yYhonx-3HN8__#1_label_A__4.npy,A
v=yYhonx-3HN8__#1_label_A__5.npy,A
v=yYhonx-3HN8__#1_label_A__6.npy,A
v=yYhonx-3HN8__#1_label_A__7.npy,A
v=yYhonx-3HN8__#1_label_A__8.npy,A
v=yYhonx-3HN8__#1_label_A__9.npy,A
v=aQj5qTFhdZ0__#1_label_A__0.npy,A
v=aQj5qTFhdZ0__#1_label_A__1.npy,A
v=aQj5qTFhdZ0__#1_label_A__2.npy,A
v=aQj5qTFhdZ0__#1_label_A__3.npy,A
v=aQj5qTFhdZ0__#1_label_A__4.npy,A
v=aQj5qTFhdZ0__#1_label_A__5.npy,A
v=aQj5qTFhdZ0__#1_label_A__6.npy,A
v=aQj5qTFhdZ0__#1_label_A__7.npy,A
v=aQj5qTFhdZ0__#1_label_A__8.npy,A
v=aQj5qTFhdZ0__#1_label_A__9.npy,A
v=3ReHk7UqqhA__#1_label_A__0.npy,A
v=3ReHk7UqqhA__#1_label_A__1.npy,A
v=3ReHk7UqqhA__#1_label_A__2.npy,A
v=3ReHk7UqqhA__#1_label_A__3.npy,A
v=3ReHk7UqqhA__#1_label_A__4.npy,A
v=3ReHk7UqqhA__#1_label_A__5.npy,A
v=3ReHk7UqqhA__#1_label_A__6.npy,A
v=3ReHk7UqqhA__#1_label_A__7.npy,A
v=3ReHk7UqqhA__#1_label_A__8.npy,A
v=3ReHk7UqqhA__#1_label_A__9.npy,A
v=0FYoyva-TFs__#1_label_A__0.npy,A
v=0FYoyva-TFs__#1_label_A__1.npy,A
v=0FYoyva-TFs__#1_label_A__2.npy,A
v=0FYoyva-TFs__#1_label_A__3.npy,A
v=0FYoyva-TFs__#1_label_A__4.npy,A
v=0FYoyva-TFs__#1_label_A__5.npy,A
v=0FYoyva-TFs__#1_label_A__6.npy,A
v=0FYoyva-TFs__#1_label_A__7.npy,A
v=0FYoyva-TFs__#1_label_A__8.npy,A
v=0FYoyva-TFs__#1_label_A__9.npy,A
v=SejzmoIHnK0__#1_label_A__0.npy,A
v=SejzmoIHnK0__#1_label_A__1.npy,A
v=SejzmoIHnK0__#1_label_A__2.npy,A
v=SejzmoIHnK0__#1_label_A__3.npy,A
v=SejzmoIHnK0__#1_label_A__4.npy,A
v=SejzmoIHnK0__#1_label_A__5.npy,A
v=SejzmoIHnK0__#1_label_A__6.npy,A
v=SejzmoIHnK0__#1_label_A__7.npy,A
v=SejzmoIHnK0__#1_label_A__8.npy,A
v=SejzmoIHnK0__#1_label_A__9.npy,A
v=fkps18H3SXY__#00-30-00_00-36-00_label_A__0.npy,A
v=fkps18H3SXY__#00-30-00_00-36-00_label_A__1.npy,A
v=fkps18H3SXY__#00-30-00_00-36-00_label_A__2.npy,A
v=fkps18H3SXY__#00-30-00_00-36-00_label_A__3.npy,A
v=fkps18H3SXY__#00-30-00_00-36-00_label_A__4.npy,A
v=fkps18H3SXY__#00-30-00_00-36-00_label_A__5.npy,A
v=fkps18H3SXY__#00-30-00_00-36-00_label_A__6.npy,A
v=fkps18H3SXY__#00-30-00_00-36-00_label_A__7.npy,A
v=fkps18H3SXY__#00-30-00_00-36-00_label_A__8.npy,A
v=fkps18H3SXY__#00-30-00_00-36-00_label_A__9.npy,A
Love.Death.and.Robots.S01E02__#00-04-40_00-06-30_label_A__0.npy,A
Love.Death.and.Robots.S01E02__#00-04-40_00-06-30_label_A__1.npy,A
Love.Death.and.Robots.S01E02__#00-04-40_00-06-30_label_A__2.npy,A
Love.Death.and.Robots.S01E02__#00-04-40_00-06-30_label_A__3.npy,A
Love.Death.and.Robots.S01E02__#00-04-40_00-06-30_label_A__4.npy,A
Love.Death.and.Robots.S01E02__#00-04-40_00-06-30_label_A__5.npy,A
Love.Death.and.Robots.S01E02__#00-04-40_00-06-30_label_A__6.npy,A
Love.Death.and.Robots.S01E02__#00-04-40_00-06-30_label_A__7.npy,A
Love.Death.and.Robots.S01E02__#00-04-40_00-06-30_label_A__8.npy,A
Love.Death.and.Robots.S01E02__#00-04-40_00-06-30_label_A__9.npy,A
Love.Actually.2003__#00-49-48_00-51-12_label_A__0.npy,A
Love.Actually.2003__#00-49-48_00-51-12_label_A__1.npy,A
Love.Actually.2003__#00-49-48_00-51-12_label_A__2.npy,A
Love.Actually.2003__#00-49-48_00-51-12_label_A__3.npy,A
Love.Actually.2003__#00-49-48_00-51-12_label_A__4.npy,A
Love.Actually.2003__#00-49-48_00-51-12_label_A__5.npy,A
Love.Actually.2003__#00-49-48_00-51-12_label_A__6.npy,A
Love.Actually.2003__#00-49-48_00-51-12_label_A__7.npy,A
Love.Actually.2003__#00-49-48_00-51-12_label_A__8.npy,A
Love.Actually.2003__#00-49-48_00-51-12_label_A__9.npy,A
v=7W1M7Pex4pk__#1_label_A__0.npy,A
v=7W1M7Pex4pk__#1_label_A__1.npy,A
v=7W1M7Pex4pk__#1_label_A__2.npy,A
v=7W1M7Pex4pk__#1_label_A__3.npy,A
v=7W1M7Pex4pk__#1_label_A__4.npy,A
v=7W1M7Pex4pk__#1_label_A__5.npy,A
v=7W1M7Pex4pk__#1_label_A__6.npy,A
v=7W1M7Pex4pk__#1_label_A__7.npy,A
v=7W1M7Pex4pk__#1_label_A__8.npy,A
v=7W1M7Pex4pk__#1_label_A__9.npy,A
v=Yr41_8QOTF8__#00-36-00_00-39-00_label_A__0.npy,A
v=Yr41_8QOTF8__#00-36-00_00-39-00_label_A__1.npy,A
v=Yr41_8QOTF8__#00-36-00_00-39-00_label_A__2.npy,A
v=Yr41_8QOTF8__#00-36-00_00-39-00_label_A__3.npy,A
v=Yr41_8QOTF8__#00-36-00_00-39-00_label_A__4.npy,A
v=Yr41_8QOTF8__#00-36-00_00-39-00_label_A__5.npy,A
v=Yr41_8QOTF8__#00-36-00_00-39-00_label_A__6.npy,A
v=Yr41_8QOTF8__#00-36-00_00-39-00_label_A__7.npy,A
v=Yr41_8QOTF8__#00-36-00_00-39-00_label_A__8.npy,A
v=Yr41_8QOTF8__#00-36-00_00-39-00_label_A__9.npy,A
Love.Me.If.You.Dare.2003__#00-51-55_00-55-16_label_A__0.npy,A
Love.Me.If.You.Dare.2003__#00-51-55_00-55-16_label_A__1.npy,A
Love.Me.If.You.Dare.2003__#00-51-55_00-55-16_label_A__2.npy,A
Love.Me.If.You.Dare.2003__#00-51-55_00-55-16_label_A__3.npy,A
Love.Me.If.You.Dare.2003__#00-51-55_00-55-16_label_A__4.npy,A
Love.Me.If.You.Dare.2003__#00-51-55_00-55-16_label_A__5.npy,A
Love.Me.If.You.Dare.2003__#00-51-55_00-55-16_label_A__6.npy,A
Love.Me.If.You.Dare.2003__#00-51-55_00-55-16_label_A__7.npy,A
Love.Me.If.You.Dare.2003__#00-51-55_00-55-16_label_A__8.npy,A
Love.Me.If.You.Dare.2003__#00-51-55_00-55-16_label_A__9.npy,A
v=xs1sW6V3QV8__#1_label_A__0.npy,A
v=xs1sW6V3QV8__#1_label_A__1.npy,A
v=xs1sW6V3QV8__#1_label_A__2.npy,A
v=xs1sW6V3QV8__#1_label_A__3.npy,A
v=xs1sW6V3QV8__#1_label_A__4.npy,A
v=xs1sW6V3QV8__#1_label_A__5.npy,A
v=xs1sW6V3QV8__#1_label_A__6.npy,A
v=xs1sW6V3QV8__#1_label_A__7.npy,A
v=xs1sW6V3QV8__#1_label_A__8.npy,A
v=xs1sW6V3QV8__#1_label_A__9.npy,A
Haywire.2011__#00-22-13_00-23-53_label_A__0.npy,A
Haywire.2011__#00-22-13_00-23-53_label_A__1.npy,A
Haywire.2011__#00-22-13_00-23-53_label_A__2.npy,A
Haywire.2011__#00-22-13_00-23-53_label_A__3.npy,A
Haywire.2011__#00-22-13_00-23-53_label_A__4.npy,A
Haywire.2011__#00-22-13_00-23-53_label_A__5.npy,A
Haywire.2011__#00-22-13_00-23-53_label_A__6.npy,A
Haywire.2011__#00-22-13_00-23-53_label_A__7.npy,A
Haywire.2011__#00-22-13_00-23-53_label_A__8.npy,A
Haywire.2011__#00-22-13_00-23-53_label_A__9.npy,A
One.Day.2011__#00-16-18_00-18-09_label_A__0.npy,A
One.Day.2011__#00-16-18_00-18-09_label_A__1.npy,A
One.Day.2011__#00-16-18_00-18-09_label_A__2.npy,A
One.Day.2011__#00-16-18_00-18-09_label_A__3.npy,A
One.Day.2011__#00-16-18_00-18-09_label_A__4.npy,A
One.Day.2011__#00-16-18_00-18-09_label_A__5.npy,A
One.Day.2011__#00-16-18_00-18-09_label_A__6.npy,A
One.Day.2011__#00-16-18_00-18-09_label_A__7.npy,A
One.Day.2011__#00-16-18_00-18-09_label_A__8.npy,A
One.Day.2011__#00-16-18_00-18-09_label_A__9.npy,A
Mindhunters.2004__#01-09-00_01-09-53_label_A__0.npy,A
Mindhunters.2004__#01-09-00_01-09-53_label_A__1.npy,A
Mindhunters.2004__#01-09-00_01-09-53_label_A__2.npy,A
Mindhunters.2004__#01-09-00_01-09-53_label_A__3.npy,A
Mindhunters.2004__#01-09-00_01-09-53_label_A__4.npy,A
Mindhunters.2004__#01-09-00_01-09-53_label_A__5.npy,A
Mindhunters.2004__#01-09-00_01-09-53_label_A__6.npy,A
Mindhunters.2004__#01-09-00_01-09-53_label_A__7.npy,A
Mindhunters.2004__#01-09-00_01-09-53_label_A__8.npy,A
Mindhunters.2004__#01-09-00_01-09-53_label_A__9.npy,A
v=cvEJ5WFk2KE__#00-00-00_00-03-00_label_A__0.npy,A
v=cvEJ5WFk2KE__#00-00-00_00-03-00_label_A__1.npy,A
v=cvEJ5WFk2KE__#00-00-00_00-03-00_label_A__2.npy,A
v=cvEJ5WFk2KE__#00-00-00_00-03-00_label_A__3.npy,A
v=cvEJ5WFk2KE__#00-00-00_00-03-00_label_A__4.npy,A
v=cvEJ5WFk2KE__#00-00-00_00-03-00_label_A__5.npy,A
v=cvEJ5WFk2KE__#00-00-00_00-03-00_label_A__6.npy,A
v=cvEJ5WFk2KE__#00-00-00_00-03-00_label_A__7.npy,A
v=cvEJ5WFk2KE__#00-00-00_00-03-00_label_A__8.npy,A
v=cvEJ5WFk2KE__#00-00-00_00-03-00_label_A__9.npy,A
Mission.Impossible.Fallout.2018__#02-15-52_02-18-19_label_A__0.npy,A
Mission.Impossible.Fallout.2018__#02-15-52_02-18-19_label_A__1.npy,A
Mission.Impossible.Fallout.2018__#02-15-52_02-18-19_label_A__2.npy,A
Mission.Impossible.Fallout.2018__#02-15-52_02-18-19_label_A__3.npy,A
Mission.Impossible.Fallout.2018__#02-15-52_02-18-19_label_A__4.npy,A
Mission.Impossible.Fallout.2018__#02-15-52_02-18-19_label_A__5.npy,A
Mission.Impossible.Fallout.2018__#02-15-52_02-18-19_label_A__6.npy,A
Mission.Impossible.Fallout.2018__#02-15-52_02-18-19_label_A__7.npy,A
Mission.Impossible.Fallout.2018__#02-15-52_02-18-19_label_A__8.npy,A
Mission.Impossible.Fallout.2018__#02-15-52_02-18-19_label_A__9.npy,A
Lord.of.War__#01-30-02_01-30-58_label_A__0.npy,A
Lord.of.War__#01-30-02_01-30-58_label_A__1.npy,A
Lord.of.War__#01-30-02_01-30-58_label_A__2.npy,A
Lord.of.War__#01-30-02_01-30-58_label_A__3.npy,A
Lord.of.War__#01-30-02_01-30-58_label_A__4.npy,A
Lord.of.War__#01-30-02_01-30-58_label_A__5.npy,A
Lord.of.War__#01-30-02_01-30-58_label_A__6.npy,A
Lord.of.War__#01-30-02_01-30-58_label_A__7.npy,A
Lord.of.War__#01-30-02_01-30-58_label_A__8.npy,A
Lord.of.War__#01-30-02_01-30-58_label_A__9.npy,A
v=7CrWzCwj_Gw__#1_label_A__0.npy,A
v=7CrWzCwj_Gw__#1_label_A__1.npy,A
v=7CrWzCwj_Gw__#1_label_A__2.npy,A
v=7CrWzCwj_Gw__#1_label_A__3.npy,A
v=7CrWzCwj_Gw__#1_label_A__4.npy,A
v=7CrWzCwj_Gw__#1_label_A__5.npy,A
v=7CrWzCwj_Gw__#1_label_A__6.npy,A
v=7CrWzCwj_Gw__#1_label_A__7.npy,A
v=7CrWzCwj_Gw__#1_label_A__8.npy,A
v=7CrWzCwj_Gw__#1_label_A__9.npy,A
v=qAVEja5DXr4__#1_label_A__0.npy,A
v=qAVEja5DXr4__#1_label_A__1.npy,A
v=qAVEja5DXr4__#1_label_A__2.npy,A
v=qAVEja5DXr4__#1_label_A__3.npy,A
v=qAVEja5DXr4__#1_label_A__4.npy,A
v=qAVEja5DXr4__#1_label_A__5.npy,A
v=qAVEja5DXr4__#1_label_A__6.npy,A
v=qAVEja5DXr4__#1_label_A__7.npy,A
v=qAVEja5DXr4__#1_label_A__8.npy,A
v=qAVEja5DXr4__#1_label_A__9.npy,A
v=9eME1y6V-T4__#01-48-00_01-54-00_label_A__0.npy,A
v=9eME1y6V-T4__#01-48-00_01-54-00_label_A__1.npy,A
v=9eME1y6V-T4__#01-48-00_01-54-00_label_A__2.npy,A
v=9eME1y6V-T4__#01-48-00_01-54-00_label_A__3.npy,A
v=9eME1y6V-T4__#01-48-00_01-54-00_label_A__4.npy,A
v=9eME1y6V-T4__#01-48-00_01-54-00_label_A__5.npy,A
v=9eME1y6V-T4__#01-48-00_01-54-00_label_A__6.npy,A
v=9eME1y6V-T4__#01-48-00_01-54-00_label_A__7.npy,A
v=9eME1y6V-T4__#01-48-00_01-54-00_label_A__8.npy,A
v=9eME1y6V-T4__#01-48-00_01-54-00_label_A__9.npy,A
Before.Sunset.2004__#00-18-18_00-20-09_label_A__0.npy,A
Before.Sunset.2004__#00-18-18_00-20-09_label_A__1.npy,A
Before.Sunset.2004__#00-18-18_00-20-09_label_A__2.npy,A
Before.Sunset.2004__#00-18-18_00-20-09_label_A__3.npy,A
Before.Sunset.2004__#00-18-18_00-20-09_label_A__4.npy,A
Before.Sunset.2004__#00-18-18_00-20-09_label_A__5.npy,A
Before.Sunset.2004__#00-18-18_00-20-09_label_A__6.npy,A
Before.Sunset.2004__#00-18-18_00-20-09_label_A__7.npy,A
Before.Sunset.2004__#00-18-18_00-20-09_label_A__8.npy,A
Before.Sunset.2004__#00-18-18_00-20-09_label_A__9.npy,A
v=lHaUsFvnxKk__#1_label_A__0.npy,A
v=lHaUsFvnxKk__#1_label_A__1.npy,A
v=lHaUsFvnxKk__#1_label_A__2.npy,A
v=lHaUsFvnxKk__#1_label_A__3.npy,A
v=lHaUsFvnxKk__#1_label_A__4.npy,A
v=lHaUsFvnxKk__#1_label_A__5.npy,A
v=lHaUsFvnxKk__#1_label_A__6.npy,A
v=lHaUsFvnxKk__#1_label_A__7.npy,A
v=lHaUsFvnxKk__#1_label_A__8.npy,A
v=lHaUsFvnxKk__#1_label_A__9.npy,A
v=JzrpCC7XmyE__#00-30-00_00-36-00_label_A__0.npy,A
v=JzrpCC7XmyE__#00-30-00_00-36-00_label_A__1.npy,A
v=JzrpCC7XmyE__#00-30-00_00-36-00_label_A__2.npy,A
v=JzrpCC7XmyE__#00-30-00_00-36-00_label_A__3.npy,A
v=JzrpCC7XmyE__#00-30-00_00-36-00_label_A__4.npy,A
v=JzrpCC7XmyE__#00-30-00_00-36-00_label_A__5.npy,A
v=JzrpCC7XmyE__#00-30-00_00-36-00_label_A__6.npy,A
v=JzrpCC7XmyE__#00-30-00_00-36-00_label_A__7.npy,A
v=JzrpCC7XmyE__#00-30-00_00-36-00_label_A__8.npy,A
v=JzrpCC7XmyE__#00-30-00_00-36-00_label_A__9.npy,A
Deadpool.2016__#01-36-22_01-37-45_label_A__0.npy,A
Deadpool.2016__#01-36-22_01-37-45_label_A__1.npy,A
Deadpool.2016__#01-36-22_01-37-45_label_A__2.npy,A
Deadpool.2016__#01-36-22_01-37-45_label_A__3.npy,A
Deadpool.2016__#01-36-22_01-37-45_label_A__4.npy,A
Deadpool.2016__#01-36-22_01-37-45_label_A__5.npy,A
Deadpool.2016__#01-36-22_01-37-45_label_A__6.npy,A
Deadpool.2016__#01-36-22_01-37-45_label_A__7.npy,A
Deadpool.2016__#01-36-22_01-37-45_label_A__8.npy,A
Deadpool.2016__#01-36-22_01-37-45_label_A__9.npy,A
Before.Sunrise.1995__#00-31-05_00-32-05_label_A__0.npy,A
Before.Sunrise.1995__#00-31-05_00-32-05_label_A__1.npy,A
Before.Sunrise.1995__#00-31-05_00-32-05_label_A__2.npy,A
Before.Sunrise.1995__#00-31-05_00-32-05_label_A__3.npy,A
Before.Sunrise.1995__#00-31-05_00-32-05_label_A__4.npy,A
Before.Sunrise.1995__#00-31-05_00-32-05_label_A__5.npy,A
Before.Sunrise.1995__#00-31-05_00-32-05_label_A__6.npy,A
Before.Sunrise.1995__#00-31-05_00-32-05_label_A__7.npy,A
Before.Sunrise.1995__#00-31-05_00-32-05_label_A__8.npy,A
Before.Sunrise.1995__#00-31-05_00-32-05_label_A__9.npy,A
The.Attorney.2013__#00-11-00_00-15-08_label_A__0.npy,A
The.Attorney.2013__#00-11-00_00-15-08_label_A__1.npy,A
The.Attorney.2013__#00-11-00_00-15-08_label_A__2.npy,A
The.Attorney.2013__#00-11-00_00-15-08_label_A__3.npy,A
The.Attorney.2013__#00-11-00_00-15-08_label_A__4.npy,A
The.Attorney.2013__#00-11-00_00-15-08_label_A__5.npy,A
The.Attorney.2013__#00-11-00_00-15-08_label_A__6.npy,A
The.Attorney.2013__#00-11-00_00-15-08_label_A__7.npy,A
The.Attorney.2013__#00-11-00_00-15-08_label_A__8.npy,A
The.Attorney.2013__#00-11-00_00-15-08_label_A__9.npy,A
v=sdY11vJBw24__#1_label_A__0.npy,A
v=sdY11vJBw24__#1_label_A__1.npy,A
v=sdY11vJBw24__#1_label_A__2.npy,A
v=sdY11vJBw24__#1_label_A__3.npy,A
v=sdY11vJBw24__#1_label_A__4.npy,A
v=sdY11vJBw24__#1_label_A__5.npy,A
v=sdY11vJBw24__#1_label_A__6.npy,A
v=sdY11vJBw24__#1_label_A__7.npy,A
v=sdY11vJBw24__#1_label_A__8.npy,A
v=sdY11vJBw24__#1_label_A__9.npy,A
The.Notebook.2004__#01-39-05_01-41-00_label_A__0.npy,A
The.Notebook.2004__#01-39-05_01-41-00_label_A__1.npy,A
The.Notebook.2004__#01-39-05_01-41-00_label_A__2.npy,A
The.Notebook.2004__#01-39-05_01-41-00_label_A__3.npy,A
The.Notebook.2004__#01-39-05_01-41-00_label_A__4.npy,A
The.Notebook.2004__#01-39-05_01-41-00_label_A__5.npy,A
The.Notebook.2004__#01-39-05_01-41-00_label_A__6.npy,A
The.Notebook.2004__#01-39-05_01-41-00_label_A__7.npy,A
The.Notebook.2004__#01-39-05_01-41-00_label_A__8.npy,A
The.Notebook.2004__#01-39-05_01-41-00_label_A__9.npy,A
The.Bourne.Legacy.2012__#0-53-06_0-58-18_label_A__0.npy,A
The.Bourne.Legacy.2012__#0-53-06_0-58-18_label_A__1.npy,A
The.Bourne.Legacy.2012__#0-53-06_0-58-18_label_A__2.npy,A
The.Bourne.Legacy.2012__#0-53-06_0-58-18_label_A__3.npy,A
The.Bourne.Legacy.2012__#0-53-06_0-58-18_label_A__4.npy,A
The.Bourne.Legacy.2012__#0-53-06_0-58-18_label_A__5.npy,A
The.Bourne.Legacy.2012__#0-53-06_0-58-18_label_A__6.npy,A
The.Bourne.Legacy.2012__#0-53-06_0-58-18_label_A__7.npy,A
The.Bourne.Legacy.2012__#0-53-06_0-58-18_label_A__8.npy,A
The.Bourne.Legacy.2012__#0-53-06_0-58-18_label_A__9.npy,A
v=XtaWdc_oxsY__#1_label_A__0.npy,A
v=XtaWdc_oxsY__#1_label_A__1.npy,A
v=XtaWdc_oxsY__#1_label_A__2.npy,A
v=XtaWdc_oxsY__#1_label_A__3.npy,A
v=XtaWdc_oxsY__#1_label_A__4.npy,A
v=XtaWdc_oxsY__#1_label_A__5.npy,A
v=XtaWdc_oxsY__#1_label_A__6.npy,A
v=XtaWdc_oxsY__#1_label_A__7.npy,A
v=XtaWdc_oxsY__#1_label_A__8.npy,A
v=XtaWdc_oxsY__#1_label_A__9.npy,A
v=Dsi_ItK-j30__#1_label_A__0.npy,A
v=Dsi_ItK-j30__#1_label_A__1.npy,A
v=Dsi_ItK-j30__#1_label_A__2.npy,A
v=Dsi_ItK-j30__#1_label_A__3.npy,A
v=Dsi_ItK-j30__#1_label_A__4.npy,A
v=Dsi_ItK-j30__#1_label_A__5.npy,A
v=Dsi_ItK-j30__#1_label_A__6.npy,A
v=Dsi_ItK-j30__#1_label_A__7.npy,A
v=Dsi_ItK-j30__#1_label_A__8.npy,A
v=Dsi_ItK-j30__#1_label_A__9.npy,A
The.Fast.and.the.Furious.2001__#00-58-56_01-00-15_label_A__0.npy,A
The.Fast.and.the.Furious.2001__#00-58-56_01-00-15_label_A__1.npy,A
The.Fast.and.the.Furious.2001__#00-58-56_01-00-15_label_A__2.npy,A
The.Fast.and.the.Furious.2001__#00-58-56_01-00-15_label_A__3.npy,A
The.Fast.and.the.Furious.2001__#00-58-56_01-00-15_label_A__4.npy,A
The.Fast.and.the.Furious.2001__#00-58-56_01-00-15_label_A__5.npy,A
The.Fast.and.the.Furious.2001__#00-58-56_01-00-15_label_A__6.npy,A
The.Fast.and.the.Furious.2001__#00-58-56_01-00-15_label_A__7.npy,A
The.Fast.and.the.Furious.2001__#00-58-56_01-00-15_label_A__8.npy,A
The.Fast.and.the.Furious.2001__#00-58-56_01-00-15_label_A__9.npy,A
Saving.Private.Ryan.1998__#00-31-27_00-33-12_label_A__0.npy,A
Saving.Private.Ryan.1998__#00-31-27_00-33-12_label_A__1.npy,A
Saving.Private.Ryan.1998__#00-31-27_00-33-12_label_A__2.npy,A
Saving.Private.Ryan.1998__#00-31-27_00-33-12_label_A__3.npy,A
Saving.Private.Ryan.1998__#00-31-27_00-33-12_label_A__4.npy,A
Saving.Private.Ryan.1998__#00-31-27_00-33-12_label_A__5.npy,A
Saving.Private.Ryan.1998__#00-31-27_00-33-12_label_A__6.npy,A
Saving.Private.Ryan.1998__#00-31-27_00-33-12_label_A__7.npy,A
Saving.Private.Ryan.1998__#00-31-27_00-33-12_label_A__8.npy,A
Saving.Private.Ryan.1998__#00-31-27_00-33-12_label_A__9.npy,A
v=PWWUHblOmm0__#1_label_A__0.npy,A
v=PWWUHblOmm0__#1_label_A__1.npy,A
v=PWWUHblOmm0__#1_label_A__2.npy,A
v=PWWUHblOmm0__#1_label_A__3.npy,A
v=PWWUHblOmm0__#1_label_A__4.npy,A
v=PWWUHblOmm0__#1_label_A__5.npy,A
v=PWWUHblOmm0__#1_label_A__6.npy,A
v=PWWUHblOmm0__#1_label_A__7.npy,A
v=PWWUHblOmm0__#1_label_A__8.npy,A
v=PWWUHblOmm0__#1_label_A__9.npy,A
v=4dDQk6dJL3A__#1_label_A__0.npy,A
v=4dDQk6dJL3A__#1_label_A__1.npy,A
v=4dDQk6dJL3A__#1_label_A__2.npy,A
v=4dDQk6dJL3A__#1_label_A__3.npy,A
v=4dDQk6dJL3A__#1_label_A__4.npy,A
v=4dDQk6dJL3A__#1_label_A__5.npy,A
v=4dDQk6dJL3A__#1_label_A__6.npy,A
v=4dDQk6dJL3A__#1_label_A__7.npy,A
v=4dDQk6dJL3A__#1_label_A__8.npy,A
v=4dDQk6dJL3A__#1_label_A__9.npy,A
Mission.Impossible.II.2000__#01-31-47_01-32-54_label_A__0.npy,A
Mission.Impossible.II.2000__#01-31-47_01-32-54_label_A__1.npy,A
Mission.Impossible.II.2000__#01-31-47_01-32-54_label_A__2.npy,A
Mission.Impossible.II.2000__#01-31-47_01-32-54_label_A__3.npy,A
Mission.Impossible.II.2000__#01-31-47_01-32-54_label_A__4.npy,A
Mission.Impossible.II.2000__#01-31-47_01-32-54_label_A__5.npy,A
Mission.Impossible.II.2000__#01-31-47_01-32-54_label_A__6.npy,A
Mission.Impossible.II.2000__#01-31-47_01-32-54_label_A__7.npy,A
Mission.Impossible.II.2000__#01-31-47_01-32-54_label_A__8.npy,A
Mission.Impossible.II.2000__#01-31-47_01-32-54_label_A__9.npy,A
The.Hurt.Locker.2008__#01-10-01_01-13-05_label_A__0.npy,A
The.Hurt.Locker.2008__#01-10-01_01-13-05_label_A__1.npy,A
The.Hurt.Locker.2008__#01-10-01_01-13-05_label_A__2.npy,A
The.Hurt.Locker.2008__#01-10-01_01-13-05_label_A__3.npy,A
The.Hurt.Locker.2008__#01-10-01_01-13-05_label_A__4.npy,A
The.Hurt.Locker.2008__#01-10-01_01-13-05_label_A__5.npy,A
The.Hurt.Locker.2008__#01-10-01_01-13-05_label_A__6.npy,A
The.Hurt.Locker.2008__#01-10-01_01-13-05_label_A__7.npy,A
The.Hurt.Locker.2008__#01-10-01_01-13-05_label_A__8.npy,A
The.Hurt.Locker.2008__#01-10-01_01-13-05_label_A__9.npy,A
v=y7JEq-kf-2I__#00-04-40_00-06-50_label_A__0.npy,A
v=y7JEq-kf-2I__#00-04-40_00-06-50_label_A__1.npy,A
v=y7JEq-kf-2I__#00-04-40_00-06-50_label_A__2.npy,A
v=y7JEq-kf-2I__#00-04-40_00-06-50_label_A__3.npy,A
v=y7JEq-kf-2I__#00-04-40_00-06-50_label_A__4.npy,A
v=y7JEq-kf-2I__#00-04-40_00-06-50_label_A__5.npy,A
v=y7JEq-kf-2I__#00-04-40_00-06-50_label_A__6.npy,A
v=y7JEq-kf-2I__#00-04-40_00-06-50_label_A__7.npy,A
v=y7JEq-kf-2I__#00-04-40_00-06-50_label_A__8.npy,A
v=y7JEq-kf-2I__#00-04-40_00-06-50_label_A__9.npy,A
A.Beautiful.Mind.2001__#00-37-40_00-40-31_label_A__0.npy,A
A.Beautiful.Mind.2001__#00-37-40_00-40-31_label_A__1.npy,A
A.Beautiful.Mind.2001__#00-37-40_00-40-31_label_A__2.npy,A
A.Beautiful.Mind.2001__#00-37-40_00-40-31_label_A__3.npy,A
A.Beautiful.Mind.2001__#00-37-40_00-40-31_label_A__4.npy,A
A.Beautiful.Mind.2001__#00-37-40_00-40-31_label_A__5.npy,A
A.Beautiful.Mind.2001__#00-37-40_00-40-31_label_A__6.npy,A
A.Beautiful.Mind.2001__#00-37-40_00-40-31_label_A__7.npy,A
A.Beautiful.Mind.2001__#00-37-40_00-40-31_label_A__8.npy,A
A.Beautiful.Mind.2001__#00-37-40_00-40-31_label_A__9.npy,A
Young.And.Dangerous.I.1996__#0-04-45_0-05-49_label_A__0.npy,A
Young.And.Dangerous.I.1996__#0-04-45_0-05-49_label_A__1.npy,A
Young.And.Dangerous.I.1996__#0-04-45_0-05-49_label_A__2.npy,A
Young.And.Dangerous.I.1996__#0-04-45_0-05-49_label_A__3.npy,A
Young.And.Dangerous.I.1996__#0-04-45_0-05-49_label_A__4.npy,A
Young.And.Dangerous.I.1996__#0-04-45_0-05-49_label_A__5.npy,A
Young.And.Dangerous.I.1996__#0-04-45_0-05-49_label_A__6.npy,A
Young.And.Dangerous.I.1996__#0-04-45_0-05-49_label_A__7.npy,A
Young.And.Dangerous.I.1996__#0-04-45_0-05-49_label_A__8.npy,A
Young.And.Dangerous.I.1996__#0-04-45_0-05-49_label_A__9.npy,A
Bullet.in.the.Head.1990__#01-48-01_01-50-20_label_A__0.npy,A
Bullet.in.the.Head.1990__#01-48-01_01-50-20_label_A__1.npy,A
Bullet.in.the.Head.1990__#01-48-01_01-50-20_label_A__2.npy,A
Bullet.in.the.Head.1990__#01-48-01_01-50-20_label_A__3.npy,A
Bullet.in.the.Head.1990__#01-48-01_01-50-20_label_A__4.npy,A
Bullet.in.the.Head.1990__#01-48-01_01-50-20_label_A__5.npy,A
Bullet.in.the.Head.1990__#01-48-01_01-50-20_label_A__6.npy,A
Bullet.in.the.Head.1990__#01-48-01_01-50-20_label_A__7.npy,A
Bullet.in.the.Head.1990__#01-48-01_01-50-20_label_A__8.npy,A
Bullet.in.the.Head.1990__#01-48-01_01-50-20_label_A__9.npy,A
v=oRG1v7dySRU__#1_label_A__0.npy,A
v=oRG1v7dySRU__#1_label_A__1.npy,A
v=oRG1v7dySRU__#1_label_A__2.npy,A
v=oRG1v7dySRU__#1_label_A__3.npy,A
v=oRG1v7dySRU__#1_label_A__4.npy,A
v=oRG1v7dySRU__#1_label_A__5.npy,A
v=oRG1v7dySRU__#1_label_A__6.npy,A
v=oRG1v7dySRU__#1_label_A__7.npy,A
v=oRG1v7dySRU__#1_label_A__8.npy,A
v=oRG1v7dySRU__#1_label_A__9.npy,A
v=Wfu3A22UMcs__#1_label_A__0.npy,A
v=Wfu3A22UMcs__#1_label_A__1.npy,A
v=Wfu3A22UMcs__#1_label_A__2.npy,A
v=Wfu3A22UMcs__#1_label_A__3.npy,A
v=Wfu3A22UMcs__#1_label_A__4.npy,A
v=Wfu3A22UMcs__#1_label_A__5.npy,A
v=Wfu3A22UMcs__#1_label_A__6.npy,A
v=Wfu3A22UMcs__#1_label_A__7.npy,A
v=Wfu3A22UMcs__#1_label_A__8.npy,A
v=Wfu3A22UMcs__#1_label_A__9.npy,A
v=RyWrcAW6-r8__#1_label_A__0.npy,A
v=RyWrcAW6-r8__#1_label_A__1.npy,A
v=RyWrcAW6-r8__#1_label_A__2.npy,A
v=RyWrcAW6-r8__#1_label_A__3.npy,A
v=RyWrcAW6-r8__#1_label_A__4.npy,A
v=RyWrcAW6-r8__#1_label_A__5.npy,A
v=RyWrcAW6-r8__#1_label_A__6.npy,A
v=RyWrcAW6-r8__#1_label_A__7.npy,A
v=RyWrcAW6-r8__#1_label_A__8.npy,A
v=RyWrcAW6-r8__#1_label_A__9.npy,A
Love.Death.and.Robots.S01E16__#0-07-15_0-07-35_label_A__0.npy,A
Love.Death.and.Robots.S01E16__#0-07-15_0-07-35_label_A__1.npy,A
Love.Death.and.Robots.S01E16__#0-07-15_0-07-35_label_A__2.npy,A
Love.Death.and.Robots.S01E16__#0-07-15_0-07-35_label_A__3.npy,A
Love.Death.and.Robots.S01E16__#0-07-15_0-07-35_label_A__4.npy,A
Love.Death.and.Robots.S01E16__#0-07-15_0-07-35_label_A__5.npy,A
Love.Death.and.Robots.S01E16__#0-07-15_0-07-35_label_A__6.npy,A
Love.Death.and.Robots.S01E16__#0-07-15_0-07-35_label_A__7.npy,A
Love.Death.and.Robots.S01E16__#0-07-15_0-07-35_label_A__8.npy,A
Love.Death.and.Robots.S01E16__#0-07-15_0-07-35_label_A__9.npy,A
Before.Sunrise.1995__#01-31-18_01-36-11_label_A__0.npy,A
Before.Sunrise.1995__#01-31-18_01-36-11_label_A__1.npy,A
Before.Sunrise.1995__#01-31-18_01-36-11_label_A__2.npy,A
Before.Sunrise.1995__#01-31-18_01-36-11_label_A__3.npy,A
Before.Sunrise.1995__#01-31-18_01-36-11_label_A__4.npy,A
Before.Sunrise.1995__#01-31-18_01-36-11_label_A__5.npy,A
Before.Sunrise.1995__#01-31-18_01-36-11_label_A__6.npy,A
Before.Sunrise.1995__#01-31-18_01-36-11_label_A__7.npy,A
Before.Sunrise.1995__#01-31-18_01-36-11_label_A__8.npy,A
Before.Sunrise.1995__#01-31-18_01-36-11_label_A__9.npy,A
v=VpmGap58ZX0__#1_label_A__0.npy,A
v=VpmGap58ZX0__#1_label_A__1.npy,A
v=VpmGap58ZX0__#1_label_A__2.npy,A
v=VpmGap58ZX0__#1_label_A__3.npy,A
v=VpmGap58ZX0__#1_label_A__4.npy,A
v=VpmGap58ZX0__#1_label_A__5.npy,A
v=VpmGap58ZX0__#1_label_A__6.npy,A
v=VpmGap58ZX0__#1_label_A__7.npy,A
v=VpmGap58ZX0__#1_label_A__8.npy,A
v=VpmGap58ZX0__#1_label_A__9.npy,A
Mission.Impossible.Ghost.Protocol.2011__#00-11-35_00-13-35_label_A__0.npy,A
Mission.Impossible.Ghost.Protocol.2011__#00-11-35_00-13-35_label_A__1.npy,A
Mission.Impossible.Ghost.Protocol.2011__#00-11-35_00-13-35_label_A__2.npy,A
Mission.Impossible.Ghost.Protocol.2011__#00-11-35_00-13-35_label_A__3.npy,A
Mission.Impossible.Ghost.Protocol.2011__#00-11-35_00-13-35_label_A__4.npy,A
Mission.Impossible.Ghost.Protocol.2011__#00-11-35_00-13-35_label_A__5.npy,A
Mission.Impossible.Ghost.Protocol.2011__#00-11-35_00-13-35_label_A__6.npy,A
Mission.Impossible.Ghost.Protocol.2011__#00-11-35_00-13-35_label_A__7.npy,A
Mission.Impossible.Ghost.Protocol.2011__#00-11-35_00-13-35_label_A__8.npy,A
Mission.Impossible.Ghost.Protocol.2011__#00-11-35_00-13-35_label_A__9.npy,A
v=PjYUODTUsvc__#1_label_A__0.npy,A
v=PjYUODTUsvc__#1_label_A__1.npy,A
v=PjYUODTUsvc__#1_label_A__2.npy,A
v=PjYUODTUsvc__#1_label_A__3.npy,A
v=PjYUODTUsvc__#1_label_A__4.npy,A
v=PjYUODTUsvc__#1_label_A__5.npy,A
v=PjYUODTUsvc__#1_label_A__6.npy,A
v=PjYUODTUsvc__#1_label_A__7.npy,A
v=PjYUODTUsvc__#1_label_A__8.npy,A
v=PjYUODTUsvc__#1_label_A__9.npy,A
v=ceXPFD1yggw__#1_label_A__0.npy,A
v=ceXPFD1yggw__#1_label_A__1.npy,A
v=ceXPFD1yggw__#1_label_A__2.npy,A
v=ceXPFD1yggw__#1_label_A__3.npy,A
v=ceXPFD1yggw__#1_label_A__4.npy,A
v=ceXPFD1yggw__#1_label_A__5.npy,A
v=ceXPFD1yggw__#1_label_A__6.npy,A
v=ceXPFD1yggw__#1_label_A__7.npy,A
v=ceXPFD1yggw__#1_label_A__8.npy,A
v=ceXPFD1yggw__#1_label_A__9.npy,A
About.Time.2013__#00-05-52_00-08-22_label_A__0.npy,A
About.Time.2013__#00-05-52_00-08-22_label_A__1.npy,A
About.Time.2013__#00-05-52_00-08-22_label_A__2.npy,A
About.Time.2013__#00-05-52_00-08-22_label_A__3.npy,A
About.Time.2013__#00-05-52_00-08-22_label_A__4.npy,A
About.Time.2013__#00-05-52_00-08-22_label_A__5.npy,A
About.Time.2013__#00-05-52_00-08-22_label_A__6.npy,A
About.Time.2013__#00-05-52_00-08-22_label_A__7.npy,A
About.Time.2013__#00-05-52_00-08-22_label_A__8.npy,A
About.Time.2013__#00-05-52_00-08-22_label_A__9.npy,A
Before.Sunset.2004__#00-03-00_00-04-05_label_A__0.npy,A
Before.Sunset.2004__#00-03-00_00-04-05_label_A__1.npy,A
Before.Sunset.2004__#00-03-00_00-04-05_label_A__2.npy,A
Before.Sunset.2004__#00-03-00_00-04-05_label_A__3.npy,A
Before.Sunset.2004__#00-03-00_00-04-05_label_A__4.npy,A
Before.Sunset.2004__#00-03-00_00-04-05_label_A__5.npy,A
Before.Sunset.2004__#00-03-00_00-04-05_label_A__6.npy,A
Before.Sunset.2004__#00-03-00_00-04-05_label_A__7.npy,A
Before.Sunset.2004__#00-03-00_00-04-05_label_A__8.npy,A
Before.Sunset.2004__#00-03-00_00-04-05_label_A__9.npy,A
v=AmcdLCavXS4__#1_label_A__0.npy,A
v=AmcdLCavXS4__#1_label_A__1.npy,A
v=AmcdLCavXS4__#1_label_A__2.npy,A
v=AmcdLCavXS4__#1_label_A__3.npy,A
v=AmcdLCavXS4__#1_label_A__4.npy,A
v=AmcdLCavXS4__#1_label_A__5.npy,A
v=AmcdLCavXS4__#1_label_A__6.npy,A
v=AmcdLCavXS4__#1_label_A__7.npy,A
v=AmcdLCavXS4__#1_label_A__8.npy,A
v=AmcdLCavXS4__#1_label_A__9.npy,A
Before.Sunset.2004__#00-20-35_00-23-06_label_A__0.npy,A
Before.Sunset.2004__#00-20-35_00-23-06_label_A__1.npy,A
Before.Sunset.2004__#00-20-35_00-23-06_label_A__2.npy,A
Before.Sunset.2004__#00-20-35_00-23-06_label_A__3.npy,A
Before.Sunset.2004__#00-20-35_00-23-06_label_A__4.npy,A
Before.Sunset.2004__#00-20-35_00-23-06_label_A__5.npy,A
Before.Sunset.2004__#00-20-35_00-23-06_label_A__6.npy,A
Before.Sunset.2004__#00-20-35_00-23-06_label_A__7.npy,A
Before.Sunset.2004__#00-20-35_00-23-06_label_A__8.npy,A
Before.Sunset.2004__#00-20-35_00-23-06_label_A__9.npy,A
Be.with.You.2018__#00-57-20_00-58-17_label_A__0.npy,A
Be.with.You.2018__#00-57-20_00-58-17_label_A__1.npy,A
Be.with.You.2018__#00-57-20_00-58-17_label_A__2.npy,A
Be.with.You.2018__#00-57-20_00-58-17_label_A__3.npy,A
Be.with.You.2018__#00-57-20_00-58-17_label_A__4.npy,A
Be.with.You.2018__#00-57-20_00-58-17_label_A__5.npy,A
Be.with.You.2018__#00-57-20_00-58-17_label_A__6.npy,A
Be.with.You.2018__#00-57-20_00-58-17_label_A__7.npy,A
Be.with.You.2018__#00-57-20_00-58-17_label_A__8.npy,A
Be.with.You.2018__#00-57-20_00-58-17_label_A__9.npy,A
v=p2ggHwtb-Zg__#00-06-00_00-09-00_label_A__0.npy,A
v=p2ggHwtb-Zg__#00-06-00_00-09-00_label_A__1.npy,A
v=p2ggHwtb-Zg__#00-06-00_00-09-00_label_A__2.npy,A
v=p2ggHwtb-Zg__#00-06-00_00-09-00_label_A__3.npy,A
v=p2ggHwtb-Zg__#00-06-00_00-09-00_label_A__4.npy,A
v=p2ggHwtb-Zg__#00-06-00_00-09-00_label_A__5.npy,A
v=p2ggHwtb-Zg__#00-06-00_00-09-00_label_A__6.npy,A
v=p2ggHwtb-Zg__#00-06-00_00-09-00_label_A__7.npy,A
v=p2ggHwtb-Zg__#00-06-00_00-09-00_label_A__8.npy,A
v=p2ggHwtb-Zg__#00-06-00_00-09-00_label_A__9.npy,A
The.World.Is.Not.Enough.1999__#00-24-30_00-26-00_label_A__0.npy,A
The.World.Is.Not.Enough.1999__#00-24-30_00-26-00_label_A__1.npy,A
The.World.Is.Not.Enough.1999__#00-24-30_00-26-00_label_A__2.npy,A
The.World.Is.Not.Enough.1999__#00-24-30_00-26-00_label_A__3.npy,A
The.World.Is.Not.Enough.1999__#00-24-30_00-26-00_label_A__4.npy,A
The.World.Is.Not.Enough.1999__#00-24-30_00-26-00_label_A__5.npy,A
The.World.Is.Not.Enough.1999__#00-24-30_00-26-00_label_A__6.npy,A
The.World.Is.Not.Enough.1999__#00-24-30_00-26-00_label_A__7.npy,A
The.World.Is.Not.Enough.1999__#00-24-30_00-26-00_label_A__8.npy,A
The.World.Is.Not.Enough.1999__#00-24-30_00-26-00_label_A__9.npy,A
A.Beautiful.Mind.2001__#00-20-35_00-23-06_label_A__0.npy,A
A.Beautiful.Mind.2001__#00-20-35_00-23-06_label_A__1.npy,A
A.Beautiful.Mind.2001__#00-20-35_00-23-06_label_A__2.npy,A
A.Beautiful.Mind.2001__#00-20-35_00-23-06_label_A__3.npy,A
A.Beautiful.Mind.2001__#00-20-35_00-23-06_label_A__4.npy,A
A.Beautiful.Mind.2001__#00-20-35_00-23-06_label_A__5.npy,A
A.Beautiful.Mind.2001__#00-20-35_00-23-06_label_A__6.npy,A
A.Beautiful.Mind.2001__#00-20-35_00-23-06_label_A__7.npy,A
A.Beautiful.Mind.2001__#00-20-35_00-23-06_label_A__8.npy,A
A.Beautiful.Mind.2001__#00-20-35_00-23-06_label_A__9.npy,A
Skyfall.2012__#00-51-45_00-53-30_label_A__0.npy,A
Skyfall.2012__#00-51-45_00-53-30_label_A__1.npy,A
Skyfall.2012__#00-51-45_00-53-30_label_A__2.npy,A
Skyfall.2012__#00-51-45_00-53-30_label_A__3.npy,A
Skyfall.2012__#00-51-45_00-53-30_label_A__4.npy,A
Skyfall.2012__#00-51-45_00-53-30_label_A__5.npy,A
Skyfall.2012__#00-51-45_00-53-30_label_A__6.npy,A
Skyfall.2012__#00-51-45_00-53-30_label_A__7.npy,A
Skyfall.2012__#00-51-45_00-53-30_label_A__8.npy,A
Skyfall.2012__#00-51-45_00-53-30_label_A__9.npy,A
v=gOiCWyZz85g__#1_label_A__0.npy,A
v=gOiCWyZz85g__#1_label_A__1.npy,A
v=gOiCWyZz85g__#1_label_A__2.npy,A
v=gOiCWyZz85g__#1_label_A__3.npy,A
v=gOiCWyZz85g__#1_label_A__4.npy,A
v=gOiCWyZz85g__#1_label_A__5.npy,A
v=gOiCWyZz85g__#1_label_A__6.npy,A
v=gOiCWyZz85g__#1_label_A__7.npy,A
v=gOiCWyZz85g__#1_label_A__8.npy,A
v=gOiCWyZz85g__#1_label_A__9.npy,A
About.Time.2013__#00-17-30_00-19-10_label_A__0.npy,A
About.Time.2013__#00-17-30_00-19-10_label_A__1.npy,A
About.Time.2013__#00-17-30_00-19-10_label_A__2.npy,A
About.Time.2013__#00-17-30_00-19-10_label_A__3.npy,A
About.Time.2013__#00-17-30_00-19-10_label_A__4.npy,A
About.Time.2013__#00-17-30_00-19-10_label_A__5.npy,A
About.Time.2013__#00-17-30_00-19-10_label_A__6.npy,A
About.Time.2013__#00-17-30_00-19-10_label_A__7.npy,A
About.Time.2013__#00-17-30_00-19-10_label_A__8.npy,A
About.Time.2013__#00-17-30_00-19-10_label_A__9.npy,A
v=3M2NCcSxKLY__#1_label_A__0.npy,A
v=3M2NCcSxKLY__#1_label_A__1.npy,A
v=3M2NCcSxKLY__#1_label_A__2.npy,A
v=3M2NCcSxKLY__#1_label_A__3.npy,A
v=3M2NCcSxKLY__#1_label_A__4.npy,A
v=3M2NCcSxKLY__#1_label_A__5.npy,A
v=3M2NCcSxKLY__#1_label_A__6.npy,A
v=3M2NCcSxKLY__#1_label_A__7.npy,A
v=3M2NCcSxKLY__#1_label_A__8.npy,A
v=3M2NCcSxKLY__#1_label_A__9.npy,A
Ip.Man.2008__#00-43-36_00-44-34_label_A__0.npy,A
Ip.Man.2008__#00-43-36_00-44-34_label_A__1.npy,A
Ip.Man.2008__#00-43-36_00-44-34_label_A__2.npy,A
Ip.Man.2008__#00-43-36_00-44-34_label_A__3.npy,A
Ip.Man.2008__#00-43-36_00-44-34_label_A__4.npy,A
Ip.Man.2008__#00-43-36_00-44-34_label_A__5.npy,A
Ip.Man.2008__#00-43-36_00-44-34_label_A__6.npy,A
Ip.Man.2008__#00-43-36_00-44-34_label_A__7.npy,A
Ip.Man.2008__#00-43-36_00-44-34_label_A__8.npy,A
Ip.Man.2008__#00-43-36_00-44-34_label_A__9.npy,A
v=ZU97p2miRO0__#1_label_A__0.npy,A
v=ZU97p2miRO0__#1_label_A__1.npy,A
v=ZU97p2miRO0__#1_label_A__2.npy,A
v=ZU97p2miRO0__#1_label_A__3.npy,A
v=ZU97p2miRO0__#1_label_A__4.npy,A
v=ZU97p2miRO0__#1_label_A__5.npy,A
v=ZU97p2miRO0__#1_label_A__6.npy,A
v=ZU97p2miRO0__#1_label_A__7.npy,A
v=ZU97p2miRO0__#1_label_A__8.npy,A
v=ZU97p2miRO0__#1_label_A__9.npy,A
v=0vVOXlgHC1U__#01-06-00_01-12-50_label_A__0.npy,A
v=0vVOXlgHC1U__#01-06-00_01-12-50_label_A__1.npy,A
v=0vVOXlgHC1U__#01-06-00_01-12-50_label_A__2.npy,A
v=0vVOXlgHC1U__#01-06-00_01-12-50_label_A__3.npy,A
v=0vVOXlgHC1U__#01-06-00_01-12-50_label_A__4.npy,A
v=0vVOXlgHC1U__#01-06-00_01-12-50_label_A__5.npy,A
v=0vVOXlgHC1U__#01-06-00_01-12-50_label_A__6.npy,A
v=0vVOXlgHC1U__#01-06-00_01-12-50_label_A__7.npy,A
v=0vVOXlgHC1U__#01-06-00_01-12-50_label_A__8.npy,A
v=0vVOXlgHC1U__#01-06-00_01-12-50_label_A__9.npy,A
v=JiJGOioFhzw__#1_label_A__0.npy,A
v=JiJGOioFhzw__#1_label_A__1.npy,A
v=JiJGOioFhzw__#1_label_A__2.npy,A
v=JiJGOioFhzw__#1_label_A__3.npy,A
v=JiJGOioFhzw__#1_label_A__4.npy,A
v=JiJGOioFhzw__#1_label_A__5.npy,A
v=JiJGOioFhzw__#1_label_A__6.npy,A
v=JiJGOioFhzw__#1_label_A__7.npy,A
v=JiJGOioFhzw__#1_label_A__8.npy,A
v=JiJGOioFhzw__#1_label_A__9.npy,A
v=H9Y5_X1sEEA__#00-57-00_01-00-04_label_A__0.npy,A
v=H9Y5_X1sEEA__#00-57-00_01-00-04_label_A__1.npy,A
v=H9Y5_X1sEEA__#00-57-00_01-00-04_label_A__2.npy,A
v=H9Y5_X1sEEA__#00-57-00_01-00-04_label_A__3.npy,A
v=H9Y5_X1sEEA__#00-57-00_01-00-04_label_A__4.npy,A
v=H9Y5_X1sEEA__#00-57-00_01-00-04_label_A__5.npy,A
v=H9Y5_X1sEEA__#00-57-00_01-00-04_label_A__6.npy,A
v=H9Y5_X1sEEA__#00-57-00_01-00-04_label_A__7.npy,A
v=H9Y5_X1sEEA__#00-57-00_01-00-04_label_A__8.npy,A
v=H9Y5_X1sEEA__#00-57-00_01-00-04_label_A__9.npy,A
v=zsDwD8xQXqY__#1_label_A__0.npy,A
v=zsDwD8xQXqY__#1_label_A__1.npy,A
v=zsDwD8xQXqY__#1_label_A__2.npy,A
v=zsDwD8xQXqY__#1_label_A__3.npy,A
v=zsDwD8xQXqY__#1_label_A__4.npy,A
v=zsDwD8xQXqY__#1_label_A__5.npy,A
v=zsDwD8xQXqY__#1_label_A__6.npy,A
v=zsDwD8xQXqY__#1_label_A__7.npy,A
v=zsDwD8xQXqY__#1_label_A__8.npy,A
v=zsDwD8xQXqY__#1_label_A__9.npy,A
v=fkps18H3SXY__#01-24-00_01-30-00_label_A__0.npy,A
v=fkps18H3SXY__#01-24-00_01-30-00_label_A__1.npy,A
v=fkps18H3SXY__#01-24-00_01-30-00_label_A__2.npy,A
v=fkps18H3SXY__#01-24-00_01-30-00_label_A__3.npy,A
v=fkps18H3SXY__#01-24-00_01-30-00_label_A__4.npy,A
v=fkps18H3SXY__#01-24-00_01-30-00_label_A__5.npy,A
v=fkps18H3SXY__#01-24-00_01-30-00_label_A__6.npy,A
v=fkps18H3SXY__#01-24-00_01-30-00_label_A__7.npy,A
v=fkps18H3SXY__#01-24-00_01-30-00_label_A__8.npy,A
v=fkps18H3SXY__#01-24-00_01-30-00_label_A__9.npy,A
Fast.Five.2011__#00-42-00_00-45-37_label_A__0.npy,A
Fast.Five.2011__#00-42-00_00-45-37_label_A__1.npy,A
Fast.Five.2011__#00-42-00_00-45-37_label_A__2.npy,A
Fast.Five.2011__#00-42-00_00-45-37_label_A__3.npy,A
Fast.Five.2011__#00-42-00_00-45-37_label_A__4.npy,A
Fast.Five.2011__#00-42-00_00-45-37_label_A__5.npy,A
Fast.Five.2011__#00-42-00_00-45-37_label_A__6.npy,A
Fast.Five.2011__#00-42-00_00-45-37_label_A__7.npy,A
Fast.Five.2011__#00-42-00_00-45-37_label_A__8.npy,A
Fast.Five.2011__#00-42-00_00-45-37_label_A__9.npy,A
Brick.Mansions.2014__#00-38-48_00-39-22_label_A__0.npy,A
Brick.Mansions.2014__#00-38-48_00-39-22_label_A__1.npy,A
Brick.Mansions.2014__#00-38-48_00-39-22_label_A__2.npy,A
Brick.Mansions.2014__#00-38-48_00-39-22_label_A__3.npy,A
Brick.Mansions.2014__#00-38-48_00-39-22_label_A__4.npy,A
Brick.Mansions.2014__#00-38-48_00-39-22_label_A__5.npy,A
Brick.Mansions.2014__#00-38-48_00-39-22_label_A__6.npy,A
Brick.Mansions.2014__#00-38-48_00-39-22_label_A__7.npy,A
Brick.Mansions.2014__#00-38-48_00-39-22_label_A__8.npy,A
Brick.Mansions.2014__#00-38-48_00-39-22_label_A__9.npy,A
v=y7JEq-kf-2I__#00-03-40_00-04-40_label_A__0.npy,A
v=y7JEq-kf-2I__#00-03-40_00-04-40_label_A__1.npy,A
v=y7JEq-kf-2I__#00-03-40_00-04-40_label_A__2.npy,A
v=y7JEq-kf-2I__#00-03-40_00-04-40_label_A__3.npy,A
v=y7JEq-kf-2I__#00-03-40_00-04-40_label_A__4.npy,A
v=y7JEq-kf-2I__#00-03-40_00-04-40_label_A__5.npy,A
v=y7JEq-kf-2I__#00-03-40_00-04-40_label_A__6.npy,A
v=y7JEq-kf-2I__#00-03-40_00-04-40_label_A__7.npy,A
v=y7JEq-kf-2I__#00-03-40_00-04-40_label_A__8.npy,A
v=y7JEq-kf-2I__#00-03-40_00-04-40_label_A__9.npy,A
v=eNkxEAvAfgE__#1_label_A__0.npy,A
v=eNkxEAvAfgE__#1_label_A__1.npy,A
v=eNkxEAvAfgE__#1_label_A__2.npy,A
v=eNkxEAvAfgE__#1_label_A__3.npy,A
v=eNkxEAvAfgE__#1_label_A__4.npy,A
v=eNkxEAvAfgE__#1_label_A__5.npy,A
v=eNkxEAvAfgE__#1_label_A__6.npy,A
v=eNkxEAvAfgE__#1_label_A__7.npy,A
v=eNkxEAvAfgE__#1_label_A__8.npy,A
v=eNkxEAvAfgE__#1_label_A__9.npy,A
v=NeAC-MfTZzU__#00-18-00_00-22-00_label_A__0.npy,A
v=NeAC-MfTZzU__#00-18-00_00-22-00_label_A__1.npy,A
v=NeAC-MfTZzU__#00-18-00_00-22-00_label_A__2.npy,A
v=NeAC-MfTZzU__#00-18-00_00-22-00_label_A__3.npy,A
v=NeAC-MfTZzU__#00-18-00_00-22-00_label_A__4.npy,A
v=NeAC-MfTZzU__#00-18-00_00-22-00_label_A__5.npy,A
v=NeAC-MfTZzU__#00-18-00_00-22-00_label_A__6.npy,A
v=NeAC-MfTZzU__#00-18-00_00-22-00_label_A__7.npy,A
v=NeAC-MfTZzU__#00-18-00_00-22-00_label_A__8.npy,A
v=NeAC-MfTZzU__#00-18-00_00-22-00_label_A__9.npy,A
v=MiN_kgpkn-U__#1_label_A__0.npy,A
v=MiN_kgpkn-U__#1_label_A__1.npy,A
v=MiN_kgpkn-U__#1_label_A__2.npy,A
v=MiN_kgpkn-U__#1_label_A__3.npy,A
v=MiN_kgpkn-U__#1_label_A__4.npy,A
v=MiN_kgpkn-U__#1_label_A__5.npy,A
v=MiN_kgpkn-U__#1_label_A__6.npy,A
v=MiN_kgpkn-U__#1_label_A__7.npy,A
v=MiN_kgpkn-U__#1_label_A__8.npy,A
v=MiN_kgpkn-U__#1_label_A__9.npy,A
The.Pursuit.of.Happyness.2006__#00-20-35_00-23-06_label_A__0.npy,A
The.Pursuit.of.Happyness.2006__#00-20-35_00-23-06_label_A__1.npy,A
The.Pursuit.of.Happyness.2006__#00-20-35_00-23-06_label_A__2.npy,A
The.Pursuit.of.Happyness.2006__#00-20-35_00-23-06_label_A__3.npy,A
The.Pursuit.of.Happyness.2006__#00-20-35_00-23-06_label_A__4.npy,A
The.Pursuit.of.Happyness.2006__#00-20-35_00-23-06_label_A__5.npy,A
The.Pursuit.of.Happyness.2006__#00-20-35_00-23-06_label_A__6.npy,A
The.Pursuit.of.Happyness.2006__#00-20-35_00-23-06_label_A__7.npy,A
The.Pursuit.of.Happyness.2006__#00-20-35_00-23-06_label_A__8.npy,A
The.Pursuit.of.Happyness.2006__#00-20-35_00-23-06_label_A__9.npy,A
v=HPRrvo00YtY__#1_label_A__0.npy,A
v=HPRrvo00YtY__#1_label_A__1.npy,A
v=HPRrvo00YtY__#1_label_A__2.npy,A
v=HPRrvo00YtY__#1_label_A__3.npy,A
v=HPRrvo00YtY__#1_label_A__4.npy,A
v=HPRrvo00YtY__#1_label_A__5.npy,A
v=HPRrvo00YtY__#1_label_A__6.npy,A
v=HPRrvo00YtY__#1_label_A__7.npy,A
v=HPRrvo00YtY__#1_label_A__8.npy,A
v=HPRrvo00YtY__#1_label_A__9.npy,A
v=_VGsAbXOxQ8__#1_label_A__0.npy,A
v=_VGsAbXOxQ8__#1_label_A__1.npy,A
v=_VGsAbXOxQ8__#1_label_A__2.npy,A
v=_VGsAbXOxQ8__#1_label_A__3.npy,A
v=_VGsAbXOxQ8__#1_label_A__4.npy,A
v=_VGsAbXOxQ8__#1_label_A__5.npy,A
v=_VGsAbXOxQ8__#1_label_A__6.npy,A
v=_VGsAbXOxQ8__#1_label_A__7.npy,A
v=_VGsAbXOxQ8__#1_label_A__8.npy,A
v=_VGsAbXOxQ8__#1_label_A__9.npy,A
Shoplifters.2018__#00-49-48_00-51-12_label_A__0.npy,A
Shoplifters.2018__#00-49-48_00-51-12_label_A__1.npy,A
Shoplifters.2018__#00-49-48_00-51-12_label_A__2.npy,A
Shoplifters.2018__#00-49-48_00-51-12_label_A__3.npy,A
Shoplifters.2018__#00-49-48_00-51-12_label_A__4.npy,A
Shoplifters.2018__#00-49-48_00-51-12_label_A__5.npy,A
Shoplifters.2018__#00-49-48_00-51-12_label_A__6.npy,A
Shoplifters.2018__#00-49-48_00-51-12_label_A__7.npy,A
Shoplifters.2018__#00-49-48_00-51-12_label_A__8.npy,A
Shoplifters.2018__#00-49-48_00-51-12_label_A__9.npy,A
Still.Walking.2008__#01-26-10_01-28-00_label_A__0.npy,A
Still.Walking.2008__#01-26-10_01-28-00_label_A__1.npy,A
Still.Walking.2008__#01-26-10_01-28-00_label_A__2.npy,A
Still.Walking.2008__#01-26-10_01-28-00_label_A__3.npy,A
Still.Walking.2008__#01-26-10_01-28-00_label_A__4.npy,A
Still.Walking.2008__#01-26-10_01-28-00_label_A__5.npy,A
Still.Walking.2008__#01-26-10_01-28-00_label_A__6.npy,A
Still.Walking.2008__#01-26-10_01-28-00_label_A__7.npy,A
Still.Walking.2008__#01-26-10_01-28-00_label_A__8.npy,A
Still.Walking.2008__#01-26-10_01-28-00_label_A__9.npy,A
About.Time.2013__#00-51-55_00-55-16_label_A__0.npy,A
About.Time.2013__#00-51-55_00-55-16_label_A__1.npy,A
About.Time.2013__#00-51-55_00-55-16_label_A__2.npy,A
About.Time.2013__#00-51-55_00-55-16_label_A__3.npy,A
About.Time.2013__#00-51-55_00-55-16_label_A__4.npy,A
About.Time.2013__#00-51-55_00-55-16_label_A__5.npy,A
About.Time.2013__#00-51-55_00-55-16_label_A__6.npy,A
About.Time.2013__#00-51-55_00-55-16_label_A__7.npy,A
About.Time.2013__#00-51-55_00-55-16_label_A__8.npy,A
About.Time.2013__#00-51-55_00-55-16_label_A__9.npy,A
Deadpool.2.2018__#0-24-44_0-25-20_label_A__0.npy,A
Deadpool.2.2018__#0-24-44_0-25-20_label_A__1.npy,A
Deadpool.2.2018__#0-24-44_0-25-20_label_A__2.npy,A
Deadpool.2.2018__#0-24-44_0-25-20_label_A__3.npy,A
Deadpool.2.2018__#0-24-44_0-25-20_label_A__4.npy,A
Deadpool.2.2018__#0-24-44_0-25-20_label_A__5.npy,A
Deadpool.2.2018__#0-24-44_0-25-20_label_A__6.npy,A
Deadpool.2.2018__#0-24-44_0-25-20_label_A__7.npy,A
Deadpool.2.2018__#0-24-44_0-25-20_label_A__8.npy,A
Deadpool.2.2018__#0-24-44_0-25-20_label_A__9.npy,A
Death.Proof.2007__#00-06-20_00-08-55_label_A__0.npy,A
Death.Proof.2007__#00-06-20_00-08-55_label_A__1.npy,A
Death.Proof.2007__#00-06-20_00-08-55_label_A__2.npy,A
Death.Proof.2007__#00-06-20_00-08-55_label_A__3.npy,A
Death.Proof.2007__#00-06-20_00-08-55_label_A__4.npy,A
Death.Proof.2007__#00-06-20_00-08-55_label_A__5.npy,A
Death.Proof.2007__#00-06-20_00-08-55_label_A__6.npy,A
Death.Proof.2007__#00-06-20_00-08-55_label_A__7.npy,A
Death.Proof.2007__#00-06-20_00-08-55_label_A__8.npy,A
Death.Proof.2007__#00-06-20_00-08-55_label_A__9.npy,A
Mission.Impossible.II.2000__#00-09-32_00-10-00_label_A__0.npy,A
Mission.Impossible.II.2000__#00-09-32_00-10-00_label_A__1.npy,A
Mission.Impossible.II.2000__#00-09-32_00-10-00_label_A__2.npy,A
Mission.Impossible.II.2000__#00-09-32_00-10-00_label_A__3.npy,A
Mission.Impossible.II.2000__#00-09-32_00-10-00_label_A__4.npy,A
Mission.Impossible.II.2000__#00-09-32_00-10-00_label_A__5.npy,A
Mission.Impossible.II.2000__#00-09-32_00-10-00_label_A__6.npy,A
Mission.Impossible.II.2000__#00-09-32_00-10-00_label_A__7.npy,A
Mission.Impossible.II.2000__#00-09-32_00-10-00_label_A__8.npy,A
Mission.Impossible.II.2000__#00-09-32_00-10-00_label_A__9.npy,A
v=zW0GpJ9-RTo__#1_label_A__0.npy,A
v=zW0GpJ9-RTo__#1_label_A__1.npy,A
v=zW0GpJ9-RTo__#1_label_A__2.npy,A
v=zW0GpJ9-RTo__#1_label_A__3.npy,A
v=zW0GpJ9-RTo__#1_label_A__4.npy,A
v=zW0GpJ9-RTo__#1_label_A__5.npy,A
v=zW0GpJ9-RTo__#1_label_A__6.npy,A
v=zW0GpJ9-RTo__#1_label_A__7.npy,A
v=zW0GpJ9-RTo__#1_label_A__8.npy,A
v=zW0GpJ9-RTo__#1_label_A__9.npy,A
Mission.Impossible.Ghost.Protocol.2011__#00-53-35_00-55-10_label_A__0.npy,A
Mission.Impossible.Ghost.Protocol.2011__#00-53-35_00-55-10_label_A__1.npy,A
Mission.Impossible.Ghost.Protocol.2011__#00-53-35_00-55-10_label_A__2.npy,A
Mission.Impossible.Ghost.Protocol.2011__#00-53-35_00-55-10_label_A__3.npy,A
Mission.Impossible.Ghost.Protocol.2011__#00-53-35_00-55-10_label_A__4.npy,A
Mission.Impossible.Ghost.Protocol.2011__#00-53-35_00-55-10_label_A__5.npy,A
Mission.Impossible.Ghost.Protocol.2011__#00-53-35_00-55-10_label_A__6.npy,A
Mission.Impossible.Ghost.Protocol.2011__#00-53-35_00-55-10_label_A__7.npy,A
Mission.Impossible.Ghost.Protocol.2011__#00-53-35_00-55-10_label_A__8.npy,A
Mission.Impossible.Ghost.Protocol.2011__#00-53-35_00-55-10_label_A__9.npy,A
Hot.Fuzz.2007__#01-28-58_01-29-28_label_A__0.npy,A
Hot.Fuzz.2007__#01-28-58_01-29-28_label_A__1.npy,A
Hot.Fuzz.2007__#01-28-58_01-29-28_label_A__2.npy,A
Hot.Fuzz.2007__#01-28-58_01-29-28_label_A__3.npy,A
Hot.Fuzz.2007__#01-28-58_01-29-28_label_A__4.npy,A
Hot.Fuzz.2007__#01-28-58_01-29-28_label_A__5.npy,A
Hot.Fuzz.2007__#01-28-58_01-29-28_label_A__6.npy,A
Hot.Fuzz.2007__#01-28-58_01-29-28_label_A__7.npy,A
Hot.Fuzz.2007__#01-28-58_01-29-28_label_A__8.npy,A
Hot.Fuzz.2007__#01-28-58_01-29-28_label_A__9.npy,A
The.Bourne.Legacy.2012__#0-16-57_0-18-43_label_A__0.npy,A
The.Bourne.Legacy.2012__#0-16-57_0-18-43_label_A__1.npy,A
The.Bourne.Legacy.2012__#0-16-57_0-18-43_label_A__2.npy,A
The.Bourne.Legacy.2012__#0-16-57_0-18-43_label_A__3.npy,A
The.Bourne.Legacy.2012__#0-16-57_0-18-43_label_A__4.npy,A
The.Bourne.Legacy.2012__#0-16-57_0-18-43_label_A__5.npy,A
The.Bourne.Legacy.2012__#0-16-57_0-18-43_label_A__6.npy,A
The.Bourne.Legacy.2012__#0-16-57_0-18-43_label_A__7.npy,A
The.Bourne.Legacy.2012__#0-16-57_0-18-43_label_A__8.npy,A
The.Bourne.Legacy.2012__#0-16-57_0-18-43_label_A__9.npy,A
v=NLWoODwVaPg__#1_label_A__0.npy,A
v=NLWoODwVaPg__#1_label_A__1.npy,A
v=NLWoODwVaPg__#1_label_A__2.npy,A
v=NLWoODwVaPg__#1_label_A__3.npy,A
v=NLWoODwVaPg__#1_label_A__4.npy,A
v=NLWoODwVaPg__#1_label_A__5.npy,A
v=NLWoODwVaPg__#1_label_A__6.npy,A
v=NLWoODwVaPg__#1_label_A__7.npy,A
v=NLWoODwVaPg__#1_label_A__8.npy,A
v=NLWoODwVaPg__#1_label_A__9.npy,A
v=AqFWYZsOgWY__#00-06-00_00-09-00_label_A__0.npy,A
v=AqFWYZsOgWY__#00-06-00_00-09-00_label_A__1.npy,A
v=AqFWYZsOgWY__#00-06-00_00-09-00_label_A__2.npy,A
v=AqFWYZsOgWY__#00-06-00_00-09-00_label_A__3.npy,A
v=AqFWYZsOgWY__#00-06-00_00-09-00_label_A__4.npy,A
v=AqFWYZsOgWY__#00-06-00_00-09-00_label_A__5.npy,A
v=AqFWYZsOgWY__#00-06-00_00-09-00_label_A__6.npy,A
v=AqFWYZsOgWY__#00-06-00_00-09-00_label_A__7.npy,A
v=AqFWYZsOgWY__#00-06-00_00-09-00_label_A__8.npy,A
v=AqFWYZsOgWY__#00-06-00_00-09-00_label_A__9.npy,A
v=gqscrsa8aRU__#1_label_A__0.npy,A
v=gqscrsa8aRU__#1_label_A__1.npy,A
v=gqscrsa8aRU__#1_label_A__2.npy,A
v=gqscrsa8aRU__#1_label_A__3.npy,A
v=gqscrsa8aRU__#1_label_A__4.npy,A
v=gqscrsa8aRU__#1_label_A__5.npy,A
v=gqscrsa8aRU__#1_label_A__6.npy,A
v=gqscrsa8aRU__#1_label_A__7.npy,A
v=gqscrsa8aRU__#1_label_A__8.npy,A
v=gqscrsa8aRU__#1_label_A__9.npy,A
v=vFPQ_NiDBIU__#01-30-00_01-36-00_label_A__0.npy,A
v=vFPQ_NiDBIU__#01-30-00_01-36-00_label_A__1.npy,A
v=vFPQ_NiDBIU__#01-30-00_01-36-00_label_A__2.npy,A
v=vFPQ_NiDBIU__#01-30-00_01-36-00_label_A__3.npy,A
v=vFPQ_NiDBIU__#01-30-00_01-36-00_label_A__4.npy,A
v=vFPQ_NiDBIU__#01-30-00_01-36-00_label_A__5.npy,A
v=vFPQ_NiDBIU__#01-30-00_01-36-00_label_A__6.npy,A
v=vFPQ_NiDBIU__#01-30-00_01-36-00_label_A__7.npy,A
v=vFPQ_NiDBIU__#01-30-00_01-36-00_label_A__8.npy,A
v=vFPQ_NiDBIU__#01-30-00_01-36-00_label_A__9.npy,A
Fast.Furious.2009__#00-15-05_00-19-56_label_A__0.npy,A
Fast.Furious.2009__#00-15-05_00-19-56_label_A__1.npy,A
Fast.Furious.2009__#00-15-05_00-19-56_label_A__2.npy,A
Fast.Furious.2009__#00-15-05_00-19-56_label_A__3.npy,A
Fast.Furious.2009__#00-15-05_00-19-56_label_A__4.npy,A
Fast.Furious.2009__#00-15-05_00-19-56_label_A__5.npy,A
Fast.Furious.2009__#00-15-05_00-19-56_label_A__6.npy,A
Fast.Furious.2009__#00-15-05_00-19-56_label_A__7.npy,A
Fast.Furious.2009__#00-15-05_00-19-56_label_A__8.npy,A
Fast.Furious.2009__#00-15-05_00-19-56_label_A__9.npy,A
Bad.Boys.II.2003__#00-56-45_00-58-40_label_A__0.npy,A
Bad.Boys.II.2003__#00-56-45_00-58-40_label_A__1.npy,A
Bad.Boys.II.2003__#00-56-45_00-58-40_label_A__2.npy,A
Bad.Boys.II.2003__#00-56-45_00-58-40_label_A__3.npy,A
Bad.Boys.II.2003__#00-56-45_00-58-40_label_A__4.npy,A
Bad.Boys.II.2003__#00-56-45_00-58-40_label_A__5.npy,A
Bad.Boys.II.2003__#00-56-45_00-58-40_label_A__6.npy,A
Bad.Boys.II.2003__#00-56-45_00-58-40_label_A__7.npy,A
Bad.Boys.II.2003__#00-56-45_00-58-40_label_A__8.npy,A
Bad.Boys.II.2003__#00-56-45_00-58-40_label_A__9.npy,A
Be.with.You.2018__#01-58-20_02-01-10_label_A__0.npy,A
Be.with.You.2018__#01-58-20_02-01-10_label_A__1.npy,A
Be.with.You.2018__#01-58-20_02-01-10_label_A__2.npy,A
Be.with.You.2018__#01-58-20_02-01-10_label_A__3.npy,A
Be.with.You.2018__#01-58-20_02-01-10_label_A__4.npy,A
Be.with.You.2018__#01-58-20_02-01-10_label_A__5.npy,A
Be.with.You.2018__#01-58-20_02-01-10_label_A__6.npy,A
Be.with.You.2018__#01-58-20_02-01-10_label_A__7.npy,A
Be.with.You.2018__#01-58-20_02-01-10_label_A__8.npy,A
Be.with.You.2018__#01-58-20_02-01-10_label_A__9.npy,A
v=w_u02Ph059w__#1_label_A__0.npy,A
v=w_u02Ph059w__#1_label_A__1.npy,A
v=w_u02Ph059w__#1_label_A__2.npy,A
v=w_u02Ph059w__#1_label_A__3.npy,A
v=w_u02Ph059w__#1_label_A__4.npy,A
v=w_u02Ph059w__#1_label_A__5.npy,A
v=w_u02Ph059w__#1_label_A__6.npy,A
v=w_u02Ph059w__#1_label_A__7.npy,A
v=w_u02Ph059w__#1_label_A__8.npy,A
v=w_u02Ph059w__#1_label_A__9.npy,A
v=IsAw7y1TM3U__#1_label_A__0.npy,A
v=IsAw7y1TM3U__#1_label_A__1.npy,A
v=IsAw7y1TM3U__#1_label_A__2.npy,A
v=IsAw7y1TM3U__#1_label_A__3.npy,A
v=IsAw7y1TM3U__#1_label_A__4.npy,A
v=IsAw7y1TM3U__#1_label_A__5.npy,A
v=IsAw7y1TM3U__#1_label_A__6.npy,A
v=IsAw7y1TM3U__#1_label_A__7.npy,A
v=IsAw7y1TM3U__#1_label_A__8.npy,A
v=IsAw7y1TM3U__#1_label_A__9.npy,A
Jason.Bourne.2016__#01-16-40_01-18-50_label_A__0.npy,A
Jason.Bourne.2016__#01-16-40_01-18-50_label_A__1.npy,A
Jason.Bourne.2016__#01-16-40_01-18-50_label_A__2.npy,A
Jason.Bourne.2016__#01-16-40_01-18-50_label_A__3.npy,A
Jason.Bourne.2016__#01-16-40_01-18-50_label_A__4.npy,A
Jason.Bourne.2016__#01-16-40_01-18-50_label_A__5.npy,A
Jason.Bourne.2016__#01-16-40_01-18-50_label_A__6.npy,A
Jason.Bourne.2016__#01-16-40_01-18-50_label_A__7.npy,A
Jason.Bourne.2016__#01-16-40_01-18-50_label_A__8.npy,A
Jason.Bourne.2016__#01-16-40_01-18-50_label_A__9.npy,A
The.Fast.and.the.Furious.2001__#00-06-05_00-07-15_label_A__0.npy,A
The.Fast.and.the.Furious.2001__#00-06-05_00-07-15_label_A__1.npy,A
The.Fast.and.the.Furious.2001__#00-06-05_00-07-15_label_A__2.npy,A
The.Fast.and.the.Furious.2001__#00-06-05_00-07-15_label_A__3.npy,A
The.Fast.and.the.Furious.2001__#00-06-05_00-07-15_label_A__4.npy,A
The.Fast.and.the.Furious.2001__#00-06-05_00-07-15_label_A__5.npy,A
The.Fast.and.the.Furious.2001__#00-06-05_00-07-15_label_A__6.npy,A
The.Fast.and.the.Furious.2001__#00-06-05_00-07-15_label_A__7.npy,A
The.Fast.and.the.Furious.2001__#00-06-05_00-07-15_label_A__8.npy,A
The.Fast.and.the.Furious.2001__#00-06-05_00-07-15_label_A__9.npy,A
v=6pNGAwElTF4__#1_label_A__0.npy,A
v=6pNGAwElTF4__#1_label_A__1.npy,A
v=6pNGAwElTF4__#1_label_A__2.npy,A
v=6pNGAwElTF4__#1_label_A__3.npy,A
v=6pNGAwElTF4__#1_label_A__4.npy,A
v=6pNGAwElTF4__#1_label_A__5.npy,A
v=6pNGAwElTF4__#1_label_A__6.npy,A
v=6pNGAwElTF4__#1_label_A__7.npy,A
v=6pNGAwElTF4__#1_label_A__8.npy,A
v=6pNGAwElTF4__#1_label_A__9.npy,A
v=JzrpCC7XmyE__#00-42-00_00-48-00_label_A__0.npy,A
v=JzrpCC7XmyE__#00-42-00_00-48-00_label_A__1.npy,A
v=JzrpCC7XmyE__#00-42-00_00-48-00_label_A__2.npy,A
v=JzrpCC7XmyE__#00-42-00_00-48-00_label_A__3.npy,A
v=JzrpCC7XmyE__#00-42-00_00-48-00_label_A__4.npy,A
v=JzrpCC7XmyE__#00-42-00_00-48-00_label_A__5.npy,A
v=JzrpCC7XmyE__#00-42-00_00-48-00_label_A__6.npy,A
v=JzrpCC7XmyE__#00-42-00_00-48-00_label_A__7.npy,A
v=JzrpCC7XmyE__#00-42-00_00-48-00_label_A__8.npy,A
v=JzrpCC7XmyE__#00-42-00_00-48-00_label_A__9.npy,A
A.Beautiful.Mind.2001__#00-57-20_00-58-17_label_A__0.npy,A
A.Beautiful.Mind.2001__#00-57-20_00-58-17_label_A__1.npy,A
A.Beautiful.Mind.2001__#00-57-20_00-58-17_label_A__2.npy,A
A.Beautiful.Mind.2001__#00-57-20_00-58-17_label_A__3.npy,A
A.Beautiful.Mind.2001__#00-57-20_00-58-17_label_A__4.npy,A
A.Beautiful.Mind.2001__#00-57-20_00-58-17_label_A__5.npy,A
A.Beautiful.Mind.2001__#00-57-20_00-58-17_label_A__6.npy,A
A.Beautiful.Mind.2001__#00-57-20_00-58-17_label_A__7.npy,A
A.Beautiful.Mind.2001__#00-57-20_00-58-17_label_A__8.npy,A
A.Beautiful.Mind.2001__#00-57-20_00-58-17_label_A__9.npy,A
The.Pursuit.of.Happyness.2006__#01-31-45_01-34-11_label_A__0.npy,A
The.Pursuit.of.Happyness.2006__#01-31-45_01-34-11_label_A__1.npy,A
The.Pursuit.of.Happyness.2006__#01-31-45_01-34-11_label_A__2.npy,A
The.Pursuit.of.Happyness.2006__#01-31-45_01-34-11_label_A__3.npy,A
The.Pursuit.of.Happyness.2006__#01-31-45_01-34-11_label_A__4.npy,A
The.Pursuit.of.Happyness.2006__#01-31-45_01-34-11_label_A__5.npy,A
The.Pursuit.of.Happyness.2006__#01-31-45_01-34-11_label_A__6.npy,A
The.Pursuit.of.Happyness.2006__#01-31-45_01-34-11_label_A__7.npy,A
The.Pursuit.of.Happyness.2006__#01-31-45_01-34-11_label_A__8.npy,A
The.Pursuit.of.Happyness.2006__#01-31-45_01-34-11_label_A__9.npy,A
v=UMLtkp4AFkc__#1_label_A__0.npy,A
v=UMLtkp4AFkc__#1_label_A__1.npy,A
v=UMLtkp4AFkc__#1_label_A__2.npy,A
v=UMLtkp4AFkc__#1_label_A__3.npy,A
v=UMLtkp4AFkc__#1_label_A__4.npy,A
v=UMLtkp4AFkc__#1_label_A__5.npy,A
v=UMLtkp4AFkc__#1_label_A__6.npy,A
v=UMLtkp4AFkc__#1_label_A__7.npy,A
v=UMLtkp4AFkc__#1_label_A__8.npy,A
v=UMLtkp4AFkc__#1_label_A__9.npy,A
Mission.Impossible.II.2000__#01-27-10_01-27-50_label_A__0.npy,A
Mission.Impossible.II.2000__#01-27-10_01-27-50_label_A__1.npy,A
Mission.Impossible.II.2000__#01-27-10_01-27-50_label_A__2.npy,A
Mission.Impossible.II.2000__#01-27-10_01-27-50_label_A__3.npy,A
Mission.Impossible.II.2000__#01-27-10_01-27-50_label_A__4.npy,A
Mission.Impossible.II.2000__#01-27-10_01-27-50_label_A__5.npy,A
Mission.Impossible.II.2000__#01-27-10_01-27-50_label_A__6.npy,A
Mission.Impossible.II.2000__#01-27-10_01-27-50_label_A__7.npy,A
Mission.Impossible.II.2000__#01-27-10_01-27-50_label_A__8.npy,A
Mission.Impossible.II.2000__#01-27-10_01-27-50_label_A__9.npy,A
Good.Will.Hunting.1997__#00-31-05_00-32-05_label_A__0.npy,A
Good.Will.Hunting.1997__#00-31-05_00-32-05_label_A__1.npy,A
Good.Will.Hunting.1997__#00-31-05_00-32-05_label_A__2.npy,A
Good.Will.Hunting.1997__#00-31-05_00-32-05_label_A__3.npy,A
Good.Will.Hunting.1997__#00-31-05_00-32-05_label_A__4.npy,A
Good.Will.Hunting.1997__#00-31-05_00-32-05_label_A__5.npy,A
Good.Will.Hunting.1997__#00-31-05_00-32-05_label_A__6.npy,A
Good.Will.Hunting.1997__#00-31-05_00-32-05_label_A__7.npy,A
Good.Will.Hunting.1997__#00-31-05_00-32-05_label_A__8.npy,A
Good.Will.Hunting.1997__#00-31-05_00-32-05_label_A__9.npy,A
Haywire.2011__#01-16-30_01-18-01_label_A__0.npy,A
Haywire.2011__#01-16-30_01-18-01_label_A__1.npy,A
Haywire.2011__#01-16-30_01-18-01_label_A__2.npy,A
Haywire.2011__#01-16-30_01-18-01_label_A__3.npy,A
Haywire.2011__#01-16-30_01-18-01_label_A__4.npy,A
Haywire.2011__#01-16-30_01-18-01_label_A__5.npy,A
Haywire.2011__#01-16-30_01-18-01_label_A__6.npy,A
Haywire.2011__#01-16-30_01-18-01_label_A__7.npy,A
Haywire.2011__#01-16-30_01-18-01_label_A__8.npy,A
Haywire.2011__#01-16-30_01-18-01_label_A__9.npy,A
v=xQHgnSWizWE__#00-00-00_00-03-00_label_A__0.npy,A
v=xQHgnSWizWE__#00-00-00_00-03-00_label_A__1.npy,A
v=xQHgnSWizWE__#00-00-00_00-03-00_label_A__2.npy,A
v=xQHgnSWizWE__#00-00-00_00-03-00_label_A__3.npy,A
v=xQHgnSWizWE__#00-00-00_00-03-00_label_A__4.npy,A
v=xQHgnSWizWE__#00-00-00_00-03-00_label_A__5.npy,A
v=xQHgnSWizWE__#00-00-00_00-03-00_label_A__6.npy,A
v=xQHgnSWizWE__#00-00-00_00-03-00_label_A__7.npy,A
v=xQHgnSWizWE__#00-00-00_00-03-00_label_A__8.npy,A
v=xQHgnSWizWE__#00-00-00_00-03-00_label_A__9.npy,A
v=qegvGtGmOg8__#1_label_A__0.npy,A
v=qegvGtGmOg8__#1_label_A__1.npy,A
v=qegvGtGmOg8__#1_label_A__2.npy,A
v=qegvGtGmOg8__#1_label_A__3.npy,A
v=qegvGtGmOg8__#1_label_A__4.npy,A
v=qegvGtGmOg8__#1_label_A__5.npy,A
v=qegvGtGmOg8__#1_label_A__6.npy,A
v=qegvGtGmOg8__#1_label_A__7.npy,A
v=qegvGtGmOg8__#1_label_A__8.npy,A
v=qegvGtGmOg8__#1_label_A__9.npy,A
v=C_QhqqlF8N8__#1_label_A__0.npy,A
v=C_QhqqlF8N8__#1_label_A__1.npy,A
v=C_QhqqlF8N8__#1_label_A__2.npy,A
v=C_QhqqlF8N8__#1_label_A__3.npy,A
v=C_QhqqlF8N8__#1_label_A__4.npy,A
v=C_QhqqlF8N8__#1_label_A__5.npy,A
v=C_QhqqlF8N8__#1_label_A__6.npy,A
v=C_QhqqlF8N8__#1_label_A__7.npy,A
v=C_QhqqlF8N8__#1_label_A__8.npy,A
v=C_QhqqlF8N8__#1_label_A__9.npy,A
The.Pursuit.of.Happyness.2006__#00-16-18_00-17-27_label_A__0.npy,A
The.Pursuit.of.Happyness.2006__#00-16-18_00-17-27_label_A__1.npy,A
The.Pursuit.of.Happyness.2006__#00-16-18_00-17-27_label_A__2.npy,A
The.Pursuit.of.Happyness.2006__#00-16-18_00-17-27_label_A__3.npy,A
The.Pursuit.of.Happyness.2006__#00-16-18_00-17-27_label_A__4.npy,A
The.Pursuit.of.Happyness.2006__#00-16-18_00-17-27_label_A__5.npy,A
The.Pursuit.of.Happyness.2006__#00-16-18_00-17-27_label_A__6.npy,A
The.Pursuit.of.Happyness.2006__#00-16-18_00-17-27_label_A__7.npy,A
The.Pursuit.of.Happyness.2006__#00-16-18_00-17-27_label_A__8.npy,A
The.Pursuit.of.Happyness.2006__#00-16-18_00-17-27_label_A__9.npy,A
v=wLmMdYhvBg0__#1_label_A__0.npy,A
v=wLmMdYhvBg0__#1_label_A__1.npy,A
v=wLmMdYhvBg0__#1_label_A__2.npy,A
v=wLmMdYhvBg0__#1_label_A__3.npy,A
v=wLmMdYhvBg0__#1_label_A__4.npy,A
v=wLmMdYhvBg0__#1_label_A__5.npy,A
v=wLmMdYhvBg0__#1_label_A__6.npy,A
v=wLmMdYhvBg0__#1_label_A__7.npy,A
v=wLmMdYhvBg0__#1_label_A__8.npy,A
v=wLmMdYhvBg0__#1_label_A__9.npy,A
v=HS61Ej-uuEk__#1_label_A__0.npy,A
v=HS61Ej-uuEk__#1_label_A__1.npy,A
v=HS61Ej-uuEk__#1_label_A__2.npy,A
v=HS61Ej-uuEk__#1_label_A__3.npy,A
v=HS61Ej-uuEk__#1_label_A__4.npy,A
v=HS61Ej-uuEk__#1_label_A__5.npy,A
v=HS61Ej-uuEk__#1_label_A__6.npy,A
v=HS61Ej-uuEk__#1_label_A__7.npy,A
v=HS61Ej-uuEk__#1_label_A__8.npy,A
v=HS61Ej-uuEk__#1_label_A__9.npy,A
Skyfall.2012__#01-20-55_01-22-51_label_A__0.npy,A
Skyfall.2012__#01-20-55_01-22-51_label_A__1.npy,A
Skyfall.2012__#01-20-55_01-22-51_label_A__2.npy,A
Skyfall.2012__#01-20-55_01-22-51_label_A__3.npy,A
Skyfall.2012__#01-20-55_01-22-51_label_A__4.npy,A
Skyfall.2012__#01-20-55_01-22-51_label_A__5.npy,A
Skyfall.2012__#01-20-55_01-22-51_label_A__6.npy,A
Skyfall.2012__#01-20-55_01-22-51_label_A__7.npy,A
Skyfall.2012__#01-20-55_01-22-51_label_A__8.npy,A
Skyfall.2012__#01-20-55_01-22-51_label_A__9.npy,A
v=e58QSA0BOws__#1_label_A__0.npy,A
v=e58QSA0BOws__#1_label_A__1.npy,A
v=e58QSA0BOws__#1_label_A__2.npy,A
v=e58QSA0BOws__#1_label_A__3.npy,A
v=e58QSA0BOws__#1_label_A__4.npy,A
v=e58QSA0BOws__#1_label_A__5.npy,A
v=e58QSA0BOws__#1_label_A__6.npy,A
v=e58QSA0BOws__#1_label_A__7.npy,A
v=e58QSA0BOws__#1_label_A__8.npy,A
v=e58QSA0BOws__#1_label_A__9.npy,A
Flipped.2010__#00-37-40_00-40-31_label_A__0.npy,A
Flipped.2010__#00-37-40_00-40-31_label_A__1.npy,A
Flipped.2010__#00-37-40_00-40-31_label_A__2.npy,A
Flipped.2010__#00-37-40_00-40-31_label_A__3.npy,A
Flipped.2010__#00-37-40_00-40-31_label_A__4.npy,A
Flipped.2010__#00-37-40_00-40-31_label_A__5.npy,A
Flipped.2010__#00-37-40_00-40-31_label_A__6.npy,A
Flipped.2010__#00-37-40_00-40-31_label_A__7.npy,A
Flipped.2010__#00-37-40_00-40-31_label_A__8.npy,A
Flipped.2010__#00-37-40_00-40-31_label_A__9.npy,A
v=l0vVDS_wQwA__#1_label_A__0.npy,A
v=l0vVDS_wQwA__#1_label_A__1.npy,A
v=l0vVDS_wQwA__#1_label_A__2.npy,A
v=l0vVDS_wQwA__#1_label_A__3.npy,A
v=l0vVDS_wQwA__#1_label_A__4.npy,A
v=l0vVDS_wQwA__#1_label_A__5.npy,A
v=l0vVDS_wQwA__#1_label_A__6.npy,A
v=l0vVDS_wQwA__#1_label_A__7.npy,A
v=l0vVDS_wQwA__#1_label_A__8.npy,A
v=l0vVDS_wQwA__#1_label_A__9.npy,A
Deadpool.2016__#01-47-00_01-47-28_label_A__0.npy,A
Deadpool.2016__#01-47-00_01-47-28_label_A__1.npy,A
Deadpool.2016__#01-47-00_01-47-28_label_A__2.npy,A
Deadpool.2016__#01-47-00_01-47-28_label_A__3.npy,A
Deadpool.2016__#01-47-00_01-47-28_label_A__4.npy,A
Deadpool.2016__#01-47-00_01-47-28_label_A__5.npy,A
Deadpool.2016__#01-47-00_01-47-28_label_A__6.npy,A
Deadpool.2016__#01-47-00_01-47-28_label_A__7.npy,A
Deadpool.2016__#01-47-00_01-47-28_label_A__8.npy,A
Deadpool.2016__#01-47-00_01-47-28_label_A__9.npy,A
Tropa.de.Elite.2007__#00-30-43_00-34-31_label_A__0.npy,A
Tropa.de.Elite.2007__#00-30-43_00-34-31_label_A__1.npy,A
Tropa.de.Elite.2007__#00-30-43_00-34-31_label_A__2.npy,A
Tropa.de.Elite.2007__#00-30-43_00-34-31_label_A__3.npy,A
Tropa.de.Elite.2007__#00-30-43_00-34-31_label_A__4.npy,A
Tropa.de.Elite.2007__#00-30-43_00-34-31_label_A__5.npy,A
Tropa.de.Elite.2007__#00-30-43_00-34-31_label_A__6.npy,A
Tropa.de.Elite.2007__#00-30-43_00-34-31_label_A__7.npy,A
Tropa.de.Elite.2007__#00-30-43_00-34-31_label_A__8.npy,A
Tropa.de.Elite.2007__#00-30-43_00-34-31_label_A__9.npy,A
Spectre.2015__#01-29-49_01-30-48_label_A__0.npy,A
Spectre.2015__#01-29-49_01-30-48_label_A__1.npy,A
Spectre.2015__#01-29-49_01-30-48_label_A__2.npy,A
Spectre.2015__#01-29-49_01-30-48_label_A__3.npy,A
Spectre.2015__#01-29-49_01-30-48_label_A__4.npy,A
Spectre.2015__#01-29-49_01-30-48_label_A__5.npy,A
Spectre.2015__#01-29-49_01-30-48_label_A__6.npy,A
Spectre.2015__#01-29-49_01-30-48_label_A__7.npy,A
Spectre.2015__#01-29-49_01-30-48_label_A__8.npy,A
Spectre.2015__#01-29-49_01-30-48_label_A__9.npy,A
One.Day.2011__#00-45-40_00-47-30_label_A__0.npy,A
One.Day.2011__#00-45-40_00-47-30_label_A__1.npy,A
One.Day.2011__#00-45-40_00-47-30_label_A__2.npy,A
One.Day.2011__#00-45-40_00-47-30_label_A__3.npy,A
One.Day.2011__#00-45-40_00-47-30_label_A__4.npy,A
One.Day.2011__#00-45-40_00-47-30_label_A__5.npy,A
One.Day.2011__#00-45-40_00-47-30_label_A__6.npy,A
One.Day.2011__#00-45-40_00-47-30_label_A__7.npy,A
One.Day.2011__#00-45-40_00-47-30_label_A__8.npy,A
One.Day.2011__#00-45-40_00-47-30_label_A__9.npy,A
Hot.Fuzz.2007__#00-14-20_00-15-05_label_A__0.npy,A
Hot.Fuzz.2007__#00-14-20_00-15-05_label_A__1.npy,A
Hot.Fuzz.2007__#00-14-20_00-15-05_label_A__2.npy,A
Hot.Fuzz.2007__#00-14-20_00-15-05_label_A__3.npy,A
Hot.Fuzz.2007__#00-14-20_00-15-05_label_A__4.npy,A
Hot.Fuzz.2007__#00-14-20_00-15-05_label_A__5.npy,A
Hot.Fuzz.2007__#00-14-20_00-15-05_label_A__6.npy,A
Hot.Fuzz.2007__#00-14-20_00-15-05_label_A__7.npy,A
Hot.Fuzz.2007__#00-14-20_00-15-05_label_A__8.npy,A
Hot.Fuzz.2007__#00-14-20_00-15-05_label_A__9.npy,A
v=CQIDRAlMjeE__#1_label_A__0.npy,A
v=CQIDRAlMjeE__#1_label_A__1.npy,A
v=CQIDRAlMjeE__#1_label_A__2.npy,A
v=CQIDRAlMjeE__#1_label_A__3.npy,A
v=CQIDRAlMjeE__#1_label_A__4.npy,A
v=CQIDRAlMjeE__#1_label_A__5.npy,A
v=CQIDRAlMjeE__#1_label_A__6.npy,A
v=CQIDRAlMjeE__#1_label_A__7.npy,A
v=CQIDRAlMjeE__#1_label_A__8.npy,A
v=CQIDRAlMjeE__#1_label_A__9.npy,A
Shoplifters.2018__#01-47-40_01-49-53_label_A__0.npy,A
Shoplifters.2018__#01-47-40_01-49-53_label_A__1.npy,A
Shoplifters.2018__#01-47-40_01-49-53_label_A__2.npy,A
Shoplifters.2018__#01-47-40_01-49-53_label_A__3.npy,A
Shoplifters.2018__#01-47-40_01-49-53_label_A__4.npy,A
Shoplifters.2018__#01-47-40_01-49-53_label_A__5.npy,A
Shoplifters.2018__#01-47-40_01-49-53_label_A__6.npy,A
Shoplifters.2018__#01-47-40_01-49-53_label_A__7.npy,A
Shoplifters.2018__#01-47-40_01-49-53_label_A__8.npy,A
Shoplifters.2018__#01-47-40_01-49-53_label_A__9.npy,A
v=jAvOGTD7_pU__#00-18-00_00-21-40_label_A__0.npy,A
v=jAvOGTD7_pU__#00-18-00_00-21-40_label_A__1.npy,A
v=jAvOGTD7_pU__#00-18-00_00-21-40_label_A__2.npy,A
v=jAvOGTD7_pU__#00-18-00_00-21-40_label_A__3.npy,A
v=jAvOGTD7_pU__#00-18-00_00-21-40_label_A__4.npy,A
v=jAvOGTD7_pU__#00-18-00_00-21-40_label_A__5.npy,A
v=jAvOGTD7_pU__#00-18-00_00-21-40_label_A__6.npy,A
v=jAvOGTD7_pU__#00-18-00_00-21-40_label_A__7.npy,A
v=jAvOGTD7_pU__#00-18-00_00-21-40_label_A__8.npy,A
v=jAvOGTD7_pU__#00-18-00_00-21-40_label_A__9.npy,A
Before.Sunset.2004__#00-58-18_01-02-30_label_A__0.npy,A
Before.Sunset.2004__#00-58-18_01-02-30_label_A__1.npy,A
Before.Sunset.2004__#00-58-18_01-02-30_label_A__2.npy,A
Before.Sunset.2004__#00-58-18_01-02-30_label_A__3.npy,A
Before.Sunset.2004__#00-58-18_01-02-30_label_A__4.npy,A
Before.Sunset.2004__#00-58-18_01-02-30_label_A__5.npy,A
Before.Sunset.2004__#00-58-18_01-02-30_label_A__6.npy,A
Before.Sunset.2004__#00-58-18_01-02-30_label_A__7.npy,A
Before.Sunset.2004__#00-58-18_01-02-30_label_A__8.npy,A
Before.Sunset.2004__#00-58-18_01-02-30_label_A__9.npy,A
Spectre.2015__#02-04-25_02-05-13_label_A__0.npy,A
Spectre.2015__#02-04-25_02-05-13_label_A__1.npy,A
Spectre.2015__#02-04-25_02-05-13_label_A__2.npy,A
Spectre.2015__#02-04-25_02-05-13_label_A__3.npy,A
Spectre.2015__#02-04-25_02-05-13_label_A__4.npy,A
Spectre.2015__#02-04-25_02-05-13_label_A__5.npy,A
Spectre.2015__#02-04-25_02-05-13_label_A__6.npy,A
Spectre.2015__#02-04-25_02-05-13_label_A__7.npy,A
Spectre.2015__#02-04-25_02-05-13_label_A__8.npy,A
Spectre.2015__#02-04-25_02-05-13_label_A__9.npy,A
v=H2O6eX33uHQ__#1_label_A__0.npy,A
v=H2O6eX33uHQ__#1_label_A__1.npy,A
v=H2O6eX33uHQ__#1_label_A__2.npy,A
v=H2O6eX33uHQ__#1_label_A__3.npy,A
v=H2O6eX33uHQ__#1_label_A__4.npy,A
v=H2O6eX33uHQ__#1_label_A__5.npy,A
v=H2O6eX33uHQ__#1_label_A__6.npy,A
v=H2O6eX33uHQ__#1_label_A__7.npy,A
v=H2O6eX33uHQ__#1_label_A__8.npy,A
v=H2O6eX33uHQ__#1_label_A__9.npy,A
v=AcHHE9bvLgY__#1_label_A__0.npy,A
v=AcHHE9bvLgY__#1_label_A__1.npy,A
v=AcHHE9bvLgY__#1_label_A__2.npy,A
v=AcHHE9bvLgY__#1_label_A__3.npy,A
v=AcHHE9bvLgY__#1_label_A__4.npy,A
v=AcHHE9bvLgY__#1_label_A__5.npy,A
v=AcHHE9bvLgY__#1_label_A__6.npy,A
v=AcHHE9bvLgY__#1_label_A__7.npy,A
v=AcHHE9bvLgY__#1_label_A__8.npy,A
v=AcHHE9bvLgY__#1_label_A__9.npy,A
The.Notebook.2004__#01-26-10_01-28-00_label_A__0.npy,A
The.Notebook.2004__#01-26-10_01-28-00_label_A__1.npy,A
The.Notebook.2004__#01-26-10_01-28-00_label_A__2.npy,A
The.Notebook.2004__#01-26-10_01-28-00_label_A__3.npy,A
The.Notebook.2004__#01-26-10_01-28-00_label_A__4.npy,A
The.Notebook.2004__#01-26-10_01-28-00_label_A__5.npy,A
The.Notebook.2004__#01-26-10_01-28-00_label_A__6.npy,A
The.Notebook.2004__#01-26-10_01-28-00_label_A__7.npy,A
The.Notebook.2004__#01-26-10_01-28-00_label_A__8.npy,A
The.Notebook.2004__#01-26-10_01-28-00_label_A__9.npy,A
Your.Name.2016__#00-11-00_00-15-08_label_A__0.npy,A
Your.Name.2016__#00-11-00_00-15-08_label_A__1.npy,A
Your.Name.2016__#00-11-00_00-15-08_label_A__2.npy,A
Your.Name.2016__#00-11-00_00-15-08_label_A__3.npy,A
Your.Name.2016__#00-11-00_00-15-08_label_A__4.npy,A
Your.Name.2016__#00-11-00_00-15-08_label_A__5.npy,A
Your.Name.2016__#00-11-00_00-15-08_label_A__6.npy,A
Your.Name.2016__#00-11-00_00-15-08_label_A__7.npy,A
Your.Name.2016__#00-11-00_00-15-08_label_A__8.npy,A
Your.Name.2016__#00-11-00_00-15-08_label_A__9.npy,A
v=p2ggHwtb-Zg__#00-12-00_00-15-00_label_A__0.npy,A
v=p2ggHwtb-Zg__#00-12-00_00-15-00_label_A__1.npy,A
v=p2ggHwtb-Zg__#00-12-00_00-15-00_label_A__2.npy,A
v=p2ggHwtb-Zg__#00-12-00_00-15-00_label_A__3.npy,A
v=p2ggHwtb-Zg__#00-12-00_00-15-00_label_A__4.npy,A
v=p2ggHwtb-Zg__#00-12-00_00-15-00_label_A__5.npy,A
v=p2ggHwtb-Zg__#00-12-00_00-15-00_label_A__6.npy,A
v=p2ggHwtb-Zg__#00-12-00_00-15-00_label_A__7.npy,A
v=p2ggHwtb-Zg__#00-12-00_00-15-00_label_A__8.npy,A
v=p2ggHwtb-Zg__#00-12-00_00-15-00_label_A__9.npy,A
God.Bless.America.2011__#00-06-59_00-12-23_label_A__0.npy,A
God.Bless.America.2011__#00-06-59_00-12-23_label_A__1.npy,A
God.Bless.America.2011__#00-06-59_00-12-23_label_A__2.npy,A
God.Bless.America.2011__#00-06-59_00-12-23_label_A__3.npy,A
God.Bless.America.2011__#00-06-59_00-12-23_label_A__4.npy,A
God.Bless.America.2011__#00-06-59_00-12-23_label_A__5.npy,A
God.Bless.America.2011__#00-06-59_00-12-23_label_A__6.npy,A
God.Bless.America.2011__#00-06-59_00-12-23_label_A__7.npy,A
God.Bless.America.2011__#00-06-59_00-12-23_label_A__8.npy,A
God.Bless.America.2011__#00-06-59_00-12-23_label_A__9.npy,A
Haywire.2011__#00-43-46_00-45-00_label_A__0.npy,A
Haywire.2011__#00-43-46_00-45-00_label_A__1.npy,A
Haywire.2011__#00-43-46_00-45-00_label_A__2.npy,A
Haywire.2011__#00-43-46_00-45-00_label_A__3.npy,A
Haywire.2011__#00-43-46_00-45-00_label_A__4.npy,A
Haywire.2011__#00-43-46_00-45-00_label_A__5.npy,A
Haywire.2011__#00-43-46_00-45-00_label_A__6.npy,A
Haywire.2011__#00-43-46_00-45-00_label_A__7.npy,A
Haywire.2011__#00-43-46_00-45-00_label_A__8.npy,A
Haywire.2011__#00-43-46_00-45-00_label_A__9.npy,A
Still.Walking.2008__#00-40-52_00-42-31_label_A__0.npy,A
Still.Walking.2008__#00-40-52_00-42-31_label_A__1.npy,A
Still.Walking.2008__#00-40-52_00-42-31_label_A__2.npy,A
Still.Walking.2008__#00-40-52_00-42-31_label_A__3.npy,A
Still.Walking.2008__#00-40-52_00-42-31_label_A__4.npy,A
Still.Walking.2008__#00-40-52_00-42-31_label_A__5.npy,A
Still.Walking.2008__#00-40-52_00-42-31_label_A__6.npy,A
Still.Walking.2008__#00-40-52_00-42-31_label_A__7.npy,A
Still.Walking.2008__#00-40-52_00-42-31_label_A__8.npy,A
Still.Walking.2008__#00-40-52_00-42-31_label_A__9.npy,A
v=QGUyrMeujCQ__#1_label_A__0.npy,A
v=QGUyrMeujCQ__#1_label_A__1.npy,A
v=QGUyrMeujCQ__#1_label_A__2.npy,A
v=QGUyrMeujCQ__#1_label_A__3.npy,A
v=QGUyrMeujCQ__#1_label_A__4.npy,A
v=QGUyrMeujCQ__#1_label_A__5.npy,A
v=QGUyrMeujCQ__#1_label_A__6.npy,A
v=QGUyrMeujCQ__#1_label_A__7.npy,A
v=QGUyrMeujCQ__#1_label_A__8.npy,A
v=QGUyrMeujCQ__#1_label_A__9.npy,A
v=QP8D3W77bW4__#1_label_A__0.npy,A
v=QP8D3W77bW4__#1_label_A__1.npy,A
v=QP8D3W77bW4__#1_label_A__2.npy,A
v=QP8D3W77bW4__#1_label_A__3.npy,A
v=QP8D3W77bW4__#1_label_A__4.npy,A
v=QP8D3W77bW4__#1_label_A__5.npy,A
v=QP8D3W77bW4__#1_label_A__6.npy,A
v=QP8D3W77bW4__#1_label_A__7.npy,A
v=QP8D3W77bW4__#1_label_A__8.npy,A
v=QP8D3W77bW4__#1_label_A__9.npy,A
City.of.God.2002__#00-55-06_00-56-12_label_A__0.npy,A
City.of.God.2002__#00-55-06_00-56-12_label_A__1.npy,A
City.of.God.2002__#00-55-06_00-56-12_label_A__2.npy,A
City.of.God.2002__#00-55-06_00-56-12_label_A__3.npy,A
City.of.God.2002__#00-55-06_00-56-12_label_A__4.npy,A
City.of.God.2002__#00-55-06_00-56-12_label_A__5.npy,A
City.of.God.2002__#00-55-06_00-56-12_label_A__6.npy,A
City.of.God.2002__#00-55-06_00-56-12_label_A__7.npy,A
City.of.God.2002__#00-55-06_00-56-12_label_A__8.npy,A
City.of.God.2002__#00-55-06_00-56-12_label_A__9.npy,A
v=jr-Z9io05JM__#1_label_A__0.npy,A
v=jr-Z9io05JM__#1_label_A__1.npy,A
v=jr-Z9io05JM__#1_label_A__2.npy,A
v=jr-Z9io05JM__#1_label_A__3.npy,A
v=jr-Z9io05JM__#1_label_A__4.npy,A
v=jr-Z9io05JM__#1_label_A__5.npy,A
v=jr-Z9io05JM__#1_label_A__6.npy,A
v=jr-Z9io05JM__#1_label_A__7.npy,A
v=jr-Z9io05JM__#1_label_A__8.npy,A
v=jr-Z9io05JM__#1_label_A__9.npy,A
Death.Proof.2007__#00-09-12_00-13-12_label_A__0.npy,A
Death.Proof.2007__#00-09-12_00-13-12_label_A__1.npy,A
Death.Proof.2007__#00-09-12_00-13-12_label_A__2.npy,A
Death.Proof.2007__#00-09-12_00-13-12_label_A__3.npy,A
Death.Proof.2007__#00-09-12_00-13-12_label_A__4.npy,A
Death.Proof.2007__#00-09-12_00-13-12_label_A__5.npy,A
Death.Proof.2007__#00-09-12_00-13-12_label_A__6.npy,A
Death.Proof.2007__#00-09-12_00-13-12_label_A__7.npy,A
Death.Proof.2007__#00-09-12_00-13-12_label_A__8.npy,A
Death.Proof.2007__#00-09-12_00-13-12_label_A__9.npy,A
Salt.2010__#01-18-20_01-19-08_label_A__0.npy,A
Salt.2010__#01-18-20_01-19-08_label_A__1.npy,A
Salt.2010__#01-18-20_01-19-08_label_A__2.npy,A
Salt.2010__#01-18-20_01-19-08_label_A__3.npy,A
Salt.2010__#01-18-20_01-19-08_label_A__4.npy,A
Salt.2010__#01-18-20_01-19-08_label_A__5.npy,A
Salt.2010__#01-18-20_01-19-08_label_A__6.npy,A
Salt.2010__#01-18-20_01-19-08_label_A__7.npy,A
Salt.2010__#01-18-20_01-19-08_label_A__8.npy,A
Salt.2010__#01-18-20_01-19-08_label_A__9.npy,A
v=-n0GOS3UWL8__#1_label_A__0.npy,A
v=-n0GOS3UWL8__#1_label_A__1.npy,A
v=-n0GOS3UWL8__#1_label_A__2.npy,A
v=-n0GOS3UWL8__#1_label_A__3.npy,A
v=-n0GOS3UWL8__#1_label_A__4.npy,A
v=-n0GOS3UWL8__#1_label_A__5.npy,A
v=-n0GOS3UWL8__#1_label_A__6.npy,A
v=-n0GOS3UWL8__#1_label_A__7.npy,A
v=-n0GOS3UWL8__#1_label_A__8.npy,A
v=-n0GOS3UWL8__#1_label_A__9.npy,A
v=3E5NyhlB70Q__#1_label_A__0.npy,A
v=3E5NyhlB70Q__#1_label_A__1.npy,A
v=3E5NyhlB70Q__#1_label_A__2.npy,A
v=3E5NyhlB70Q__#1_label_A__3.npy,A
v=3E5NyhlB70Q__#1_label_A__4.npy,A
v=3E5NyhlB70Q__#1_label_A__5.npy,A
v=3E5NyhlB70Q__#1_label_A__6.npy,A
v=3E5NyhlB70Q__#1_label_A__7.npy,A
v=3E5NyhlB70Q__#1_label_A__8.npy,A
v=3E5NyhlB70Q__#1_label_A__9.npy,A
Love.Actually.2003__#00-01-45_00-04-15_label_A__0.npy,A
Love.Actually.2003__#00-01-45_00-04-15_label_A__1.npy,A
Love.Actually.2003__#00-01-45_00-04-15_label_A__2.npy,A
Love.Actually.2003__#00-01-45_00-04-15_label_A__3.npy,A
Love.Actually.2003__#00-01-45_00-04-15_label_A__4.npy,A
Love.Actually.2003__#00-01-45_00-04-15_label_A__5.npy,A
Love.Actually.2003__#00-01-45_00-04-15_label_A__6.npy,A
Love.Actually.2003__#00-01-45_00-04-15_label_A__7.npy,A
Love.Actually.2003__#00-01-45_00-04-15_label_A__8.npy,A
Love.Actually.2003__#00-01-45_00-04-15_label_A__9.npy,A
The.Pursuit.of.Happyness.2006__#01-17-00_01-19-40_label_A__0.npy,A
The.Pursuit.of.Happyness.2006__#01-17-00_01-19-40_label_A__1.npy,A
The.Pursuit.of.Happyness.2006__#01-17-00_01-19-40_label_A__2.npy,A
The.Pursuit.of.Happyness.2006__#01-17-00_01-19-40_label_A__3.npy,A
The.Pursuit.of.Happyness.2006__#01-17-00_01-19-40_label_A__4.npy,A
The.Pursuit.of.Happyness.2006__#01-17-00_01-19-40_label_A__5.npy,A
The.Pursuit.of.Happyness.2006__#01-17-00_01-19-40_label_A__6.npy,A
The.Pursuit.of.Happyness.2006__#01-17-00_01-19-40_label_A__7.npy,A
The.Pursuit.of.Happyness.2006__#01-17-00_01-19-40_label_A__8.npy,A
The.Pursuit.of.Happyness.2006__#01-17-00_01-19-40_label_A__9.npy,A
Love.Actually.2003__#00-30-50_00-32-31_label_A__0.npy,A
Love.Actually.2003__#00-30-50_00-32-31_label_A__1.npy,A
Love.Actually.2003__#00-30-50_00-32-31_label_A__2.npy,A
Love.Actually.2003__#00-30-50_00-32-31_label_A__3.npy,A
Love.Actually.2003__#00-30-50_00-32-31_label_A__4.npy,A
Love.Actually.2003__#00-30-50_00-32-31_label_A__5.npy,A
Love.Actually.2003__#00-30-50_00-32-31_label_A__6.npy,A
Love.Actually.2003__#00-30-50_00-32-31_label_A__7.npy,A
Love.Actually.2003__#00-30-50_00-32-31_label_A__8.npy,A
Love.Actually.2003__#00-30-50_00-32-31_label_A__9.npy,A
v=LQT4i4e_Oyg__#1_label_A__0.npy,A
v=LQT4i4e_Oyg__#1_label_A__1.npy,A
v=LQT4i4e_Oyg__#1_label_A__2.npy,A
v=LQT4i4e_Oyg__#1_label_A__3.npy,A
v=LQT4i4e_Oyg__#1_label_A__4.npy,A
v=LQT4i4e_Oyg__#1_label_A__5.npy,A
v=LQT4i4e_Oyg__#1_label_A__6.npy,A
v=LQT4i4e_Oyg__#1_label_A__7.npy,A
v=LQT4i4e_Oyg__#1_label_A__8.npy,A
v=LQT4i4e_Oyg__#1_label_A__9.npy,A
Still.Walking.2008__#01-30-25_01-33-56_label_A__0.npy,A
Still.Walking.2008__#01-30-25_01-33-56_label_A__1.npy,A
Still.Walking.2008__#01-30-25_01-33-56_label_A__2.npy,A
Still.Walking.2008__#01-30-25_01-33-56_label_A__3.npy,A
Still.Walking.2008__#01-30-25_01-33-56_label_A__4.npy,A
Still.Walking.2008__#01-30-25_01-33-56_label_A__5.npy,A
Still.Walking.2008__#01-30-25_01-33-56_label_A__6.npy,A
Still.Walking.2008__#01-30-25_01-33-56_label_A__7.npy,A
Still.Walking.2008__#01-30-25_01-33-56_label_A__8.npy,A
Still.Walking.2008__#01-30-25_01-33-56_label_A__9.npy,A
The.Intouchables.2011__#00-33-52_00-38-31_label_A__0.npy,A
The.Intouchables.2011__#00-33-52_00-38-31_label_A__1.npy,A
The.Intouchables.2011__#00-33-52_00-38-31_label_A__2.npy,A
The.Intouchables.2011__#00-33-52_00-38-31_label_A__3.npy,A
The.Intouchables.2011__#00-33-52_00-38-31_label_A__4.npy,A
The.Intouchables.2011__#00-33-52_00-38-31_label_A__5.npy,A
The.Intouchables.2011__#00-33-52_00-38-31_label_A__6.npy,A
The.Intouchables.2011__#00-33-52_00-38-31_label_A__7.npy,A
The.Intouchables.2011__#00-33-52_00-38-31_label_A__8.npy,A
The.Intouchables.2011__#00-33-52_00-38-31_label_A__9.npy,A
Rush.Hour.1998.BluRay__#00-49-15_00-51-10_label_A__0.npy,A
Rush.Hour.1998.BluRay__#00-49-15_00-51-10_label_A__1.npy,A
Rush.Hour.1998.BluRay__#00-49-15_00-51-10_label_A__2.npy,A
Rush.Hour.1998.BluRay__#00-49-15_00-51-10_label_A__3.npy,A
Rush.Hour.1998.BluRay__#00-49-15_00-51-10_label_A__4.npy,A
Rush.Hour.1998.BluRay__#00-49-15_00-51-10_label_A__5.npy,A
Rush.Hour.1998.BluRay__#00-49-15_00-51-10_label_A__6.npy,A
Rush.Hour.1998.BluRay__#00-49-15_00-51-10_label_A__7.npy,A
Rush.Hour.1998.BluRay__#00-49-15_00-51-10_label_A__8.npy,A
Rush.Hour.1998.BluRay__#00-49-15_00-51-10_label_A__9.npy,A
The.Attorney.2013__#01-04-40_01-06-59_label_A__0.npy,A
The.Attorney.2013__#01-04-40_01-06-59_label_A__1.npy,A
The.Attorney.2013__#01-04-40_01-06-59_label_A__2.npy,A
The.Attorney.2013__#01-04-40_01-06-59_label_A__3.npy,A
The.Attorney.2013__#01-04-40_01-06-59_label_A__4.npy,A
The.Attorney.2013__#01-04-40_01-06-59_label_A__5.npy,A
The.Attorney.2013__#01-04-40_01-06-59_label_A__6.npy,A
The.Attorney.2013__#01-04-40_01-06-59_label_A__7.npy,A
The.Attorney.2013__#01-04-40_01-06-59_label_A__8.npy,A
The.Attorney.2013__#01-04-40_01-06-59_label_A__9.npy,A
v=punwkZSms1c__#1_label_A__0.npy,A
v=punwkZSms1c__#1_label_A__1.npy,A
v=punwkZSms1c__#1_label_A__2.npy,A
v=punwkZSms1c__#1_label_A__3.npy,A
v=punwkZSms1c__#1_label_A__4.npy,A
v=punwkZSms1c__#1_label_A__5.npy,A
v=punwkZSms1c__#1_label_A__6.npy,A
v=punwkZSms1c__#1_label_A__7.npy,A
v=punwkZSms1c__#1_label_A__8.npy,A
v=punwkZSms1c__#1_label_A__9.npy,A
v=cvEJ5WFk2KE__#00-03-00_00-06-00_label_A__0.npy,A
v=cvEJ5WFk2KE__#00-03-00_00-06-00_label_A__1.npy,A
v=cvEJ5WFk2KE__#00-03-00_00-06-00_label_A__2.npy,A
v=cvEJ5WFk2KE__#00-03-00_00-06-00_label_A__3.npy,A
v=cvEJ5WFk2KE__#00-03-00_00-06-00_label_A__4.npy,A
v=cvEJ5WFk2KE__#00-03-00_00-06-00_label_A__5.npy,A
v=cvEJ5WFk2KE__#00-03-00_00-06-00_label_A__6.npy,A
v=cvEJ5WFk2KE__#00-03-00_00-06-00_label_A__7.npy,A
v=cvEJ5WFk2KE__#00-03-00_00-06-00_label_A__8.npy,A
v=cvEJ5WFk2KE__#00-03-00_00-06-00_label_A__9.npy,A
Casino.Royale.2006__#01-38-18_01-45-44_label_A__0.npy,A
Casino.Royale.2006__#01-38-18_01-45-44_label_A__1.npy,A
Casino.Royale.2006__#01-38-18_01-45-44_label_A__2.npy,A
Casino.Royale.2006__#01-38-18_01-45-44_label_A__3.npy,A
Casino.Royale.2006__#01-38-18_01-45-44_label_A__4.npy,A
Casino.Royale.2006__#01-38-18_01-45-44_label_A__5.npy,A
Casino.Royale.2006__#01-38-18_01-45-44_label_A__6.npy,A
Casino.Royale.2006__#01-38-18_01-45-44_label_A__7.npy,A
Casino.Royale.2006__#01-38-18_01-45-44_label_A__8.npy,A
Casino.Royale.2006__#01-38-18_01-45-44_label_A__9.npy,A
v=Kj5E1_syxU4__#1_label_A__0.npy,A
v=Kj5E1_syxU4__#1_label_A__1.npy,A
v=Kj5E1_syxU4__#1_label_A__2.npy,A
v=Kj5E1_syxU4__#1_label_A__3.npy,A
v=Kj5E1_syxU4__#1_label_A__4.npy,A
v=Kj5E1_syxU4__#1_label_A__5.npy,A
v=Kj5E1_syxU4__#1_label_A__6.npy,A
v=Kj5E1_syxU4__#1_label_A__7.npy,A
v=Kj5E1_syxU4__#1_label_A__8.npy,A
v=Kj5E1_syxU4__#1_label_A__9.npy,A
v=jAvOGTD7_pU__#00-09-00_00-12-00_label_A__0.npy,A
v=jAvOGTD7_pU__#00-09-00_00-12-00_label_A__1.npy,A
v=jAvOGTD7_pU__#00-09-00_00-12-00_label_A__2.npy,A
v=jAvOGTD7_pU__#00-09-00_00-12-00_label_A__3.npy,A
v=jAvOGTD7_pU__#00-09-00_00-12-00_label_A__4.npy,A
v=jAvOGTD7_pU__#00-09-00_00-12-00_label_A__5.npy,A
v=jAvOGTD7_pU__#00-09-00_00-12-00_label_A__6.npy,A
v=jAvOGTD7_pU__#00-09-00_00-12-00_label_A__7.npy,A
v=jAvOGTD7_pU__#00-09-00_00-12-00_label_A__8.npy,A
v=jAvOGTD7_pU__#00-09-00_00-12-00_label_A__9.npy,A
v=cvEJ5WFk2KE__#00-27-00_00-30-22_label_A__0.npy,A
v=cvEJ5WFk2KE__#00-27-00_00-30-22_label_A__1.npy,A
v=cvEJ5WFk2KE__#00-27-00_00-30-22_label_A__2.npy,A
v=cvEJ5WFk2KE__#00-27-00_00-30-22_label_A__3.npy,A
v=cvEJ5WFk2KE__#00-27-00_00-30-22_label_A__4.npy,A
v=cvEJ5WFk2KE__#00-27-00_00-30-22_label_A__5.npy,A
v=cvEJ5WFk2KE__#00-27-00_00-30-22_label_A__6.npy,A
v=cvEJ5WFk2KE__#00-27-00_00-30-22_label_A__7.npy,A
v=cvEJ5WFk2KE__#00-27-00_00-30-22_label_A__8.npy,A
v=cvEJ5WFk2KE__#00-27-00_00-30-22_label_A__9.npy,A
The.Bourne.Identity.2002__#01-32-08_01-35-25_label_A__0.npy,A
The.Bourne.Identity.2002__#01-32-08_01-35-25_label_A__1.npy,A
The.Bourne.Identity.2002__#01-32-08_01-35-25_label_A__2.npy,A
The.Bourne.Identity.2002__#01-32-08_01-35-25_label_A__3.npy,A
The.Bourne.Identity.2002__#01-32-08_01-35-25_label_A__4.npy,A
The.Bourne.Identity.2002__#01-32-08_01-35-25_label_A__5.npy,A
The.Bourne.Identity.2002__#01-32-08_01-35-25_label_A__6.npy,A
The.Bourne.Identity.2002__#01-32-08_01-35-25_label_A__7.npy,A
The.Bourne.Identity.2002__#01-32-08_01-35-25_label_A__8.npy,A
The.Bourne.Identity.2002__#01-32-08_01-35-25_label_A__9.npy,A
Ip.Man.3.2015__#00-02-00_00-02-50_label_A__0.npy,A
Ip.Man.3.2015__#00-02-00_00-02-50_label_A__1.npy,A
Ip.Man.3.2015__#00-02-00_00-02-50_label_A__2.npy,A
Ip.Man.3.2015__#00-02-00_00-02-50_label_A__3.npy,A
Ip.Man.3.2015__#00-02-00_00-02-50_label_A__4.npy,A
Ip.Man.3.2015__#00-02-00_00-02-50_label_A__5.npy,A
Ip.Man.3.2015__#00-02-00_00-02-50_label_A__6.npy,A
Ip.Man.3.2015__#00-02-00_00-02-50_label_A__7.npy,A
Ip.Man.3.2015__#00-02-00_00-02-50_label_A__8.npy,A
Ip.Man.3.2015__#00-02-00_00-02-50_label_A__9.npy,A
City.Of.Men.2007__#01-33-01_01-34-12_label_A__0.npy,A
City.Of.Men.2007__#01-33-01_01-34-12_label_A__1.npy,A
City.Of.Men.2007__#01-33-01_01-34-12_label_A__2.npy,A
City.Of.Men.2007__#01-33-01_01-34-12_label_A__3.npy,A
City.Of.Men.2007__#01-33-01_01-34-12_label_A__4.npy,A
City.Of.Men.2007__#01-33-01_01-34-12_label_A__5.npy,A
City.Of.Men.2007__#01-33-01_01-34-12_label_A__6.npy,A
City.Of.Men.2007__#01-33-01_01-34-12_label_A__7.npy,A
City.Of.Men.2007__#01-33-01_01-34-12_label_A__8.npy,A
City.Of.Men.2007__#01-33-01_01-34-12_label_A__9.npy,A
A.Beautiful.Mind.2001__#00-08-55_00-10-50_label_A__0.npy,A
A.Beautiful.Mind.2001__#00-08-55_00-10-50_label_A__1.npy,A
A.Beautiful.Mind.2001__#00-08-55_00-10-50_label_A__2.npy,A
A.Beautiful.Mind.2001__#00-08-55_00-10-50_label_A__3.npy,A
A.Beautiful.Mind.2001__#00-08-55_00-10-50_label_A__4.npy,A
A.Beautiful.Mind.2001__#00-08-55_00-10-50_label_A__5.npy,A
A.Beautiful.Mind.2001__#00-08-55_00-10-50_label_A__6.npy,A
A.Beautiful.Mind.2001__#00-08-55_00-10-50_label_A__7.npy,A
A.Beautiful.Mind.2001__#00-08-55_00-10-50_label_A__8.npy,A
A.Beautiful.Mind.2001__#00-08-55_00-10-50_label_A__9.npy,A
Good.Will.Hunting.1997__#01-17-00_01-21-50_label_A__0.npy,A
Good.Will.Hunting.1997__#01-17-00_01-21-50_label_A__1.npy,A
Good.Will.Hunting.1997__#01-17-00_01-21-50_label_A__2.npy,A
Good.Will.Hunting.1997__#01-17-00_01-21-50_label_A__3.npy,A
Good.Will.Hunting.1997__#01-17-00_01-21-50_label_A__4.npy,A
Good.Will.Hunting.1997__#01-17-00_01-21-50_label_A__5.npy,A
Good.Will.Hunting.1997__#01-17-00_01-21-50_label_A__6.npy,A
Good.Will.Hunting.1997__#01-17-00_01-21-50_label_A__7.npy,A
Good.Will.Hunting.1997__#01-17-00_01-21-50_label_A__8.npy,A
Good.Will.Hunting.1997__#01-17-00_01-21-50_label_A__9.npy,A
v=fkps18H3SXY__#01-00-00_01-06-00_label_A__0.npy,A
v=fkps18H3SXY__#01-00-00_01-06-00_label_A__1.npy,A
v=fkps18H3SXY__#01-00-00_01-06-00_label_A__2.npy,A
v=fkps18H3SXY__#01-00-00_01-06-00_label_A__3.npy,A
v=fkps18H3SXY__#01-00-00_01-06-00_label_A__4.npy,A
v=fkps18H3SXY__#01-00-00_01-06-00_label_A__5.npy,A
v=fkps18H3SXY__#01-00-00_01-06-00_label_A__6.npy,A
v=fkps18H3SXY__#01-00-00_01-06-00_label_A__7.npy,A
v=fkps18H3SXY__#01-00-00_01-06-00_label_A__8.npy,A
v=fkps18H3SXY__#01-00-00_01-06-00_label_A__9.npy,A
v=NG12Jo87OK8__#1_label_A__0.npy,A
v=NG12Jo87OK8__#1_label_A__1.npy,A
v=NG12Jo87OK8__#1_label_A__2.npy,A
v=NG12Jo87OK8__#1_label_A__3.npy,A
v=NG12Jo87OK8__#1_label_A__4.npy,A
v=NG12Jo87OK8__#1_label_A__5.npy,A
v=NG12Jo87OK8__#1_label_A__6.npy,A
v=NG12Jo87OK8__#1_label_A__7.npy,A
v=NG12Jo87OK8__#1_label_A__8.npy,A
v=NG12Jo87OK8__#1_label_A__9.npy,A
v=fGEyp4vq2Hk__#1_label_A__0.npy,A
v=fGEyp4vq2Hk__#1_label_A__1.npy,A
v=fGEyp4vq2Hk__#1_label_A__2.npy,A
v=fGEyp4vq2Hk__#1_label_A__3.npy,A
v=fGEyp4vq2Hk__#1_label_A__4.npy,A
v=fGEyp4vq2Hk__#1_label_A__5.npy,A
v=fGEyp4vq2Hk__#1_label_A__6.npy,A
v=fGEyp4vq2Hk__#1_label_A__7.npy,A
v=fGEyp4vq2Hk__#1_label_A__8.npy,A
v=fGEyp4vq2Hk__#1_label_A__9.npy,A
Shoplifters.2018__#01-50-20_01-56-30_label_A__0.npy,A
Shoplifters.2018__#01-50-20_01-56-30_label_A__1.npy,A
Shoplifters.2018__#01-50-20_01-56-30_label_A__2.npy,A
Shoplifters.2018__#01-50-20_01-56-30_label_A__3.npy,A
Shoplifters.2018__#01-50-20_01-56-30_label_A__4.npy,A
Shoplifters.2018__#01-50-20_01-56-30_label_A__5.npy,A
Shoplifters.2018__#01-50-20_01-56-30_label_A__6.npy,A
Shoplifters.2018__#01-50-20_01-56-30_label_A__7.npy,A
Shoplifters.2018__#01-50-20_01-56-30_label_A__8.npy,A
Shoplifters.2018__#01-50-20_01-56-30_label_A__9.npy,A
Before.Sunset.2004__#00-47-55_00-49-50_label_A__0.npy,A
Before.Sunset.2004__#00-47-55_00-49-50_label_A__1.npy,A
Before.Sunset.2004__#00-47-55_00-49-50_label_A__2.npy,A
Before.Sunset.2004__#00-47-55_00-49-50_label_A__3.npy,A
Before.Sunset.2004__#00-47-55_00-49-50_label_A__4.npy,A
Before.Sunset.2004__#00-47-55_00-49-50_label_A__5.npy,A
Before.Sunset.2004__#00-47-55_00-49-50_label_A__6.npy,A
Before.Sunset.2004__#00-47-55_00-49-50_label_A__7.npy,A
Before.Sunset.2004__#00-47-55_00-49-50_label_A__8.npy,A
Before.Sunset.2004__#00-47-55_00-49-50_label_A__9.npy,A
v=iCyKRom_IEM__#1_label_A__0.npy,A
v=iCyKRom_IEM__#1_label_A__1.npy,A
v=iCyKRom_IEM__#1_label_A__2.npy,A
v=iCyKRom_IEM__#1_label_A__3.npy,A
v=iCyKRom_IEM__#1_label_A__4.npy,A
v=iCyKRom_IEM__#1_label_A__5.npy,A
v=iCyKRom_IEM__#1_label_A__6.npy,A
v=iCyKRom_IEM__#1_label_A__7.npy,A
v=iCyKRom_IEM__#1_label_A__8.npy,A
v=iCyKRom_IEM__#1_label_A__9.npy,A
v=eA2PsalGLtU__#1_label_A__0.npy,A
v=eA2PsalGLtU__#1_label_A__1.npy,A
v=eA2PsalGLtU__#1_label_A__2.npy,A
v=eA2PsalGLtU__#1_label_A__3.npy,A
v=eA2PsalGLtU__#1_label_A__4.npy,A
v=eA2PsalGLtU__#1_label_A__5.npy,A
v=eA2PsalGLtU__#1_label_A__6.npy,A
v=eA2PsalGLtU__#1_label_A__7.npy,A
v=eA2PsalGLtU__#1_label_A__8.npy,A
v=eA2PsalGLtU__#1_label_A__9.npy,A
Yellow.Sea.2010__#01-18-40_01-19-32_label_A__0.npy,A
Yellow.Sea.2010__#01-18-40_01-19-32_label_A__1.npy,A
Yellow.Sea.2010__#01-18-40_01-19-32_label_A__2.npy,A
Yellow.Sea.2010__#01-18-40_01-19-32_label_A__3.npy,A
Yellow.Sea.2010__#01-18-40_01-19-32_label_A__4.npy,A
Yellow.Sea.2010__#01-18-40_01-19-32_label_A__5.npy,A
Yellow.Sea.2010__#01-18-40_01-19-32_label_A__6.npy,A
Yellow.Sea.2010__#01-18-40_01-19-32_label_A__7.npy,A
Yellow.Sea.2010__#01-18-40_01-19-32_label_A__8.npy,A
Yellow.Sea.2010__#01-18-40_01-19-32_label_A__9.npy,A
v=9jJyq69TWug__#1_label_A__0.npy,A
v=9jJyq69TWug__#1_label_A__1.npy,A
v=9jJyq69TWug__#1_label_A__2.npy,A
v=9jJyq69TWug__#1_label_A__3.npy,A
v=9jJyq69TWug__#1_label_A__4.npy,A
v=9jJyq69TWug__#1_label_A__5.npy,A
v=9jJyq69TWug__#1_label_A__6.npy,A
v=9jJyq69TWug__#1_label_A__7.npy,A
v=9jJyq69TWug__#1_label_A__8.npy,A
v=9jJyq69TWug__#1_label_A__9.npy,A
Flipped.2010__#00-47-55_00-49-50_label_A__0.npy,A
Flipped.2010__#00-47-55_00-49-50_label_A__1.npy,A
Flipped.2010__#00-47-55_00-49-50_label_A__2.npy,A
Flipped.2010__#00-47-55_00-49-50_label_A__3.npy,A
Flipped.2010__#00-47-55_00-49-50_label_A__4.npy,A
Flipped.2010__#00-47-55_00-49-50_label_A__5.npy,A
Flipped.2010__#00-47-55_00-49-50_label_A__6.npy,A
Flipped.2010__#00-47-55_00-49-50_label_A__7.npy,A
Flipped.2010__#00-47-55_00-49-50_label_A__8.npy,A
Flipped.2010__#00-47-55_00-49-50_label_A__9.npy,A
v=9-r-0PtLNU0__#1_label_A__0.npy,A
v=9-r-0PtLNU0__#1_label_A__1.npy,A
v=9-r-0PtLNU0__#1_label_A__2.npy,A
v=9-r-0PtLNU0__#1_label_A__3.npy,A
v=9-r-0PtLNU0__#1_label_A__4.npy,A
v=9-r-0PtLNU0__#1_label_A__5.npy,A
v=9-r-0PtLNU0__#1_label_A__6.npy,A
v=9-r-0PtLNU0__#1_label_A__7.npy,A
v=9-r-0PtLNU0__#1_label_A__8.npy,A
v=9-r-0PtLNU0__#1_label_A__9.npy,A
v=-41qhay-Zzg__#1_label_A__0.npy,A
v=-41qhay-Zzg__#1_label_A__1.npy,A
v=-41qhay-Zzg__#1_label_A__2.npy,A
v=-41qhay-Zzg__#1_label_A__3.npy,A
v=-41qhay-Zzg__#1_label_A__4.npy,A
v=-41qhay-Zzg__#1_label_A__5.npy,A
v=-41qhay-Zzg__#1_label_A__6.npy,A
v=-41qhay-Zzg__#1_label_A__7.npy,A
v=-41qhay-Zzg__#1_label_A__8.npy,A
v=-41qhay-Zzg__#1_label_A__9.npy,A
Yellow.Sea.2010__#02-11-06_02-12-19_label_A__0.npy,A
Yellow.Sea.2010__#02-11-06_02-12-19_label_A__1.npy,A
Yellow.Sea.2010__#02-11-06_02-12-19_label_A__2.npy,A
Yellow.Sea.2010__#02-11-06_02-12-19_label_A__3.npy,A
Yellow.Sea.2010__#02-11-06_02-12-19_label_A__4.npy,A
Yellow.Sea.2010__#02-11-06_02-12-19_label_A__5.npy,A
Yellow.Sea.2010__#02-11-06_02-12-19_label_A__6.npy,A
Yellow.Sea.2010__#02-11-06_02-12-19_label_A__7.npy,A
Yellow.Sea.2010__#02-11-06_02-12-19_label_A__8.npy,A
Yellow.Sea.2010__#02-11-06_02-12-19_label_A__9.npy,A
v=9sORpceJ32U__#1_label_A__0.npy,A
v=9sORpceJ32U__#1_label_A__1.npy,A
v=9sORpceJ32U__#1_label_A__2.npy,A
v=9sORpceJ32U__#1_label_A__3.npy,A
v=9sORpceJ32U__#1_label_A__4.npy,A
v=9sORpceJ32U__#1_label_A__5.npy,A
v=9sORpceJ32U__#1_label_A__6.npy,A
v=9sORpceJ32U__#1_label_A__7.npy,A
v=9sORpceJ32U__#1_label_A__8.npy,A
v=9sORpceJ32U__#1_label_A__9.npy,A
v=QURTK9G2oCo__#1_label_A__0.npy,A
v=QURTK9G2oCo__#1_label_A__1.npy,A
v=QURTK9G2oCo__#1_label_A__2.npy,A
v=QURTK9G2oCo__#1_label_A__3.npy,A
v=QURTK9G2oCo__#1_label_A__4.npy,A
v=QURTK9G2oCo__#1_label_A__5.npy,A
v=QURTK9G2oCo__#1_label_A__6.npy,A
v=QURTK9G2oCo__#1_label_A__7.npy,A
v=QURTK9G2oCo__#1_label_A__8.npy,A
v=QURTK9G2oCo__#1_label_A__9.npy,A
v=4Wxn4d0ISV0__#1_label_A__0.npy,A
v=4Wxn4d0ISV0__#1_label_A__1.npy,A
v=4Wxn4d0ISV0__#1_label_A__2.npy,A
v=4Wxn4d0ISV0__#1_label_A__3.npy,A
v=4Wxn4d0ISV0__#1_label_A__4.npy,A
v=4Wxn4d0ISV0__#1_label_A__5.npy,A
v=4Wxn4d0ISV0__#1_label_A__6.npy,A
v=4Wxn4d0ISV0__#1_label_A__7.npy,A
v=4Wxn4d0ISV0__#1_label_A__8.npy,A
v=4Wxn4d0ISV0__#1_label_A__9.npy,A
IP.Man.2.2010__#01-19-49_01-20-49_label_A__0.npy,A
IP.Man.2.2010__#01-19-49_01-20-49_label_A__1.npy,A
IP.Man.2.2010__#01-19-49_01-20-49_label_A__2.npy,A
IP.Man.2.2010__#01-19-49_01-20-49_label_A__3.npy,A
IP.Man.2.2010__#01-19-49_01-20-49_label_A__4.npy,A
IP.Man.2.2010__#01-19-49_01-20-49_label_A__5.npy,A
IP.Man.2.2010__#01-19-49_01-20-49_label_A__6.npy,A
IP.Man.2.2010__#01-19-49_01-20-49_label_A__7.npy,A
IP.Man.2.2010__#01-19-49_01-20-49_label_A__8.npy,A
IP.Man.2.2010__#01-19-49_01-20-49_label_A__9.npy,A
v=DY1Q9yXhwPI__#1_label_A__0.npy,A
v=DY1Q9yXhwPI__#1_label_A__1.npy,A
v=DY1Q9yXhwPI__#1_label_A__2.npy,A
v=DY1Q9yXhwPI__#1_label_A__3.npy,A
v=DY1Q9yXhwPI__#1_label_A__4.npy,A
v=DY1Q9yXhwPI__#1_label_A__5.npy,A
v=DY1Q9yXhwPI__#1_label_A__6.npy,A
v=DY1Q9yXhwPI__#1_label_A__7.npy,A
v=DY1Q9yXhwPI__#1_label_A__8.npy,A
v=DY1Q9yXhwPI__#1_label_A__9.npy,A
NewAdd.NBA-2017.12.25_CLE@GSW__#01-08-34_01-40-09_label_A__0.npy,A
NewAdd.NBA-2017.12.25_CLE@GSW__#01-08-34_01-40-09_label_A__1.npy,A
NewAdd.NBA-2017.12.25_CLE@GSW__#01-08-34_01-40-09_label_A__2.npy,A
NewAdd.NBA-2017.12.25_CLE@GSW__#01-08-34_01-40-09_label_A__3.npy,A
NewAdd.NBA-2017.12.25_CLE@GSW__#01-08-34_01-40-09_label_A__4.npy,A
NewAdd.NBA-2017.12.25_CLE@GSW__#01-08-34_01-40-09_label_A__5.npy,A
NewAdd.NBA-2017.12.25_CLE@GSW__#01-08-34_01-40-09_label_A__6.npy,A
NewAdd.NBA-2017.12.25_CLE@GSW__#01-08-34_01-40-09_label_A__7.npy,A
NewAdd.NBA-2017.12.25_CLE@GSW__#01-08-34_01-40-09_label_A__8.npy,A
NewAdd.NBA-2017.12.25_CLE@GSW__#01-08-34_01-40-09_label_A__9.npy,A
v=AWBEW3-h8_Y__#1_label_A__0.npy,A
v=AWBEW3-h8_Y__#1_label_A__1.npy,A
v=AWBEW3-h8_Y__#1_label_A__2.npy,A
v=AWBEW3-h8_Y__#1_label_A__3.npy,A
v=AWBEW3-h8_Y__#1_label_A__4.npy,A
v=AWBEW3-h8_Y__#1_label_A__5.npy,A
v=AWBEW3-h8_Y__#1_label_A__6.npy,A
v=AWBEW3-h8_Y__#1_label_A__7.npy,A
v=AWBEW3-h8_Y__#1_label_A__8.npy,A
v=AWBEW3-h8_Y__#1_label_A__9.npy,A
Flipped.2010__#00-18-18_00-20-09_label_A__0.npy,A
Flipped.2010__#00-18-18_00-20-09_label_A__1.npy,A
Flipped.2010__#00-18-18_00-20-09_label_A__2.npy,A
Flipped.2010__#00-18-18_00-20-09_label_A__3.npy,A
Flipped.2010__#00-18-18_00-20-09_label_A__4.npy,A
Flipped.2010__#00-18-18_00-20-09_label_A__5.npy,A
Flipped.2010__#00-18-18_00-20-09_label_A__6.npy,A
Flipped.2010__#00-18-18_00-20-09_label_A__7.npy,A
Flipped.2010__#00-18-18_00-20-09_label_A__8.npy,A
Flipped.2010__#00-18-18_00-20-09_label_A__9.npy,A
The.Pursuit.of.Happyness.2006__#00-04-20_00-05-35_label_A__0.npy,A
The.Pursuit.of.Happyness.2006__#00-04-20_00-05-35_label_A__1.npy,A
The.Pursuit.of.Happyness.2006__#00-04-20_00-05-35_label_A__2.npy,A
The.Pursuit.of.Happyness.2006__#00-04-20_00-05-35_label_A__3.npy,A
The.Pursuit.of.Happyness.2006__#00-04-20_00-05-35_label_A__4.npy,A
The.Pursuit.of.Happyness.2006__#00-04-20_00-05-35_label_A__5.npy,A
The.Pursuit.of.Happyness.2006__#00-04-20_00-05-35_label_A__6.npy,A
The.Pursuit.of.Happyness.2006__#00-04-20_00-05-35_label_A__7.npy,A
The.Pursuit.of.Happyness.2006__#00-04-20_00-05-35_label_A__8.npy,A
The.Pursuit.of.Happyness.2006__#00-04-20_00-05-35_label_A__9.npy,A
Bad.Boys.1995__#00-42-10_00-45-45_label_A__0.npy,A
Bad.Boys.1995__#00-42-10_00-45-45_label_A__1.npy,A
Bad.Boys.1995__#00-42-10_00-45-45_label_A__2.npy,A
Bad.Boys.1995__#00-42-10_00-45-45_label_A__3.npy,A
Bad.Boys.1995__#00-42-10_00-45-45_label_A__4.npy,A
Bad.Boys.1995__#00-42-10_00-45-45_label_A__5.npy,A
Bad.Boys.1995__#00-42-10_00-45-45_label_A__6.npy,A
Bad.Boys.1995__#00-42-10_00-45-45_label_A__7.npy,A
Bad.Boys.1995__#00-42-10_00-45-45_label_A__8.npy,A
Bad.Boys.1995__#00-42-10_00-45-45_label_A__9.npy,A
Love.Death.and.Robots.S01E10__#0-13-02_0-14-20_label_A__0.npy,A
Love.Death.and.Robots.S01E10__#0-13-02_0-14-20_label_A__1.npy,A
Love.Death.and.Robots.S01E10__#0-13-02_0-14-20_label_A__2.npy,A
Love.Death.and.Robots.S01E10__#0-13-02_0-14-20_label_A__3.npy,A
Love.Death.and.Robots.S01E10__#0-13-02_0-14-20_label_A__4.npy,A
Love.Death.and.Robots.S01E10__#0-13-02_0-14-20_label_A__5.npy,A
Love.Death.and.Robots.S01E10__#0-13-02_0-14-20_label_A__6.npy,A
Love.Death.and.Robots.S01E10__#0-13-02_0-14-20_label_A__7.npy,A
Love.Death.and.Robots.S01E10__#0-13-02_0-14-20_label_A__8.npy,A
Love.Death.and.Robots.S01E10__#0-13-02_0-14-20_label_A__9.npy,A
v=iP__4eqVnIw__#1_label_A__0.npy,A
v=iP__4eqVnIw__#1_label_A__1.npy,A
v=iP__4eqVnIw__#1_label_A__2.npy,A
v=iP__4eqVnIw__#1_label_A__3.npy,A
v=iP__4eqVnIw__#1_label_A__4.npy,A
v=iP__4eqVnIw__#1_label_A__5.npy,A
v=iP__4eqVnIw__#1_label_A__6.npy,A
v=iP__4eqVnIw__#1_label_A__7.npy,A
v=iP__4eqVnIw__#1_label_A__8.npy,A
v=iP__4eqVnIw__#1_label_A__9.npy,A
v=MyM5G7fo7Gg__#00-33-00_00-35-22_label_A__0.npy,A
v=MyM5G7fo7Gg__#00-33-00_00-35-22_label_A__1.npy,A
v=MyM5G7fo7Gg__#00-33-00_00-35-22_label_A__2.npy,A
v=MyM5G7fo7Gg__#00-33-00_00-35-22_label_A__3.npy,A
v=MyM5G7fo7Gg__#00-33-00_00-35-22_label_A__4.npy,A
v=MyM5G7fo7Gg__#00-33-00_00-35-22_label_A__5.npy,A
v=MyM5G7fo7Gg__#00-33-00_00-35-22_label_A__6.npy,A
v=MyM5G7fo7Gg__#00-33-00_00-35-22_label_A__7.npy,A
v=MyM5G7fo7Gg__#00-33-00_00-35-22_label_A__8.npy,A
v=MyM5G7fo7Gg__#00-33-00_00-35-22_label_A__9.npy,A
Kingsman.The.Golden.Circle.2017__#01-23-29_01-25-11_label_A__0.npy,A
Kingsman.The.Golden.Circle.2017__#01-23-29_01-25-11_label_A__1.npy,A
Kingsman.The.Golden.Circle.2017__#01-23-29_01-25-11_label_A__2.npy,A
Kingsman.The.Golden.Circle.2017__#01-23-29_01-25-11_label_A__3.npy,A
Kingsman.The.Golden.Circle.2017__#01-23-29_01-25-11_label_A__4.npy,A
Kingsman.The.Golden.Circle.2017__#01-23-29_01-25-11_label_A__5.npy,A
Kingsman.The.Golden.Circle.2017__#01-23-29_01-25-11_label_A__6.npy,A
Kingsman.The.Golden.Circle.2017__#01-23-29_01-25-11_label_A__7.npy,A
Kingsman.The.Golden.Circle.2017__#01-23-29_01-25-11_label_A__8.npy,A
Kingsman.The.Golden.Circle.2017__#01-23-29_01-25-11_label_A__9.npy,A
v=usAvzbDq6-c__#00-09-00_00-12-00_label_A__0.npy,A
v=usAvzbDq6-c__#00-09-00_00-12-00_label_A__1.npy,A
v=usAvzbDq6-c__#00-09-00_00-12-00_label_A__2.npy,A
v=usAvzbDq6-c__#00-09-00_00-12-00_label_A__3.npy,A
v=usAvzbDq6-c__#00-09-00_00-12-00_label_A__4.npy,A
v=usAvzbDq6-c__#00-09-00_00-12-00_label_A__5.npy,A
v=usAvzbDq6-c__#00-09-00_00-12-00_label_A__6.npy,A
v=usAvzbDq6-c__#00-09-00_00-12-00_label_A__7.npy,A
v=usAvzbDq6-c__#00-09-00_00-12-00_label_A__8.npy,A
v=usAvzbDq6-c__#00-09-00_00-12-00_label_A__9.npy,A
v=8VPI7etQP1U__#1_label_A__0.npy,A
v=8VPI7etQP1U__#1_label_A__1.npy,A
v=8VPI7etQP1U__#1_label_A__2.npy,A
v=8VPI7etQP1U__#1_label_A__3.npy,A
v=8VPI7etQP1U__#1_label_A__4.npy,A
v=8VPI7etQP1U__#1_label_A__5.npy,A
v=8VPI7etQP1U__#1_label_A__6.npy,A
v=8VPI7etQP1U__#1_label_A__7.npy,A
v=8VPI7etQP1U__#1_label_A__8.npy,A
v=8VPI7etQP1U__#1_label_A__9.npy,A
v=1ifHYTW_AU0__#1_label_A__0.npy,A
v=1ifHYTW_AU0__#1_label_A__1.npy,A
v=1ifHYTW_AU0__#1_label_A__2.npy,A
v=1ifHYTW_AU0__#1_label_A__3.npy,A
v=1ifHYTW_AU0__#1_label_A__4.npy,A
v=1ifHYTW_AU0__#1_label_A__5.npy,A
v=1ifHYTW_AU0__#1_label_A__6.npy,A
v=1ifHYTW_AU0__#1_label_A__7.npy,A
v=1ifHYTW_AU0__#1_label_A__8.npy,A
v=1ifHYTW_AU0__#1_label_A__9.npy,A
The.Bourne.Identity.2002__#01-04-05_01-06-26_label_A__0.npy,A
The.Bourne.Identity.2002__#01-04-05_01-06-26_label_A__1.npy,A
The.Bourne.Identity.2002__#01-04-05_01-06-26_label_A__2.npy,A
The.Bourne.Identity.2002__#01-04-05_01-06-26_label_A__3.npy,A
The.Bourne.Identity.2002__#01-04-05_01-06-26_label_A__4.npy,A
The.Bourne.Identity.2002__#01-04-05_01-06-26_label_A__5.npy,A
The.Bourne.Identity.2002__#01-04-05_01-06-26_label_A__6.npy,A
The.Bourne.Identity.2002__#01-04-05_01-06-26_label_A__7.npy,A
The.Bourne.Identity.2002__#01-04-05_01-06-26_label_A__8.npy,A
The.Bourne.Identity.2002__#01-04-05_01-06-26_label_A__9.npy,A
Brick.Mansions.2014__#00-22-00_00-23-33_label_A__0.npy,A
Brick.Mansions.2014__#00-22-00_00-23-33_label_A__1.npy,A
Brick.Mansions.2014__#00-22-00_00-23-33_label_A__2.npy,A
Brick.Mansions.2014__#00-22-00_00-23-33_label_A__3.npy,A
Brick.Mansions.2014__#00-22-00_00-23-33_label_A__4.npy,A
Brick.Mansions.2014__#00-22-00_00-23-33_label_A__5.npy,A
Brick.Mansions.2014__#00-22-00_00-23-33_label_A__6.npy,A
Brick.Mansions.2014__#00-22-00_00-23-33_label_A__7.npy,A
Brick.Mansions.2014__#00-22-00_00-23-33_label_A__8.npy,A
Brick.Mansions.2014__#00-22-00_00-23-33_label_A__9.npy,A
v=6zgfkDulVxk__#1_label_A__0.npy,A
v=6zgfkDulVxk__#1_label_A__1.npy,A
v=6zgfkDulVxk__#1_label_A__2.npy,A
v=6zgfkDulVxk__#1_label_A__3.npy,A
v=6zgfkDulVxk__#1_label_A__4.npy,A
v=6zgfkDulVxk__#1_label_A__5.npy,A
v=6zgfkDulVxk__#1_label_A__6.npy,A
v=6zgfkDulVxk__#1_label_A__7.npy,A
v=6zgfkDulVxk__#1_label_A__8.npy,A
v=6zgfkDulVxk__#1_label_A__9.npy,A
v=AqFWYZsOgWY__#00-00-00_00-03-00_label_A__0.npy,A
v=AqFWYZsOgWY__#00-00-00_00-03-00_label_A__1.npy,A
v=AqFWYZsOgWY__#00-00-00_00-03-00_label_A__2.npy,A
v=AqFWYZsOgWY__#00-00-00_00-03-00_label_A__3.npy,A
v=AqFWYZsOgWY__#00-00-00_00-03-00_label_A__4.npy,A
v=AqFWYZsOgWY__#00-00-00_00-03-00_label_A__5.npy,A
v=AqFWYZsOgWY__#00-00-00_00-03-00_label_A__6.npy,A
v=AqFWYZsOgWY__#00-00-00_00-03-00_label_A__7.npy,A
v=AqFWYZsOgWY__#00-00-00_00-03-00_label_A__8.npy,A
v=AqFWYZsOgWY__#00-00-00_00-03-00_label_A__9.npy,A
v=Zuc6rd0_w2U__#1_label_A__0.npy,A
v=Zuc6rd0_w2U__#1_label_A__1.npy,A
v=Zuc6rd0_w2U__#1_label_A__2.npy,A
v=Zuc6rd0_w2U__#1_label_A__3.npy,A
v=Zuc6rd0_w2U__#1_label_A__4.npy,A
v=Zuc6rd0_w2U__#1_label_A__5.npy,A
v=Zuc6rd0_w2U__#1_label_A__6.npy,A
v=Zuc6rd0_w2U__#1_label_A__7.npy,A
v=Zuc6rd0_w2U__#1_label_A__8.npy,A
v=Zuc6rd0_w2U__#1_label_A__9.npy,A
v=0vVOXlgHC1U__#00-30-00_00-36-00_label_A__0.npy,A
v=0vVOXlgHC1U__#00-30-00_00-36-00_label_A__1.npy,A
v=0vVOXlgHC1U__#00-30-00_00-36-00_label_A__2.npy,A
v=0vVOXlgHC1U__#00-30-00_00-36-00_label_A__3.npy,A
v=0vVOXlgHC1U__#00-30-00_00-36-00_label_A__4.npy,A
v=0vVOXlgHC1U__#00-30-00_00-36-00_label_A__5.npy,A
v=0vVOXlgHC1U__#00-30-00_00-36-00_label_A__6.npy,A
v=0vVOXlgHC1U__#00-30-00_00-36-00_label_A__7.npy,A
v=0vVOXlgHC1U__#00-30-00_00-36-00_label_A__8.npy,A
v=0vVOXlgHC1U__#00-30-00_00-36-00_label_A__9.npy,A
v=ixQrXn7oLik__#1_label_A__0.npy,A
v=ixQrXn7oLik__#1_label_A__1.npy,A
v=ixQrXn7oLik__#1_label_A__2.npy,A
v=ixQrXn7oLik__#1_label_A__3.npy,A
v=ixQrXn7oLik__#1_label_A__4.npy,A
v=ixQrXn7oLik__#1_label_A__5.npy,A
v=ixQrXn7oLik__#1_label_A__6.npy,A
v=ixQrXn7oLik__#1_label_A__7.npy,A
v=ixQrXn7oLik__#1_label_A__8.npy,A
v=ixQrXn7oLik__#1_label_A__9.npy,A
Rush.Hour.3.2007.BluRay__#00-55-12_00-58-10_label_A__0.npy,A
Rush.Hour.3.2007.BluRay__#00-55-12_00-58-10_label_A__1.npy,A
Rush.Hour.3.2007.BluRay__#00-55-12_00-58-10_label_A__2.npy,A
Rush.Hour.3.2007.BluRay__#00-55-12_00-58-10_label_A__3.npy,A
Rush.Hour.3.2007.BluRay__#00-55-12_00-58-10_label_A__4.npy,A
Rush.Hour.3.2007.BluRay__#00-55-12_00-58-10_label_A__5.npy,A
Rush.Hour.3.2007.BluRay__#00-55-12_00-58-10_label_A__6.npy,A
Rush.Hour.3.2007.BluRay__#00-55-12_00-58-10_label_A__7.npy,A
Rush.Hour.3.2007.BluRay__#00-55-12_00-58-10_label_A__8.npy,A
Rush.Hour.3.2007.BluRay__#00-55-12_00-58-10_label_A__9.npy,A
Shoplifters.2018__#00-45-40_00-47-30_label_A__0.npy,A
Shoplifters.2018__#00-45-40_00-47-30_label_A__1.npy,A
Shoplifters.2018__#00-45-40_00-47-30_label_A__2.npy,A
Shoplifters.2018__#00-45-40_00-47-30_label_A__3.npy,A
Shoplifters.2018__#00-45-40_00-47-30_label_A__4.npy,A
Shoplifters.2018__#00-45-40_00-47-30_label_A__5.npy,A
Shoplifters.2018__#00-45-40_00-47-30_label_A__6.npy,A
Shoplifters.2018__#00-45-40_00-47-30_label_A__7.npy,A
Shoplifters.2018__#00-45-40_00-47-30_label_A__8.npy,A
Shoplifters.2018__#00-45-40_00-47-30_label_A__9.npy,A
v=fZQRiHYvfjM__#1_label_A__0.npy,A
v=fZQRiHYvfjM__#1_label_A__1.npy,A
v=fZQRiHYvfjM__#1_label_A__2.npy,A
v=fZQRiHYvfjM__#1_label_A__3.npy,A
v=fZQRiHYvfjM__#1_label_A__4.npy,A
v=fZQRiHYvfjM__#1_label_A__5.npy,A
v=fZQRiHYvfjM__#1_label_A__6.npy,A
v=fZQRiHYvfjM__#1_label_A__7.npy,A
v=fZQRiHYvfjM__#1_label_A__8.npy,A
v=fZQRiHYvfjM__#1_label_A__9.npy,A
v=9eME1y6V-T4__#00-30-00_00-36-00_label_A__0.npy,A
v=9eME1y6V-T4__#00-30-00_00-36-00_label_A__1.npy,A
v=9eME1y6V-T4__#00-30-00_00-36-00_label_A__2.npy,A
v=9eME1y6V-T4__#00-30-00_00-36-00_label_A__3.npy,A
v=9eME1y6V-T4__#00-30-00_00-36-00_label_A__4.npy,A
v=9eME1y6V-T4__#00-30-00_00-36-00_label_A__5.npy,A
v=9eME1y6V-T4__#00-30-00_00-36-00_label_A__6.npy,A
v=9eME1y6V-T4__#00-30-00_00-36-00_label_A__7.npy,A
v=9eME1y6V-T4__#00-30-00_00-36-00_label_A__8.npy,A
v=9eME1y6V-T4__#00-30-00_00-36-00_label_A__9.npy,A
v=o90PytkckwI__#1_label_A__0.npy,A
v=o90PytkckwI__#1_label_A__1.npy,A
v=o90PytkckwI__#1_label_A__2.npy,A
v=o90PytkckwI__#1_label_A__3.npy,A
v=o90PytkckwI__#1_label_A__4.npy,A
v=o90PytkckwI__#1_label_A__5.npy,A
v=o90PytkckwI__#1_label_A__6.npy,A
v=o90PytkckwI__#1_label_A__7.npy,A
v=o90PytkckwI__#1_label_A__8.npy,A
v=o90PytkckwI__#1_label_A__9.npy,A
v=js0WkJJ5Lc0__#1_label_A__0.npy,A
v=js0WkJJ5Lc0__#1_label_A__1.npy,A
v=js0WkJJ5Lc0__#1_label_A__2.npy,A
v=js0WkJJ5Lc0__#1_label_A__3.npy,A
v=js0WkJJ5Lc0__#1_label_A__4.npy,A
v=js0WkJJ5Lc0__#1_label_A__5.npy,A
v=js0WkJJ5Lc0__#1_label_A__6.npy,A
v=js0WkJJ5Lc0__#1_label_A__7.npy,A
v=js0WkJJ5Lc0__#1_label_A__8.npy,A
v=js0WkJJ5Lc0__#1_label_A__9.npy,A
v=qKdONFdX1_Q__#1_label_A__0.npy,A
v=qKdONFdX1_Q__#1_label_A__1.npy,A
v=qKdONFdX1_Q__#1_label_A__2.npy,A
v=qKdONFdX1_Q__#1_label_A__3.npy,A
v=qKdONFdX1_Q__#1_label_A__4.npy,A
v=qKdONFdX1_Q__#1_label_A__5.npy,A
v=qKdONFdX1_Q__#1_label_A__6.npy,A
v=qKdONFdX1_Q__#1_label_A__7.npy,A
v=qKdONFdX1_Q__#1_label_A__8.npy,A
v=qKdONFdX1_Q__#1_label_A__9.npy,A
v=SdYFFo_tsfk__#01-00-00_01-06-00_label_A__0.npy,A
v=SdYFFo_tsfk__#01-00-00_01-06-00_label_A__1.npy,A
v=SdYFFo_tsfk__#01-00-00_01-06-00_label_A__2.npy,A
v=SdYFFo_tsfk__#01-00-00_01-06-00_label_A__3.npy,A
v=SdYFFo_tsfk__#01-00-00_01-06-00_label_A__4.npy,A
v=SdYFFo_tsfk__#01-00-00_01-06-00_label_A__5.npy,A
v=SdYFFo_tsfk__#01-00-00_01-06-00_label_A__6.npy,A
v=SdYFFo_tsfk__#01-00-00_01-06-00_label_A__7.npy,A
v=SdYFFo_tsfk__#01-00-00_01-06-00_label_A__8.npy,A
v=SdYFFo_tsfk__#01-00-00_01-06-00_label_A__9.npy,A
The.Bourne.Legacy.2012__#0-09-06_0-11-10_label_A__0.npy,A
The.Bourne.Legacy.2012__#0-09-06_0-11-10_label_A__1.npy,A
The.Bourne.Legacy.2012__#0-09-06_0-11-10_label_A__2.npy,A
The.Bourne.Legacy.2012__#0-09-06_0-11-10_label_A__3.npy,A
The.Bourne.Legacy.2012__#0-09-06_0-11-10_label_A__4.npy,A
The.Bourne.Legacy.2012__#0-09-06_0-11-10_label_A__5.npy,A
The.Bourne.Legacy.2012__#0-09-06_0-11-10_label_A__6.npy,A
The.Bourne.Legacy.2012__#0-09-06_0-11-10_label_A__7.npy,A
The.Bourne.Legacy.2012__#0-09-06_0-11-10_label_A__8.npy,A
The.Bourne.Legacy.2012__#0-09-06_0-11-10_label_A__9.npy,A
Ip.Man.2008__#01-13-33_01-14-07_label_A__0.npy,A
Ip.Man.2008__#01-13-33_01-14-07_label_A__1.npy,A
Ip.Man.2008__#01-13-33_01-14-07_label_A__2.npy,A
Ip.Man.2008__#01-13-33_01-14-07_label_A__3.npy,A
Ip.Man.2008__#01-13-33_01-14-07_label_A__4.npy,A
Ip.Man.2008__#01-13-33_01-14-07_label_A__5.npy,A
Ip.Man.2008__#01-13-33_01-14-07_label_A__6.npy,A
Ip.Man.2008__#01-13-33_01-14-07_label_A__7.npy,A
Ip.Man.2008__#01-13-33_01-14-07_label_A__8.npy,A
Ip.Man.2008__#01-13-33_01-14-07_label_A__9.npy,A
v=tlFJIG9mTGQ__#00-06-00_00-09-00_label_A__0.npy,A
v=tlFJIG9mTGQ__#00-06-00_00-09-00_label_A__1.npy,A
v=tlFJIG9mTGQ__#00-06-00_00-09-00_label_A__2.npy,A
v=tlFJIG9mTGQ__#00-06-00_00-09-00_label_A__3.npy,A
v=tlFJIG9mTGQ__#00-06-00_00-09-00_label_A__4.npy,A
v=tlFJIG9mTGQ__#00-06-00_00-09-00_label_A__5.npy,A
v=tlFJIG9mTGQ__#00-06-00_00-09-00_label_A__6.npy,A
v=tlFJIG9mTGQ__#00-06-00_00-09-00_label_A__7.npy,A
v=tlFJIG9mTGQ__#00-06-00_00-09-00_label_A__8.npy,A
v=tlFJIG9mTGQ__#00-06-00_00-09-00_label_A__9.npy,A
v=BdxY-lzreNU__#1_label_A__0.npy,A
v=BdxY-lzreNU__#1_label_A__1.npy,A
v=BdxY-lzreNU__#1_label_A__2.npy,A
v=BdxY-lzreNU__#1_label_A__3.npy,A
v=BdxY-lzreNU__#1_label_A__4.npy,A
v=BdxY-lzreNU__#1_label_A__5.npy,A
v=BdxY-lzreNU__#1_label_A__6.npy,A
v=BdxY-lzreNU__#1_label_A__7.npy,A
v=BdxY-lzreNU__#1_label_A__8.npy,A
v=BdxY-lzreNU__#1_label_A__9.npy,A
Before.Sunset.2004__#00-37-40_00-40-31_label_A__0.npy,A
Before.Sunset.2004__#00-37-40_00-40-31_label_A__1.npy,A
Before.Sunset.2004__#00-37-40_00-40-31_label_A__2.npy,A
Before.Sunset.2004__#00-37-40_00-40-31_label_A__3.npy,A
Before.Sunset.2004__#00-37-40_00-40-31_label_A__4.npy,A
Before.Sunset.2004__#00-37-40_00-40-31_label_A__5.npy,A
Before.Sunset.2004__#00-37-40_00-40-31_label_A__6.npy,A
Before.Sunset.2004__#00-37-40_00-40-31_label_A__7.npy,A
Before.Sunset.2004__#00-37-40_00-40-31_label_A__8.npy,A
Before.Sunset.2004__#00-37-40_00-40-31_label_A__9.npy,A
v=3KyiE_NGsrc__#1_label_A__0.npy,A
v=3KyiE_NGsrc__#1_label_A__1.npy,A
v=3KyiE_NGsrc__#1_label_A__2.npy,A
v=3KyiE_NGsrc__#1_label_A__3.npy,A
v=3KyiE_NGsrc__#1_label_A__4.npy,A
v=3KyiE_NGsrc__#1_label_A__5.npy,A
v=3KyiE_NGsrc__#1_label_A__6.npy,A
v=3KyiE_NGsrc__#1_label_A__7.npy,A
v=3KyiE_NGsrc__#1_label_A__8.npy,A
v=3KyiE_NGsrc__#1_label_A__9.npy,A
