video,label
Bad.Boys.1995__#01-07-01_01-08-13_label_B1-0-0__0.npy,B1-0-0
Bad.Boys.1995__#01-07-01_01-08-13_label_B1-0-0__1.npy,B1-0-0
Bad.Boys.1995__#01-07-01_01-08-13_label_B1-0-0__2.npy,B1-0-0
Bad.Boys.1995__#01-07-01_01-08-13_label_B1-0-0__3.npy,B1-0-0
Bad.Boys.1995__#01-07-01_01-08-13_label_B1-0-0__4.npy,B1-0-0
Bad.Boys.1995__#01-07-01_01-08-13_label_B1-0-0__5.npy,B1-0-0
Bad.Boys.1995__#01-07-01_01-08-13_label_B1-0-0__6.npy,B1-0-0
Bad.Boys.1995__#01-07-01_01-08-13_label_B1-0-0__7.npy,B1-0-0
Bad.Boys.1995__#01-07-01_01-08-13_label_B1-0-0__8.npy,B1-0-0
Bad.Boys.1995__#01-07-01_01-08-13_label_B1-0-0__9.npy,B1-0-0
Bad.Boys.1995__#01-21-35_01-22-25_label_B1-0-0__0.npy,B1-0-0
Bad.Boys.1995__#01-21-35_01-22-25_label_B1-0-0__1.npy,B1-0-0
Bad.Boys.1995__#01-21-35_01-22-25_label_B1-0-0__2.npy,B1-0-0
Bad.Boys.1995__#01-21-35_01-22-25_label_B1-0-0__3.npy,B1-0-0
Bad.Boys.1995__#01-21-35_01-22-25_label_B1-0-0__4.npy,B1-0-0
Bad.Boys.1995__#01-21-35_01-22-25_label_B1-0-0__5.npy,B1-0-0
Bad.Boys.1995__#01-21-35_01-22-25_label_B1-0-0__6.npy,B1-0-0
Bad.Boys.1995__#01-21-35_01-22-25_label_B1-0-0__7.npy,B1-0-0
Bad.Boys.1995__#01-21-35_01-22-25_label_B1-0-0__8.npy,B1-0-0
Bad.Boys.1995__#01-21-35_01-22-25_label_B1-0-0__9.npy,B1-0-0
Bad.Boys.II.2003__#01-29-04_01-30-03_label_B1-0-0__0.npy,B1-0-0
Bad.Boys.II.2003__#01-29-04_01-30-03_label_B1-0-0__1.npy,B1-0-0
Bad.Boys.II.2003__#01-29-04_01-30-03_label_B1-0-0__2.npy,B1-0-0
Bad.Boys.II.2003__#01-29-04_01-30-03_label_B1-0-0__3.npy,B1-0-0
Bad.Boys.II.2003__#01-29-04_01-30-03_label_B1-0-0__4.npy,B1-0-0
Bad.Boys.II.2003__#01-29-04_01-30-03_label_B1-0-0__5.npy,B1-0-0
Bad.Boys.II.2003__#01-29-04_01-30-03_label_B1-0-0__6.npy,B1-0-0
Bad.Boys.II.2003__#01-29-04_01-30-03_label_B1-0-0__7.npy,B1-0-0
Bad.Boys.II.2003__#01-29-04_01-30-03_label_B1-0-0__8.npy,B1-0-0
Bad.Boys.II.2003__#01-29-04_01-30-03_label_B1-0-0__9.npy,B1-0-0
Braveheart.1995__#00-49-00_00-52-55_label_B1-0-0__0.npy,B1-0-0
Braveheart.1995__#00-49-00_00-52-55_label_B1-0-0__1.npy,B1-0-0
Braveheart.1995__#00-49-00_00-52-55_label_B1-0-0__2.npy,B1-0-0
Braveheart.1995__#00-49-00_00-52-55_label_B1-0-0__3.npy,B1-0-0
Braveheart.1995__#00-49-00_00-52-55_label_B1-0-0__4.npy,B1-0-0
Braveheart.1995__#00-49-00_00-52-55_label_B1-0-0__5.npy,B1-0-0
Braveheart.1995__#00-49-00_00-52-55_label_B1-0-0__6.npy,B1-0-0
Braveheart.1995__#00-49-00_00-52-55_label_B1-0-0__7.npy,B1-0-0
Braveheart.1995__#00-49-00_00-52-55_label_B1-0-0__8.npy,B1-0-0
Braveheart.1995__#00-49-00_00-52-55_label_B1-0-0__9.npy,B1-0-0
Braveheart.1995__#00-58-01_01-00-01_label_B1-0-0__0.npy,B1-0-0
Braveheart.1995__#00-58-01_01-00-01_label_B1-0-0__1.npy,B1-0-0
Braveheart.1995__#00-58-01_01-00-01_label_B1-0-0__2.npy,B1-0-0
Braveheart.1995__#00-58-01_01-00-01_label_B1-0-0__3.npy,B1-0-0
Braveheart.1995__#00-58-01_01-00-01_label_B1-0-0__4.npy,B1-0-0
Braveheart.1995__#00-58-01_01-00-01_label_B1-0-0__5.npy,B1-0-0
Braveheart.1995__#00-58-01_01-00-01_label_B1-0-0__6.npy,B1-0-0
Braveheart.1995__#00-58-01_01-00-01_label_B1-0-0__7.npy,B1-0-0
Braveheart.1995__#00-58-01_01-00-01_label_B1-0-0__8.npy,B1-0-0
Braveheart.1995__#00-58-01_01-00-01_label_B1-0-0__9.npy,B1-0-0
Braveheart.1995__#01-23-50_01-25-30_label_B1-0-0__0.npy,B1-0-0
Braveheart.1995__#01-23-50_01-25-30_label_B1-0-0__1.npy,B1-0-0
Braveheart.1995__#01-23-50_01-25-30_label_B1-0-0__2.npy,B1-0-0
Braveheart.1995__#01-23-50_01-25-30_label_B1-0-0__3.npy,B1-0-0
Braveheart.1995__#01-23-50_01-25-30_label_B1-0-0__4.npy,B1-0-0
Braveheart.1995__#01-23-50_01-25-30_label_B1-0-0__5.npy,B1-0-0
Braveheart.1995__#01-23-50_01-25-30_label_B1-0-0__6.npy,B1-0-0
Braveheart.1995__#01-23-50_01-25-30_label_B1-0-0__7.npy,B1-0-0
Braveheart.1995__#01-23-50_01-25-30_label_B1-0-0__8.npy,B1-0-0
Braveheart.1995__#01-23-50_01-25-30_label_B1-0-0__9.npy,B1-0-0
Braveheart.1995__#01-38-50_01-39-49_label_B1-0-0__0.npy,B1-0-0
Braveheart.1995__#01-38-50_01-39-49_label_B1-0-0__1.npy,B1-0-0
Braveheart.1995__#01-38-50_01-39-49_label_B1-0-0__2.npy,B1-0-0
Braveheart.1995__#01-38-50_01-39-49_label_B1-0-0__3.npy,B1-0-0
Braveheart.1995__#01-38-50_01-39-49_label_B1-0-0__4.npy,B1-0-0
Braveheart.1995__#01-38-50_01-39-49_label_B1-0-0__5.npy,B1-0-0
Braveheart.1995__#01-38-50_01-39-49_label_B1-0-0__6.npy,B1-0-0
Braveheart.1995__#01-38-50_01-39-49_label_B1-0-0__7.npy,B1-0-0
Braveheart.1995__#01-38-50_01-39-49_label_B1-0-0__8.npy,B1-0-0
Braveheart.1995__#01-38-50_01-39-49_label_B1-0-0__9.npy,B1-0-0
Braveheart.1995__#02-01-31_02-04-10_label_B1-0-0__0.npy,B1-0-0
Braveheart.1995__#02-01-31_02-04-10_label_B1-0-0__1.npy,B1-0-0
Braveheart.1995__#02-01-31_02-04-10_label_B1-0-0__2.npy,B1-0-0
Braveheart.1995__#02-01-31_02-04-10_label_B1-0-0__3.npy,B1-0-0
Braveheart.1995__#02-01-31_02-04-10_label_B1-0-0__4.npy,B1-0-0
Braveheart.1995__#02-01-31_02-04-10_label_B1-0-0__5.npy,B1-0-0
Braveheart.1995__#02-01-31_02-04-10_label_B1-0-0__6.npy,B1-0-0
Braveheart.1995__#02-01-31_02-04-10_label_B1-0-0__7.npy,B1-0-0
Braveheart.1995__#02-01-31_02-04-10_label_B1-0-0__8.npy,B1-0-0
Braveheart.1995__#02-01-31_02-04-10_label_B1-0-0__9.npy,B1-0-0
Braveheart.1995__#02-04-30_02-05-30_label_B1-0-0__0.npy,B1-0-0
Braveheart.1995__#02-04-30_02-05-30_label_B1-0-0__1.npy,B1-0-0
Braveheart.1995__#02-04-30_02-05-30_label_B1-0-0__2.npy,B1-0-0
Braveheart.1995__#02-04-30_02-05-30_label_B1-0-0__3.npy,B1-0-0
Braveheart.1995__#02-04-30_02-05-30_label_B1-0-0__4.npy,B1-0-0
Braveheart.1995__#02-04-30_02-05-30_label_B1-0-0__5.npy,B1-0-0
Braveheart.1995__#02-04-30_02-05-30_label_B1-0-0__6.npy,B1-0-0
Braveheart.1995__#02-04-30_02-05-30_label_B1-0-0__7.npy,B1-0-0
Braveheart.1995__#02-04-30_02-05-30_label_B1-0-0__8.npy,B1-0-0
Braveheart.1995__#02-04-30_02-05-30_label_B1-0-0__9.npy,B1-0-0
Braveheart.1995__#02-14-41_02-16-20_label_B1-0-0__0.npy,B1-0-0
Braveheart.1995__#02-14-41_02-16-20_label_B1-0-0__1.npy,B1-0-0
Braveheart.1995__#02-14-41_02-16-20_label_B1-0-0__2.npy,B1-0-0
Braveheart.1995__#02-14-41_02-16-20_label_B1-0-0__3.npy,B1-0-0
Braveheart.1995__#02-14-41_02-16-20_label_B1-0-0__4.npy,B1-0-0
Braveheart.1995__#02-14-41_02-16-20_label_B1-0-0__5.npy,B1-0-0
Braveheart.1995__#02-14-41_02-16-20_label_B1-0-0__6.npy,B1-0-0
Braveheart.1995__#02-14-41_02-16-20_label_B1-0-0__7.npy,B1-0-0
Braveheart.1995__#02-14-41_02-16-20_label_B1-0-0__8.npy,B1-0-0
Braveheart.1995__#02-14-41_02-16-20_label_B1-0-0__9.npy,B1-0-0
Braveheart.1995__#02-19-30_02-20-55_label_B1-0-0__0.npy,B1-0-0
Braveheart.1995__#02-19-30_02-20-55_label_B1-0-0__1.npy,B1-0-0
Braveheart.1995__#02-19-30_02-20-55_label_B1-0-0__2.npy,B1-0-0
Braveheart.1995__#02-19-30_02-20-55_label_B1-0-0__3.npy,B1-0-0
Braveheart.1995__#02-19-30_02-20-55_label_B1-0-0__4.npy,B1-0-0
Braveheart.1995__#02-19-30_02-20-55_label_B1-0-0__5.npy,B1-0-0
Braveheart.1995__#02-19-30_02-20-55_label_B1-0-0__6.npy,B1-0-0
Braveheart.1995__#02-19-30_02-20-55_label_B1-0-0__7.npy,B1-0-0
Braveheart.1995__#02-19-30_02-20-55_label_B1-0-0__8.npy,B1-0-0
Braveheart.1995__#02-19-30_02-20-55_label_B1-0-0__9.npy,B1-0-0
Braveheart.1995__#02-28-15_02-29-59_label_B1-0-0__0.npy,B1-0-0
Braveheart.1995__#02-28-15_02-29-59_label_B1-0-0__1.npy,B1-0-0
Braveheart.1995__#02-28-15_02-29-59_label_B1-0-0__2.npy,B1-0-0
Braveheart.1995__#02-28-15_02-29-59_label_B1-0-0__3.npy,B1-0-0
Braveheart.1995__#02-28-15_02-29-59_label_B1-0-0__4.npy,B1-0-0
Braveheart.1995__#02-28-15_02-29-59_label_B1-0-0__5.npy,B1-0-0
Braveheart.1995__#02-28-15_02-29-59_label_B1-0-0__6.npy,B1-0-0
Braveheart.1995__#02-28-15_02-29-59_label_B1-0-0__7.npy,B1-0-0
Braveheart.1995__#02-28-15_02-29-59_label_B1-0-0__8.npy,B1-0-0
Braveheart.1995__#02-28-15_02-29-59_label_B1-0-0__9.npy,B1-0-0
Brick.Mansions.2014__#00-04-52_00-05-38_label_B1-0-0__0.npy,B1-0-0
Brick.Mansions.2014__#00-04-52_00-05-38_label_B1-0-0__1.npy,B1-0-0
Brick.Mansions.2014__#00-04-52_00-05-38_label_B1-0-0__2.npy,B1-0-0
Brick.Mansions.2014__#00-04-52_00-05-38_label_B1-0-0__3.npy,B1-0-0
Brick.Mansions.2014__#00-04-52_00-05-38_label_B1-0-0__4.npy,B1-0-0
Brick.Mansions.2014__#00-04-52_00-05-38_label_B1-0-0__5.npy,B1-0-0
Brick.Mansions.2014__#00-04-52_00-05-38_label_B1-0-0__6.npy,B1-0-0
Brick.Mansions.2014__#00-04-52_00-05-38_label_B1-0-0__7.npy,B1-0-0
Brick.Mansions.2014__#00-04-52_00-05-38_label_B1-0-0__8.npy,B1-0-0
Brick.Mansions.2014__#00-04-52_00-05-38_label_B1-0-0__9.npy,B1-0-0
Brick.Mansions.2014__#00-35-46_00-36-04_label_B1-0-0__0.npy,B1-0-0
Brick.Mansions.2014__#00-35-46_00-36-04_label_B1-0-0__1.npy,B1-0-0
Brick.Mansions.2014__#00-35-46_00-36-04_label_B1-0-0__2.npy,B1-0-0
Brick.Mansions.2014__#00-35-46_00-36-04_label_B1-0-0__3.npy,B1-0-0
Brick.Mansions.2014__#00-35-46_00-36-04_label_B1-0-0__4.npy,B1-0-0
Brick.Mansions.2014__#00-35-46_00-36-04_label_B1-0-0__5.npy,B1-0-0
Brick.Mansions.2014__#00-35-46_00-36-04_label_B1-0-0__6.npy,B1-0-0
Brick.Mansions.2014__#00-35-46_00-36-04_label_B1-0-0__7.npy,B1-0-0
Brick.Mansions.2014__#00-35-46_00-36-04_label_B1-0-0__8.npy,B1-0-0
Brick.Mansions.2014__#00-35-46_00-36-04_label_B1-0-0__9.npy,B1-0-0
Brick.Mansions.2014__#00-37-48_00-38-48_label_B1-0-0__0.npy,B1-0-0
Brick.Mansions.2014__#00-37-48_00-38-48_label_B1-0-0__1.npy,B1-0-0
Brick.Mansions.2014__#00-37-48_00-38-48_label_B1-0-0__2.npy,B1-0-0
Brick.Mansions.2014__#00-37-48_00-38-48_label_B1-0-0__3.npy,B1-0-0
Brick.Mansions.2014__#00-37-48_00-38-48_label_B1-0-0__4.npy,B1-0-0
Brick.Mansions.2014__#00-37-48_00-38-48_label_B1-0-0__5.npy,B1-0-0
Brick.Mansions.2014__#00-37-48_00-38-48_label_B1-0-0__6.npy,B1-0-0
Brick.Mansions.2014__#00-37-48_00-38-48_label_B1-0-0__7.npy,B1-0-0
Brick.Mansions.2014__#00-37-48_00-38-48_label_B1-0-0__8.npy,B1-0-0
Brick.Mansions.2014__#00-37-48_00-38-48_label_B1-0-0__9.npy,B1-0-0
Brick.Mansions.2014__#00-44-28_00-44-46_label_B1-0-0__0.npy,B1-0-0
Brick.Mansions.2014__#00-44-28_00-44-46_label_B1-0-0__1.npy,B1-0-0
Brick.Mansions.2014__#00-44-28_00-44-46_label_B1-0-0__2.npy,B1-0-0
Brick.Mansions.2014__#00-44-28_00-44-46_label_B1-0-0__3.npy,B1-0-0
Brick.Mansions.2014__#00-44-28_00-44-46_label_B1-0-0__4.npy,B1-0-0
Brick.Mansions.2014__#00-44-28_00-44-46_label_B1-0-0__5.npy,B1-0-0
Brick.Mansions.2014__#00-44-28_00-44-46_label_B1-0-0__6.npy,B1-0-0
Brick.Mansions.2014__#00-44-28_00-44-46_label_B1-0-0__7.npy,B1-0-0
Brick.Mansions.2014__#00-44-28_00-44-46_label_B1-0-0__8.npy,B1-0-0
Brick.Mansions.2014__#00-44-28_00-44-46_label_B1-0-0__9.npy,B1-0-0
Brick.Mansions.2014__#00-47-11_00-48-52_label_B1-0-0__0.npy,B1-0-0
Brick.Mansions.2014__#00-47-11_00-48-52_label_B1-0-0__1.npy,B1-0-0
Brick.Mansions.2014__#00-47-11_00-48-52_label_B1-0-0__2.npy,B1-0-0
Brick.Mansions.2014__#00-47-11_00-48-52_label_B1-0-0__3.npy,B1-0-0
Brick.Mansions.2014__#00-47-11_00-48-52_label_B1-0-0__4.npy,B1-0-0
Brick.Mansions.2014__#00-47-11_00-48-52_label_B1-0-0__5.npy,B1-0-0
Brick.Mansions.2014__#00-47-11_00-48-52_label_B1-0-0__6.npy,B1-0-0
Brick.Mansions.2014__#00-47-11_00-48-52_label_B1-0-0__7.npy,B1-0-0
Brick.Mansions.2014__#00-47-11_00-48-52_label_B1-0-0__8.npy,B1-0-0
Brick.Mansions.2014__#00-47-11_00-48-52_label_B1-0-0__9.npy,B1-0-0
Brick.Mansions.2014__#00-59-15_00-59-39_label_B1-0-0__0.npy,B1-0-0
Brick.Mansions.2014__#00-59-15_00-59-39_label_B1-0-0__1.npy,B1-0-0
Brick.Mansions.2014__#00-59-15_00-59-39_label_B1-0-0__2.npy,B1-0-0
Brick.Mansions.2014__#00-59-15_00-59-39_label_B1-0-0__3.npy,B1-0-0
Brick.Mansions.2014__#00-59-15_00-59-39_label_B1-0-0__4.npy,B1-0-0
Brick.Mansions.2014__#00-59-15_00-59-39_label_B1-0-0__5.npy,B1-0-0
Brick.Mansions.2014__#00-59-15_00-59-39_label_B1-0-0__6.npy,B1-0-0
Brick.Mansions.2014__#00-59-15_00-59-39_label_B1-0-0__7.npy,B1-0-0
Brick.Mansions.2014__#00-59-15_00-59-39_label_B1-0-0__8.npy,B1-0-0
Brick.Mansions.2014__#00-59-15_00-59-39_label_B1-0-0__9.npy,B1-0-0
Brick.Mansions.2014__#01-02-45_01-03-18_label_B1-0-0__0.npy,B1-0-0
Brick.Mansions.2014__#01-02-45_01-03-18_label_B1-0-0__1.npy,B1-0-0
Brick.Mansions.2014__#01-02-45_01-03-18_label_B1-0-0__2.npy,B1-0-0
Brick.Mansions.2014__#01-02-45_01-03-18_label_B1-0-0__3.npy,B1-0-0
Brick.Mansions.2014__#01-02-45_01-03-18_label_B1-0-0__4.npy,B1-0-0
Brick.Mansions.2014__#01-02-45_01-03-18_label_B1-0-0__5.npy,B1-0-0
Brick.Mansions.2014__#01-02-45_01-03-18_label_B1-0-0__6.npy,B1-0-0
Brick.Mansions.2014__#01-02-45_01-03-18_label_B1-0-0__7.npy,B1-0-0
Brick.Mansions.2014__#01-02-45_01-03-18_label_B1-0-0__8.npy,B1-0-0
Brick.Mansions.2014__#01-02-45_01-03-18_label_B1-0-0__9.npy,B1-0-0
Brick.Mansions.2014__#01-09-47_01-11-55_label_B1-0-0__0.npy,B1-0-0
Brick.Mansions.2014__#01-09-47_01-11-55_label_B1-0-0__1.npy,B1-0-0
Brick.Mansions.2014__#01-09-47_01-11-55_label_B1-0-0__2.npy,B1-0-0
Brick.Mansions.2014__#01-09-47_01-11-55_label_B1-0-0__3.npy,B1-0-0
Brick.Mansions.2014__#01-09-47_01-11-55_label_B1-0-0__4.npy,B1-0-0
Brick.Mansions.2014__#01-09-47_01-11-55_label_B1-0-0__5.npy,B1-0-0
Brick.Mansions.2014__#01-09-47_01-11-55_label_B1-0-0__6.npy,B1-0-0
Brick.Mansions.2014__#01-09-47_01-11-55_label_B1-0-0__7.npy,B1-0-0
Brick.Mansions.2014__#01-09-47_01-11-55_label_B1-0-0__8.npy,B1-0-0
Brick.Mansions.2014__#01-09-47_01-11-55_label_B1-0-0__9.npy,B1-0-0
Brick.Mansions.2014__#01-15-01_01-16-45_label_B1-0-0__0.npy,B1-0-0
Brick.Mansions.2014__#01-15-01_01-16-45_label_B1-0-0__1.npy,B1-0-0
Brick.Mansions.2014__#01-15-01_01-16-45_label_B1-0-0__2.npy,B1-0-0
Brick.Mansions.2014__#01-15-01_01-16-45_label_B1-0-0__3.npy,B1-0-0
Brick.Mansions.2014__#01-15-01_01-16-45_label_B1-0-0__4.npy,B1-0-0
Brick.Mansions.2014__#01-15-01_01-16-45_label_B1-0-0__5.npy,B1-0-0
Brick.Mansions.2014__#01-15-01_01-16-45_label_B1-0-0__6.npy,B1-0-0
Brick.Mansions.2014__#01-15-01_01-16-45_label_B1-0-0__7.npy,B1-0-0
Brick.Mansions.2014__#01-15-01_01-16-45_label_B1-0-0__8.npy,B1-0-0
Brick.Mansions.2014__#01-15-01_01-16-45_label_B1-0-0__9.npy,B1-0-0
Bullet.in.the.Head.1990__#00-02-50_00-03-55_label_B1-0-0__0.npy,B1-0-0
Bullet.in.the.Head.1990__#00-02-50_00-03-55_label_B1-0-0__1.npy,B1-0-0
Bullet.in.the.Head.1990__#00-02-50_00-03-55_label_B1-0-0__2.npy,B1-0-0
Bullet.in.the.Head.1990__#00-02-50_00-03-55_label_B1-0-0__3.npy,B1-0-0
Bullet.in.the.Head.1990__#00-02-50_00-03-55_label_B1-0-0__4.npy,B1-0-0
Bullet.in.the.Head.1990__#00-02-50_00-03-55_label_B1-0-0__5.npy,B1-0-0
Bullet.in.the.Head.1990__#00-02-50_00-03-55_label_B1-0-0__6.npy,B1-0-0
Bullet.in.the.Head.1990__#00-02-50_00-03-55_label_B1-0-0__7.npy,B1-0-0
Bullet.in.the.Head.1990__#00-02-50_00-03-55_label_B1-0-0__8.npy,B1-0-0
Bullet.in.the.Head.1990__#00-02-50_00-03-55_label_B1-0-0__9.npy,B1-0-0
Bullet.in.the.Head.1990__#00-04-41_00-06-12_label_B1-0-0__0.npy,B1-0-0
Bullet.in.the.Head.1990__#00-04-41_00-06-12_label_B1-0-0__1.npy,B1-0-0
Bullet.in.the.Head.1990__#00-04-41_00-06-12_label_B1-0-0__2.npy,B1-0-0
Bullet.in.the.Head.1990__#00-04-41_00-06-12_label_B1-0-0__3.npy,B1-0-0
Bullet.in.the.Head.1990__#00-04-41_00-06-12_label_B1-0-0__4.npy,B1-0-0
Bullet.in.the.Head.1990__#00-04-41_00-06-12_label_B1-0-0__5.npy,B1-0-0
Bullet.in.the.Head.1990__#00-04-41_00-06-12_label_B1-0-0__6.npy,B1-0-0
Bullet.in.the.Head.1990__#00-04-41_00-06-12_label_B1-0-0__7.npy,B1-0-0
Bullet.in.the.Head.1990__#00-04-41_00-06-12_label_B1-0-0__8.npy,B1-0-0
Bullet.in.the.Head.1990__#00-04-41_00-06-12_label_B1-0-0__9.npy,B1-0-0
Bullet.in.the.Head.1990__#00-10-30_00-11-45_label_B1-0-0__0.npy,B1-0-0
Bullet.in.the.Head.1990__#00-10-30_00-11-45_label_B1-0-0__1.npy,B1-0-0
Bullet.in.the.Head.1990__#00-10-30_00-11-45_label_B1-0-0__2.npy,B1-0-0
Bullet.in.the.Head.1990__#00-10-30_00-11-45_label_B1-0-0__3.npy,B1-0-0
Bullet.in.the.Head.1990__#00-10-30_00-11-45_label_B1-0-0__4.npy,B1-0-0
Bullet.in.the.Head.1990__#00-10-30_00-11-45_label_B1-0-0__5.npy,B1-0-0
Bullet.in.the.Head.1990__#00-10-30_00-11-45_label_B1-0-0__6.npy,B1-0-0
Bullet.in.the.Head.1990__#00-10-30_00-11-45_label_B1-0-0__7.npy,B1-0-0
Bullet.in.the.Head.1990__#00-10-30_00-11-45_label_B1-0-0__8.npy,B1-0-0
Bullet.in.the.Head.1990__#00-10-30_00-11-45_label_B1-0-0__9.npy,B1-0-0
Casino.Royale.2006__#00-01-52_00-02-13_label_B1-0-0__0.npy,B1-0-0
Casino.Royale.2006__#00-01-52_00-02-13_label_B1-0-0__1.npy,B1-0-0
Casino.Royale.2006__#00-01-52_00-02-13_label_B1-0-0__2.npy,B1-0-0
Casino.Royale.2006__#00-01-52_00-02-13_label_B1-0-0__3.npy,B1-0-0
Casino.Royale.2006__#00-01-52_00-02-13_label_B1-0-0__4.npy,B1-0-0
Casino.Royale.2006__#00-01-52_00-02-13_label_B1-0-0__5.npy,B1-0-0
Casino.Royale.2006__#00-01-52_00-02-13_label_B1-0-0__6.npy,B1-0-0
Casino.Royale.2006__#00-01-52_00-02-13_label_B1-0-0__7.npy,B1-0-0
Casino.Royale.2006__#00-01-52_00-02-13_label_B1-0-0__8.npy,B1-0-0
Casino.Royale.2006__#00-01-52_00-02-13_label_B1-0-0__9.npy,B1-0-0
Casino.Royale.2006__#00-13-56_00-14-44_label_B1-0-0__0.npy,B1-0-0
Casino.Royale.2006__#00-13-56_00-14-44_label_B1-0-0__1.npy,B1-0-0
Casino.Royale.2006__#00-13-56_00-14-44_label_B1-0-0__2.npy,B1-0-0
Casino.Royale.2006__#00-13-56_00-14-44_label_B1-0-0__3.npy,B1-0-0
Casino.Royale.2006__#00-13-56_00-14-44_label_B1-0-0__4.npy,B1-0-0
Casino.Royale.2006__#00-13-56_00-14-44_label_B1-0-0__5.npy,B1-0-0
Casino.Royale.2006__#00-13-56_00-14-44_label_B1-0-0__6.npy,B1-0-0
Casino.Royale.2006__#00-13-56_00-14-44_label_B1-0-0__7.npy,B1-0-0
Casino.Royale.2006__#00-13-56_00-14-44_label_B1-0-0__8.npy,B1-0-0
Casino.Royale.2006__#00-13-56_00-14-44_label_B1-0-0__9.npy,B1-0-0
City.Of.Men.2007__#00-11-30_00-12-02_label_B1-0-0__0.npy,B1-0-0
City.Of.Men.2007__#00-11-30_00-12-02_label_B1-0-0__1.npy,B1-0-0
City.Of.Men.2007__#00-11-30_00-12-02_label_B1-0-0__2.npy,B1-0-0
City.Of.Men.2007__#00-11-30_00-12-02_label_B1-0-0__3.npy,B1-0-0
City.Of.Men.2007__#00-11-30_00-12-02_label_B1-0-0__4.npy,B1-0-0
City.Of.Men.2007__#00-11-30_00-12-02_label_B1-0-0__5.npy,B1-0-0
City.Of.Men.2007__#00-11-30_00-12-02_label_B1-0-0__6.npy,B1-0-0
City.Of.Men.2007__#00-11-30_00-12-02_label_B1-0-0__7.npy,B1-0-0
City.Of.Men.2007__#00-11-30_00-12-02_label_B1-0-0__8.npy,B1-0-0
City.Of.Men.2007__#00-11-30_00-12-02_label_B1-0-0__9.npy,B1-0-0
City.Of.Men.2007__#00-24-29_00-25-30_label_B1-0-0__0.npy,B1-0-0
City.Of.Men.2007__#00-24-29_00-25-30_label_B1-0-0__1.npy,B1-0-0
City.Of.Men.2007__#00-24-29_00-25-30_label_B1-0-0__2.npy,B1-0-0
City.Of.Men.2007__#00-24-29_00-25-30_label_B1-0-0__3.npy,B1-0-0
City.Of.Men.2007__#00-24-29_00-25-30_label_B1-0-0__4.npy,B1-0-0
City.Of.Men.2007__#00-24-29_00-25-30_label_B1-0-0__5.npy,B1-0-0
City.Of.Men.2007__#00-24-29_00-25-30_label_B1-0-0__6.npy,B1-0-0
City.Of.Men.2007__#00-24-29_00-25-30_label_B1-0-0__7.npy,B1-0-0
City.Of.Men.2007__#00-24-29_00-25-30_label_B1-0-0__8.npy,B1-0-0
City.Of.Men.2007__#00-24-29_00-25-30_label_B1-0-0__9.npy,B1-0-0
City.of.God.2002__#00-06-10_00-07-01_label_B1-0-0__0.npy,B1-0-0
City.of.God.2002__#00-06-10_00-07-01_label_B1-0-0__1.npy,B1-0-0
City.of.God.2002__#00-06-10_00-07-01_label_B1-0-0__2.npy,B1-0-0
City.of.God.2002__#00-06-10_00-07-01_label_B1-0-0__3.npy,B1-0-0
City.of.God.2002__#00-06-10_00-07-01_label_B1-0-0__4.npy,B1-0-0
City.of.God.2002__#00-06-10_00-07-01_label_B1-0-0__5.npy,B1-0-0
City.of.God.2002__#00-06-10_00-07-01_label_B1-0-0__6.npy,B1-0-0
City.of.God.2002__#00-06-10_00-07-01_label_B1-0-0__7.npy,B1-0-0
City.of.God.2002__#00-06-10_00-07-01_label_B1-0-0__8.npy,B1-0-0
City.of.God.2002__#00-06-10_00-07-01_label_B1-0-0__9.npy,B1-0-0
City.of.God.2002__#01-23-10_01-24-00_label_B1-0-0__0.npy,B1-0-0
City.of.God.2002__#01-23-10_01-24-00_label_B1-0-0__1.npy,B1-0-0
City.of.God.2002__#01-23-10_01-24-00_label_B1-0-0__2.npy,B1-0-0
City.of.God.2002__#01-23-10_01-24-00_label_B1-0-0__3.npy,B1-0-0
City.of.God.2002__#01-23-10_01-24-00_label_B1-0-0__4.npy,B1-0-0
City.of.God.2002__#01-23-10_01-24-00_label_B1-0-0__5.npy,B1-0-0
City.of.God.2002__#01-23-10_01-24-00_label_B1-0-0__6.npy,B1-0-0
City.of.God.2002__#01-23-10_01-24-00_label_B1-0-0__7.npy,B1-0-0
City.of.God.2002__#01-23-10_01-24-00_label_B1-0-0__8.npy,B1-0-0
City.of.God.2002__#01-23-10_01-24-00_label_B1-0-0__9.npy,B1-0-0
Deadpool.2.2018__#0-57-55_0-59-15_label_B1-0-0__0.npy,B1-0-0
Deadpool.2.2018__#0-57-55_0-59-15_label_B1-0-0__1.npy,B1-0-0
Deadpool.2.2018__#0-57-55_0-59-15_label_B1-0-0__2.npy,B1-0-0
Deadpool.2.2018__#0-57-55_0-59-15_label_B1-0-0__3.npy,B1-0-0
Deadpool.2.2018__#0-57-55_0-59-15_label_B1-0-0__4.npy,B1-0-0
Deadpool.2.2018__#0-57-55_0-59-15_label_B1-0-0__5.npy,B1-0-0
Deadpool.2.2018__#0-57-55_0-59-15_label_B1-0-0__6.npy,B1-0-0
Deadpool.2.2018__#0-57-55_0-59-15_label_B1-0-0__7.npy,B1-0-0
Deadpool.2.2018__#0-57-55_0-59-15_label_B1-0-0__8.npy,B1-0-0
Deadpool.2.2018__#0-57-55_0-59-15_label_B1-0-0__9.npy,B1-0-0
Deadpool.2.2018__#01-42-58_01-43-15_label_B1-0-0__0.npy,B1-0-0
Deadpool.2.2018__#01-42-58_01-43-15_label_B1-0-0__1.npy,B1-0-0
Deadpool.2.2018__#01-42-58_01-43-15_label_B1-0-0__2.npy,B1-0-0
Deadpool.2.2018__#01-42-58_01-43-15_label_B1-0-0__3.npy,B1-0-0
Deadpool.2.2018__#01-42-58_01-43-15_label_B1-0-0__4.npy,B1-0-0
Deadpool.2.2018__#01-42-58_01-43-15_label_B1-0-0__5.npy,B1-0-0
Deadpool.2.2018__#01-42-58_01-43-15_label_B1-0-0__6.npy,B1-0-0
Deadpool.2.2018__#01-42-58_01-43-15_label_B1-0-0__7.npy,B1-0-0
Deadpool.2.2018__#01-42-58_01-43-15_label_B1-0-0__8.npy,B1-0-0
Deadpool.2.2018__#01-42-58_01-43-15_label_B1-0-0__9.npy,B1-0-0
Deadpool.2016__#0-13-36_0-14-22_label_B1-0-0__0.npy,B1-0-0
Deadpool.2016__#0-13-36_0-14-22_label_B1-0-0__1.npy,B1-0-0
Deadpool.2016__#0-13-36_0-14-22_label_B1-0-0__2.npy,B1-0-0
Deadpool.2016__#0-13-36_0-14-22_label_B1-0-0__3.npy,B1-0-0
Deadpool.2016__#0-13-36_0-14-22_label_B1-0-0__4.npy,B1-0-0
Deadpool.2016__#0-13-36_0-14-22_label_B1-0-0__5.npy,B1-0-0
Deadpool.2016__#0-13-36_0-14-22_label_B1-0-0__6.npy,B1-0-0
Deadpool.2016__#0-13-36_0-14-22_label_B1-0-0__7.npy,B1-0-0
Deadpool.2016__#0-13-36_0-14-22_label_B1-0-0__8.npy,B1-0-0
Deadpool.2016__#0-13-36_0-14-22_label_B1-0-0__9.npy,B1-0-0
Deadpool.2016__#0-28-34_0-29-54_label_B1-0-0__0.npy,B1-0-0
Deadpool.2016__#0-28-34_0-29-54_label_B1-0-0__1.npy,B1-0-0
Deadpool.2016__#0-28-34_0-29-54_label_B1-0-0__2.npy,B1-0-0
Deadpool.2016__#0-28-34_0-29-54_label_B1-0-0__3.npy,B1-0-0
Deadpool.2016__#0-28-34_0-29-54_label_B1-0-0__4.npy,B1-0-0
Deadpool.2016__#0-28-34_0-29-54_label_B1-0-0__5.npy,B1-0-0
Deadpool.2016__#0-28-34_0-29-54_label_B1-0-0__6.npy,B1-0-0
Deadpool.2016__#0-28-34_0-29-54_label_B1-0-0__7.npy,B1-0-0
Deadpool.2016__#0-28-34_0-29-54_label_B1-0-0__8.npy,B1-0-0
Deadpool.2016__#0-28-34_0-29-54_label_B1-0-0__9.npy,B1-0-0
Deadpool.2016__#0-53-31_0-55-31_label_B1-0-0__0.npy,B1-0-0
Deadpool.2016__#0-53-31_0-55-31_label_B1-0-0__1.npy,B1-0-0
Deadpool.2016__#0-53-31_0-55-31_label_B1-0-0__2.npy,B1-0-0
Deadpool.2016__#0-53-31_0-55-31_label_B1-0-0__3.npy,B1-0-0
Deadpool.2016__#0-53-31_0-55-31_label_B1-0-0__4.npy,B1-0-0
Deadpool.2016__#0-53-31_0-55-31_label_B1-0-0__5.npy,B1-0-0
Deadpool.2016__#0-53-31_0-55-31_label_B1-0-0__6.npy,B1-0-0
Deadpool.2016__#0-53-31_0-55-31_label_B1-0-0__7.npy,B1-0-0
Deadpool.2016__#0-53-31_0-55-31_label_B1-0-0__8.npy,B1-0-0
Deadpool.2016__#0-53-31_0-55-31_label_B1-0-0__9.npy,B1-0-0
Deadpool.2016__#01-00-11_01-00-24_label_B1-0-0__0.npy,B1-0-0
Deadpool.2016__#01-00-11_01-00-24_label_B1-0-0__1.npy,B1-0-0
Deadpool.2016__#01-00-11_01-00-24_label_B1-0-0__2.npy,B1-0-0
Deadpool.2016__#01-00-11_01-00-24_label_B1-0-0__3.npy,B1-0-0
Deadpool.2016__#01-00-11_01-00-24_label_B1-0-0__4.npy,B1-0-0
Deadpool.2016__#01-00-11_01-00-24_label_B1-0-0__5.npy,B1-0-0
Deadpool.2016__#01-00-11_01-00-24_label_B1-0-0__6.npy,B1-0-0
Deadpool.2016__#01-00-11_01-00-24_label_B1-0-0__7.npy,B1-0-0
Deadpool.2016__#01-00-11_01-00-24_label_B1-0-0__8.npy,B1-0-0
Deadpool.2016__#01-00-11_01-00-24_label_B1-0-0__9.npy,B1-0-0
Deadpool.2016__#01-01-44_01-01-54_label_B1-0-0__0.npy,B1-0-0
Deadpool.2016__#01-01-44_01-01-54_label_B1-0-0__1.npy,B1-0-0
Deadpool.2016__#01-01-44_01-01-54_label_B1-0-0__2.npy,B1-0-0
Deadpool.2016__#01-01-44_01-01-54_label_B1-0-0__3.npy,B1-0-0
Deadpool.2016__#01-01-44_01-01-54_label_B1-0-0__4.npy,B1-0-0
Deadpool.2016__#01-01-44_01-01-54_label_B1-0-0__5.npy,B1-0-0
Deadpool.2016__#01-01-44_01-01-54_label_B1-0-0__6.npy,B1-0-0
Deadpool.2016__#01-01-44_01-01-54_label_B1-0-0__7.npy,B1-0-0
Deadpool.2016__#01-01-44_01-01-54_label_B1-0-0__8.npy,B1-0-0
Deadpool.2016__#01-01-44_01-01-54_label_B1-0-0__9.npy,B1-0-0
Deadpool.2016__#01-27-52_01-28-33_label_B1-0-0__0.npy,B1-0-0
Deadpool.2016__#01-27-52_01-28-33_label_B1-0-0__1.npy,B1-0-0
Deadpool.2016__#01-27-52_01-28-33_label_B1-0-0__2.npy,B1-0-0
Deadpool.2016__#01-27-52_01-28-33_label_B1-0-0__3.npy,B1-0-0
Deadpool.2016__#01-27-52_01-28-33_label_B1-0-0__4.npy,B1-0-0
Deadpool.2016__#01-27-52_01-28-33_label_B1-0-0__5.npy,B1-0-0
Deadpool.2016__#01-27-52_01-28-33_label_B1-0-0__6.npy,B1-0-0
Deadpool.2016__#01-27-52_01-28-33_label_B1-0-0__7.npy,B1-0-0
Deadpool.2016__#01-27-52_01-28-33_label_B1-0-0__8.npy,B1-0-0
Deadpool.2016__#01-27-52_01-28-33_label_B1-0-0__9.npy,B1-0-0
Deadpool.2016__#01-28-50_01-29-52_label_B1-0-0__0.npy,B1-0-0
Deadpool.2016__#01-28-50_01-29-52_label_B1-0-0__1.npy,B1-0-0
Deadpool.2016__#01-28-50_01-29-52_label_B1-0-0__2.npy,B1-0-0
Deadpool.2016__#01-28-50_01-29-52_label_B1-0-0__3.npy,B1-0-0
Deadpool.2016__#01-28-50_01-29-52_label_B1-0-0__4.npy,B1-0-0
Deadpool.2016__#01-28-50_01-29-52_label_B1-0-0__5.npy,B1-0-0
Deadpool.2016__#01-28-50_01-29-52_label_B1-0-0__6.npy,B1-0-0
Deadpool.2016__#01-28-50_01-29-52_label_B1-0-0__7.npy,B1-0-0
Deadpool.2016__#01-28-50_01-29-52_label_B1-0-0__8.npy,B1-0-0
Deadpool.2016__#01-28-50_01-29-52_label_B1-0-0__9.npy,B1-0-0
Deadpool.2016__#01-33-21_01-34-25_label_B1-0-0__0.npy,B1-0-0
Deadpool.2016__#01-33-21_01-34-25_label_B1-0-0__1.npy,B1-0-0
Deadpool.2016__#01-33-21_01-34-25_label_B1-0-0__2.npy,B1-0-0
Deadpool.2016__#01-33-21_01-34-25_label_B1-0-0__3.npy,B1-0-0
Deadpool.2016__#01-33-21_01-34-25_label_B1-0-0__4.npy,B1-0-0
Deadpool.2016__#01-33-21_01-34-25_label_B1-0-0__5.npy,B1-0-0
Deadpool.2016__#01-33-21_01-34-25_label_B1-0-0__6.npy,B1-0-0
Deadpool.2016__#01-33-21_01-34-25_label_B1-0-0__7.npy,B1-0-0
Deadpool.2016__#01-33-21_01-34-25_label_B1-0-0__8.npy,B1-0-0
Deadpool.2016__#01-33-21_01-34-25_label_B1-0-0__9.npy,B1-0-0
Election.2005__#00-28-03_00-29-17_label_B1-0-0__0.npy,B1-0-0
Election.2005__#00-28-03_00-29-17_label_B1-0-0__1.npy,B1-0-0
Election.2005__#00-28-03_00-29-17_label_B1-0-0__2.npy,B1-0-0
Election.2005__#00-28-03_00-29-17_label_B1-0-0__3.npy,B1-0-0
Election.2005__#00-28-03_00-29-17_label_B1-0-0__4.npy,B1-0-0
Election.2005__#00-28-03_00-29-17_label_B1-0-0__5.npy,B1-0-0
Election.2005__#00-28-03_00-29-17_label_B1-0-0__6.npy,B1-0-0
Election.2005__#00-28-03_00-29-17_label_B1-0-0__7.npy,B1-0-0
Election.2005__#00-28-03_00-29-17_label_B1-0-0__8.npy,B1-0-0
Election.2005__#00-28-03_00-29-17_label_B1-0-0__9.npy,B1-0-0
Election.2005__#01-08-01_01-09-04_label_B1-0-0__0.npy,B1-0-0
Election.2005__#01-08-01_01-09-04_label_B1-0-0__1.npy,B1-0-0
Election.2005__#01-08-01_01-09-04_label_B1-0-0__2.npy,B1-0-0
Election.2005__#01-08-01_01-09-04_label_B1-0-0__3.npy,B1-0-0
Election.2005__#01-08-01_01-09-04_label_B1-0-0__4.npy,B1-0-0
Election.2005__#01-08-01_01-09-04_label_B1-0-0__5.npy,B1-0-0
Election.2005__#01-08-01_01-09-04_label_B1-0-0__6.npy,B1-0-0
Election.2005__#01-08-01_01-09-04_label_B1-0-0__7.npy,B1-0-0
Election.2005__#01-08-01_01-09-04_label_B1-0-0__8.npy,B1-0-0
Election.2005__#01-08-01_01-09-04_label_B1-0-0__9.npy,B1-0-0
Fast.Five.2011__#00-31-50_00-32-05_label_B1-0-0__0.npy,B1-0-0
Fast.Five.2011__#00-31-50_00-32-05_label_B1-0-0__1.npy,B1-0-0
Fast.Five.2011__#00-31-50_00-32-05_label_B1-0-0__2.npy,B1-0-0
Fast.Five.2011__#00-31-50_00-32-05_label_B1-0-0__3.npy,B1-0-0
Fast.Five.2011__#00-31-50_00-32-05_label_B1-0-0__4.npy,B1-0-0
Fast.Five.2011__#00-31-50_00-32-05_label_B1-0-0__5.npy,B1-0-0
Fast.Five.2011__#00-31-50_00-32-05_label_B1-0-0__6.npy,B1-0-0
Fast.Five.2011__#00-31-50_00-32-05_label_B1-0-0__7.npy,B1-0-0
Fast.Five.2011__#00-31-50_00-32-05_label_B1-0-0__8.npy,B1-0-0
Fast.Five.2011__#00-31-50_00-32-05_label_B1-0-0__9.npy,B1-0-0
Fast.Five.2011__#00-49-45_00-49-58_label_B1-0-0__0.npy,B1-0-0
Fast.Five.2011__#00-49-45_00-49-58_label_B1-0-0__1.npy,B1-0-0
Fast.Five.2011__#00-49-45_00-49-58_label_B1-0-0__2.npy,B1-0-0
Fast.Five.2011__#00-49-45_00-49-58_label_B1-0-0__3.npy,B1-0-0
Fast.Five.2011__#00-49-45_00-49-58_label_B1-0-0__4.npy,B1-0-0
Fast.Five.2011__#00-49-45_00-49-58_label_B1-0-0__5.npy,B1-0-0
Fast.Five.2011__#00-49-45_00-49-58_label_B1-0-0__6.npy,B1-0-0
Fast.Five.2011__#00-49-45_00-49-58_label_B1-0-0__7.npy,B1-0-0
Fast.Five.2011__#00-49-45_00-49-58_label_B1-0-0__8.npy,B1-0-0
Fast.Five.2011__#00-49-45_00-49-58_label_B1-0-0__9.npy,B1-0-0
Fast.Furious.2009__#00-29-26_00-30-14_label_B1-0-0__0.npy,B1-0-0
Fast.Furious.2009__#00-29-26_00-30-14_label_B1-0-0__1.npy,B1-0-0
Fast.Furious.2009__#00-29-26_00-30-14_label_B1-0-0__2.npy,B1-0-0
Fast.Furious.2009__#00-29-26_00-30-14_label_B1-0-0__3.npy,B1-0-0
Fast.Furious.2009__#00-29-26_00-30-14_label_B1-0-0__4.npy,B1-0-0
Fast.Furious.2009__#00-29-26_00-30-14_label_B1-0-0__5.npy,B1-0-0
Fast.Furious.2009__#00-29-26_00-30-14_label_B1-0-0__6.npy,B1-0-0
Fast.Furious.2009__#00-29-26_00-30-14_label_B1-0-0__7.npy,B1-0-0
Fast.Furious.2009__#00-29-26_00-30-14_label_B1-0-0__8.npy,B1-0-0
Fast.Furious.2009__#00-29-26_00-30-14_label_B1-0-0__9.npy,B1-0-0
Fast.Furious.2009__#01-10-19_01-11-25_label_B1-0-0__0.npy,B1-0-0
Fast.Furious.2009__#01-10-19_01-11-25_label_B1-0-0__1.npy,B1-0-0
Fast.Furious.2009__#01-10-19_01-11-25_label_B1-0-0__2.npy,B1-0-0
Fast.Furious.2009__#01-10-19_01-11-25_label_B1-0-0__3.npy,B1-0-0
Fast.Furious.2009__#01-10-19_01-11-25_label_B1-0-0__4.npy,B1-0-0
Fast.Furious.2009__#01-10-19_01-11-25_label_B1-0-0__5.npy,B1-0-0
Fast.Furious.2009__#01-10-19_01-11-25_label_B1-0-0__6.npy,B1-0-0
Fast.Furious.2009__#01-10-19_01-11-25_label_B1-0-0__7.npy,B1-0-0
Fast.Furious.2009__#01-10-19_01-11-25_label_B1-0-0__8.npy,B1-0-0
Fast.Furious.2009__#01-10-19_01-11-25_label_B1-0-0__9.npy,B1-0-0
Fast.Furious.6.2013__#00-05-45_00-06-35_label_B1-0-0__0.npy,B1-0-0
Fast.Furious.6.2013__#00-05-45_00-06-35_label_B1-0-0__1.npy,B1-0-0
Fast.Furious.6.2013__#00-05-45_00-06-35_label_B1-0-0__2.npy,B1-0-0
Fast.Furious.6.2013__#00-05-45_00-06-35_label_B1-0-0__3.npy,B1-0-0
Fast.Furious.6.2013__#00-05-45_00-06-35_label_B1-0-0__4.npy,B1-0-0
Fast.Furious.6.2013__#00-05-45_00-06-35_label_B1-0-0__5.npy,B1-0-0
Fast.Furious.6.2013__#00-05-45_00-06-35_label_B1-0-0__6.npy,B1-0-0
Fast.Furious.6.2013__#00-05-45_00-06-35_label_B1-0-0__7.npy,B1-0-0
Fast.Furious.6.2013__#00-05-45_00-06-35_label_B1-0-0__8.npy,B1-0-0
Fast.Furious.6.2013__#00-05-45_00-06-35_label_B1-0-0__9.npy,B1-0-0
Fast.Furious.6.2013__#00-41-00_00-41-40_label_B1-0-0__0.npy,B1-0-0
Fast.Furious.6.2013__#00-41-00_00-41-40_label_B1-0-0__1.npy,B1-0-0
Fast.Furious.6.2013__#00-41-00_00-41-40_label_B1-0-0__2.npy,B1-0-0
Fast.Furious.6.2013__#00-41-00_00-41-40_label_B1-0-0__3.npy,B1-0-0
Fast.Furious.6.2013__#00-41-00_00-41-40_label_B1-0-0__4.npy,B1-0-0
Fast.Furious.6.2013__#00-41-00_00-41-40_label_B1-0-0__5.npy,B1-0-0
Fast.Furious.6.2013__#00-41-00_00-41-40_label_B1-0-0__6.npy,B1-0-0
Fast.Furious.6.2013__#00-41-00_00-41-40_label_B1-0-0__7.npy,B1-0-0
Fast.Furious.6.2013__#00-41-00_00-41-40_label_B1-0-0__8.npy,B1-0-0
Fast.Furious.6.2013__#00-41-00_00-41-40_label_B1-0-0__9.npy,B1-0-0
Fast.Furious.6.2013__#00-44-20_00-45-20_label_B1-0-0__0.npy,B1-0-0
Fast.Furious.6.2013__#00-44-20_00-45-20_label_B1-0-0__1.npy,B1-0-0
Fast.Furious.6.2013__#00-44-20_00-45-20_label_B1-0-0__2.npy,B1-0-0
Fast.Furious.6.2013__#00-44-20_00-45-20_label_B1-0-0__3.npy,B1-0-0
Fast.Furious.6.2013__#00-44-20_00-45-20_label_B1-0-0__4.npy,B1-0-0
Fast.Furious.6.2013__#00-44-20_00-45-20_label_B1-0-0__5.npy,B1-0-0
Fast.Furious.6.2013__#00-44-20_00-45-20_label_B1-0-0__6.npy,B1-0-0
Fast.Furious.6.2013__#00-44-20_00-45-20_label_B1-0-0__7.npy,B1-0-0
Fast.Furious.6.2013__#00-44-20_00-45-20_label_B1-0-0__8.npy,B1-0-0
Fast.Furious.6.2013__#00-44-20_00-45-20_label_B1-0-0__9.npy,B1-0-0
Fast.Furious.6.2013__#00-47-40_00-50-20_label_B1-0-0__0.npy,B1-0-0
Fast.Furious.6.2013__#00-47-40_00-50-20_label_B1-0-0__1.npy,B1-0-0
Fast.Furious.6.2013__#00-47-40_00-50-20_label_B1-0-0__2.npy,B1-0-0
Fast.Furious.6.2013__#00-47-40_00-50-20_label_B1-0-0__3.npy,B1-0-0
Fast.Furious.6.2013__#00-47-40_00-50-20_label_B1-0-0__4.npy,B1-0-0
Fast.Furious.6.2013__#00-47-40_00-50-20_label_B1-0-0__5.npy,B1-0-0
Fast.Furious.6.2013__#00-47-40_00-50-20_label_B1-0-0__6.npy,B1-0-0
Fast.Furious.6.2013__#00-47-40_00-50-20_label_B1-0-0__7.npy,B1-0-0
Fast.Furious.6.2013__#00-47-40_00-50-20_label_B1-0-0__8.npy,B1-0-0
Fast.Furious.6.2013__#00-47-40_00-50-20_label_B1-0-0__9.npy,B1-0-0
Fast.Furious.6.2013__#00-58-11_00-58-55_label_B1-0-0__0.npy,B1-0-0
Fast.Furious.6.2013__#00-58-11_00-58-55_label_B1-0-0__1.npy,B1-0-0
Fast.Furious.6.2013__#00-58-11_00-58-55_label_B1-0-0__2.npy,B1-0-0
Fast.Furious.6.2013__#00-58-11_00-58-55_label_B1-0-0__3.npy,B1-0-0
Fast.Furious.6.2013__#00-58-11_00-58-55_label_B1-0-0__4.npy,B1-0-0
Fast.Furious.6.2013__#00-58-11_00-58-55_label_B1-0-0__5.npy,B1-0-0
Fast.Furious.6.2013__#00-58-11_00-58-55_label_B1-0-0__6.npy,B1-0-0
Fast.Furious.6.2013__#00-58-11_00-58-55_label_B1-0-0__7.npy,B1-0-0
Fast.Furious.6.2013__#00-58-11_00-58-55_label_B1-0-0__8.npy,B1-0-0
Fast.Furious.6.2013__#00-58-11_00-58-55_label_B1-0-0__9.npy,B1-0-0
Fast.Furious.6.2013__#01-50-00_01-51-02_label_B1-0-0__0.npy,B1-0-0
Fast.Furious.6.2013__#01-50-00_01-51-02_label_B1-0-0__1.npy,B1-0-0
Fast.Furious.6.2013__#01-50-00_01-51-02_label_B1-0-0__2.npy,B1-0-0
Fast.Furious.6.2013__#01-50-00_01-51-02_label_B1-0-0__3.npy,B1-0-0
Fast.Furious.6.2013__#01-50-00_01-51-02_label_B1-0-0__4.npy,B1-0-0
Fast.Furious.6.2013__#01-50-00_01-51-02_label_B1-0-0__5.npy,B1-0-0
Fast.Furious.6.2013__#01-50-00_01-51-02_label_B1-0-0__6.npy,B1-0-0
Fast.Furious.6.2013__#01-50-00_01-51-02_label_B1-0-0__7.npy,B1-0-0
Fast.Furious.6.2013__#01-50-00_01-51-02_label_B1-0-0__8.npy,B1-0-0
Fast.Furious.6.2013__#01-50-00_01-51-02_label_B1-0-0__9.npy,B1-0-0
From.Dusk.Till.Dawn.1996__#00-24-13_00-24-42_label_B1-0-0__0.npy,B1-0-0
From.Dusk.Till.Dawn.1996__#00-24-13_00-24-42_label_B1-0-0__1.npy,B1-0-0
From.Dusk.Till.Dawn.1996__#00-24-13_00-24-42_label_B1-0-0__2.npy,B1-0-0
From.Dusk.Till.Dawn.1996__#00-24-13_00-24-42_label_B1-0-0__3.npy,B1-0-0
From.Dusk.Till.Dawn.1996__#00-24-13_00-24-42_label_B1-0-0__4.npy,B1-0-0
From.Dusk.Till.Dawn.1996__#00-24-13_00-24-42_label_B1-0-0__5.npy,B1-0-0
From.Dusk.Till.Dawn.1996__#00-24-13_00-24-42_label_B1-0-0__6.npy,B1-0-0
From.Dusk.Till.Dawn.1996__#00-24-13_00-24-42_label_B1-0-0__7.npy,B1-0-0
From.Dusk.Till.Dawn.1996__#00-24-13_00-24-42_label_B1-0-0__8.npy,B1-0-0
From.Dusk.Till.Dawn.1996__#00-24-13_00-24-42_label_B1-0-0__9.npy,B1-0-0
Fury.2014__#00-17-40_00-18-35_label_B1-0-0__0.npy,B1-0-0
Fury.2014__#00-17-40_00-18-35_label_B1-0-0__1.npy,B1-0-0
Fury.2014__#00-17-40_00-18-35_label_B1-0-0__2.npy,B1-0-0
Fury.2014__#00-17-40_00-18-35_label_B1-0-0__3.npy,B1-0-0
Fury.2014__#00-17-40_00-18-35_label_B1-0-0__4.npy,B1-0-0
Fury.2014__#00-17-40_00-18-35_label_B1-0-0__5.npy,B1-0-0
Fury.2014__#00-17-40_00-18-35_label_B1-0-0__6.npy,B1-0-0
Fury.2014__#00-17-40_00-18-35_label_B1-0-0__7.npy,B1-0-0
Fury.2014__#00-17-40_00-18-35_label_B1-0-0__8.npy,B1-0-0
Fury.2014__#00-17-40_00-18-35_label_B1-0-0__9.npy,B1-0-0
Gladiator.2000__#00-23-08_00-23-42_label_B1-0-0__0.npy,B1-0-0
Gladiator.2000__#00-23-08_00-23-42_label_B1-0-0__1.npy,B1-0-0
Gladiator.2000__#00-23-08_00-23-42_label_B1-0-0__2.npy,B1-0-0
Gladiator.2000__#00-23-08_00-23-42_label_B1-0-0__3.npy,B1-0-0
Gladiator.2000__#00-23-08_00-23-42_label_B1-0-0__4.npy,B1-0-0
Gladiator.2000__#00-23-08_00-23-42_label_B1-0-0__5.npy,B1-0-0
Gladiator.2000__#00-23-08_00-23-42_label_B1-0-0__6.npy,B1-0-0
Gladiator.2000__#00-23-08_00-23-42_label_B1-0-0__7.npy,B1-0-0
Gladiator.2000__#00-23-08_00-23-42_label_B1-0-0__8.npy,B1-0-0
Gladiator.2000__#00-23-08_00-23-42_label_B1-0-0__9.npy,B1-0-0
Gladiator.2000__#00-41-25_00-42-45_label_B1-0-0__0.npy,B1-0-0
Gladiator.2000__#00-41-25_00-42-45_label_B1-0-0__1.npy,B1-0-0
Gladiator.2000__#00-41-25_00-42-45_label_B1-0-0__2.npy,B1-0-0
Gladiator.2000__#00-41-25_00-42-45_label_B1-0-0__3.npy,B1-0-0
Gladiator.2000__#00-41-25_00-42-45_label_B1-0-0__4.npy,B1-0-0
Gladiator.2000__#00-41-25_00-42-45_label_B1-0-0__5.npy,B1-0-0
Gladiator.2000__#00-41-25_00-42-45_label_B1-0-0__6.npy,B1-0-0
Gladiator.2000__#00-41-25_00-42-45_label_B1-0-0__7.npy,B1-0-0
Gladiator.2000__#00-41-25_00-42-45_label_B1-0-0__8.npy,B1-0-0
Gladiator.2000__#00-41-25_00-42-45_label_B1-0-0__9.npy,B1-0-0
Gladiator.2000__#00-59-29_01-02-19_label_B1-0-0__0.npy,B1-0-0
Gladiator.2000__#00-59-29_01-02-19_label_B1-0-0__1.npy,B1-0-0
Gladiator.2000__#00-59-29_01-02-19_label_B1-0-0__2.npy,B1-0-0
Gladiator.2000__#00-59-29_01-02-19_label_B1-0-0__3.npy,B1-0-0
Gladiator.2000__#00-59-29_01-02-19_label_B1-0-0__4.npy,B1-0-0
Gladiator.2000__#00-59-29_01-02-19_label_B1-0-0__5.npy,B1-0-0
Gladiator.2000__#00-59-29_01-02-19_label_B1-0-0__6.npy,B1-0-0
Gladiator.2000__#00-59-29_01-02-19_label_B1-0-0__7.npy,B1-0-0
Gladiator.2000__#00-59-29_01-02-19_label_B1-0-0__8.npy,B1-0-0
Gladiator.2000__#00-59-29_01-02-19_label_B1-0-0__9.npy,B1-0-0
Gladiator.2000__#01-32-15_01-37-06_label_B1-0-0__0.npy,B1-0-0
Gladiator.2000__#01-32-15_01-37-06_label_B1-0-0__1.npy,B1-0-0
Gladiator.2000__#01-32-15_01-37-06_label_B1-0-0__2.npy,B1-0-0
Gladiator.2000__#01-32-15_01-37-06_label_B1-0-0__3.npy,B1-0-0
Gladiator.2000__#01-32-15_01-37-06_label_B1-0-0__4.npy,B1-0-0
Gladiator.2000__#01-32-15_01-37-06_label_B1-0-0__5.npy,B1-0-0
Gladiator.2000__#01-32-15_01-37-06_label_B1-0-0__6.npy,B1-0-0
Gladiator.2000__#01-32-15_01-37-06_label_B1-0-0__7.npy,B1-0-0
Gladiator.2000__#01-32-15_01-37-06_label_B1-0-0__8.npy,B1-0-0
Gladiator.2000__#01-32-15_01-37-06_label_B1-0-0__9.npy,B1-0-0
Gladiator.2000__#01-55-09_01-59-36_label_B1-0-0__0.npy,B1-0-0
Gladiator.2000__#01-55-09_01-59-36_label_B1-0-0__1.npy,B1-0-0
Gladiator.2000__#01-55-09_01-59-36_label_B1-0-0__2.npy,B1-0-0
Gladiator.2000__#01-55-09_01-59-36_label_B1-0-0__3.npy,B1-0-0
Gladiator.2000__#01-55-09_01-59-36_label_B1-0-0__4.npy,B1-0-0
Gladiator.2000__#01-55-09_01-59-36_label_B1-0-0__5.npy,B1-0-0
Gladiator.2000__#01-55-09_01-59-36_label_B1-0-0__6.npy,B1-0-0
Gladiator.2000__#01-55-09_01-59-36_label_B1-0-0__7.npy,B1-0-0
Gladiator.2000__#01-55-09_01-59-36_label_B1-0-0__8.npy,B1-0-0
Gladiator.2000__#01-55-09_01-59-36_label_B1-0-0__9.npy,B1-0-0
Gladiator.2000__#02-35-38_02-38-52_label_B1-0-0__0.npy,B1-0-0
Gladiator.2000__#02-35-38_02-38-52_label_B1-0-0__1.npy,B1-0-0
Gladiator.2000__#02-35-38_02-38-52_label_B1-0-0__2.npy,B1-0-0
Gladiator.2000__#02-35-38_02-38-52_label_B1-0-0__3.npy,B1-0-0
Gladiator.2000__#02-35-38_02-38-52_label_B1-0-0__4.npy,B1-0-0
Gladiator.2000__#02-35-38_02-38-52_label_B1-0-0__5.npy,B1-0-0
Gladiator.2000__#02-35-38_02-38-52_label_B1-0-0__6.npy,B1-0-0
Gladiator.2000__#02-35-38_02-38-52_label_B1-0-0__7.npy,B1-0-0
Gladiator.2000__#02-35-38_02-38-52_label_B1-0-0__8.npy,B1-0-0
Gladiator.2000__#02-35-38_02-38-52_label_B1-0-0__9.npy,B1-0-0
God.Bless.America.2011__#01-21-50_01-22-35_label_B1-0-0__0.npy,B1-0-0
God.Bless.America.2011__#01-21-50_01-22-35_label_B1-0-0__1.npy,B1-0-0
God.Bless.America.2011__#01-21-50_01-22-35_label_B1-0-0__2.npy,B1-0-0
God.Bless.America.2011__#01-21-50_01-22-35_label_B1-0-0__3.npy,B1-0-0
God.Bless.America.2011__#01-21-50_01-22-35_label_B1-0-0__4.npy,B1-0-0
God.Bless.America.2011__#01-21-50_01-22-35_label_B1-0-0__5.npy,B1-0-0
God.Bless.America.2011__#01-21-50_01-22-35_label_B1-0-0__6.npy,B1-0-0
God.Bless.America.2011__#01-21-50_01-22-35_label_B1-0-0__7.npy,B1-0-0
God.Bless.America.2011__#01-21-50_01-22-35_label_B1-0-0__8.npy,B1-0-0
God.Bless.America.2011__#01-21-50_01-22-35_label_B1-0-0__9.npy,B1-0-0
GoldenEye.1995__#01-59-47_02-00-39_label_B1-0-0__0.npy,B1-0-0
GoldenEye.1995__#01-59-47_02-00-39_label_B1-0-0__1.npy,B1-0-0
GoldenEye.1995__#01-59-47_02-00-39_label_B1-0-0__2.npy,B1-0-0
GoldenEye.1995__#01-59-47_02-00-39_label_B1-0-0__3.npy,B1-0-0
GoldenEye.1995__#01-59-47_02-00-39_label_B1-0-0__4.npy,B1-0-0
GoldenEye.1995__#01-59-47_02-00-39_label_B1-0-0__5.npy,B1-0-0
GoldenEye.1995__#01-59-47_02-00-39_label_B1-0-0__6.npy,B1-0-0
GoldenEye.1995__#01-59-47_02-00-39_label_B1-0-0__7.npy,B1-0-0
GoldenEye.1995__#01-59-47_02-00-39_label_B1-0-0__8.npy,B1-0-0
GoldenEye.1995__#01-59-47_02-00-39_label_B1-0-0__9.npy,B1-0-0
Haywire.2011__#00-51-18_00-51-53_label_B1-0-0__0.npy,B1-0-0
Haywire.2011__#00-51-18_00-51-53_label_B1-0-0__1.npy,B1-0-0
Haywire.2011__#00-51-18_00-51-53_label_B1-0-0__2.npy,B1-0-0
Haywire.2011__#00-51-18_00-51-53_label_B1-0-0__3.npy,B1-0-0
Haywire.2011__#00-51-18_00-51-53_label_B1-0-0__4.npy,B1-0-0
Haywire.2011__#00-51-18_00-51-53_label_B1-0-0__5.npy,B1-0-0
Haywire.2011__#00-51-18_00-51-53_label_B1-0-0__6.npy,B1-0-0
Haywire.2011__#00-51-18_00-51-53_label_B1-0-0__7.npy,B1-0-0
Haywire.2011__#00-51-18_00-51-53_label_B1-0-0__8.npy,B1-0-0
Haywire.2011__#00-51-18_00-51-53_label_B1-0-0__9.npy,B1-0-0
Hot.Fuzz.2007__#01-17-03_01-18-10_label_B1-0-0__0.npy,B1-0-0
Hot.Fuzz.2007__#01-17-03_01-18-10_label_B1-0-0__1.npy,B1-0-0
Hot.Fuzz.2007__#01-17-03_01-18-10_label_B1-0-0__2.npy,B1-0-0
Hot.Fuzz.2007__#01-17-03_01-18-10_label_B1-0-0__3.npy,B1-0-0
Hot.Fuzz.2007__#01-17-03_01-18-10_label_B1-0-0__4.npy,B1-0-0
Hot.Fuzz.2007__#01-17-03_01-18-10_label_B1-0-0__5.npy,B1-0-0
Hot.Fuzz.2007__#01-17-03_01-18-10_label_B1-0-0__6.npy,B1-0-0
Hot.Fuzz.2007__#01-17-03_01-18-10_label_B1-0-0__7.npy,B1-0-0
Hot.Fuzz.2007__#01-17-03_01-18-10_label_B1-0-0__8.npy,B1-0-0
Hot.Fuzz.2007__#01-17-03_01-18-10_label_B1-0-0__9.npy,B1-0-0
Hot.Fuzz.2007__#01-47-20_01-48-30_label_B1-0-0__0.npy,B1-0-0
Hot.Fuzz.2007__#01-47-20_01-48-30_label_B1-0-0__1.npy,B1-0-0
Hot.Fuzz.2007__#01-47-20_01-48-30_label_B1-0-0__2.npy,B1-0-0
Hot.Fuzz.2007__#01-47-20_01-48-30_label_B1-0-0__3.npy,B1-0-0
Hot.Fuzz.2007__#01-47-20_01-48-30_label_B1-0-0__4.npy,B1-0-0
Hot.Fuzz.2007__#01-47-20_01-48-30_label_B1-0-0__5.npy,B1-0-0
Hot.Fuzz.2007__#01-47-20_01-48-30_label_B1-0-0__6.npy,B1-0-0
Hot.Fuzz.2007__#01-47-20_01-48-30_label_B1-0-0__7.npy,B1-0-0
Hot.Fuzz.2007__#01-47-20_01-48-30_label_B1-0-0__8.npy,B1-0-0
Hot.Fuzz.2007__#01-47-20_01-48-30_label_B1-0-0__9.npy,B1-0-0
IP.Man.2.2010__#00-09-34_00-10-35_label_B1-0-0__0.npy,B1-0-0
IP.Man.2.2010__#00-09-34_00-10-35_label_B1-0-0__1.npy,B1-0-0
IP.Man.2.2010__#00-09-34_00-10-35_label_B1-0-0__2.npy,B1-0-0
IP.Man.2.2010__#00-09-34_00-10-35_label_B1-0-0__3.npy,B1-0-0
IP.Man.2.2010__#00-09-34_00-10-35_label_B1-0-0__4.npy,B1-0-0
IP.Man.2.2010__#00-09-34_00-10-35_label_B1-0-0__5.npy,B1-0-0
IP.Man.2.2010__#00-09-34_00-10-35_label_B1-0-0__6.npy,B1-0-0
IP.Man.2.2010__#00-09-34_00-10-35_label_B1-0-0__7.npy,B1-0-0
IP.Man.2.2010__#00-09-34_00-10-35_label_B1-0-0__8.npy,B1-0-0
IP.Man.2.2010__#00-09-34_00-10-35_label_B1-0-0__9.npy,B1-0-0
IP.Man.2.2010__#00-17-54_00-18-57_label_B1-0-0__0.npy,B1-0-0
IP.Man.2.2010__#00-17-54_00-18-57_label_B1-0-0__1.npy,B1-0-0
IP.Man.2.2010__#00-17-54_00-18-57_label_B1-0-0__2.npy,B1-0-0
IP.Man.2.2010__#00-17-54_00-18-57_label_B1-0-0__3.npy,B1-0-0
IP.Man.2.2010__#00-17-54_00-18-57_label_B1-0-0__4.npy,B1-0-0
IP.Man.2.2010__#00-17-54_00-18-57_label_B1-0-0__5.npy,B1-0-0
IP.Man.2.2010__#00-17-54_00-18-57_label_B1-0-0__6.npy,B1-0-0
IP.Man.2.2010__#00-17-54_00-18-57_label_B1-0-0__7.npy,B1-0-0
IP.Man.2.2010__#00-17-54_00-18-57_label_B1-0-0__8.npy,B1-0-0
IP.Man.2.2010__#00-17-54_00-18-57_label_B1-0-0__9.npy,B1-0-0
IP.Man.2.2010__#00-22-00_00-26-30_label_B1-0-0__0.npy,B1-0-0
IP.Man.2.2010__#00-22-00_00-26-30_label_B1-0-0__1.npy,B1-0-0
IP.Man.2.2010__#00-22-00_00-26-30_label_B1-0-0__2.npy,B1-0-0
IP.Man.2.2010__#00-22-00_00-26-30_label_B1-0-0__3.npy,B1-0-0
IP.Man.2.2010__#00-22-00_00-26-30_label_B1-0-0__4.npy,B1-0-0
IP.Man.2.2010__#00-22-00_00-26-30_label_B1-0-0__5.npy,B1-0-0
IP.Man.2.2010__#00-22-00_00-26-30_label_B1-0-0__6.npy,B1-0-0
IP.Man.2.2010__#00-22-00_00-26-30_label_B1-0-0__7.npy,B1-0-0
IP.Man.2.2010__#00-22-00_00-26-30_label_B1-0-0__8.npy,B1-0-0
IP.Man.2.2010__#00-22-00_00-26-30_label_B1-0-0__9.npy,B1-0-0
IP.Man.2.2010__#00-39-03_00-40-13_label_B1-0-0__0.npy,B1-0-0
IP.Man.2.2010__#00-39-03_00-40-13_label_B1-0-0__1.npy,B1-0-0
IP.Man.2.2010__#00-39-03_00-40-13_label_B1-0-0__2.npy,B1-0-0
IP.Man.2.2010__#00-39-03_00-40-13_label_B1-0-0__3.npy,B1-0-0
IP.Man.2.2010__#00-39-03_00-40-13_label_B1-0-0__4.npy,B1-0-0
IP.Man.2.2010__#00-39-03_00-40-13_label_B1-0-0__5.npy,B1-0-0
IP.Man.2.2010__#00-39-03_00-40-13_label_B1-0-0__6.npy,B1-0-0
IP.Man.2.2010__#00-39-03_00-40-13_label_B1-0-0__7.npy,B1-0-0
IP.Man.2.2010__#00-39-03_00-40-13_label_B1-0-0__8.npy,B1-0-0
IP.Man.2.2010__#00-39-03_00-40-13_label_B1-0-0__9.npy,B1-0-0
IP.Man.2.2010__#00-40-54_00-42-26_label_B1-0-0__0.npy,B1-0-0
IP.Man.2.2010__#00-40-54_00-42-26_label_B1-0-0__1.npy,B1-0-0
IP.Man.2.2010__#00-40-54_00-42-26_label_B1-0-0__2.npy,B1-0-0
IP.Man.2.2010__#00-40-54_00-42-26_label_B1-0-0__3.npy,B1-0-0
IP.Man.2.2010__#00-40-54_00-42-26_label_B1-0-0__4.npy,B1-0-0
IP.Man.2.2010__#00-40-54_00-42-26_label_B1-0-0__5.npy,B1-0-0
IP.Man.2.2010__#00-40-54_00-42-26_label_B1-0-0__6.npy,B1-0-0
IP.Man.2.2010__#00-40-54_00-42-26_label_B1-0-0__7.npy,B1-0-0
IP.Man.2.2010__#00-40-54_00-42-26_label_B1-0-0__8.npy,B1-0-0
IP.Man.2.2010__#00-40-54_00-42-26_label_B1-0-0__9.npy,B1-0-0
IP.Man.2.2010__#00-42-46_00-45-40_label_B1-0-0__0.npy,B1-0-0
IP.Man.2.2010__#00-42-46_00-45-40_label_B1-0-0__1.npy,B1-0-0
IP.Man.2.2010__#00-42-46_00-45-40_label_B1-0-0__2.npy,B1-0-0
IP.Man.2.2010__#00-42-46_00-45-40_label_B1-0-0__3.npy,B1-0-0
IP.Man.2.2010__#00-42-46_00-45-40_label_B1-0-0__4.npy,B1-0-0
IP.Man.2.2010__#00-42-46_00-45-40_label_B1-0-0__5.npy,B1-0-0
IP.Man.2.2010__#00-42-46_00-45-40_label_B1-0-0__6.npy,B1-0-0
IP.Man.2.2010__#00-42-46_00-45-40_label_B1-0-0__7.npy,B1-0-0
IP.Man.2.2010__#00-42-46_00-45-40_label_B1-0-0__8.npy,B1-0-0
IP.Man.2.2010__#00-42-46_00-45-40_label_B1-0-0__9.npy,B1-0-0
IP.Man.2.2010__#00-48-20_00-49-07_label_B1-0-0__0.npy,B1-0-0
IP.Man.2.2010__#00-48-20_00-49-07_label_B1-0-0__1.npy,B1-0-0
IP.Man.2.2010__#00-48-20_00-49-07_label_B1-0-0__2.npy,B1-0-0
IP.Man.2.2010__#00-48-20_00-49-07_label_B1-0-0__3.npy,B1-0-0
IP.Man.2.2010__#00-48-20_00-49-07_label_B1-0-0__4.npy,B1-0-0
IP.Man.2.2010__#00-48-20_00-49-07_label_B1-0-0__5.npy,B1-0-0
IP.Man.2.2010__#00-48-20_00-49-07_label_B1-0-0__6.npy,B1-0-0
IP.Man.2.2010__#00-48-20_00-49-07_label_B1-0-0__7.npy,B1-0-0
IP.Man.2.2010__#00-48-20_00-49-07_label_B1-0-0__8.npy,B1-0-0
IP.Man.2.2010__#00-48-20_00-49-07_label_B1-0-0__9.npy,B1-0-0
IP.Man.2.2010__#00-52-23_00-53-29_label_B1-0-0__0.npy,B1-0-0
IP.Man.2.2010__#00-52-23_00-53-29_label_B1-0-0__1.npy,B1-0-0
IP.Man.2.2010__#00-52-23_00-53-29_label_B1-0-0__2.npy,B1-0-0
IP.Man.2.2010__#00-52-23_00-53-29_label_B1-0-0__3.npy,B1-0-0
IP.Man.2.2010__#00-52-23_00-53-29_label_B1-0-0__4.npy,B1-0-0
IP.Man.2.2010__#00-52-23_00-53-29_label_B1-0-0__5.npy,B1-0-0
IP.Man.2.2010__#00-52-23_00-53-29_label_B1-0-0__6.npy,B1-0-0
IP.Man.2.2010__#00-52-23_00-53-29_label_B1-0-0__7.npy,B1-0-0
IP.Man.2.2010__#00-52-23_00-53-29_label_B1-0-0__8.npy,B1-0-0
IP.Man.2.2010__#00-52-23_00-53-29_label_B1-0-0__9.npy,B1-0-0
IP.Man.2.2010__#01-04-07_01-04-40_label_B1-0-0__0.npy,B1-0-0
IP.Man.2.2010__#01-04-07_01-04-40_label_B1-0-0__1.npy,B1-0-0
IP.Man.2.2010__#01-04-07_01-04-40_label_B1-0-0__2.npy,B1-0-0
IP.Man.2.2010__#01-04-07_01-04-40_label_B1-0-0__3.npy,B1-0-0
IP.Man.2.2010__#01-04-07_01-04-40_label_B1-0-0__4.npy,B1-0-0
IP.Man.2.2010__#01-04-07_01-04-40_label_B1-0-0__5.npy,B1-0-0
IP.Man.2.2010__#01-04-07_01-04-40_label_B1-0-0__6.npy,B1-0-0
IP.Man.2.2010__#01-04-07_01-04-40_label_B1-0-0__7.npy,B1-0-0
IP.Man.2.2010__#01-04-07_01-04-40_label_B1-0-0__8.npy,B1-0-0
IP.Man.2.2010__#01-04-07_01-04-40_label_B1-0-0__9.npy,B1-0-0
IP.Man.2.2010__#01-07-48_01-15-21_label_B1-0-0__0.npy,B1-0-0
IP.Man.2.2010__#01-07-48_01-15-21_label_B1-0-0__1.npy,B1-0-0
IP.Man.2.2010__#01-07-48_01-15-21_label_B1-0-0__2.npy,B1-0-0
IP.Man.2.2010__#01-07-48_01-15-21_label_B1-0-0__3.npy,B1-0-0
IP.Man.2.2010__#01-07-48_01-15-21_label_B1-0-0__4.npy,B1-0-0
IP.Man.2.2010__#01-07-48_01-15-21_label_B1-0-0__5.npy,B1-0-0
IP.Man.2.2010__#01-07-48_01-15-21_label_B1-0-0__6.npy,B1-0-0
IP.Man.2.2010__#01-07-48_01-15-21_label_B1-0-0__7.npy,B1-0-0
IP.Man.2.2010__#01-07-48_01-15-21_label_B1-0-0__8.npy,B1-0-0
IP.Man.2.2010__#01-07-48_01-15-21_label_B1-0-0__9.npy,B1-0-0
IP.Man.2.2010__#01-29-35_01-33-35_label_B1-0-0__0.npy,B1-0-0
IP.Man.2.2010__#01-29-35_01-33-35_label_B1-0-0__1.npy,B1-0-0
IP.Man.2.2010__#01-29-35_01-33-35_label_B1-0-0__2.npy,B1-0-0
IP.Man.2.2010__#01-29-35_01-33-35_label_B1-0-0__3.npy,B1-0-0
IP.Man.2.2010__#01-29-35_01-33-35_label_B1-0-0__4.npy,B1-0-0
IP.Man.2.2010__#01-29-35_01-33-35_label_B1-0-0__5.npy,B1-0-0
IP.Man.2.2010__#01-29-35_01-33-35_label_B1-0-0__6.npy,B1-0-0
IP.Man.2.2010__#01-29-35_01-33-35_label_B1-0-0__7.npy,B1-0-0
IP.Man.2.2010__#01-29-35_01-33-35_label_B1-0-0__8.npy,B1-0-0
IP.Man.2.2010__#01-29-35_01-33-35_label_B1-0-0__9.npy,B1-0-0
IP.Man.2.2010__#01-33-45_01-34-55_label_B1-0-0__0.npy,B1-0-0
IP.Man.2.2010__#01-33-45_01-34-55_label_B1-0-0__1.npy,B1-0-0
IP.Man.2.2010__#01-33-45_01-34-55_label_B1-0-0__2.npy,B1-0-0
IP.Man.2.2010__#01-33-45_01-34-55_label_B1-0-0__3.npy,B1-0-0
IP.Man.2.2010__#01-33-45_01-34-55_label_B1-0-0__4.npy,B1-0-0
IP.Man.2.2010__#01-33-45_01-34-55_label_B1-0-0__5.npy,B1-0-0
IP.Man.2.2010__#01-33-45_01-34-55_label_B1-0-0__6.npy,B1-0-0
IP.Man.2.2010__#01-33-45_01-34-55_label_B1-0-0__7.npy,B1-0-0
IP.Man.2.2010__#01-33-45_01-34-55_label_B1-0-0__8.npy,B1-0-0
IP.Man.2.2010__#01-33-45_01-34-55_label_B1-0-0__9.npy,B1-0-0
Ip.Man.2008__#00-05-39_00-07-10_label_B1-0-0__0.npy,B1-0-0
Ip.Man.2008__#00-05-39_00-07-10_label_B1-0-0__1.npy,B1-0-0
Ip.Man.2008__#00-05-39_00-07-10_label_B1-0-0__2.npy,B1-0-0
Ip.Man.2008__#00-05-39_00-07-10_label_B1-0-0__3.npy,B1-0-0
Ip.Man.2008__#00-05-39_00-07-10_label_B1-0-0__4.npy,B1-0-0
Ip.Man.2008__#00-05-39_00-07-10_label_B1-0-0__5.npy,B1-0-0
Ip.Man.2008__#00-05-39_00-07-10_label_B1-0-0__6.npy,B1-0-0
Ip.Man.2008__#00-05-39_00-07-10_label_B1-0-0__7.npy,B1-0-0
Ip.Man.2008__#00-05-39_00-07-10_label_B1-0-0__8.npy,B1-0-0
Ip.Man.2008__#00-05-39_00-07-10_label_B1-0-0__9.npy,B1-0-0
Ip.Man.2008__#00-15-10_00-15-52_label_B1-0-0__0.npy,B1-0-0
Ip.Man.2008__#00-15-10_00-15-52_label_B1-0-0__1.npy,B1-0-0
Ip.Man.2008__#00-15-10_00-15-52_label_B1-0-0__2.npy,B1-0-0
Ip.Man.2008__#00-15-10_00-15-52_label_B1-0-0__3.npy,B1-0-0
Ip.Man.2008__#00-15-10_00-15-52_label_B1-0-0__4.npy,B1-0-0
Ip.Man.2008__#00-15-10_00-15-52_label_B1-0-0__5.npy,B1-0-0
Ip.Man.2008__#00-15-10_00-15-52_label_B1-0-0__6.npy,B1-0-0
Ip.Man.2008__#00-15-10_00-15-52_label_B1-0-0__7.npy,B1-0-0
Ip.Man.2008__#00-15-10_00-15-52_label_B1-0-0__8.npy,B1-0-0
Ip.Man.2008__#00-15-10_00-15-52_label_B1-0-0__9.npy,B1-0-0
Ip.Man.2008__#00-19-02_00-20-14_label_B1-0-0__0.npy,B1-0-0
Ip.Man.2008__#00-19-02_00-20-14_label_B1-0-0__1.npy,B1-0-0
Ip.Man.2008__#00-19-02_00-20-14_label_B1-0-0__2.npy,B1-0-0
Ip.Man.2008__#00-19-02_00-20-14_label_B1-0-0__3.npy,B1-0-0
Ip.Man.2008__#00-19-02_00-20-14_label_B1-0-0__4.npy,B1-0-0
Ip.Man.2008__#00-19-02_00-20-14_label_B1-0-0__5.npy,B1-0-0
Ip.Man.2008__#00-19-02_00-20-14_label_B1-0-0__6.npy,B1-0-0
Ip.Man.2008__#00-19-02_00-20-14_label_B1-0-0__7.npy,B1-0-0
Ip.Man.2008__#00-19-02_00-20-14_label_B1-0-0__8.npy,B1-0-0
Ip.Man.2008__#00-19-02_00-20-14_label_B1-0-0__9.npy,B1-0-0
Ip.Man.2008__#00-20-20_00-21-26_label_B1-0-0__0.npy,B1-0-0
Ip.Man.2008__#00-20-20_00-21-26_label_B1-0-0__1.npy,B1-0-0
Ip.Man.2008__#00-20-20_00-21-26_label_B1-0-0__2.npy,B1-0-0
Ip.Man.2008__#00-20-20_00-21-26_label_B1-0-0__3.npy,B1-0-0
Ip.Man.2008__#00-20-20_00-21-26_label_B1-0-0__4.npy,B1-0-0
Ip.Man.2008__#00-20-20_00-21-26_label_B1-0-0__5.npy,B1-0-0
Ip.Man.2008__#00-20-20_00-21-26_label_B1-0-0__6.npy,B1-0-0
Ip.Man.2008__#00-20-20_00-21-26_label_B1-0-0__7.npy,B1-0-0
Ip.Man.2008__#00-20-20_00-21-26_label_B1-0-0__8.npy,B1-0-0
Ip.Man.2008__#00-20-20_00-21-26_label_B1-0-0__9.npy,B1-0-0
Ip.Man.2008__#00-23-19_00-24-27_label_B1-0-0__0.npy,B1-0-0
Ip.Man.2008__#00-23-19_00-24-27_label_B1-0-0__1.npy,B1-0-0
Ip.Man.2008__#00-23-19_00-24-27_label_B1-0-0__2.npy,B1-0-0
Ip.Man.2008__#00-23-19_00-24-27_label_B1-0-0__3.npy,B1-0-0
Ip.Man.2008__#00-23-19_00-24-27_label_B1-0-0__4.npy,B1-0-0
Ip.Man.2008__#00-23-19_00-24-27_label_B1-0-0__5.npy,B1-0-0
Ip.Man.2008__#00-23-19_00-24-27_label_B1-0-0__6.npy,B1-0-0
Ip.Man.2008__#00-23-19_00-24-27_label_B1-0-0__7.npy,B1-0-0
Ip.Man.2008__#00-23-19_00-24-27_label_B1-0-0__8.npy,B1-0-0
Ip.Man.2008__#00-23-19_00-24-27_label_B1-0-0__9.npy,B1-0-0
Ip.Man.2008__#00-28-08_00-33-03_label_B1-0-0__0.npy,B1-0-0
Ip.Man.2008__#00-28-08_00-33-03_label_B1-0-0__1.npy,B1-0-0
Ip.Man.2008__#00-28-08_00-33-03_label_B1-0-0__2.npy,B1-0-0
Ip.Man.2008__#00-28-08_00-33-03_label_B1-0-0__3.npy,B1-0-0
Ip.Man.2008__#00-28-08_00-33-03_label_B1-0-0__4.npy,B1-0-0
Ip.Man.2008__#00-28-08_00-33-03_label_B1-0-0__5.npy,B1-0-0
Ip.Man.2008__#00-28-08_00-33-03_label_B1-0-0__6.npy,B1-0-0
Ip.Man.2008__#00-28-08_00-33-03_label_B1-0-0__7.npy,B1-0-0
Ip.Man.2008__#00-28-08_00-33-03_label_B1-0-0__8.npy,B1-0-0
Ip.Man.2008__#00-28-08_00-33-03_label_B1-0-0__9.npy,B1-0-0
Ip.Man.2008__#00-53-31_00-54-44_label_B1-0-0__0.npy,B1-0-0
Ip.Man.2008__#00-53-31_00-54-44_label_B1-0-0__1.npy,B1-0-0
Ip.Man.2008__#00-53-31_00-54-44_label_B1-0-0__2.npy,B1-0-0
Ip.Man.2008__#00-53-31_00-54-44_label_B1-0-0__3.npy,B1-0-0
Ip.Man.2008__#00-53-31_00-54-44_label_B1-0-0__4.npy,B1-0-0
Ip.Man.2008__#00-53-31_00-54-44_label_B1-0-0__5.npy,B1-0-0
Ip.Man.2008__#00-53-31_00-54-44_label_B1-0-0__6.npy,B1-0-0
Ip.Man.2008__#00-53-31_00-54-44_label_B1-0-0__7.npy,B1-0-0
Ip.Man.2008__#00-53-31_00-54-44_label_B1-0-0__8.npy,B1-0-0
Ip.Man.2008__#00-53-31_00-54-44_label_B1-0-0__9.npy,B1-0-0
Ip.Man.2008__#00-56-49_01-00-39_label_B1-0-0__0.npy,B1-0-0
Ip.Man.2008__#00-56-49_01-00-39_label_B1-0-0__1.npy,B1-0-0
Ip.Man.2008__#00-56-49_01-00-39_label_B1-0-0__2.npy,B1-0-0
Ip.Man.2008__#00-56-49_01-00-39_label_B1-0-0__3.npy,B1-0-0
Ip.Man.2008__#00-56-49_01-00-39_label_B1-0-0__4.npy,B1-0-0
Ip.Man.2008__#00-56-49_01-00-39_label_B1-0-0__5.npy,B1-0-0
Ip.Man.2008__#00-56-49_01-00-39_label_B1-0-0__6.npy,B1-0-0
Ip.Man.2008__#00-56-49_01-00-39_label_B1-0-0__7.npy,B1-0-0
Ip.Man.2008__#00-56-49_01-00-39_label_B1-0-0__8.npy,B1-0-0
Ip.Man.2008__#00-56-49_01-00-39_label_B1-0-0__9.npy,B1-0-0
Ip.Man.2008__#01-07-28_01-07-38_label_B1-0-0__0.npy,B1-0-0
Ip.Man.2008__#01-07-28_01-07-38_label_B1-0-0__1.npy,B1-0-0
Ip.Man.2008__#01-07-28_01-07-38_label_B1-0-0__2.npy,B1-0-0
Ip.Man.2008__#01-07-28_01-07-38_label_B1-0-0__3.npy,B1-0-0
Ip.Man.2008__#01-07-28_01-07-38_label_B1-0-0__4.npy,B1-0-0
Ip.Man.2008__#01-07-28_01-07-38_label_B1-0-0__5.npy,B1-0-0
Ip.Man.2008__#01-07-28_01-07-38_label_B1-0-0__6.npy,B1-0-0
Ip.Man.2008__#01-07-28_01-07-38_label_B1-0-0__7.npy,B1-0-0
Ip.Man.2008__#01-07-28_01-07-38_label_B1-0-0__8.npy,B1-0-0
Ip.Man.2008__#01-07-28_01-07-38_label_B1-0-0__9.npy,B1-0-0
Ip.Man.2008__#01-07-54_01-08-34_label_B1-0-0__0.npy,B1-0-0
Ip.Man.2008__#01-07-54_01-08-34_label_B1-0-0__1.npy,B1-0-0
Ip.Man.2008__#01-07-54_01-08-34_label_B1-0-0__2.npy,B1-0-0
Ip.Man.2008__#01-07-54_01-08-34_label_B1-0-0__3.npy,B1-0-0
Ip.Man.2008__#01-07-54_01-08-34_label_B1-0-0__4.npy,B1-0-0
Ip.Man.2008__#01-07-54_01-08-34_label_B1-0-0__5.npy,B1-0-0
Ip.Man.2008__#01-07-54_01-08-34_label_B1-0-0__6.npy,B1-0-0
Ip.Man.2008__#01-07-54_01-08-34_label_B1-0-0__7.npy,B1-0-0
Ip.Man.2008__#01-07-54_01-08-34_label_B1-0-0__8.npy,B1-0-0
Ip.Man.2008__#01-07-54_01-08-34_label_B1-0-0__9.npy,B1-0-0
Ip.Man.2008__#01-12-34_01-13-06_label_B1-0-0__0.npy,B1-0-0
Ip.Man.2008__#01-12-34_01-13-06_label_B1-0-0__1.npy,B1-0-0
Ip.Man.2008__#01-12-34_01-13-06_label_B1-0-0__2.npy,B1-0-0
Ip.Man.2008__#01-12-34_01-13-06_label_B1-0-0__3.npy,B1-0-0
Ip.Man.2008__#01-12-34_01-13-06_label_B1-0-0__4.npy,B1-0-0
Ip.Man.2008__#01-12-34_01-13-06_label_B1-0-0__5.npy,B1-0-0
Ip.Man.2008__#01-12-34_01-13-06_label_B1-0-0__6.npy,B1-0-0
Ip.Man.2008__#01-12-34_01-13-06_label_B1-0-0__7.npy,B1-0-0
Ip.Man.2008__#01-12-34_01-13-06_label_B1-0-0__8.npy,B1-0-0
Ip.Man.2008__#01-12-34_01-13-06_label_B1-0-0__9.npy,B1-0-0
Ip.Man.2008__#01-19-09_01-20-43_label_B1-0-0__0.npy,B1-0-0
Ip.Man.2008__#01-19-09_01-20-43_label_B1-0-0__1.npy,B1-0-0
Ip.Man.2008__#01-19-09_01-20-43_label_B1-0-0__2.npy,B1-0-0
Ip.Man.2008__#01-19-09_01-20-43_label_B1-0-0__3.npy,B1-0-0
Ip.Man.2008__#01-19-09_01-20-43_label_B1-0-0__4.npy,B1-0-0
Ip.Man.2008__#01-19-09_01-20-43_label_B1-0-0__5.npy,B1-0-0
Ip.Man.2008__#01-19-09_01-20-43_label_B1-0-0__6.npy,B1-0-0
Ip.Man.2008__#01-19-09_01-20-43_label_B1-0-0__7.npy,B1-0-0
Ip.Man.2008__#01-19-09_01-20-43_label_B1-0-0__8.npy,B1-0-0
Ip.Man.2008__#01-19-09_01-20-43_label_B1-0-0__9.npy,B1-0-0
Ip.Man.2008__#01-21-10_01-24-22_label_B1-0-0__0.npy,B1-0-0
Ip.Man.2008__#01-21-10_01-24-22_label_B1-0-0__1.npy,B1-0-0
Ip.Man.2008__#01-21-10_01-24-22_label_B1-0-0__2.npy,B1-0-0
Ip.Man.2008__#01-21-10_01-24-22_label_B1-0-0__3.npy,B1-0-0
Ip.Man.2008__#01-21-10_01-24-22_label_B1-0-0__4.npy,B1-0-0
Ip.Man.2008__#01-21-10_01-24-22_label_B1-0-0__5.npy,B1-0-0
Ip.Man.2008__#01-21-10_01-24-22_label_B1-0-0__6.npy,B1-0-0
Ip.Man.2008__#01-21-10_01-24-22_label_B1-0-0__7.npy,B1-0-0
Ip.Man.2008__#01-21-10_01-24-22_label_B1-0-0__8.npy,B1-0-0
Ip.Man.2008__#01-21-10_01-24-22_label_B1-0-0__9.npy,B1-0-0
Ip.Man.2008__#01-26-51_01-28-04_label_B1-0-0__0.npy,B1-0-0
Ip.Man.2008__#01-26-51_01-28-04_label_B1-0-0__1.npy,B1-0-0
Ip.Man.2008__#01-26-51_01-28-04_label_B1-0-0__2.npy,B1-0-0
Ip.Man.2008__#01-26-51_01-28-04_label_B1-0-0__3.npy,B1-0-0
Ip.Man.2008__#01-26-51_01-28-04_label_B1-0-0__4.npy,B1-0-0
Ip.Man.2008__#01-26-51_01-28-04_label_B1-0-0__5.npy,B1-0-0
Ip.Man.2008__#01-26-51_01-28-04_label_B1-0-0__6.npy,B1-0-0
Ip.Man.2008__#01-26-51_01-28-04_label_B1-0-0__7.npy,B1-0-0
Ip.Man.2008__#01-26-51_01-28-04_label_B1-0-0__8.npy,B1-0-0
Ip.Man.2008__#01-26-51_01-28-04_label_B1-0-0__9.npy,B1-0-0
Ip.Man.2008__#01-34-52_01-39-12_label_B1-0-0__0.npy,B1-0-0
Ip.Man.2008__#01-34-52_01-39-12_label_B1-0-0__1.npy,B1-0-0
Ip.Man.2008__#01-34-52_01-39-12_label_B1-0-0__2.npy,B1-0-0
Ip.Man.2008__#01-34-52_01-39-12_label_B1-0-0__3.npy,B1-0-0
Ip.Man.2008__#01-34-52_01-39-12_label_B1-0-0__4.npy,B1-0-0
Ip.Man.2008__#01-34-52_01-39-12_label_B1-0-0__5.npy,B1-0-0
Ip.Man.2008__#01-34-52_01-39-12_label_B1-0-0__6.npy,B1-0-0
Ip.Man.2008__#01-34-52_01-39-12_label_B1-0-0__7.npy,B1-0-0
Ip.Man.2008__#01-34-52_01-39-12_label_B1-0-0__8.npy,B1-0-0
Ip.Man.2008__#01-34-52_01-39-12_label_B1-0-0__9.npy,B1-0-0
Ip.Man.3.2015__#00-12-16_00-12-43_label_B1-0-0__0.npy,B1-0-0
Ip.Man.3.2015__#00-12-16_00-12-43_label_B1-0-0__1.npy,B1-0-0
Ip.Man.3.2015__#00-12-16_00-12-43_label_B1-0-0__2.npy,B1-0-0
Ip.Man.3.2015__#00-12-16_00-12-43_label_B1-0-0__3.npy,B1-0-0
Ip.Man.3.2015__#00-12-16_00-12-43_label_B1-0-0__4.npy,B1-0-0
Ip.Man.3.2015__#00-12-16_00-12-43_label_B1-0-0__5.npy,B1-0-0
Ip.Man.3.2015__#00-12-16_00-12-43_label_B1-0-0__6.npy,B1-0-0
Ip.Man.3.2015__#00-12-16_00-12-43_label_B1-0-0__7.npy,B1-0-0
Ip.Man.3.2015__#00-12-16_00-12-43_label_B1-0-0__8.npy,B1-0-0
Ip.Man.3.2015__#00-12-16_00-12-43_label_B1-0-0__9.npy,B1-0-0
Ip.Man.3.2015__#00-23-02_00-26-13_label_B1-0-0__0.npy,B1-0-0
Ip.Man.3.2015__#00-23-02_00-26-13_label_B1-0-0__1.npy,B1-0-0
Ip.Man.3.2015__#00-23-02_00-26-13_label_B1-0-0__2.npy,B1-0-0
Ip.Man.3.2015__#00-23-02_00-26-13_label_B1-0-0__3.npy,B1-0-0
Ip.Man.3.2015__#00-23-02_00-26-13_label_B1-0-0__4.npy,B1-0-0
Ip.Man.3.2015__#00-23-02_00-26-13_label_B1-0-0__5.npy,B1-0-0
Ip.Man.3.2015__#00-23-02_00-26-13_label_B1-0-0__6.npy,B1-0-0
Ip.Man.3.2015__#00-23-02_00-26-13_label_B1-0-0__7.npy,B1-0-0
Ip.Man.3.2015__#00-23-02_00-26-13_label_B1-0-0__8.npy,B1-0-0
Ip.Man.3.2015__#00-23-02_00-26-13_label_B1-0-0__9.npy,B1-0-0
Ip.Man.3.2015__#00-42-00_00-42-50_label_B1-0-0__0.npy,B1-0-0
Ip.Man.3.2015__#00-42-00_00-42-50_label_B1-0-0__1.npy,B1-0-0
Ip.Man.3.2015__#00-42-00_00-42-50_label_B1-0-0__2.npy,B1-0-0
Ip.Man.3.2015__#00-42-00_00-42-50_label_B1-0-0__3.npy,B1-0-0
Ip.Man.3.2015__#00-42-00_00-42-50_label_B1-0-0__4.npy,B1-0-0
Ip.Man.3.2015__#00-42-00_00-42-50_label_B1-0-0__5.npy,B1-0-0
Ip.Man.3.2015__#00-42-00_00-42-50_label_B1-0-0__6.npy,B1-0-0
Ip.Man.3.2015__#00-42-00_00-42-50_label_B1-0-0__7.npy,B1-0-0
Ip.Man.3.2015__#00-42-00_00-42-50_label_B1-0-0__8.npy,B1-0-0
Ip.Man.3.2015__#00-42-00_00-42-50_label_B1-0-0__9.npy,B1-0-0
Ip.Man.3.2015__#01-01-16_01-01-46_label_B1-0-0__0.npy,B1-0-0
Ip.Man.3.2015__#01-01-16_01-01-46_label_B1-0-0__1.npy,B1-0-0
Ip.Man.3.2015__#01-01-16_01-01-46_label_B1-0-0__2.npy,B1-0-0
Ip.Man.3.2015__#01-01-16_01-01-46_label_B1-0-0__3.npy,B1-0-0
Ip.Man.3.2015__#01-01-16_01-01-46_label_B1-0-0__4.npy,B1-0-0
Ip.Man.3.2015__#01-01-16_01-01-46_label_B1-0-0__5.npy,B1-0-0
Ip.Man.3.2015__#01-01-16_01-01-46_label_B1-0-0__6.npy,B1-0-0
Ip.Man.3.2015__#01-01-16_01-01-46_label_B1-0-0__7.npy,B1-0-0
Ip.Man.3.2015__#01-01-16_01-01-46_label_B1-0-0__8.npy,B1-0-0
Ip.Man.3.2015__#01-01-16_01-01-46_label_B1-0-0__9.npy,B1-0-0
Ip.Man.3.2015__#01-02-20_01-05-33_label_B1-0-0__0.npy,B1-0-0
Ip.Man.3.2015__#01-02-20_01-05-33_label_B1-0-0__1.npy,B1-0-0
Ip.Man.3.2015__#01-02-20_01-05-33_label_B1-0-0__2.npy,B1-0-0
Ip.Man.3.2015__#01-02-20_01-05-33_label_B1-0-0__3.npy,B1-0-0
Ip.Man.3.2015__#01-02-20_01-05-33_label_B1-0-0__4.npy,B1-0-0
Ip.Man.3.2015__#01-02-20_01-05-33_label_B1-0-0__5.npy,B1-0-0
Ip.Man.3.2015__#01-02-20_01-05-33_label_B1-0-0__6.npy,B1-0-0
Ip.Man.3.2015__#01-02-20_01-05-33_label_B1-0-0__7.npy,B1-0-0
Ip.Man.3.2015__#01-02-20_01-05-33_label_B1-0-0__8.npy,B1-0-0
Ip.Man.3.2015__#01-02-20_01-05-33_label_B1-0-0__9.npy,B1-0-0
Ip.Man.3.2015__#01-07-45_01-11-30_label_B1-0-0__0.npy,B1-0-0
Ip.Man.3.2015__#01-07-45_01-11-30_label_B1-0-0__1.npy,B1-0-0
Ip.Man.3.2015__#01-07-45_01-11-30_label_B1-0-0__2.npy,B1-0-0
Ip.Man.3.2015__#01-07-45_01-11-30_label_B1-0-0__3.npy,B1-0-0
Ip.Man.3.2015__#01-07-45_01-11-30_label_B1-0-0__4.npy,B1-0-0
Ip.Man.3.2015__#01-07-45_01-11-30_label_B1-0-0__5.npy,B1-0-0
Ip.Man.3.2015__#01-07-45_01-11-30_label_B1-0-0__6.npy,B1-0-0
Ip.Man.3.2015__#01-07-45_01-11-30_label_B1-0-0__7.npy,B1-0-0
Ip.Man.3.2015__#01-07-45_01-11-30_label_B1-0-0__8.npy,B1-0-0
Ip.Man.3.2015__#01-07-45_01-11-30_label_B1-0-0__9.npy,B1-0-0
Ip.Man.3.2015__#01-13-45_01-15-18_label_B1-0-0__0.npy,B1-0-0
Ip.Man.3.2015__#01-13-45_01-15-18_label_B1-0-0__1.npy,B1-0-0
Ip.Man.3.2015__#01-13-45_01-15-18_label_B1-0-0__2.npy,B1-0-0
Ip.Man.3.2015__#01-13-45_01-15-18_label_B1-0-0__3.npy,B1-0-0
Ip.Man.3.2015__#01-13-45_01-15-18_label_B1-0-0__4.npy,B1-0-0
Ip.Man.3.2015__#01-13-45_01-15-18_label_B1-0-0__5.npy,B1-0-0
Ip.Man.3.2015__#01-13-45_01-15-18_label_B1-0-0__6.npy,B1-0-0
Ip.Man.3.2015__#01-13-45_01-15-18_label_B1-0-0__7.npy,B1-0-0
Ip.Man.3.2015__#01-13-45_01-15-18_label_B1-0-0__8.npy,B1-0-0
Ip.Man.3.2015__#01-13-45_01-15-18_label_B1-0-0__9.npy,B1-0-0
Ip.Man.3.2015__#01-32-19_01-40-50_label_B1-0-0__0.npy,B1-0-0
Ip.Man.3.2015__#01-32-19_01-40-50_label_B1-0-0__1.npy,B1-0-0
Ip.Man.3.2015__#01-32-19_01-40-50_label_B1-0-0__2.npy,B1-0-0
Ip.Man.3.2015__#01-32-19_01-40-50_label_B1-0-0__3.npy,B1-0-0
Ip.Man.3.2015__#01-32-19_01-40-50_label_B1-0-0__4.npy,B1-0-0
Ip.Man.3.2015__#01-32-19_01-40-50_label_B1-0-0__5.npy,B1-0-0
Ip.Man.3.2015__#01-32-19_01-40-50_label_B1-0-0__6.npy,B1-0-0
Ip.Man.3.2015__#01-32-19_01-40-50_label_B1-0-0__7.npy,B1-0-0
Ip.Man.3.2015__#01-32-19_01-40-50_label_B1-0-0__8.npy,B1-0-0
Ip.Man.3.2015__#01-32-19_01-40-50_label_B1-0-0__9.npy,B1-0-0
Jason.Bourne.2016__#0-02-40_0-04-00_label_B1-0-0__0.npy,B1-0-0
Jason.Bourne.2016__#0-02-40_0-04-00_label_B1-0-0__1.npy,B1-0-0
Jason.Bourne.2016__#0-02-40_0-04-00_label_B1-0-0__2.npy,B1-0-0
Jason.Bourne.2016__#0-02-40_0-04-00_label_B1-0-0__3.npy,B1-0-0
Jason.Bourne.2016__#0-02-40_0-04-00_label_B1-0-0__4.npy,B1-0-0
Jason.Bourne.2016__#0-02-40_0-04-00_label_B1-0-0__5.npy,B1-0-0
Jason.Bourne.2016__#0-02-40_0-04-00_label_B1-0-0__6.npy,B1-0-0
Jason.Bourne.2016__#0-02-40_0-04-00_label_B1-0-0__7.npy,B1-0-0
Jason.Bourne.2016__#0-02-40_0-04-00_label_B1-0-0__8.npy,B1-0-0
Jason.Bourne.2016__#0-02-40_0-04-00_label_B1-0-0__9.npy,B1-0-0
Jason.Bourne.2016__#0-08-00_0-08-11_label_B1-0-0__0.npy,B1-0-0
Jason.Bourne.2016__#0-08-00_0-08-11_label_B1-0-0__1.npy,B1-0-0
Jason.Bourne.2016__#0-08-00_0-08-11_label_B1-0-0__2.npy,B1-0-0
Jason.Bourne.2016__#0-08-00_0-08-11_label_B1-0-0__3.npy,B1-0-0
Jason.Bourne.2016__#0-08-00_0-08-11_label_B1-0-0__4.npy,B1-0-0
Jason.Bourne.2016__#0-08-00_0-08-11_label_B1-0-0__5.npy,B1-0-0
Jason.Bourne.2016__#0-08-00_0-08-11_label_B1-0-0__6.npy,B1-0-0
Jason.Bourne.2016__#0-08-00_0-08-11_label_B1-0-0__7.npy,B1-0-0
Jason.Bourne.2016__#0-08-00_0-08-11_label_B1-0-0__8.npy,B1-0-0
Jason.Bourne.2016__#0-08-00_0-08-11_label_B1-0-0__9.npy,B1-0-0
Jason.Bourne.2016__#0-14-41_0-15-57_label_B1-0-0__0.npy,B1-0-0
Jason.Bourne.2016__#0-14-41_0-15-57_label_B1-0-0__1.npy,B1-0-0
Jason.Bourne.2016__#0-14-41_0-15-57_label_B1-0-0__2.npy,B1-0-0
Jason.Bourne.2016__#0-14-41_0-15-57_label_B1-0-0__3.npy,B1-0-0
Jason.Bourne.2016__#0-14-41_0-15-57_label_B1-0-0__4.npy,B1-0-0
Jason.Bourne.2016__#0-14-41_0-15-57_label_B1-0-0__5.npy,B1-0-0
Jason.Bourne.2016__#0-14-41_0-15-57_label_B1-0-0__6.npy,B1-0-0
Jason.Bourne.2016__#0-14-41_0-15-57_label_B1-0-0__7.npy,B1-0-0
Jason.Bourne.2016__#0-14-41_0-15-57_label_B1-0-0__8.npy,B1-0-0
Jason.Bourne.2016__#0-14-41_0-15-57_label_B1-0-0__9.npy,B1-0-0
Jason.Bourne.2016__#0-22-52_0-23-35_label_B1-0-0__0.npy,B1-0-0
Jason.Bourne.2016__#0-22-52_0-23-35_label_B1-0-0__1.npy,B1-0-0
Jason.Bourne.2016__#0-22-52_0-23-35_label_B1-0-0__2.npy,B1-0-0
Jason.Bourne.2016__#0-22-52_0-23-35_label_B1-0-0__3.npy,B1-0-0
Jason.Bourne.2016__#0-22-52_0-23-35_label_B1-0-0__4.npy,B1-0-0
Jason.Bourne.2016__#0-22-52_0-23-35_label_B1-0-0__5.npy,B1-0-0
Jason.Bourne.2016__#0-22-52_0-23-35_label_B1-0-0__6.npy,B1-0-0
Jason.Bourne.2016__#0-22-52_0-23-35_label_B1-0-0__7.npy,B1-0-0
Jason.Bourne.2016__#0-22-52_0-23-35_label_B1-0-0__8.npy,B1-0-0
Jason.Bourne.2016__#0-22-52_0-23-35_label_B1-0-0__9.npy,B1-0-0
Jason.Bourne.2016__#0-50-51_0-51-30_label_B1-0-0__0.npy,B1-0-0
Jason.Bourne.2016__#0-50-51_0-51-30_label_B1-0-0__1.npy,B1-0-0
Jason.Bourne.2016__#0-50-51_0-51-30_label_B1-0-0__2.npy,B1-0-0
Jason.Bourne.2016__#0-50-51_0-51-30_label_B1-0-0__3.npy,B1-0-0
Jason.Bourne.2016__#0-50-51_0-51-30_label_B1-0-0__4.npy,B1-0-0
Jason.Bourne.2016__#0-50-51_0-51-30_label_B1-0-0__5.npy,B1-0-0
Jason.Bourne.2016__#0-50-51_0-51-30_label_B1-0-0__6.npy,B1-0-0
Jason.Bourne.2016__#0-50-51_0-51-30_label_B1-0-0__7.npy,B1-0-0
Jason.Bourne.2016__#0-50-51_0-51-30_label_B1-0-0__8.npy,B1-0-0
Jason.Bourne.2016__#0-50-51_0-51-30_label_B1-0-0__9.npy,B1-0-0
Jason.Bourne.2016__#0-53-59_0-54-53_label_B1-0-0__0.npy,B1-0-0
Jason.Bourne.2016__#0-53-59_0-54-53_label_B1-0-0__1.npy,B1-0-0
Jason.Bourne.2016__#0-53-59_0-54-53_label_B1-0-0__2.npy,B1-0-0
Jason.Bourne.2016__#0-53-59_0-54-53_label_B1-0-0__3.npy,B1-0-0
Jason.Bourne.2016__#0-53-59_0-54-53_label_B1-0-0__4.npy,B1-0-0
Jason.Bourne.2016__#0-53-59_0-54-53_label_B1-0-0__5.npy,B1-0-0
Jason.Bourne.2016__#0-53-59_0-54-53_label_B1-0-0__6.npy,B1-0-0
Jason.Bourne.2016__#0-53-59_0-54-53_label_B1-0-0__7.npy,B1-0-0
Jason.Bourne.2016__#0-53-59_0-54-53_label_B1-0-0__8.npy,B1-0-0
Jason.Bourne.2016__#0-53-59_0-54-53_label_B1-0-0__9.npy,B1-0-0
Jason.Bourne.2016__#01-31-13_01-31-32_label_B1-0-0__0.npy,B1-0-0
Jason.Bourne.2016__#01-31-13_01-31-32_label_B1-0-0__1.npy,B1-0-0
Jason.Bourne.2016__#01-31-13_01-31-32_label_B1-0-0__2.npy,B1-0-0
Jason.Bourne.2016__#01-31-13_01-31-32_label_B1-0-0__3.npy,B1-0-0
Jason.Bourne.2016__#01-31-13_01-31-32_label_B1-0-0__4.npy,B1-0-0
Jason.Bourne.2016__#01-31-13_01-31-32_label_B1-0-0__5.npy,B1-0-0
Jason.Bourne.2016__#01-31-13_01-31-32_label_B1-0-0__6.npy,B1-0-0
Jason.Bourne.2016__#01-31-13_01-31-32_label_B1-0-0__7.npy,B1-0-0
Jason.Bourne.2016__#01-31-13_01-31-32_label_B1-0-0__8.npy,B1-0-0
Jason.Bourne.2016__#01-31-13_01-31-32_label_B1-0-0__9.npy,B1-0-0
Jason.Bourne.2016__#01-45-05_01-47-57_label_B1-0-0__0.npy,B1-0-0
Jason.Bourne.2016__#01-45-05_01-47-57_label_B1-0-0__1.npy,B1-0-0
Jason.Bourne.2016__#01-45-05_01-47-57_label_B1-0-0__2.npy,B1-0-0
Jason.Bourne.2016__#01-45-05_01-47-57_label_B1-0-0__3.npy,B1-0-0
Jason.Bourne.2016__#01-45-05_01-47-57_label_B1-0-0__4.npy,B1-0-0
Jason.Bourne.2016__#01-45-05_01-47-57_label_B1-0-0__5.npy,B1-0-0
Jason.Bourne.2016__#01-45-05_01-47-57_label_B1-0-0__6.npy,B1-0-0
Jason.Bourne.2016__#01-45-05_01-47-57_label_B1-0-0__7.npy,B1-0-0
Jason.Bourne.2016__#01-45-05_01-47-57_label_B1-0-0__8.npy,B1-0-0
Jason.Bourne.2016__#01-45-05_01-47-57_label_B1-0-0__9.npy,B1-0-0
Kill.Bill.Vol.1.2003__#0-05-55_0-08-54_label_B1-0-0__0.npy,B1-0-0
Kill.Bill.Vol.1.2003__#0-05-55_0-08-54_label_B1-0-0__1.npy,B1-0-0
Kill.Bill.Vol.1.2003__#0-05-55_0-08-54_label_B1-0-0__2.npy,B1-0-0
Kill.Bill.Vol.1.2003__#0-05-55_0-08-54_label_B1-0-0__3.npy,B1-0-0
Kill.Bill.Vol.1.2003__#0-05-55_0-08-54_label_B1-0-0__4.npy,B1-0-0
Kill.Bill.Vol.1.2003__#0-05-55_0-08-54_label_B1-0-0__5.npy,B1-0-0
Kill.Bill.Vol.1.2003__#0-05-55_0-08-54_label_B1-0-0__6.npy,B1-0-0
Kill.Bill.Vol.1.2003__#0-05-55_0-08-54_label_B1-0-0__7.npy,B1-0-0
Kill.Bill.Vol.1.2003__#0-05-55_0-08-54_label_B1-0-0__8.npy,B1-0-0
Kill.Bill.Vol.1.2003__#0-05-55_0-08-54_label_B1-0-0__9.npy,B1-0-0
Kill.Bill.Vol.1.2003__#01-15-45_01-16-10_label_B1-0-0__0.npy,B1-0-0
Kill.Bill.Vol.1.2003__#01-15-45_01-16-10_label_B1-0-0__1.npy,B1-0-0
Kill.Bill.Vol.1.2003__#01-15-45_01-16-10_label_B1-0-0__2.npy,B1-0-0
Kill.Bill.Vol.1.2003__#01-15-45_01-16-10_label_B1-0-0__3.npy,B1-0-0
Kill.Bill.Vol.1.2003__#01-15-45_01-16-10_label_B1-0-0__4.npy,B1-0-0
Kill.Bill.Vol.1.2003__#01-15-45_01-16-10_label_B1-0-0__5.npy,B1-0-0
Kill.Bill.Vol.1.2003__#01-15-45_01-16-10_label_B1-0-0__6.npy,B1-0-0
Kill.Bill.Vol.1.2003__#01-15-45_01-16-10_label_B1-0-0__7.npy,B1-0-0
Kill.Bill.Vol.1.2003__#01-15-45_01-16-10_label_B1-0-0__8.npy,B1-0-0
Kill.Bill.Vol.1.2003__#01-15-45_01-16-10_label_B1-0-0__9.npy,B1-0-0
Kill.Bill.Vol.1.2003__#01-16-11_01-17-12_label_B1-0-0__0.npy,B1-0-0
Kill.Bill.Vol.1.2003__#01-16-11_01-17-12_label_B1-0-0__1.npy,B1-0-0
Kill.Bill.Vol.1.2003__#01-16-11_01-17-12_label_B1-0-0__2.npy,B1-0-0
Kill.Bill.Vol.1.2003__#01-16-11_01-17-12_label_B1-0-0__3.npy,B1-0-0
Kill.Bill.Vol.1.2003__#01-16-11_01-17-12_label_B1-0-0__4.npy,B1-0-0
Kill.Bill.Vol.1.2003__#01-16-11_01-17-12_label_B1-0-0__5.npy,B1-0-0
Kill.Bill.Vol.1.2003__#01-16-11_01-17-12_label_B1-0-0__6.npy,B1-0-0
Kill.Bill.Vol.1.2003__#01-16-11_01-17-12_label_B1-0-0__7.npy,B1-0-0
Kill.Bill.Vol.1.2003__#01-16-11_01-17-12_label_B1-0-0__8.npy,B1-0-0
Kill.Bill.Vol.1.2003__#01-16-11_01-17-12_label_B1-0-0__9.npy,B1-0-0
Kill.Bill.Vol.1.2003__#01-28-19_01-28-50_label_B1-0-0__0.npy,B1-0-0
Kill.Bill.Vol.1.2003__#01-28-19_01-28-50_label_B1-0-0__1.npy,B1-0-0
Kill.Bill.Vol.1.2003__#01-28-19_01-28-50_label_B1-0-0__2.npy,B1-0-0
Kill.Bill.Vol.1.2003__#01-28-19_01-28-50_label_B1-0-0__3.npy,B1-0-0
Kill.Bill.Vol.1.2003__#01-28-19_01-28-50_label_B1-0-0__4.npy,B1-0-0
Kill.Bill.Vol.1.2003__#01-28-19_01-28-50_label_B1-0-0__5.npy,B1-0-0
Kill.Bill.Vol.1.2003__#01-28-19_01-28-50_label_B1-0-0__6.npy,B1-0-0
Kill.Bill.Vol.1.2003__#01-28-19_01-28-50_label_B1-0-0__7.npy,B1-0-0
Kill.Bill.Vol.1.2003__#01-28-19_01-28-50_label_B1-0-0__8.npy,B1-0-0
Kill.Bill.Vol.1.2003__#01-28-19_01-28-50_label_B1-0-0__9.npy,B1-0-0
Kill.Bill.Vol.1.2003__#01-31-04_01-34-11_label_B1-0-0__0.npy,B1-0-0
Kill.Bill.Vol.1.2003__#01-31-04_01-34-11_label_B1-0-0__1.npy,B1-0-0
Kill.Bill.Vol.1.2003__#01-31-04_01-34-11_label_B1-0-0__2.npy,B1-0-0
Kill.Bill.Vol.1.2003__#01-31-04_01-34-11_label_B1-0-0__3.npy,B1-0-0
Kill.Bill.Vol.1.2003__#01-31-04_01-34-11_label_B1-0-0__4.npy,B1-0-0
Kill.Bill.Vol.1.2003__#01-31-04_01-34-11_label_B1-0-0__5.npy,B1-0-0
Kill.Bill.Vol.1.2003__#01-31-04_01-34-11_label_B1-0-0__6.npy,B1-0-0
Kill.Bill.Vol.1.2003__#01-31-04_01-34-11_label_B1-0-0__7.npy,B1-0-0
Kill.Bill.Vol.1.2003__#01-31-04_01-34-11_label_B1-0-0__8.npy,B1-0-0
Kill.Bill.Vol.1.2003__#01-31-04_01-34-11_label_B1-0-0__9.npy,B1-0-0
Kill.Bill.Vol.2.2004__#01-19-18_01-21-10_label_B1-0-0__0.npy,B1-0-0
Kill.Bill.Vol.2.2004__#01-19-18_01-21-10_label_B1-0-0__1.npy,B1-0-0
Kill.Bill.Vol.2.2004__#01-19-18_01-21-10_label_B1-0-0__2.npy,B1-0-0
Kill.Bill.Vol.2.2004__#01-19-18_01-21-10_label_B1-0-0__3.npy,B1-0-0
Kill.Bill.Vol.2.2004__#01-19-18_01-21-10_label_B1-0-0__4.npy,B1-0-0
Kill.Bill.Vol.2.2004__#01-19-18_01-21-10_label_B1-0-0__5.npy,B1-0-0
Kill.Bill.Vol.2.2004__#01-19-18_01-21-10_label_B1-0-0__6.npy,B1-0-0
Kill.Bill.Vol.2.2004__#01-19-18_01-21-10_label_B1-0-0__7.npy,B1-0-0
Kill.Bill.Vol.2.2004__#01-19-18_01-21-10_label_B1-0-0__8.npy,B1-0-0
Kill.Bill.Vol.2.2004__#01-19-18_01-21-10_label_B1-0-0__9.npy,B1-0-0
Kill.Bill.Vol.2.2004__#01-58-20_01-59-00_label_B1-0-0__0.npy,B1-0-0
Kill.Bill.Vol.2.2004__#01-58-20_01-59-00_label_B1-0-0__1.npy,B1-0-0
Kill.Bill.Vol.2.2004__#01-58-20_01-59-00_label_B1-0-0__2.npy,B1-0-0
Kill.Bill.Vol.2.2004__#01-58-20_01-59-00_label_B1-0-0__3.npy,B1-0-0
Kill.Bill.Vol.2.2004__#01-58-20_01-59-00_label_B1-0-0__4.npy,B1-0-0
Kill.Bill.Vol.2.2004__#01-58-20_01-59-00_label_B1-0-0__5.npy,B1-0-0
Kill.Bill.Vol.2.2004__#01-58-20_01-59-00_label_B1-0-0__6.npy,B1-0-0
Kill.Bill.Vol.2.2004__#01-58-20_01-59-00_label_B1-0-0__7.npy,B1-0-0
Kill.Bill.Vol.2.2004__#01-58-20_01-59-00_label_B1-0-0__8.npy,B1-0-0
Kill.Bill.Vol.2.2004__#01-58-20_01-59-00_label_B1-0-0__9.npy,B1-0-0
Kingsman.The.Golden.Circle.2017__#01-11-34_01-13-28_label_B1-0-0__0.npy,B1-0-0
Kingsman.The.Golden.Circle.2017__#01-11-34_01-13-28_label_B1-0-0__1.npy,B1-0-0
Kingsman.The.Golden.Circle.2017__#01-11-34_01-13-28_label_B1-0-0__2.npy,B1-0-0
Kingsman.The.Golden.Circle.2017__#01-11-34_01-13-28_label_B1-0-0__3.npy,B1-0-0
Kingsman.The.Golden.Circle.2017__#01-11-34_01-13-28_label_B1-0-0__4.npy,B1-0-0
Kingsman.The.Golden.Circle.2017__#01-11-34_01-13-28_label_B1-0-0__5.npy,B1-0-0
Kingsman.The.Golden.Circle.2017__#01-11-34_01-13-28_label_B1-0-0__6.npy,B1-0-0
Kingsman.The.Golden.Circle.2017__#01-11-34_01-13-28_label_B1-0-0__7.npy,B1-0-0
Kingsman.The.Golden.Circle.2017__#01-11-34_01-13-28_label_B1-0-0__8.npy,B1-0-0
Kingsman.The.Golden.Circle.2017__#01-11-34_01-13-28_label_B1-0-0__9.npy,B1-0-0
Kingsman.The.Golden.Circle.2017__#01-55-34_01-57-36_label_B1-0-0__0.npy,B1-0-0
Kingsman.The.Golden.Circle.2017__#01-55-34_01-57-36_label_B1-0-0__1.npy,B1-0-0
Kingsman.The.Golden.Circle.2017__#01-55-34_01-57-36_label_B1-0-0__2.npy,B1-0-0
Kingsman.The.Golden.Circle.2017__#01-55-34_01-57-36_label_B1-0-0__3.npy,B1-0-0
Kingsman.The.Golden.Circle.2017__#01-55-34_01-57-36_label_B1-0-0__4.npy,B1-0-0
Kingsman.The.Golden.Circle.2017__#01-55-34_01-57-36_label_B1-0-0__5.npy,B1-0-0
Kingsman.The.Golden.Circle.2017__#01-55-34_01-57-36_label_B1-0-0__6.npy,B1-0-0
Kingsman.The.Golden.Circle.2017__#01-55-34_01-57-36_label_B1-0-0__7.npy,B1-0-0
Kingsman.The.Golden.Circle.2017__#01-55-34_01-57-36_label_B1-0-0__8.npy,B1-0-0
Kingsman.The.Golden.Circle.2017__#01-55-34_01-57-36_label_B1-0-0__9.npy,B1-0-0
Kingsman.The.Golden.Circle.2017__#02-00-02_02-01-21_label_B1-0-0__0.npy,B1-0-0
Kingsman.The.Golden.Circle.2017__#02-00-02_02-01-21_label_B1-0-0__1.npy,B1-0-0
Kingsman.The.Golden.Circle.2017__#02-00-02_02-01-21_label_B1-0-0__2.npy,B1-0-0
Kingsman.The.Golden.Circle.2017__#02-00-02_02-01-21_label_B1-0-0__3.npy,B1-0-0
Kingsman.The.Golden.Circle.2017__#02-00-02_02-01-21_label_B1-0-0__4.npy,B1-0-0
Kingsman.The.Golden.Circle.2017__#02-00-02_02-01-21_label_B1-0-0__5.npy,B1-0-0
Kingsman.The.Golden.Circle.2017__#02-00-02_02-01-21_label_B1-0-0__6.npy,B1-0-0
Kingsman.The.Golden.Circle.2017__#02-00-02_02-01-21_label_B1-0-0__7.npy,B1-0-0
Kingsman.The.Golden.Circle.2017__#02-00-02_02-01-21_label_B1-0-0__8.npy,B1-0-0
Kingsman.The.Golden.Circle.2017__#02-00-02_02-01-21_label_B1-0-0__9.npy,B1-0-0
Kingsman.The.Secret.Service.2014__#00-20-40_00-21-40_label_B1-0-0__0.npy,B1-0-0
Kingsman.The.Secret.Service.2014__#00-20-40_00-21-40_label_B1-0-0__1.npy,B1-0-0
Kingsman.The.Secret.Service.2014__#00-20-40_00-21-40_label_B1-0-0__2.npy,B1-0-0
Kingsman.The.Secret.Service.2014__#00-20-40_00-21-40_label_B1-0-0__3.npy,B1-0-0
Kingsman.The.Secret.Service.2014__#00-20-40_00-21-40_label_B1-0-0__4.npy,B1-0-0
Kingsman.The.Secret.Service.2014__#00-20-40_00-21-40_label_B1-0-0__5.npy,B1-0-0
Kingsman.The.Secret.Service.2014__#00-20-40_00-21-40_label_B1-0-0__6.npy,B1-0-0
Kingsman.The.Secret.Service.2014__#00-20-40_00-21-40_label_B1-0-0__7.npy,B1-0-0
Kingsman.The.Secret.Service.2014__#00-20-40_00-21-40_label_B1-0-0__8.npy,B1-0-0
Kingsman.The.Secret.Service.2014__#00-20-40_00-21-40_label_B1-0-0__9.npy,B1-0-0
Love.Death.and.Robots.S01E10__#0-09-01_0-11-52_label_B1-0-0__0.npy,B1-0-0
Love.Death.and.Robots.S01E10__#0-09-01_0-11-52_label_B1-0-0__1.npy,B1-0-0
Love.Death.and.Robots.S01E10__#0-09-01_0-11-52_label_B1-0-0__2.npy,B1-0-0
Love.Death.and.Robots.S01E10__#0-09-01_0-11-52_label_B1-0-0__3.npy,B1-0-0
Love.Death.and.Robots.S01E10__#0-09-01_0-11-52_label_B1-0-0__4.npy,B1-0-0
Love.Death.and.Robots.S01E10__#0-09-01_0-11-52_label_B1-0-0__5.npy,B1-0-0
Love.Death.and.Robots.S01E10__#0-09-01_0-11-52_label_B1-0-0__6.npy,B1-0-0
Love.Death.and.Robots.S01E10__#0-09-01_0-11-52_label_B1-0-0__7.npy,B1-0-0
Love.Death.and.Robots.S01E10__#0-09-01_0-11-52_label_B1-0-0__8.npy,B1-0-0
Love.Death.and.Robots.S01E10__#0-09-01_0-11-52_label_B1-0-0__9.npy,B1-0-0
Mindhunters.2004__#01-26-00_01-26-50_label_B1-0-0__0.npy,B1-0-0
Mindhunters.2004__#01-26-00_01-26-50_label_B1-0-0__1.npy,B1-0-0
Mindhunters.2004__#01-26-00_01-26-50_label_B1-0-0__2.npy,B1-0-0
Mindhunters.2004__#01-26-00_01-26-50_label_B1-0-0__3.npy,B1-0-0
Mindhunters.2004__#01-26-00_01-26-50_label_B1-0-0__4.npy,B1-0-0
Mindhunters.2004__#01-26-00_01-26-50_label_B1-0-0__5.npy,B1-0-0
Mindhunters.2004__#01-26-00_01-26-50_label_B1-0-0__6.npy,B1-0-0
Mindhunters.2004__#01-26-00_01-26-50_label_B1-0-0__7.npy,B1-0-0
Mindhunters.2004__#01-26-00_01-26-50_label_B1-0-0__8.npy,B1-0-0
Mindhunters.2004__#01-26-00_01-26-50_label_B1-0-0__9.npy,B1-0-0
Mindhunters.2004__#01-27-20_01-28-30_label_B1-0-0__0.npy,B1-0-0
Mindhunters.2004__#01-27-20_01-28-30_label_B1-0-0__1.npy,B1-0-0
Mindhunters.2004__#01-27-20_01-28-30_label_B1-0-0__2.npy,B1-0-0
Mindhunters.2004__#01-27-20_01-28-30_label_B1-0-0__3.npy,B1-0-0
Mindhunters.2004__#01-27-20_01-28-30_label_B1-0-0__4.npy,B1-0-0
Mindhunters.2004__#01-27-20_01-28-30_label_B1-0-0__5.npy,B1-0-0
Mindhunters.2004__#01-27-20_01-28-30_label_B1-0-0__6.npy,B1-0-0
Mindhunters.2004__#01-27-20_01-28-30_label_B1-0-0__7.npy,B1-0-0
Mindhunters.2004__#01-27-20_01-28-30_label_B1-0-0__8.npy,B1-0-0
Mindhunters.2004__#01-27-20_01-28-30_label_B1-0-0__9.npy,B1-0-0
Mindhunters.2004__#01-34-40_01-35-40_label_B1-0-0__0.npy,B1-0-0
Mindhunters.2004__#01-34-40_01-35-40_label_B1-0-0__1.npy,B1-0-0
Mindhunters.2004__#01-34-40_01-35-40_label_B1-0-0__2.npy,B1-0-0
Mindhunters.2004__#01-34-40_01-35-40_label_B1-0-0__3.npy,B1-0-0
Mindhunters.2004__#01-34-40_01-35-40_label_B1-0-0__4.npy,B1-0-0
Mindhunters.2004__#01-34-40_01-35-40_label_B1-0-0__5.npy,B1-0-0
Mindhunters.2004__#01-34-40_01-35-40_label_B1-0-0__6.npy,B1-0-0
Mindhunters.2004__#01-34-40_01-35-40_label_B1-0-0__7.npy,B1-0-0
Mindhunters.2004__#01-34-40_01-35-40_label_B1-0-0__8.npy,B1-0-0
Mindhunters.2004__#01-34-40_01-35-40_label_B1-0-0__9.npy,B1-0-0
Mission.Impossible.Fallout.2018__#00-28-59_00-30-07_label_B1-0-0__0.npy,B1-0-0
Mission.Impossible.Fallout.2018__#00-28-59_00-30-07_label_B1-0-0__1.npy,B1-0-0
Mission.Impossible.Fallout.2018__#00-28-59_00-30-07_label_B1-0-0__2.npy,B1-0-0
Mission.Impossible.Fallout.2018__#00-28-59_00-30-07_label_B1-0-0__3.npy,B1-0-0
Mission.Impossible.Fallout.2018__#00-28-59_00-30-07_label_B1-0-0__4.npy,B1-0-0
Mission.Impossible.Fallout.2018__#00-28-59_00-30-07_label_B1-0-0__5.npy,B1-0-0
Mission.Impossible.Fallout.2018__#00-28-59_00-30-07_label_B1-0-0__6.npy,B1-0-0
Mission.Impossible.Fallout.2018__#00-28-59_00-30-07_label_B1-0-0__7.npy,B1-0-0
Mission.Impossible.Fallout.2018__#00-28-59_00-30-07_label_B1-0-0__8.npy,B1-0-0
Mission.Impossible.Fallout.2018__#00-28-59_00-30-07_label_B1-0-0__9.npy,B1-0-0
Mission.Impossible.Fallout.2018__#02-04-55_02-05-29_label_B1-0-0__0.npy,B1-0-0
Mission.Impossible.Fallout.2018__#02-04-55_02-05-29_label_B1-0-0__1.npy,B1-0-0
Mission.Impossible.Fallout.2018__#02-04-55_02-05-29_label_B1-0-0__2.npy,B1-0-0
Mission.Impossible.Fallout.2018__#02-04-55_02-05-29_label_B1-0-0__3.npy,B1-0-0
Mission.Impossible.Fallout.2018__#02-04-55_02-05-29_label_B1-0-0__4.npy,B1-0-0
Mission.Impossible.Fallout.2018__#02-04-55_02-05-29_label_B1-0-0__5.npy,B1-0-0
Mission.Impossible.Fallout.2018__#02-04-55_02-05-29_label_B1-0-0__6.npy,B1-0-0
Mission.Impossible.Fallout.2018__#02-04-55_02-05-29_label_B1-0-0__7.npy,B1-0-0
Mission.Impossible.Fallout.2018__#02-04-55_02-05-29_label_B1-0-0__8.npy,B1-0-0
Mission.Impossible.Fallout.2018__#02-04-55_02-05-29_label_B1-0-0__9.npy,B1-0-0
Mission.Impossible.Fallout.2018__#02-06-21_02-07-31_label_B1-0-0__0.npy,B1-0-0
Mission.Impossible.Fallout.2018__#02-06-21_02-07-31_label_B1-0-0__1.npy,B1-0-0
Mission.Impossible.Fallout.2018__#02-06-21_02-07-31_label_B1-0-0__2.npy,B1-0-0
Mission.Impossible.Fallout.2018__#02-06-21_02-07-31_label_B1-0-0__3.npy,B1-0-0
Mission.Impossible.Fallout.2018__#02-06-21_02-07-31_label_B1-0-0__4.npy,B1-0-0
Mission.Impossible.Fallout.2018__#02-06-21_02-07-31_label_B1-0-0__5.npy,B1-0-0
Mission.Impossible.Fallout.2018__#02-06-21_02-07-31_label_B1-0-0__6.npy,B1-0-0
Mission.Impossible.Fallout.2018__#02-06-21_02-07-31_label_B1-0-0__7.npy,B1-0-0
Mission.Impossible.Fallout.2018__#02-06-21_02-07-31_label_B1-0-0__8.npy,B1-0-0
Mission.Impossible.Fallout.2018__#02-06-21_02-07-31_label_B1-0-0__9.npy,B1-0-0
Mission.Impossible.Fallout.2018__#02-10-20_02-11-24_label_B1-0-0__0.npy,B1-0-0
Mission.Impossible.Fallout.2018__#02-10-20_02-11-24_label_B1-0-0__1.npy,B1-0-0
Mission.Impossible.Fallout.2018__#02-10-20_02-11-24_label_B1-0-0__2.npy,B1-0-0
Mission.Impossible.Fallout.2018__#02-10-20_02-11-24_label_B1-0-0__3.npy,B1-0-0
Mission.Impossible.Fallout.2018__#02-10-20_02-11-24_label_B1-0-0__4.npy,B1-0-0
Mission.Impossible.Fallout.2018__#02-10-20_02-11-24_label_B1-0-0__5.npy,B1-0-0
Mission.Impossible.Fallout.2018__#02-10-20_02-11-24_label_B1-0-0__6.npy,B1-0-0
Mission.Impossible.Fallout.2018__#02-10-20_02-11-24_label_B1-0-0__7.npy,B1-0-0
Mission.Impossible.Fallout.2018__#02-10-20_02-11-24_label_B1-0-0__8.npy,B1-0-0
Mission.Impossible.Fallout.2018__#02-10-20_02-11-24_label_B1-0-0__9.npy,B1-0-0
Mission.Impossible.Ghost.Protocol.2011__#00-06-38_00-07-15_label_B1-0-0__0.npy,B1-0-0
Mission.Impossible.Ghost.Protocol.2011__#00-06-38_00-07-15_label_B1-0-0__1.npy,B1-0-0
Mission.Impossible.Ghost.Protocol.2011__#00-06-38_00-07-15_label_B1-0-0__2.npy,B1-0-0
Mission.Impossible.Ghost.Protocol.2011__#00-06-38_00-07-15_label_B1-0-0__3.npy,B1-0-0
Mission.Impossible.Ghost.Protocol.2011__#00-06-38_00-07-15_label_B1-0-0__4.npy,B1-0-0
Mission.Impossible.Ghost.Protocol.2011__#00-06-38_00-07-15_label_B1-0-0__5.npy,B1-0-0
Mission.Impossible.Ghost.Protocol.2011__#00-06-38_00-07-15_label_B1-0-0__6.npy,B1-0-0
Mission.Impossible.Ghost.Protocol.2011__#00-06-38_00-07-15_label_B1-0-0__7.npy,B1-0-0
Mission.Impossible.Ghost.Protocol.2011__#00-06-38_00-07-15_label_B1-0-0__8.npy,B1-0-0
Mission.Impossible.Ghost.Protocol.2011__#00-06-38_00-07-15_label_B1-0-0__9.npy,B1-0-0
Mission.Impossible.Ghost.Protocol.2011__#00-07-35_00-08-35_label_B1-0-0__0.npy,B1-0-0
Mission.Impossible.Ghost.Protocol.2011__#00-07-35_00-08-35_label_B1-0-0__1.npy,B1-0-0
Mission.Impossible.Ghost.Protocol.2011__#00-07-35_00-08-35_label_B1-0-0__2.npy,B1-0-0
Mission.Impossible.Ghost.Protocol.2011__#00-07-35_00-08-35_label_B1-0-0__3.npy,B1-0-0
Mission.Impossible.Ghost.Protocol.2011__#00-07-35_00-08-35_label_B1-0-0__4.npy,B1-0-0
Mission.Impossible.Ghost.Protocol.2011__#00-07-35_00-08-35_label_B1-0-0__5.npy,B1-0-0
Mission.Impossible.Ghost.Protocol.2011__#00-07-35_00-08-35_label_B1-0-0__6.npy,B1-0-0
Mission.Impossible.Ghost.Protocol.2011__#00-07-35_00-08-35_label_B1-0-0__7.npy,B1-0-0
Mission.Impossible.Ghost.Protocol.2011__#00-07-35_00-08-35_label_B1-0-0__8.npy,B1-0-0
Mission.Impossible.Ghost.Protocol.2011__#00-07-35_00-08-35_label_B1-0-0__9.npy,B1-0-0
Mission.Impossible.Ghost.Protocol.2011__#00-13-45_00-14-12_label_B1-0-0__0.npy,B1-0-0
Mission.Impossible.Ghost.Protocol.2011__#00-13-45_00-14-12_label_B1-0-0__1.npy,B1-0-0
Mission.Impossible.Ghost.Protocol.2011__#00-13-45_00-14-12_label_B1-0-0__2.npy,B1-0-0
Mission.Impossible.Ghost.Protocol.2011__#00-13-45_00-14-12_label_B1-0-0__3.npy,B1-0-0
Mission.Impossible.Ghost.Protocol.2011__#00-13-45_00-14-12_label_B1-0-0__4.npy,B1-0-0
Mission.Impossible.Ghost.Protocol.2011__#00-13-45_00-14-12_label_B1-0-0__5.npy,B1-0-0
Mission.Impossible.Ghost.Protocol.2011__#00-13-45_00-14-12_label_B1-0-0__6.npy,B1-0-0
Mission.Impossible.Ghost.Protocol.2011__#00-13-45_00-14-12_label_B1-0-0__7.npy,B1-0-0
Mission.Impossible.Ghost.Protocol.2011__#00-13-45_00-14-12_label_B1-0-0__8.npy,B1-0-0
Mission.Impossible.Ghost.Protocol.2011__#00-13-45_00-14-12_label_B1-0-0__9.npy,B1-0-0
Mission.Impossible.II.2000__#01-28-24_01-29-00_label_B1-0-0__0.npy,B1-0-0
Mission.Impossible.II.2000__#01-28-24_01-29-00_label_B1-0-0__1.npy,B1-0-0
Mission.Impossible.II.2000__#01-28-24_01-29-00_label_B1-0-0__2.npy,B1-0-0
Mission.Impossible.II.2000__#01-28-24_01-29-00_label_B1-0-0__3.npy,B1-0-0
Mission.Impossible.II.2000__#01-28-24_01-29-00_label_B1-0-0__4.npy,B1-0-0
Mission.Impossible.II.2000__#01-28-24_01-29-00_label_B1-0-0__5.npy,B1-0-0
Mission.Impossible.II.2000__#01-28-24_01-29-00_label_B1-0-0__6.npy,B1-0-0
Mission.Impossible.II.2000__#01-28-24_01-29-00_label_B1-0-0__7.npy,B1-0-0
Mission.Impossible.II.2000__#01-28-24_01-29-00_label_B1-0-0__8.npy,B1-0-0
Mission.Impossible.II.2000__#01-28-24_01-29-00_label_B1-0-0__9.npy,B1-0-0
Mission.Impossible.II.2000__#01-31-06_01-31-47_label_B1-0-0__0.npy,B1-0-0
Mission.Impossible.II.2000__#01-31-06_01-31-47_label_B1-0-0__1.npy,B1-0-0
Mission.Impossible.II.2000__#01-31-06_01-31-47_label_B1-0-0__2.npy,B1-0-0
Mission.Impossible.II.2000__#01-31-06_01-31-47_label_B1-0-0__3.npy,B1-0-0
Mission.Impossible.II.2000__#01-31-06_01-31-47_label_B1-0-0__4.npy,B1-0-0
Mission.Impossible.II.2000__#01-31-06_01-31-47_label_B1-0-0__5.npy,B1-0-0
Mission.Impossible.II.2000__#01-31-06_01-31-47_label_B1-0-0__6.npy,B1-0-0
Mission.Impossible.II.2000__#01-31-06_01-31-47_label_B1-0-0__7.npy,B1-0-0
Mission.Impossible.II.2000__#01-31-06_01-31-47_label_B1-0-0__8.npy,B1-0-0
Mission.Impossible.II.2000__#01-31-06_01-31-47_label_B1-0-0__9.npy,B1-0-0
Mission.Impossible.II.2000__#01-49-35_01-51-52_label_B1-0-0__0.npy,B1-0-0
Mission.Impossible.II.2000__#01-49-35_01-51-52_label_B1-0-0__1.npy,B1-0-0
Mission.Impossible.II.2000__#01-49-35_01-51-52_label_B1-0-0__2.npy,B1-0-0
Mission.Impossible.II.2000__#01-49-35_01-51-52_label_B1-0-0__3.npy,B1-0-0
Mission.Impossible.II.2000__#01-49-35_01-51-52_label_B1-0-0__4.npy,B1-0-0
Mission.Impossible.II.2000__#01-49-35_01-51-52_label_B1-0-0__5.npy,B1-0-0
Mission.Impossible.II.2000__#01-49-35_01-51-52_label_B1-0-0__6.npy,B1-0-0
Mission.Impossible.II.2000__#01-49-35_01-51-52_label_B1-0-0__7.npy,B1-0-0
Mission.Impossible.II.2000__#01-49-35_01-51-52_label_B1-0-0__8.npy,B1-0-0
Mission.Impossible.II.2000__#01-49-35_01-51-52_label_B1-0-0__9.npy,B1-0-0
Mission.Impossible.II.2000__#01-52-05_01-54-05_label_B1-0-0__0.npy,B1-0-0
Mission.Impossible.II.2000__#01-52-05_01-54-05_label_B1-0-0__1.npy,B1-0-0
Mission.Impossible.II.2000__#01-52-05_01-54-05_label_B1-0-0__2.npy,B1-0-0
Mission.Impossible.II.2000__#01-52-05_01-54-05_label_B1-0-0__3.npy,B1-0-0
Mission.Impossible.II.2000__#01-52-05_01-54-05_label_B1-0-0__4.npy,B1-0-0
Mission.Impossible.II.2000__#01-52-05_01-54-05_label_B1-0-0__5.npy,B1-0-0
Mission.Impossible.II.2000__#01-52-05_01-54-05_label_B1-0-0__6.npy,B1-0-0
Mission.Impossible.II.2000__#01-52-05_01-54-05_label_B1-0-0__7.npy,B1-0-0
Mission.Impossible.II.2000__#01-52-05_01-54-05_label_B1-0-0__8.npy,B1-0-0
Mission.Impossible.II.2000__#01-52-05_01-54-05_label_B1-0-0__9.npy,B1-0-0
Mission.Impossible.III.2006__#01-16-19_01-16-57_label_B1-0-0__0.npy,B1-0-0
Mission.Impossible.III.2006__#01-16-19_01-16-57_label_B1-0-0__1.npy,B1-0-0
Mission.Impossible.III.2006__#01-16-19_01-16-57_label_B1-0-0__2.npy,B1-0-0
Mission.Impossible.III.2006__#01-16-19_01-16-57_label_B1-0-0__3.npy,B1-0-0
Mission.Impossible.III.2006__#01-16-19_01-16-57_label_B1-0-0__4.npy,B1-0-0
Mission.Impossible.III.2006__#01-16-19_01-16-57_label_B1-0-0__5.npy,B1-0-0
Mission.Impossible.III.2006__#01-16-19_01-16-57_label_B1-0-0__6.npy,B1-0-0
Mission.Impossible.III.2006__#01-16-19_01-16-57_label_B1-0-0__7.npy,B1-0-0
Mission.Impossible.III.2006__#01-16-19_01-16-57_label_B1-0-0__8.npy,B1-0-0
Mission.Impossible.III.2006__#01-16-19_01-16-57_label_B1-0-0__9.npy,B1-0-0
Mission.Impossible.III.2006__#01-41-59_01-42-36_label_B1-0-0__0.npy,B1-0-0
Mission.Impossible.III.2006__#01-41-59_01-42-36_label_B1-0-0__1.npy,B1-0-0
Mission.Impossible.III.2006__#01-41-59_01-42-36_label_B1-0-0__2.npy,B1-0-0
Mission.Impossible.III.2006__#01-41-59_01-42-36_label_B1-0-0__3.npy,B1-0-0
Mission.Impossible.III.2006__#01-41-59_01-42-36_label_B1-0-0__4.npy,B1-0-0
Mission.Impossible.III.2006__#01-41-59_01-42-36_label_B1-0-0__5.npy,B1-0-0
Mission.Impossible.III.2006__#01-41-59_01-42-36_label_B1-0-0__6.npy,B1-0-0
Mission.Impossible.III.2006__#01-41-59_01-42-36_label_B1-0-0__7.npy,B1-0-0
Mission.Impossible.III.2006__#01-41-59_01-42-36_label_B1-0-0__8.npy,B1-0-0
Mission.Impossible.III.2006__#01-41-59_01-42-36_label_B1-0-0__9.npy,B1-0-0
Mission.Impossible.III.2006__#01-50-19_01-51-13_label_B1-0-0__0.npy,B1-0-0
Mission.Impossible.III.2006__#01-50-19_01-51-13_label_B1-0-0__1.npy,B1-0-0
Mission.Impossible.III.2006__#01-50-19_01-51-13_label_B1-0-0__2.npy,B1-0-0
Mission.Impossible.III.2006__#01-50-19_01-51-13_label_B1-0-0__3.npy,B1-0-0
Mission.Impossible.III.2006__#01-50-19_01-51-13_label_B1-0-0__4.npy,B1-0-0
Mission.Impossible.III.2006__#01-50-19_01-51-13_label_B1-0-0__5.npy,B1-0-0
Mission.Impossible.III.2006__#01-50-19_01-51-13_label_B1-0-0__6.npy,B1-0-0
Mission.Impossible.III.2006__#01-50-19_01-51-13_label_B1-0-0__7.npy,B1-0-0
Mission.Impossible.III.2006__#01-50-19_01-51-13_label_B1-0-0__8.npy,B1-0-0
Mission.Impossible.III.2006__#01-50-19_01-51-13_label_B1-0-0__9.npy,B1-0-0
Mission.Impossible.V.Rogue.Nation.2015__#00-35-24_00-36-24_label_B1-0-0__0.npy,B1-0-0
Mission.Impossible.V.Rogue.Nation.2015__#00-35-24_00-36-24_label_B1-0-0__1.npy,B1-0-0
Mission.Impossible.V.Rogue.Nation.2015__#00-35-24_00-36-24_label_B1-0-0__2.npy,B1-0-0
Mission.Impossible.V.Rogue.Nation.2015__#00-35-24_00-36-24_label_B1-0-0__3.npy,B1-0-0
Mission.Impossible.V.Rogue.Nation.2015__#00-35-24_00-36-24_label_B1-0-0__4.npy,B1-0-0
Mission.Impossible.V.Rogue.Nation.2015__#00-35-24_00-36-24_label_B1-0-0__5.npy,B1-0-0
Mission.Impossible.V.Rogue.Nation.2015__#00-35-24_00-36-24_label_B1-0-0__6.npy,B1-0-0
Mission.Impossible.V.Rogue.Nation.2015__#00-35-24_00-36-24_label_B1-0-0__7.npy,B1-0-0
Mission.Impossible.V.Rogue.Nation.2015__#00-35-24_00-36-24_label_B1-0-0__8.npy,B1-0-0
Mission.Impossible.V.Rogue.Nation.2015__#00-35-24_00-36-24_label_B1-0-0__9.npy,B1-0-0
Mission.Impossible.V.Rogue.Nation.2015__#00-37-00_00-37-59_label_B1-0-0__0.npy,B1-0-0
Mission.Impossible.V.Rogue.Nation.2015__#00-37-00_00-37-59_label_B1-0-0__1.npy,B1-0-0
Mission.Impossible.V.Rogue.Nation.2015__#00-37-00_00-37-59_label_B1-0-0__2.npy,B1-0-0
Mission.Impossible.V.Rogue.Nation.2015__#00-37-00_00-37-59_label_B1-0-0__3.npy,B1-0-0
Mission.Impossible.V.Rogue.Nation.2015__#00-37-00_00-37-59_label_B1-0-0__4.npy,B1-0-0
Mission.Impossible.V.Rogue.Nation.2015__#00-37-00_00-37-59_label_B1-0-0__5.npy,B1-0-0
Mission.Impossible.V.Rogue.Nation.2015__#00-37-00_00-37-59_label_B1-0-0__6.npy,B1-0-0
Mission.Impossible.V.Rogue.Nation.2015__#00-37-00_00-37-59_label_B1-0-0__7.npy,B1-0-0
Mission.Impossible.V.Rogue.Nation.2015__#00-37-00_00-37-59_label_B1-0-0__8.npy,B1-0-0
Mission.Impossible.V.Rogue.Nation.2015__#00-37-00_00-37-59_label_B1-0-0__9.npy,B1-0-0
Mission.Impossible.V.Rogue.Nation.2015__#01-57-48_01-59-18_label_B1-0-0__0.npy,B1-0-0
Mission.Impossible.V.Rogue.Nation.2015__#01-57-48_01-59-18_label_B1-0-0__1.npy,B1-0-0
Mission.Impossible.V.Rogue.Nation.2015__#01-57-48_01-59-18_label_B1-0-0__2.npy,B1-0-0
Mission.Impossible.V.Rogue.Nation.2015__#01-57-48_01-59-18_label_B1-0-0__3.npy,B1-0-0
Mission.Impossible.V.Rogue.Nation.2015__#01-57-48_01-59-18_label_B1-0-0__4.npy,B1-0-0
Mission.Impossible.V.Rogue.Nation.2015__#01-57-48_01-59-18_label_B1-0-0__5.npy,B1-0-0
Mission.Impossible.V.Rogue.Nation.2015__#01-57-48_01-59-18_label_B1-0-0__6.npy,B1-0-0
Mission.Impossible.V.Rogue.Nation.2015__#01-57-48_01-59-18_label_B1-0-0__7.npy,B1-0-0
Mission.Impossible.V.Rogue.Nation.2015__#01-57-48_01-59-18_label_B1-0-0__8.npy,B1-0-0
Mission.Impossible.V.Rogue.Nation.2015__#01-57-48_01-59-18_label_B1-0-0__9.npy,B1-0-0
New.Kids.Turbo.2010__#00-09-22_00-09-39_label_B1-0-0__0.npy,B1-0-0
New.Kids.Turbo.2010__#00-09-22_00-09-39_label_B1-0-0__1.npy,B1-0-0
New.Kids.Turbo.2010__#00-09-22_00-09-39_label_B1-0-0__2.npy,B1-0-0
New.Kids.Turbo.2010__#00-09-22_00-09-39_label_B1-0-0__3.npy,B1-0-0
New.Kids.Turbo.2010__#00-09-22_00-09-39_label_B1-0-0__4.npy,B1-0-0
New.Kids.Turbo.2010__#00-09-22_00-09-39_label_B1-0-0__5.npy,B1-0-0
New.Kids.Turbo.2010__#00-09-22_00-09-39_label_B1-0-0__6.npy,B1-0-0
New.Kids.Turbo.2010__#00-09-22_00-09-39_label_B1-0-0__7.npy,B1-0-0
New.Kids.Turbo.2010__#00-09-22_00-09-39_label_B1-0-0__8.npy,B1-0-0
New.Kids.Turbo.2010__#00-09-22_00-09-39_label_B1-0-0__9.npy,B1-0-0
New.Kids.Turbo.2010__#00-13-50_00-14-10_label_B1-0-0__0.npy,B1-0-0
New.Kids.Turbo.2010__#00-13-50_00-14-10_label_B1-0-0__1.npy,B1-0-0
New.Kids.Turbo.2010__#00-13-50_00-14-10_label_B1-0-0__2.npy,B1-0-0
New.Kids.Turbo.2010__#00-13-50_00-14-10_label_B1-0-0__3.npy,B1-0-0
New.Kids.Turbo.2010__#00-13-50_00-14-10_label_B1-0-0__4.npy,B1-0-0
New.Kids.Turbo.2010__#00-13-50_00-14-10_label_B1-0-0__5.npy,B1-0-0
New.Kids.Turbo.2010__#00-13-50_00-14-10_label_B1-0-0__6.npy,B1-0-0
New.Kids.Turbo.2010__#00-13-50_00-14-10_label_B1-0-0__7.npy,B1-0-0
New.Kids.Turbo.2010__#00-13-50_00-14-10_label_B1-0-0__8.npy,B1-0-0
New.Kids.Turbo.2010__#00-13-50_00-14-10_label_B1-0-0__9.npy,B1-0-0
Quantum.Of.Solace.2008__#00-18-46_00-19-53_label_B1-0-0__0.npy,B1-0-0
Quantum.Of.Solace.2008__#00-18-46_00-19-53_label_B1-0-0__1.npy,B1-0-0
Quantum.Of.Solace.2008__#00-18-46_00-19-53_label_B1-0-0__2.npy,B1-0-0
Quantum.Of.Solace.2008__#00-18-46_00-19-53_label_B1-0-0__3.npy,B1-0-0
Quantum.Of.Solace.2008__#00-18-46_00-19-53_label_B1-0-0__4.npy,B1-0-0
Quantum.Of.Solace.2008__#00-18-46_00-19-53_label_B1-0-0__5.npy,B1-0-0
Quantum.Of.Solace.2008__#00-18-46_00-19-53_label_B1-0-0__6.npy,B1-0-0
Quantum.Of.Solace.2008__#00-18-46_00-19-53_label_B1-0-0__7.npy,B1-0-0
Quantum.Of.Solace.2008__#00-18-46_00-19-53_label_B1-0-0__8.npy,B1-0-0
Quantum.Of.Solace.2008__#00-18-46_00-19-53_label_B1-0-0__9.npy,B1-0-0
Rush.Hour.1998.BluRay__#00-07-26_00-08-02_label_B1-0-0__0.npy,B1-0-0
Rush.Hour.1998.BluRay__#00-07-26_00-08-02_label_B1-0-0__1.npy,B1-0-0
Rush.Hour.1998.BluRay__#00-07-26_00-08-02_label_B1-0-0__2.npy,B1-0-0
Rush.Hour.1998.BluRay__#00-07-26_00-08-02_label_B1-0-0__3.npy,B1-0-0
Rush.Hour.1998.BluRay__#00-07-26_00-08-02_label_B1-0-0__4.npy,B1-0-0
Rush.Hour.1998.BluRay__#00-07-26_00-08-02_label_B1-0-0__5.npy,B1-0-0
Rush.Hour.1998.BluRay__#00-07-26_00-08-02_label_B1-0-0__6.npy,B1-0-0
Rush.Hour.1998.BluRay__#00-07-26_00-08-02_label_B1-0-0__7.npy,B1-0-0
Rush.Hour.1998.BluRay__#00-07-26_00-08-02_label_B1-0-0__8.npy,B1-0-0
Rush.Hour.1998.BluRay__#00-07-26_00-08-02_label_B1-0-0__9.npy,B1-0-0
Rush.Hour.1998.BluRay__#00-32-44_00-34-12_label_B1-0-0__0.npy,B1-0-0
Rush.Hour.1998.BluRay__#00-32-44_00-34-12_label_B1-0-0__1.npy,B1-0-0
Rush.Hour.1998.BluRay__#00-32-44_00-34-12_label_B1-0-0__2.npy,B1-0-0
Rush.Hour.1998.BluRay__#00-32-44_00-34-12_label_B1-0-0__3.npy,B1-0-0
Rush.Hour.1998.BluRay__#00-32-44_00-34-12_label_B1-0-0__4.npy,B1-0-0
Rush.Hour.1998.BluRay__#00-32-44_00-34-12_label_B1-0-0__5.npy,B1-0-0
Rush.Hour.1998.BluRay__#00-32-44_00-34-12_label_B1-0-0__6.npy,B1-0-0
Rush.Hour.1998.BluRay__#00-32-44_00-34-12_label_B1-0-0__7.npy,B1-0-0
Rush.Hour.1998.BluRay__#00-32-44_00-34-12_label_B1-0-0__8.npy,B1-0-0
Rush.Hour.1998.BluRay__#00-32-44_00-34-12_label_B1-0-0__9.npy,B1-0-0
Rush.Hour.1998.BluRay__#00-37-33_00-38-10_label_B1-0-0__0.npy,B1-0-0
Rush.Hour.1998.BluRay__#00-37-33_00-38-10_label_B1-0-0__1.npy,B1-0-0
Rush.Hour.1998.BluRay__#00-37-33_00-38-10_label_B1-0-0__2.npy,B1-0-0
Rush.Hour.1998.BluRay__#00-37-33_00-38-10_label_B1-0-0__3.npy,B1-0-0
Rush.Hour.1998.BluRay__#00-37-33_00-38-10_label_B1-0-0__4.npy,B1-0-0
Rush.Hour.1998.BluRay__#00-37-33_00-38-10_label_B1-0-0__5.npy,B1-0-0
Rush.Hour.1998.BluRay__#00-37-33_00-38-10_label_B1-0-0__6.npy,B1-0-0
Rush.Hour.1998.BluRay__#00-37-33_00-38-10_label_B1-0-0__7.npy,B1-0-0
Rush.Hour.1998.BluRay__#00-37-33_00-38-10_label_B1-0-0__8.npy,B1-0-0
Rush.Hour.1998.BluRay__#00-37-33_00-38-10_label_B1-0-0__9.npy,B1-0-0
Rush.Hour.1998.BluRay__#01-02-47_01-04-17_label_B1-0-0__0.npy,B1-0-0
Rush.Hour.1998.BluRay__#01-02-47_01-04-17_label_B1-0-0__1.npy,B1-0-0
Rush.Hour.1998.BluRay__#01-02-47_01-04-17_label_B1-0-0__2.npy,B1-0-0
Rush.Hour.1998.BluRay__#01-02-47_01-04-17_label_B1-0-0__3.npy,B1-0-0
Rush.Hour.1998.BluRay__#01-02-47_01-04-17_label_B1-0-0__4.npy,B1-0-0
Rush.Hour.1998.BluRay__#01-02-47_01-04-17_label_B1-0-0__5.npy,B1-0-0
Rush.Hour.1998.BluRay__#01-02-47_01-04-17_label_B1-0-0__6.npy,B1-0-0
Rush.Hour.1998.BluRay__#01-02-47_01-04-17_label_B1-0-0__7.npy,B1-0-0
Rush.Hour.1998.BluRay__#01-02-47_01-04-17_label_B1-0-0__8.npy,B1-0-0
Rush.Hour.1998.BluRay__#01-02-47_01-04-17_label_B1-0-0__9.npy,B1-0-0
Rush.Hour.3.2007.BluRay__#01-09-20_01-10-57_label_B1-0-0__0.npy,B1-0-0
Rush.Hour.3.2007.BluRay__#01-09-20_01-10-57_label_B1-0-0__1.npy,B1-0-0
Rush.Hour.3.2007.BluRay__#01-09-20_01-10-57_label_B1-0-0__2.npy,B1-0-0
Rush.Hour.3.2007.BluRay__#01-09-20_01-10-57_label_B1-0-0__3.npy,B1-0-0
Rush.Hour.3.2007.BluRay__#01-09-20_01-10-57_label_B1-0-0__4.npy,B1-0-0
Rush.Hour.3.2007.BluRay__#01-09-20_01-10-57_label_B1-0-0__5.npy,B1-0-0
Rush.Hour.3.2007.BluRay__#01-09-20_01-10-57_label_B1-0-0__6.npy,B1-0-0
Rush.Hour.3.2007.BluRay__#01-09-20_01-10-57_label_B1-0-0__7.npy,B1-0-0
Rush.Hour.3.2007.BluRay__#01-09-20_01-10-57_label_B1-0-0__8.npy,B1-0-0
Rush.Hour.3.2007.BluRay__#01-09-20_01-10-57_label_B1-0-0__9.npy,B1-0-0
Rush.Hour.3.2007.BluRay__#01-12-36_01-13-53_label_B1-0-0__0.npy,B1-0-0
Rush.Hour.3.2007.BluRay__#01-12-36_01-13-53_label_B1-0-0__1.npy,B1-0-0
Rush.Hour.3.2007.BluRay__#01-12-36_01-13-53_label_B1-0-0__2.npy,B1-0-0
Rush.Hour.3.2007.BluRay__#01-12-36_01-13-53_label_B1-0-0__3.npy,B1-0-0
Rush.Hour.3.2007.BluRay__#01-12-36_01-13-53_label_B1-0-0__4.npy,B1-0-0
Rush.Hour.3.2007.BluRay__#01-12-36_01-13-53_label_B1-0-0__5.npy,B1-0-0
Rush.Hour.3.2007.BluRay__#01-12-36_01-13-53_label_B1-0-0__6.npy,B1-0-0
Rush.Hour.3.2007.BluRay__#01-12-36_01-13-53_label_B1-0-0__7.npy,B1-0-0
Rush.Hour.3.2007.BluRay__#01-12-36_01-13-53_label_B1-0-0__8.npy,B1-0-0
Rush.Hour.3.2007.BluRay__#01-12-36_01-13-53_label_B1-0-0__9.npy,B1-0-0
Salt.2010__#00-49-20_00-49-46_label_B1-0-0__0.npy,B1-0-0
Salt.2010__#00-49-20_00-49-46_label_B1-0-0__1.npy,B1-0-0
Salt.2010__#00-49-20_00-49-46_label_B1-0-0__2.npy,B1-0-0
Salt.2010__#00-49-20_00-49-46_label_B1-0-0__3.npy,B1-0-0
Salt.2010__#00-49-20_00-49-46_label_B1-0-0__4.npy,B1-0-0
Salt.2010__#00-49-20_00-49-46_label_B1-0-0__5.npy,B1-0-0
Salt.2010__#00-49-20_00-49-46_label_B1-0-0__6.npy,B1-0-0
Salt.2010__#00-49-20_00-49-46_label_B1-0-0__7.npy,B1-0-0
Salt.2010__#00-49-20_00-49-46_label_B1-0-0__8.npy,B1-0-0
Salt.2010__#00-49-20_00-49-46_label_B1-0-0__9.npy,B1-0-0
Salt.2010__#01-13-50_01-14-07_label_B1-0-0__0.npy,B1-0-0
Salt.2010__#01-13-50_01-14-07_label_B1-0-0__1.npy,B1-0-0
Salt.2010__#01-13-50_01-14-07_label_B1-0-0__2.npy,B1-0-0
Salt.2010__#01-13-50_01-14-07_label_B1-0-0__3.npy,B1-0-0
Salt.2010__#01-13-50_01-14-07_label_B1-0-0__4.npy,B1-0-0
Salt.2010__#01-13-50_01-14-07_label_B1-0-0__5.npy,B1-0-0
Salt.2010__#01-13-50_01-14-07_label_B1-0-0__6.npy,B1-0-0
Salt.2010__#01-13-50_01-14-07_label_B1-0-0__7.npy,B1-0-0
Salt.2010__#01-13-50_01-14-07_label_B1-0-0__8.npy,B1-0-0
Salt.2010__#01-13-50_01-14-07_label_B1-0-0__9.npy,B1-0-0
Salt.2010__#01-15-20_01-15-42_label_B1-0-0__0.npy,B1-0-0
Salt.2010__#01-15-20_01-15-42_label_B1-0-0__1.npy,B1-0-0
Salt.2010__#01-15-20_01-15-42_label_B1-0-0__2.npy,B1-0-0
Salt.2010__#01-15-20_01-15-42_label_B1-0-0__3.npy,B1-0-0
Salt.2010__#01-15-20_01-15-42_label_B1-0-0__4.npy,B1-0-0
Salt.2010__#01-15-20_01-15-42_label_B1-0-0__5.npy,B1-0-0
Salt.2010__#01-15-20_01-15-42_label_B1-0-0__6.npy,B1-0-0
Salt.2010__#01-15-20_01-15-42_label_B1-0-0__7.npy,B1-0-0
Salt.2010__#01-15-20_01-15-42_label_B1-0-0__8.npy,B1-0-0
Salt.2010__#01-15-20_01-15-42_label_B1-0-0__9.npy,B1-0-0
Saving.Private.Ryan.1998__#01-32-02_01-32-47_label_B1-0-0__0.npy,B1-0-0
Saving.Private.Ryan.1998__#01-32-02_01-32-47_label_B1-0-0__1.npy,B1-0-0
Saving.Private.Ryan.1998__#01-32-02_01-32-47_label_B1-0-0__2.npy,B1-0-0
Saving.Private.Ryan.1998__#01-32-02_01-32-47_label_B1-0-0__3.npy,B1-0-0
Saving.Private.Ryan.1998__#01-32-02_01-32-47_label_B1-0-0__4.npy,B1-0-0
Saving.Private.Ryan.1998__#01-32-02_01-32-47_label_B1-0-0__5.npy,B1-0-0
Saving.Private.Ryan.1998__#01-32-02_01-32-47_label_B1-0-0__6.npy,B1-0-0
Saving.Private.Ryan.1998__#01-32-02_01-32-47_label_B1-0-0__7.npy,B1-0-0
Saving.Private.Ryan.1998__#01-32-02_01-32-47_label_B1-0-0__8.npy,B1-0-0
Saving.Private.Ryan.1998__#01-32-02_01-32-47_label_B1-0-0__9.npy,B1-0-0
Shoot.Em.Up.2007__#01-04-40_01-06-06_label_B1-0-0__0.npy,B1-0-0
Shoot.Em.Up.2007__#01-04-40_01-06-06_label_B1-0-0__1.npy,B1-0-0
Shoot.Em.Up.2007__#01-04-40_01-06-06_label_B1-0-0__2.npy,B1-0-0
Shoot.Em.Up.2007__#01-04-40_01-06-06_label_B1-0-0__3.npy,B1-0-0
Shoot.Em.Up.2007__#01-04-40_01-06-06_label_B1-0-0__4.npy,B1-0-0
Shoot.Em.Up.2007__#01-04-40_01-06-06_label_B1-0-0__5.npy,B1-0-0
Shoot.Em.Up.2007__#01-04-40_01-06-06_label_B1-0-0__6.npy,B1-0-0
Shoot.Em.Up.2007__#01-04-40_01-06-06_label_B1-0-0__7.npy,B1-0-0
Shoot.Em.Up.2007__#01-04-40_01-06-06_label_B1-0-0__8.npy,B1-0-0
Shoot.Em.Up.2007__#01-04-40_01-06-06_label_B1-0-0__9.npy,B1-0-0
Shoot.Em.Up.2007__#01-13-15_01-13-50_label_B1-0-0__0.npy,B1-0-0
Shoot.Em.Up.2007__#01-13-15_01-13-50_label_B1-0-0__1.npy,B1-0-0
Shoot.Em.Up.2007__#01-13-15_01-13-50_label_B1-0-0__2.npy,B1-0-0
Shoot.Em.Up.2007__#01-13-15_01-13-50_label_B1-0-0__3.npy,B1-0-0
Shoot.Em.Up.2007__#01-13-15_01-13-50_label_B1-0-0__4.npy,B1-0-0
Shoot.Em.Up.2007__#01-13-15_01-13-50_label_B1-0-0__5.npy,B1-0-0
Shoot.Em.Up.2007__#01-13-15_01-13-50_label_B1-0-0__6.npy,B1-0-0
Shoot.Em.Up.2007__#01-13-15_01-13-50_label_B1-0-0__7.npy,B1-0-0
Shoot.Em.Up.2007__#01-13-15_01-13-50_label_B1-0-0__8.npy,B1-0-0
Shoot.Em.Up.2007__#01-13-15_01-13-50_label_B1-0-0__9.npy,B1-0-0
Sin.City.2005__#0-07-40_0-08-40_label_B1-0-0__0.npy,B1-0-0
Sin.City.2005__#0-07-40_0-08-40_label_B1-0-0__1.npy,B1-0-0
Sin.City.2005__#0-07-40_0-08-40_label_B1-0-0__2.npy,B1-0-0
Sin.City.2005__#0-07-40_0-08-40_label_B1-0-0__3.npy,B1-0-0
Sin.City.2005__#0-07-40_0-08-40_label_B1-0-0__4.npy,B1-0-0
Sin.City.2005__#0-07-40_0-08-40_label_B1-0-0__5.npy,B1-0-0
Sin.City.2005__#0-07-40_0-08-40_label_B1-0-0__6.npy,B1-0-0
Sin.City.2005__#0-07-40_0-08-40_label_B1-0-0__7.npy,B1-0-0
Sin.City.2005__#0-07-40_0-08-40_label_B1-0-0__8.npy,B1-0-0
Sin.City.2005__#0-07-40_0-08-40_label_B1-0-0__9.npy,B1-0-0
Sin.City.2005__#0-25-40_0-26-30_label_B1-0-0__0.npy,B1-0-0
Sin.City.2005__#0-25-40_0-26-30_label_B1-0-0__1.npy,B1-0-0
Sin.City.2005__#0-25-40_0-26-30_label_B1-0-0__2.npy,B1-0-0
Sin.City.2005__#0-25-40_0-26-30_label_B1-0-0__3.npy,B1-0-0
Sin.City.2005__#0-25-40_0-26-30_label_B1-0-0__4.npy,B1-0-0
Sin.City.2005__#0-25-40_0-26-30_label_B1-0-0__5.npy,B1-0-0
Sin.City.2005__#0-25-40_0-26-30_label_B1-0-0__6.npy,B1-0-0
Sin.City.2005__#0-25-40_0-26-30_label_B1-0-0__7.npy,B1-0-0
Sin.City.2005__#0-25-40_0-26-30_label_B1-0-0__8.npy,B1-0-0
Sin.City.2005__#0-25-40_0-26-30_label_B1-0-0__9.npy,B1-0-0
Sin.City.2005__#0-37-08_0-37-50_label_B1-0-0__0.npy,B1-0-0
Sin.City.2005__#0-37-08_0-37-50_label_B1-0-0__1.npy,B1-0-0
Sin.City.2005__#0-37-08_0-37-50_label_B1-0-0__2.npy,B1-0-0
Sin.City.2005__#0-37-08_0-37-50_label_B1-0-0__3.npy,B1-0-0
Sin.City.2005__#0-37-08_0-37-50_label_B1-0-0__4.npy,B1-0-0
Sin.City.2005__#0-37-08_0-37-50_label_B1-0-0__5.npy,B1-0-0
Sin.City.2005__#0-37-08_0-37-50_label_B1-0-0__6.npy,B1-0-0
Sin.City.2005__#0-37-08_0-37-50_label_B1-0-0__7.npy,B1-0-0
Sin.City.2005__#0-37-08_0-37-50_label_B1-0-0__8.npy,B1-0-0
Sin.City.2005__#0-37-08_0-37-50_label_B1-0-0__9.npy,B1-0-0
Sin.City.2005__#01-48-44_01-49-17_label_B1-0-0__0.npy,B1-0-0
Sin.City.2005__#01-48-44_01-49-17_label_B1-0-0__1.npy,B1-0-0
Sin.City.2005__#01-48-44_01-49-17_label_B1-0-0__2.npy,B1-0-0
Sin.City.2005__#01-48-44_01-49-17_label_B1-0-0__3.npy,B1-0-0
Sin.City.2005__#01-48-44_01-49-17_label_B1-0-0__4.npy,B1-0-0
Sin.City.2005__#01-48-44_01-49-17_label_B1-0-0__5.npy,B1-0-0
Sin.City.2005__#01-48-44_01-49-17_label_B1-0-0__6.npy,B1-0-0
Sin.City.2005__#01-48-44_01-49-17_label_B1-0-0__7.npy,B1-0-0
Sin.City.2005__#01-48-44_01-49-17_label_B1-0-0__8.npy,B1-0-0
Sin.City.2005__#01-48-44_01-49-17_label_B1-0-0__9.npy,B1-0-0
Skyfall.2012__#01-03-44_01-04-25_label_B1-0-0__0.npy,B1-0-0
Skyfall.2012__#01-03-44_01-04-25_label_B1-0-0__1.npy,B1-0-0
Skyfall.2012__#01-03-44_01-04-25_label_B1-0-0__2.npy,B1-0-0
Skyfall.2012__#01-03-44_01-04-25_label_B1-0-0__3.npy,B1-0-0
Skyfall.2012__#01-03-44_01-04-25_label_B1-0-0__4.npy,B1-0-0
Skyfall.2012__#01-03-44_01-04-25_label_B1-0-0__5.npy,B1-0-0
Skyfall.2012__#01-03-44_01-04-25_label_B1-0-0__6.npy,B1-0-0
Skyfall.2012__#01-03-44_01-04-25_label_B1-0-0__7.npy,B1-0-0
Skyfall.2012__#01-03-44_01-04-25_label_B1-0-0__8.npy,B1-0-0
Skyfall.2012__#01-03-44_01-04-25_label_B1-0-0__9.npy,B1-0-0
Skyfall.2012__#01-04-50_01-05-13_label_B1-0-0__0.npy,B1-0-0
Skyfall.2012__#01-04-50_01-05-13_label_B1-0-0__1.npy,B1-0-0
Skyfall.2012__#01-04-50_01-05-13_label_B1-0-0__2.npy,B1-0-0
Skyfall.2012__#01-04-50_01-05-13_label_B1-0-0__3.npy,B1-0-0
Skyfall.2012__#01-04-50_01-05-13_label_B1-0-0__4.npy,B1-0-0
Skyfall.2012__#01-04-50_01-05-13_label_B1-0-0__5.npy,B1-0-0
Skyfall.2012__#01-04-50_01-05-13_label_B1-0-0__6.npy,B1-0-0
Skyfall.2012__#01-04-50_01-05-13_label_B1-0-0__7.npy,B1-0-0
Skyfall.2012__#01-04-50_01-05-13_label_B1-0-0__8.npy,B1-0-0
Skyfall.2012__#01-04-50_01-05-13_label_B1-0-0__9.npy,B1-0-0
Taken.2.UNRATED.EXTENDED.2012__#00-32-36_00-32-50_label_B1-0-0__0.npy,B1-0-0
Taken.2.UNRATED.EXTENDED.2012__#00-32-36_00-32-50_label_B1-0-0__1.npy,B1-0-0
Taken.2.UNRATED.EXTENDED.2012__#00-32-36_00-32-50_label_B1-0-0__2.npy,B1-0-0
Taken.2.UNRATED.EXTENDED.2012__#00-32-36_00-32-50_label_B1-0-0__3.npy,B1-0-0
Taken.2.UNRATED.EXTENDED.2012__#00-32-36_00-32-50_label_B1-0-0__4.npy,B1-0-0
Taken.2.UNRATED.EXTENDED.2012__#00-32-36_00-32-50_label_B1-0-0__5.npy,B1-0-0
Taken.2.UNRATED.EXTENDED.2012__#00-32-36_00-32-50_label_B1-0-0__6.npy,B1-0-0
Taken.2.UNRATED.EXTENDED.2012__#00-32-36_00-32-50_label_B1-0-0__7.npy,B1-0-0
Taken.2.UNRATED.EXTENDED.2012__#00-32-36_00-32-50_label_B1-0-0__8.npy,B1-0-0
Taken.2.UNRATED.EXTENDED.2012__#00-32-36_00-32-50_label_B1-0-0__9.npy,B1-0-0
Taken.2.UNRATED.EXTENDED.2012__#00-35-40_00-35-58_label_B1-0-0__0.npy,B1-0-0
Taken.2.UNRATED.EXTENDED.2012__#00-35-40_00-35-58_label_B1-0-0__1.npy,B1-0-0
Taken.2.UNRATED.EXTENDED.2012__#00-35-40_00-35-58_label_B1-0-0__2.npy,B1-0-0
Taken.2.UNRATED.EXTENDED.2012__#00-35-40_00-35-58_label_B1-0-0__3.npy,B1-0-0
Taken.2.UNRATED.EXTENDED.2012__#00-35-40_00-35-58_label_B1-0-0__4.npy,B1-0-0
Taken.2.UNRATED.EXTENDED.2012__#00-35-40_00-35-58_label_B1-0-0__5.npy,B1-0-0
Taken.2.UNRATED.EXTENDED.2012__#00-35-40_00-35-58_label_B1-0-0__6.npy,B1-0-0
Taken.2.UNRATED.EXTENDED.2012__#00-35-40_00-35-58_label_B1-0-0__7.npy,B1-0-0
Taken.2.UNRATED.EXTENDED.2012__#00-35-40_00-35-58_label_B1-0-0__8.npy,B1-0-0
Taken.2.UNRATED.EXTENDED.2012__#00-35-40_00-35-58_label_B1-0-0__9.npy,B1-0-0
Taken.2.UNRATED.EXTENDED.2012__#01-15-50_01-16-14_label_B1-0-0__0.npy,B1-0-0
Taken.2.UNRATED.EXTENDED.2012__#01-15-50_01-16-14_label_B1-0-0__1.npy,B1-0-0
Taken.2.UNRATED.EXTENDED.2012__#01-15-50_01-16-14_label_B1-0-0__2.npy,B1-0-0
Taken.2.UNRATED.EXTENDED.2012__#01-15-50_01-16-14_label_B1-0-0__3.npy,B1-0-0
Taken.2.UNRATED.EXTENDED.2012__#01-15-50_01-16-14_label_B1-0-0__4.npy,B1-0-0
Taken.2.UNRATED.EXTENDED.2012__#01-15-50_01-16-14_label_B1-0-0__5.npy,B1-0-0
Taken.2.UNRATED.EXTENDED.2012__#01-15-50_01-16-14_label_B1-0-0__6.npy,B1-0-0
Taken.2.UNRATED.EXTENDED.2012__#01-15-50_01-16-14_label_B1-0-0__7.npy,B1-0-0
Taken.2.UNRATED.EXTENDED.2012__#01-15-50_01-16-14_label_B1-0-0__8.npy,B1-0-0
Taken.2.UNRATED.EXTENDED.2012__#01-15-50_01-16-14_label_B1-0-0__9.npy,B1-0-0
Taken.2.UNRATED.EXTENDED.2012__#01-17-00_01-17-30_label_B1-0-0__0.npy,B1-0-0
Taken.2.UNRATED.EXTENDED.2012__#01-17-00_01-17-30_label_B1-0-0__1.npy,B1-0-0
Taken.2.UNRATED.EXTENDED.2012__#01-17-00_01-17-30_label_B1-0-0__2.npy,B1-0-0
Taken.2.UNRATED.EXTENDED.2012__#01-17-00_01-17-30_label_B1-0-0__3.npy,B1-0-0
Taken.2.UNRATED.EXTENDED.2012__#01-17-00_01-17-30_label_B1-0-0__4.npy,B1-0-0
Taken.2.UNRATED.EXTENDED.2012__#01-17-00_01-17-30_label_B1-0-0__5.npy,B1-0-0
Taken.2.UNRATED.EXTENDED.2012__#01-17-00_01-17-30_label_B1-0-0__6.npy,B1-0-0
Taken.2.UNRATED.EXTENDED.2012__#01-17-00_01-17-30_label_B1-0-0__7.npy,B1-0-0
Taken.2.UNRATED.EXTENDED.2012__#01-17-00_01-17-30_label_B1-0-0__8.npy,B1-0-0
Taken.2.UNRATED.EXTENDED.2012__#01-17-00_01-17-30_label_B1-0-0__9.npy,B1-0-0
Taken.2.UNRATED.EXTENDED.2012__#01-27-50_01-28-16_label_B1-0-0__0.npy,B1-0-0
Taken.2.UNRATED.EXTENDED.2012__#01-27-50_01-28-16_label_B1-0-0__1.npy,B1-0-0
Taken.2.UNRATED.EXTENDED.2012__#01-27-50_01-28-16_label_B1-0-0__2.npy,B1-0-0
Taken.2.UNRATED.EXTENDED.2012__#01-27-50_01-28-16_label_B1-0-0__3.npy,B1-0-0
Taken.2.UNRATED.EXTENDED.2012__#01-27-50_01-28-16_label_B1-0-0__4.npy,B1-0-0
Taken.2.UNRATED.EXTENDED.2012__#01-27-50_01-28-16_label_B1-0-0__5.npy,B1-0-0
Taken.2.UNRATED.EXTENDED.2012__#01-27-50_01-28-16_label_B1-0-0__6.npy,B1-0-0
Taken.2.UNRATED.EXTENDED.2012__#01-27-50_01-28-16_label_B1-0-0__7.npy,B1-0-0
Taken.2.UNRATED.EXTENDED.2012__#01-27-50_01-28-16_label_B1-0-0__8.npy,B1-0-0
Taken.2.UNRATED.EXTENDED.2012__#01-27-50_01-28-16_label_B1-0-0__9.npy,B1-0-0
Taken.3.2014__#00-20-44_00-21-07_label_B1-0-0__0.npy,B1-0-0
Taken.3.2014__#00-20-44_00-21-07_label_B1-0-0__1.npy,B1-0-0
Taken.3.2014__#00-20-44_00-21-07_label_B1-0-0__2.npy,B1-0-0
Taken.3.2014__#00-20-44_00-21-07_label_B1-0-0__3.npy,B1-0-0
Taken.3.2014__#00-20-44_00-21-07_label_B1-0-0__4.npy,B1-0-0
Taken.3.2014__#00-20-44_00-21-07_label_B1-0-0__5.npy,B1-0-0
Taken.3.2014__#00-20-44_00-21-07_label_B1-0-0__6.npy,B1-0-0
Taken.3.2014__#00-20-44_00-21-07_label_B1-0-0__7.npy,B1-0-0
Taken.3.2014__#00-20-44_00-21-07_label_B1-0-0__8.npy,B1-0-0
Taken.3.2014__#00-20-44_00-21-07_label_B1-0-0__9.npy,B1-0-0
Taken.3.2014__#00-44-08_00-44-30_label_B1-0-0__0.npy,B1-0-0
Taken.3.2014__#00-44-08_00-44-30_label_B1-0-0__1.npy,B1-0-0
Taken.3.2014__#00-44-08_00-44-30_label_B1-0-0__2.npy,B1-0-0
Taken.3.2014__#00-44-08_00-44-30_label_B1-0-0__3.npy,B1-0-0
Taken.3.2014__#00-44-08_00-44-30_label_B1-0-0__4.npy,B1-0-0
Taken.3.2014__#00-44-08_00-44-30_label_B1-0-0__5.npy,B1-0-0
Taken.3.2014__#00-44-08_00-44-30_label_B1-0-0__6.npy,B1-0-0
Taken.3.2014__#00-44-08_00-44-30_label_B1-0-0__7.npy,B1-0-0
Taken.3.2014__#00-44-08_00-44-30_label_B1-0-0__8.npy,B1-0-0
Taken.3.2014__#00-44-08_00-44-30_label_B1-0-0__9.npy,B1-0-0
Taken.3.2014__#01-19-33_01-20-02_label_B1-0-0__0.npy,B1-0-0
Taken.3.2014__#01-19-33_01-20-02_label_B1-0-0__1.npy,B1-0-0
Taken.3.2014__#01-19-33_01-20-02_label_B1-0-0__2.npy,B1-0-0
Taken.3.2014__#01-19-33_01-20-02_label_B1-0-0__3.npy,B1-0-0
Taken.3.2014__#01-19-33_01-20-02_label_B1-0-0__4.npy,B1-0-0
Taken.3.2014__#01-19-33_01-20-02_label_B1-0-0__5.npy,B1-0-0
Taken.3.2014__#01-19-33_01-20-02_label_B1-0-0__6.npy,B1-0-0
Taken.3.2014__#01-19-33_01-20-02_label_B1-0-0__7.npy,B1-0-0
Taken.3.2014__#01-19-33_01-20-02_label_B1-0-0__8.npy,B1-0-0
Taken.3.2014__#01-19-33_01-20-02_label_B1-0-0__9.npy,B1-0-0
Taken.Extended.Cut.2008__#00-10-52_00-11-15_label_B1-0-0__0.npy,B1-0-0
Taken.Extended.Cut.2008__#00-10-52_00-11-15_label_B1-0-0__1.npy,B1-0-0
Taken.Extended.Cut.2008__#00-10-52_00-11-15_label_B1-0-0__2.npy,B1-0-0
Taken.Extended.Cut.2008__#00-10-52_00-11-15_label_B1-0-0__3.npy,B1-0-0
Taken.Extended.Cut.2008__#00-10-52_00-11-15_label_B1-0-0__4.npy,B1-0-0
Taken.Extended.Cut.2008__#00-10-52_00-11-15_label_B1-0-0__5.npy,B1-0-0
Taken.Extended.Cut.2008__#00-10-52_00-11-15_label_B1-0-0__6.npy,B1-0-0
Taken.Extended.Cut.2008__#00-10-52_00-11-15_label_B1-0-0__7.npy,B1-0-0
Taken.Extended.Cut.2008__#00-10-52_00-11-15_label_B1-0-0__8.npy,B1-0-0
Taken.Extended.Cut.2008__#00-10-52_00-11-15_label_B1-0-0__9.npy,B1-0-0
Taken.Extended.Cut.2008__#01-09-52_01-10-19_label_B1-0-0__0.npy,B1-0-0
Taken.Extended.Cut.2008__#01-09-52_01-10-19_label_B1-0-0__1.npy,B1-0-0
Taken.Extended.Cut.2008__#01-09-52_01-10-19_label_B1-0-0__2.npy,B1-0-0
Taken.Extended.Cut.2008__#01-09-52_01-10-19_label_B1-0-0__3.npy,B1-0-0
Taken.Extended.Cut.2008__#01-09-52_01-10-19_label_B1-0-0__4.npy,B1-0-0
Taken.Extended.Cut.2008__#01-09-52_01-10-19_label_B1-0-0__5.npy,B1-0-0
Taken.Extended.Cut.2008__#01-09-52_01-10-19_label_B1-0-0__6.npy,B1-0-0
Taken.Extended.Cut.2008__#01-09-52_01-10-19_label_B1-0-0__7.npy,B1-0-0
Taken.Extended.Cut.2008__#01-09-52_01-10-19_label_B1-0-0__8.npy,B1-0-0
Taken.Extended.Cut.2008__#01-09-52_01-10-19_label_B1-0-0__9.npy,B1-0-0
Taken.Extended.Cut.2008__#01-11-17_01-11-42_label_B1-0-0__0.npy,B1-0-0
Taken.Extended.Cut.2008__#01-11-17_01-11-42_label_B1-0-0__1.npy,B1-0-0
Taken.Extended.Cut.2008__#01-11-17_01-11-42_label_B1-0-0__2.npy,B1-0-0
Taken.Extended.Cut.2008__#01-11-17_01-11-42_label_B1-0-0__3.npy,B1-0-0
Taken.Extended.Cut.2008__#01-11-17_01-11-42_label_B1-0-0__4.npy,B1-0-0
Taken.Extended.Cut.2008__#01-11-17_01-11-42_label_B1-0-0__5.npy,B1-0-0
Taken.Extended.Cut.2008__#01-11-17_01-11-42_label_B1-0-0__6.npy,B1-0-0
Taken.Extended.Cut.2008__#01-11-17_01-11-42_label_B1-0-0__7.npy,B1-0-0
Taken.Extended.Cut.2008__#01-11-17_01-11-42_label_B1-0-0__8.npy,B1-0-0
Taken.Extended.Cut.2008__#01-11-17_01-11-42_label_B1-0-0__9.npy,B1-0-0
Taken.Extended.Cut.2008__#01-19-26_01-19-39_label_B1-0-0__0.npy,B1-0-0
Taken.Extended.Cut.2008__#01-19-26_01-19-39_label_B1-0-0__1.npy,B1-0-0
Taken.Extended.Cut.2008__#01-19-26_01-19-39_label_B1-0-0__2.npy,B1-0-0
Taken.Extended.Cut.2008__#01-19-26_01-19-39_label_B1-0-0__3.npy,B1-0-0
Taken.Extended.Cut.2008__#01-19-26_01-19-39_label_B1-0-0__4.npy,B1-0-0
Taken.Extended.Cut.2008__#01-19-26_01-19-39_label_B1-0-0__5.npy,B1-0-0
Taken.Extended.Cut.2008__#01-19-26_01-19-39_label_B1-0-0__6.npy,B1-0-0
Taken.Extended.Cut.2008__#01-19-26_01-19-39_label_B1-0-0__7.npy,B1-0-0
Taken.Extended.Cut.2008__#01-19-26_01-19-39_label_B1-0-0__8.npy,B1-0-0
Taken.Extended.Cut.2008__#01-19-26_01-19-39_label_B1-0-0__9.npy,B1-0-0
Taken.Extended.Cut.2008__#01-21-11_01-21-35_label_B1-0-0__0.npy,B1-0-0
Taken.Extended.Cut.2008__#01-21-11_01-21-35_label_B1-0-0__1.npy,B1-0-0
Taken.Extended.Cut.2008__#01-21-11_01-21-35_label_B1-0-0__2.npy,B1-0-0
Taken.Extended.Cut.2008__#01-21-11_01-21-35_label_B1-0-0__3.npy,B1-0-0
Taken.Extended.Cut.2008__#01-21-11_01-21-35_label_B1-0-0__4.npy,B1-0-0
Taken.Extended.Cut.2008__#01-21-11_01-21-35_label_B1-0-0__5.npy,B1-0-0
Taken.Extended.Cut.2008__#01-21-11_01-21-35_label_B1-0-0__6.npy,B1-0-0
Taken.Extended.Cut.2008__#01-21-11_01-21-35_label_B1-0-0__7.npy,B1-0-0
Taken.Extended.Cut.2008__#01-21-11_01-21-35_label_B1-0-0__8.npy,B1-0-0
Taken.Extended.Cut.2008__#01-21-11_01-21-35_label_B1-0-0__9.npy,B1-0-0
Taken.Extended.Cut.2008__#01-21-35_01-21-50_label_B1-0-0__0.npy,B1-0-0
Taken.Extended.Cut.2008__#01-21-35_01-21-50_label_B1-0-0__1.npy,B1-0-0
Taken.Extended.Cut.2008__#01-21-35_01-21-50_label_B1-0-0__2.npy,B1-0-0
Taken.Extended.Cut.2008__#01-21-35_01-21-50_label_B1-0-0__3.npy,B1-0-0
Taken.Extended.Cut.2008__#01-21-35_01-21-50_label_B1-0-0__4.npy,B1-0-0
Taken.Extended.Cut.2008__#01-21-35_01-21-50_label_B1-0-0__5.npy,B1-0-0
Taken.Extended.Cut.2008__#01-21-35_01-21-50_label_B1-0-0__6.npy,B1-0-0
Taken.Extended.Cut.2008__#01-21-35_01-21-50_label_B1-0-0__7.npy,B1-0-0
Taken.Extended.Cut.2008__#01-21-35_01-21-50_label_B1-0-0__8.npy,B1-0-0
Taken.Extended.Cut.2008__#01-21-35_01-21-50_label_B1-0-0__9.npy,B1-0-0
Taken.Extended.Cut.2008__#01-22-11_01-22-27_label_B1-0-0__0.npy,B1-0-0
Taken.Extended.Cut.2008__#01-22-11_01-22-27_label_B1-0-0__1.npy,B1-0-0
Taken.Extended.Cut.2008__#01-22-11_01-22-27_label_B1-0-0__2.npy,B1-0-0
Taken.Extended.Cut.2008__#01-22-11_01-22-27_label_B1-0-0__3.npy,B1-0-0
Taken.Extended.Cut.2008__#01-22-11_01-22-27_label_B1-0-0__4.npy,B1-0-0
Taken.Extended.Cut.2008__#01-22-11_01-22-27_label_B1-0-0__5.npy,B1-0-0
Taken.Extended.Cut.2008__#01-22-11_01-22-27_label_B1-0-0__6.npy,B1-0-0
Taken.Extended.Cut.2008__#01-22-11_01-22-27_label_B1-0-0__7.npy,B1-0-0
Taken.Extended.Cut.2008__#01-22-11_01-22-27_label_B1-0-0__8.npy,B1-0-0
Taken.Extended.Cut.2008__#01-22-11_01-22-27_label_B1-0-0__9.npy,B1-0-0
The.Bourne.Identity.2002__#0-04-37_0-05-45_label_B1-0-0__0.npy,B1-0-0
The.Bourne.Identity.2002__#0-04-37_0-05-45_label_B1-0-0__1.npy,B1-0-0
The.Bourne.Identity.2002__#0-04-37_0-05-45_label_B1-0-0__2.npy,B1-0-0
The.Bourne.Identity.2002__#0-04-37_0-05-45_label_B1-0-0__3.npy,B1-0-0
The.Bourne.Identity.2002__#0-04-37_0-05-45_label_B1-0-0__4.npy,B1-0-0
The.Bourne.Identity.2002__#0-04-37_0-05-45_label_B1-0-0__5.npy,B1-0-0
The.Bourne.Identity.2002__#0-04-37_0-05-45_label_B1-0-0__6.npy,B1-0-0
The.Bourne.Identity.2002__#0-04-37_0-05-45_label_B1-0-0__7.npy,B1-0-0
The.Bourne.Identity.2002__#0-04-37_0-05-45_label_B1-0-0__8.npy,B1-0-0
The.Bourne.Identity.2002__#0-04-37_0-05-45_label_B1-0-0__9.npy,B1-0-0
The.Bourne.Identity.2002__#0-10-42_0-11-24_label_B1-0-0__0.npy,B1-0-0
The.Bourne.Identity.2002__#0-10-42_0-11-24_label_B1-0-0__1.npy,B1-0-0
The.Bourne.Identity.2002__#0-10-42_0-11-24_label_B1-0-0__2.npy,B1-0-0
The.Bourne.Identity.2002__#0-10-42_0-11-24_label_B1-0-0__3.npy,B1-0-0
The.Bourne.Identity.2002__#0-10-42_0-11-24_label_B1-0-0__4.npy,B1-0-0
The.Bourne.Identity.2002__#0-10-42_0-11-24_label_B1-0-0__5.npy,B1-0-0
The.Bourne.Identity.2002__#0-10-42_0-11-24_label_B1-0-0__6.npy,B1-0-0
The.Bourne.Identity.2002__#0-10-42_0-11-24_label_B1-0-0__7.npy,B1-0-0
The.Bourne.Identity.2002__#0-10-42_0-11-24_label_B1-0-0__8.npy,B1-0-0
The.Bourne.Identity.2002__#0-10-42_0-11-24_label_B1-0-0__9.npy,B1-0-0
The.Bourne.Legacy.2012__#01-36-45_01-38-16_label_B1-0-0__0.npy,B1-0-0
The.Bourne.Legacy.2012__#01-36-45_01-38-16_label_B1-0-0__1.npy,B1-0-0
The.Bourne.Legacy.2012__#01-36-45_01-38-16_label_B1-0-0__2.npy,B1-0-0
The.Bourne.Legacy.2012__#01-36-45_01-38-16_label_B1-0-0__3.npy,B1-0-0
The.Bourne.Legacy.2012__#01-36-45_01-38-16_label_B1-0-0__4.npy,B1-0-0
The.Bourne.Legacy.2012__#01-36-45_01-38-16_label_B1-0-0__5.npy,B1-0-0
The.Bourne.Legacy.2012__#01-36-45_01-38-16_label_B1-0-0__6.npy,B1-0-0
The.Bourne.Legacy.2012__#01-36-45_01-38-16_label_B1-0-0__7.npy,B1-0-0
The.Bourne.Legacy.2012__#01-36-45_01-38-16_label_B1-0-0__8.npy,B1-0-0
The.Bourne.Legacy.2012__#01-36-45_01-38-16_label_B1-0-0__9.npy,B1-0-0
The.Bourne.Legacy.2012__#02-00-44_02-01-26_label_B1-0-0__0.npy,B1-0-0
The.Bourne.Legacy.2012__#02-00-44_02-01-26_label_B1-0-0__1.npy,B1-0-0
The.Bourne.Legacy.2012__#02-00-44_02-01-26_label_B1-0-0__2.npy,B1-0-0
The.Bourne.Legacy.2012__#02-00-44_02-01-26_label_B1-0-0__3.npy,B1-0-0
The.Bourne.Legacy.2012__#02-00-44_02-01-26_label_B1-0-0__4.npy,B1-0-0
The.Bourne.Legacy.2012__#02-00-44_02-01-26_label_B1-0-0__5.npy,B1-0-0
The.Bourne.Legacy.2012__#02-00-44_02-01-26_label_B1-0-0__6.npy,B1-0-0
The.Bourne.Legacy.2012__#02-00-44_02-01-26_label_B1-0-0__7.npy,B1-0-0
The.Bourne.Legacy.2012__#02-00-44_02-01-26_label_B1-0-0__8.npy,B1-0-0
The.Bourne.Legacy.2012__#02-00-44_02-01-26_label_B1-0-0__9.npy,B1-0-0
The.Bourne.Supremacy.2004__#0-31-09_0-31-29_label_B1-0-0__0.npy,B1-0-0
The.Bourne.Supremacy.2004__#0-31-09_0-31-29_label_B1-0-0__1.npy,B1-0-0
The.Bourne.Supremacy.2004__#0-31-09_0-31-29_label_B1-0-0__2.npy,B1-0-0
The.Bourne.Supremacy.2004__#0-31-09_0-31-29_label_B1-0-0__3.npy,B1-0-0
The.Bourne.Supremacy.2004__#0-31-09_0-31-29_label_B1-0-0__4.npy,B1-0-0
The.Bourne.Supremacy.2004__#0-31-09_0-31-29_label_B1-0-0__5.npy,B1-0-0
The.Bourne.Supremacy.2004__#0-31-09_0-31-29_label_B1-0-0__6.npy,B1-0-0
The.Bourne.Supremacy.2004__#0-31-09_0-31-29_label_B1-0-0__7.npy,B1-0-0
The.Bourne.Supremacy.2004__#0-31-09_0-31-29_label_B1-0-0__8.npy,B1-0-0
The.Bourne.Supremacy.2004__#0-31-09_0-31-29_label_B1-0-0__9.npy,B1-0-0
The.Bourne.Supremacy.2004__#0-40-28_0-43-14_label_B1-0-0__0.npy,B1-0-0
The.Bourne.Supremacy.2004__#0-40-28_0-43-14_label_B1-0-0__1.npy,B1-0-0
The.Bourne.Supremacy.2004__#0-40-28_0-43-14_label_B1-0-0__2.npy,B1-0-0
The.Bourne.Supremacy.2004__#0-40-28_0-43-14_label_B1-0-0__3.npy,B1-0-0
The.Bourne.Supremacy.2004__#0-40-28_0-43-14_label_B1-0-0__4.npy,B1-0-0
The.Bourne.Supremacy.2004__#0-40-28_0-43-14_label_B1-0-0__5.npy,B1-0-0
The.Bourne.Supremacy.2004__#0-40-28_0-43-14_label_B1-0-0__6.npy,B1-0-0
The.Bourne.Supremacy.2004__#0-40-28_0-43-14_label_B1-0-0__7.npy,B1-0-0
The.Bourne.Supremacy.2004__#0-40-28_0-43-14_label_B1-0-0__8.npy,B1-0-0
The.Bourne.Supremacy.2004__#0-40-28_0-43-14_label_B1-0-0__9.npy,B1-0-0
The.Bourne.Supremacy.2004__#01-01-23_01-02-25_label_B1-0-0__0.npy,B1-0-0
The.Bourne.Supremacy.2004__#01-01-23_01-02-25_label_B1-0-0__1.npy,B1-0-0
The.Bourne.Supremacy.2004__#01-01-23_01-02-25_label_B1-0-0__2.npy,B1-0-0
The.Bourne.Supremacy.2004__#01-01-23_01-02-25_label_B1-0-0__3.npy,B1-0-0
The.Bourne.Supremacy.2004__#01-01-23_01-02-25_label_B1-0-0__4.npy,B1-0-0
The.Bourne.Supremacy.2004__#01-01-23_01-02-25_label_B1-0-0__5.npy,B1-0-0
The.Bourne.Supremacy.2004__#01-01-23_01-02-25_label_B1-0-0__6.npy,B1-0-0
The.Bourne.Supremacy.2004__#01-01-23_01-02-25_label_B1-0-0__7.npy,B1-0-0
The.Bourne.Supremacy.2004__#01-01-23_01-02-25_label_B1-0-0__8.npy,B1-0-0
The.Bourne.Supremacy.2004__#01-01-23_01-02-25_label_B1-0-0__9.npy,B1-0-0
The.Bourne.Supremacy.2004__#01-27-46_01-28-00_label_B1-0-0__0.npy,B1-0-0
The.Bourne.Supremacy.2004__#01-27-46_01-28-00_label_B1-0-0__1.npy,B1-0-0
The.Bourne.Supremacy.2004__#01-27-46_01-28-00_label_B1-0-0__2.npy,B1-0-0
The.Bourne.Supremacy.2004__#01-27-46_01-28-00_label_B1-0-0__3.npy,B1-0-0
The.Bourne.Supremacy.2004__#01-27-46_01-28-00_label_B1-0-0__4.npy,B1-0-0
The.Bourne.Supremacy.2004__#01-27-46_01-28-00_label_B1-0-0__5.npy,B1-0-0
The.Bourne.Supremacy.2004__#01-27-46_01-28-00_label_B1-0-0__6.npy,B1-0-0
The.Bourne.Supremacy.2004__#01-27-46_01-28-00_label_B1-0-0__7.npy,B1-0-0
The.Bourne.Supremacy.2004__#01-27-46_01-28-00_label_B1-0-0__8.npy,B1-0-0
The.Bourne.Supremacy.2004__#01-27-46_01-28-00_label_B1-0-0__9.npy,B1-0-0
The.Bourne.Ultimatum.2007__#0-19-34_0-19-45_label_B1-0-0__0.npy,B1-0-0
The.Bourne.Ultimatum.2007__#0-19-34_0-19-45_label_B1-0-0__1.npy,B1-0-0
The.Bourne.Ultimatum.2007__#0-19-34_0-19-45_label_B1-0-0__2.npy,B1-0-0
The.Bourne.Ultimatum.2007__#0-19-34_0-19-45_label_B1-0-0__3.npy,B1-0-0
The.Bourne.Ultimatum.2007__#0-19-34_0-19-45_label_B1-0-0__4.npy,B1-0-0
The.Bourne.Ultimatum.2007__#0-19-34_0-19-45_label_B1-0-0__5.npy,B1-0-0
The.Bourne.Ultimatum.2007__#0-19-34_0-19-45_label_B1-0-0__6.npy,B1-0-0
The.Bourne.Ultimatum.2007__#0-19-34_0-19-45_label_B1-0-0__7.npy,B1-0-0
The.Bourne.Ultimatum.2007__#0-19-34_0-19-45_label_B1-0-0__8.npy,B1-0-0
The.Bourne.Ultimatum.2007__#0-19-34_0-19-45_label_B1-0-0__9.npy,B1-0-0
The.Bourne.Ultimatum.2007__#0-23-45_0-24-25_label_B1-0-0__0.npy,B1-0-0
The.Bourne.Ultimatum.2007__#0-23-45_0-24-25_label_B1-0-0__1.npy,B1-0-0
The.Bourne.Ultimatum.2007__#0-23-45_0-24-25_label_B1-0-0__2.npy,B1-0-0
The.Bourne.Ultimatum.2007__#0-23-45_0-24-25_label_B1-0-0__3.npy,B1-0-0
The.Bourne.Ultimatum.2007__#0-23-45_0-24-25_label_B1-0-0__4.npy,B1-0-0
The.Bourne.Ultimatum.2007__#0-23-45_0-24-25_label_B1-0-0__5.npy,B1-0-0
The.Bourne.Ultimatum.2007__#0-23-45_0-24-25_label_B1-0-0__6.npy,B1-0-0
The.Bourne.Ultimatum.2007__#0-23-45_0-24-25_label_B1-0-0__7.npy,B1-0-0
The.Bourne.Ultimatum.2007__#0-23-45_0-24-25_label_B1-0-0__8.npy,B1-0-0
The.Bourne.Ultimatum.2007__#0-23-45_0-24-25_label_B1-0-0__9.npy,B1-0-0
The.Bourne.Ultimatum.2007__#01-02-12_01-02-22_label_B1-0-0__0.npy,B1-0-0
The.Bourne.Ultimatum.2007__#01-02-12_01-02-22_label_B1-0-0__1.npy,B1-0-0
The.Bourne.Ultimatum.2007__#01-02-12_01-02-22_label_B1-0-0__2.npy,B1-0-0
The.Bourne.Ultimatum.2007__#01-02-12_01-02-22_label_B1-0-0__3.npy,B1-0-0
The.Bourne.Ultimatum.2007__#01-02-12_01-02-22_label_B1-0-0__4.npy,B1-0-0
The.Bourne.Ultimatum.2007__#01-02-12_01-02-22_label_B1-0-0__5.npy,B1-0-0
The.Bourne.Ultimatum.2007__#01-02-12_01-02-22_label_B1-0-0__6.npy,B1-0-0
The.Bourne.Ultimatum.2007__#01-02-12_01-02-22_label_B1-0-0__7.npy,B1-0-0
The.Bourne.Ultimatum.2007__#01-02-12_01-02-22_label_B1-0-0__8.npy,B1-0-0
The.Bourne.Ultimatum.2007__#01-02-12_01-02-22_label_B1-0-0__9.npy,B1-0-0
The.Fast.and.the.Furious.2001__#00-07-39_00-08-38_label_B1-0-0__0.npy,B1-0-0
The.Fast.and.the.Furious.2001__#00-07-39_00-08-38_label_B1-0-0__1.npy,B1-0-0
The.Fast.and.the.Furious.2001__#00-07-39_00-08-38_label_B1-0-0__2.npy,B1-0-0
The.Fast.and.the.Furious.2001__#00-07-39_00-08-38_label_B1-0-0__3.npy,B1-0-0
The.Fast.and.the.Furious.2001__#00-07-39_00-08-38_label_B1-0-0__4.npy,B1-0-0
The.Fast.and.the.Furious.2001__#00-07-39_00-08-38_label_B1-0-0__5.npy,B1-0-0
The.Fast.and.the.Furious.2001__#00-07-39_00-08-38_label_B1-0-0__6.npy,B1-0-0
The.Fast.and.the.Furious.2001__#00-07-39_00-08-38_label_B1-0-0__7.npy,B1-0-0
The.Fast.and.the.Furious.2001__#00-07-39_00-08-38_label_B1-0-0__8.npy,B1-0-0
The.Fast.and.the.Furious.2001__#00-07-39_00-08-38_label_B1-0-0__9.npy,B1-0-0
Tropa.de.Elite.2.2010__#00-33-25_00-35-30_label_B1-0-0__0.npy,B1-0-0
Tropa.de.Elite.2.2010__#00-33-25_00-35-30_label_B1-0-0__1.npy,B1-0-0
Tropa.de.Elite.2.2010__#00-33-25_00-35-30_label_B1-0-0__2.npy,B1-0-0
Tropa.de.Elite.2.2010__#00-33-25_00-35-30_label_B1-0-0__3.npy,B1-0-0
Tropa.de.Elite.2.2010__#00-33-25_00-35-30_label_B1-0-0__4.npy,B1-0-0
Tropa.de.Elite.2.2010__#00-33-25_00-35-30_label_B1-0-0__5.npy,B1-0-0
Tropa.de.Elite.2.2010__#00-33-25_00-35-30_label_B1-0-0__6.npy,B1-0-0
Tropa.de.Elite.2.2010__#00-33-25_00-35-30_label_B1-0-0__7.npy,B1-0-0
Tropa.de.Elite.2.2010__#00-33-25_00-35-30_label_B1-0-0__8.npy,B1-0-0
Tropa.de.Elite.2.2010__#00-33-25_00-35-30_label_B1-0-0__9.npy,B1-0-0
Tropa.de.Elite.2.2010__#01-19-31_01-20-58_label_B1-0-0__0.npy,B1-0-0
Tropa.de.Elite.2.2010__#01-19-31_01-20-58_label_B1-0-0__1.npy,B1-0-0
Tropa.de.Elite.2.2010__#01-19-31_01-20-58_label_B1-0-0__2.npy,B1-0-0
Tropa.de.Elite.2.2010__#01-19-31_01-20-58_label_B1-0-0__3.npy,B1-0-0
Tropa.de.Elite.2.2010__#01-19-31_01-20-58_label_B1-0-0__4.npy,B1-0-0
Tropa.de.Elite.2.2010__#01-19-31_01-20-58_label_B1-0-0__5.npy,B1-0-0
Tropa.de.Elite.2.2010__#01-19-31_01-20-58_label_B1-0-0__6.npy,B1-0-0
Tropa.de.Elite.2.2010__#01-19-31_01-20-58_label_B1-0-0__7.npy,B1-0-0
Tropa.de.Elite.2.2010__#01-19-31_01-20-58_label_B1-0-0__8.npy,B1-0-0
Tropa.de.Elite.2.2010__#01-19-31_01-20-58_label_B1-0-0__9.npy,B1-0-0
Tropa.de.Elite.2.2010__#01-35-00_01-36-11_label_B1-0-0__0.npy,B1-0-0
Tropa.de.Elite.2.2010__#01-35-00_01-36-11_label_B1-0-0__1.npy,B1-0-0
Tropa.de.Elite.2.2010__#01-35-00_01-36-11_label_B1-0-0__2.npy,B1-0-0
Tropa.de.Elite.2.2010__#01-35-00_01-36-11_label_B1-0-0__3.npy,B1-0-0
Tropa.de.Elite.2.2010__#01-35-00_01-36-11_label_B1-0-0__4.npy,B1-0-0
Tropa.de.Elite.2.2010__#01-35-00_01-36-11_label_B1-0-0__5.npy,B1-0-0
Tropa.de.Elite.2.2010__#01-35-00_01-36-11_label_B1-0-0__6.npy,B1-0-0
Tropa.de.Elite.2.2010__#01-35-00_01-36-11_label_B1-0-0__7.npy,B1-0-0
Tropa.de.Elite.2.2010__#01-35-00_01-36-11_label_B1-0-0__8.npy,B1-0-0
Tropa.de.Elite.2.2010__#01-35-00_01-36-11_label_B1-0-0__9.npy,B1-0-0
Yellow.Sea.2010__#00-07-00_00-07-53_label_B1-0-0__0.npy,B1-0-0
Yellow.Sea.2010__#00-07-00_00-07-53_label_B1-0-0__1.npy,B1-0-0
Yellow.Sea.2010__#00-07-00_00-07-53_label_B1-0-0__2.npy,B1-0-0
Yellow.Sea.2010__#00-07-00_00-07-53_label_B1-0-0__3.npy,B1-0-0
Yellow.Sea.2010__#00-07-00_00-07-53_label_B1-0-0__4.npy,B1-0-0
Yellow.Sea.2010__#00-07-00_00-07-53_label_B1-0-0__5.npy,B1-0-0
Yellow.Sea.2010__#00-07-00_00-07-53_label_B1-0-0__6.npy,B1-0-0
Yellow.Sea.2010__#00-07-00_00-07-53_label_B1-0-0__7.npy,B1-0-0
Yellow.Sea.2010__#00-07-00_00-07-53_label_B1-0-0__8.npy,B1-0-0
Yellow.Sea.2010__#00-07-00_00-07-53_label_B1-0-0__9.npy,B1-0-0
Yellow.Sea.2010__#00-11-20_00-12-05_label_B1-0-0__0.npy,B1-0-0
Yellow.Sea.2010__#00-11-20_00-12-05_label_B1-0-0__1.npy,B1-0-0
Yellow.Sea.2010__#00-11-20_00-12-05_label_B1-0-0__2.npy,B1-0-0
Yellow.Sea.2010__#00-11-20_00-12-05_label_B1-0-0__3.npy,B1-0-0
Yellow.Sea.2010__#00-11-20_00-12-05_label_B1-0-0__4.npy,B1-0-0
Yellow.Sea.2010__#00-11-20_00-12-05_label_B1-0-0__5.npy,B1-0-0
Yellow.Sea.2010__#00-11-20_00-12-05_label_B1-0-0__6.npy,B1-0-0
Yellow.Sea.2010__#00-11-20_00-12-05_label_B1-0-0__7.npy,B1-0-0
Yellow.Sea.2010__#00-11-20_00-12-05_label_B1-0-0__8.npy,B1-0-0
Yellow.Sea.2010__#00-11-20_00-12-05_label_B1-0-0__9.npy,B1-0-0
Yellow.Sea.2010__#00-38-00_00-38-45_label_B1-0-0__0.npy,B1-0-0
Yellow.Sea.2010__#00-38-00_00-38-45_label_B1-0-0__1.npy,B1-0-0
Yellow.Sea.2010__#00-38-00_00-38-45_label_B1-0-0__2.npy,B1-0-0
Yellow.Sea.2010__#00-38-00_00-38-45_label_B1-0-0__3.npy,B1-0-0
Yellow.Sea.2010__#00-38-00_00-38-45_label_B1-0-0__4.npy,B1-0-0
Yellow.Sea.2010__#00-38-00_00-38-45_label_B1-0-0__5.npy,B1-0-0
Yellow.Sea.2010__#00-38-00_00-38-45_label_B1-0-0__6.npy,B1-0-0
Yellow.Sea.2010__#00-38-00_00-38-45_label_B1-0-0__7.npy,B1-0-0
Yellow.Sea.2010__#00-38-00_00-38-45_label_B1-0-0__8.npy,B1-0-0
Yellow.Sea.2010__#00-38-00_00-38-45_label_B1-0-0__9.npy,B1-0-0
Yellow.Sea.2010__#00-42-00_00-42-56_label_B1-0-0__0.npy,B1-0-0
Yellow.Sea.2010__#00-42-00_00-42-56_label_B1-0-0__1.npy,B1-0-0
Yellow.Sea.2010__#00-42-00_00-42-56_label_B1-0-0__2.npy,B1-0-0
Yellow.Sea.2010__#00-42-00_00-42-56_label_B1-0-0__3.npy,B1-0-0
Yellow.Sea.2010__#00-42-00_00-42-56_label_B1-0-0__4.npy,B1-0-0
Yellow.Sea.2010__#00-42-00_00-42-56_label_B1-0-0__5.npy,B1-0-0
Yellow.Sea.2010__#00-42-00_00-42-56_label_B1-0-0__6.npy,B1-0-0
Yellow.Sea.2010__#00-42-00_00-42-56_label_B1-0-0__7.npy,B1-0-0
Yellow.Sea.2010__#00-42-00_00-42-56_label_B1-0-0__8.npy,B1-0-0
Yellow.Sea.2010__#00-42-00_00-42-56_label_B1-0-0__9.npy,B1-0-0
Yellow.Sea.2010__#00-50-50_00-51-49_label_B1-0-0__0.npy,B1-0-0
Yellow.Sea.2010__#00-50-50_00-51-49_label_B1-0-0__1.npy,B1-0-0
Yellow.Sea.2010__#00-50-50_00-51-49_label_B1-0-0__2.npy,B1-0-0
Yellow.Sea.2010__#00-50-50_00-51-49_label_B1-0-0__3.npy,B1-0-0
Yellow.Sea.2010__#00-50-50_00-51-49_label_B1-0-0__4.npy,B1-0-0
Yellow.Sea.2010__#00-50-50_00-51-49_label_B1-0-0__5.npy,B1-0-0
Yellow.Sea.2010__#00-50-50_00-51-49_label_B1-0-0__6.npy,B1-0-0
Yellow.Sea.2010__#00-50-50_00-51-49_label_B1-0-0__7.npy,B1-0-0
Yellow.Sea.2010__#00-50-50_00-51-49_label_B1-0-0__8.npy,B1-0-0
Yellow.Sea.2010__#00-50-50_00-51-49_label_B1-0-0__9.npy,B1-0-0
Yellow.Sea.2010__#00-51-52_00-52-41_label_B1-0-0__0.npy,B1-0-0
Yellow.Sea.2010__#00-51-52_00-52-41_label_B1-0-0__1.npy,B1-0-0
Yellow.Sea.2010__#00-51-52_00-52-41_label_B1-0-0__2.npy,B1-0-0
Yellow.Sea.2010__#00-51-52_00-52-41_label_B1-0-0__3.npy,B1-0-0
Yellow.Sea.2010__#00-51-52_00-52-41_label_B1-0-0__4.npy,B1-0-0
Yellow.Sea.2010__#00-51-52_00-52-41_label_B1-0-0__5.npy,B1-0-0
Yellow.Sea.2010__#00-51-52_00-52-41_label_B1-0-0__6.npy,B1-0-0
Yellow.Sea.2010__#00-51-52_00-52-41_label_B1-0-0__7.npy,B1-0-0
Yellow.Sea.2010__#00-51-52_00-52-41_label_B1-0-0__8.npy,B1-0-0
Yellow.Sea.2010__#00-51-52_00-52-41_label_B1-0-0__9.npy,B1-0-0
Yellow.Sea.2010__#00-53-21_00-54-25_label_B1-0-0__0.npy,B1-0-0
Yellow.Sea.2010__#00-53-21_00-54-25_label_B1-0-0__1.npy,B1-0-0
Yellow.Sea.2010__#00-53-21_00-54-25_label_B1-0-0__2.npy,B1-0-0
Yellow.Sea.2010__#00-53-21_00-54-25_label_B1-0-0__3.npy,B1-0-0
Yellow.Sea.2010__#00-53-21_00-54-25_label_B1-0-0__4.npy,B1-0-0
Yellow.Sea.2010__#00-53-21_00-54-25_label_B1-0-0__5.npy,B1-0-0
Yellow.Sea.2010__#00-53-21_00-54-25_label_B1-0-0__6.npy,B1-0-0
Yellow.Sea.2010__#00-53-21_00-54-25_label_B1-0-0__7.npy,B1-0-0
Yellow.Sea.2010__#00-53-21_00-54-25_label_B1-0-0__8.npy,B1-0-0
Yellow.Sea.2010__#00-53-21_00-54-25_label_B1-0-0__9.npy,B1-0-0
Yellow.Sea.2010__#01-09-45_01-10-32_label_B1-0-0__0.npy,B1-0-0
Yellow.Sea.2010__#01-09-45_01-10-32_label_B1-0-0__1.npy,B1-0-0
Yellow.Sea.2010__#01-09-45_01-10-32_label_B1-0-0__2.npy,B1-0-0
Yellow.Sea.2010__#01-09-45_01-10-32_label_B1-0-0__3.npy,B1-0-0
Yellow.Sea.2010__#01-09-45_01-10-32_label_B1-0-0__4.npy,B1-0-0
Yellow.Sea.2010__#01-09-45_01-10-32_label_B1-0-0__5.npy,B1-0-0
Yellow.Sea.2010__#01-09-45_01-10-32_label_B1-0-0__6.npy,B1-0-0
Yellow.Sea.2010__#01-09-45_01-10-32_label_B1-0-0__7.npy,B1-0-0
Yellow.Sea.2010__#01-09-45_01-10-32_label_B1-0-0__8.npy,B1-0-0
Yellow.Sea.2010__#01-09-45_01-10-32_label_B1-0-0__9.npy,B1-0-0
Yellow.Sea.2010__#01-11-03_01-11-56_label_B1-0-0__0.npy,B1-0-0
Yellow.Sea.2010__#01-11-03_01-11-56_label_B1-0-0__1.npy,B1-0-0
Yellow.Sea.2010__#01-11-03_01-11-56_label_B1-0-0__2.npy,B1-0-0
Yellow.Sea.2010__#01-11-03_01-11-56_label_B1-0-0__3.npy,B1-0-0
Yellow.Sea.2010__#01-11-03_01-11-56_label_B1-0-0__4.npy,B1-0-0
Yellow.Sea.2010__#01-11-03_01-11-56_label_B1-0-0__5.npy,B1-0-0
Yellow.Sea.2010__#01-11-03_01-11-56_label_B1-0-0__6.npy,B1-0-0
Yellow.Sea.2010__#01-11-03_01-11-56_label_B1-0-0__7.npy,B1-0-0
Yellow.Sea.2010__#01-11-03_01-11-56_label_B1-0-0__8.npy,B1-0-0
Yellow.Sea.2010__#01-11-03_01-11-56_label_B1-0-0__9.npy,B1-0-0
Yellow.Sea.2010__#01-16-45_01-17-43_label_B1-0-0__0.npy,B1-0-0
Yellow.Sea.2010__#01-16-45_01-17-43_label_B1-0-0__1.npy,B1-0-0
Yellow.Sea.2010__#01-16-45_01-17-43_label_B1-0-0__2.npy,B1-0-0
Yellow.Sea.2010__#01-16-45_01-17-43_label_B1-0-0__3.npy,B1-0-0
Yellow.Sea.2010__#01-16-45_01-17-43_label_B1-0-0__4.npy,B1-0-0
Yellow.Sea.2010__#01-16-45_01-17-43_label_B1-0-0__5.npy,B1-0-0
Yellow.Sea.2010__#01-16-45_01-17-43_label_B1-0-0__6.npy,B1-0-0
Yellow.Sea.2010__#01-16-45_01-17-43_label_B1-0-0__7.npy,B1-0-0
Yellow.Sea.2010__#01-16-45_01-17-43_label_B1-0-0__8.npy,B1-0-0
Yellow.Sea.2010__#01-16-45_01-17-43_label_B1-0-0__9.npy,B1-0-0
Yellow.Sea.2010__#01-20-00_01-20-50_label_B1-0-0__0.npy,B1-0-0
Yellow.Sea.2010__#01-20-00_01-20-50_label_B1-0-0__1.npy,B1-0-0
Yellow.Sea.2010__#01-20-00_01-20-50_label_B1-0-0__2.npy,B1-0-0
Yellow.Sea.2010__#01-20-00_01-20-50_label_B1-0-0__3.npy,B1-0-0
Yellow.Sea.2010__#01-20-00_01-20-50_label_B1-0-0__4.npy,B1-0-0
Yellow.Sea.2010__#01-20-00_01-20-50_label_B1-0-0__5.npy,B1-0-0
Yellow.Sea.2010__#01-20-00_01-20-50_label_B1-0-0__6.npy,B1-0-0
Yellow.Sea.2010__#01-20-00_01-20-50_label_B1-0-0__7.npy,B1-0-0
Yellow.Sea.2010__#01-20-00_01-20-50_label_B1-0-0__8.npy,B1-0-0
Yellow.Sea.2010__#01-20-00_01-20-50_label_B1-0-0__9.npy,B1-0-0
Yellow.Sea.2010__#01-33-50_01-34-33_label_B1-0-0__0.npy,B1-0-0
Yellow.Sea.2010__#01-33-50_01-34-33_label_B1-0-0__1.npy,B1-0-0
Yellow.Sea.2010__#01-33-50_01-34-33_label_B1-0-0__2.npy,B1-0-0
Yellow.Sea.2010__#01-33-50_01-34-33_label_B1-0-0__3.npy,B1-0-0
Yellow.Sea.2010__#01-33-50_01-34-33_label_B1-0-0__4.npy,B1-0-0
Yellow.Sea.2010__#01-33-50_01-34-33_label_B1-0-0__5.npy,B1-0-0
Yellow.Sea.2010__#01-33-50_01-34-33_label_B1-0-0__6.npy,B1-0-0
Yellow.Sea.2010__#01-33-50_01-34-33_label_B1-0-0__7.npy,B1-0-0
Yellow.Sea.2010__#01-33-50_01-34-33_label_B1-0-0__8.npy,B1-0-0
Yellow.Sea.2010__#01-33-50_01-34-33_label_B1-0-0__9.npy,B1-0-0
Yellow.Sea.2010__#01-36-00_01-36-57_label_B1-0-0__0.npy,B1-0-0
Yellow.Sea.2010__#01-36-00_01-36-57_label_B1-0-0__1.npy,B1-0-0
Yellow.Sea.2010__#01-36-00_01-36-57_label_B1-0-0__2.npy,B1-0-0
Yellow.Sea.2010__#01-36-00_01-36-57_label_B1-0-0__3.npy,B1-0-0
Yellow.Sea.2010__#01-36-00_01-36-57_label_B1-0-0__4.npy,B1-0-0
Yellow.Sea.2010__#01-36-00_01-36-57_label_B1-0-0__5.npy,B1-0-0
Yellow.Sea.2010__#01-36-00_01-36-57_label_B1-0-0__6.npy,B1-0-0
Yellow.Sea.2010__#01-36-00_01-36-57_label_B1-0-0__7.npy,B1-0-0
Yellow.Sea.2010__#01-36-00_01-36-57_label_B1-0-0__8.npy,B1-0-0
Yellow.Sea.2010__#01-36-00_01-36-57_label_B1-0-0__9.npy,B1-0-0
Yellow.Sea.2010__#01-48-00_01-49-11_label_B1-0-0__0.npy,B1-0-0
Yellow.Sea.2010__#01-48-00_01-49-11_label_B1-0-0__1.npy,B1-0-0
Yellow.Sea.2010__#01-48-00_01-49-11_label_B1-0-0__2.npy,B1-0-0
Yellow.Sea.2010__#01-48-00_01-49-11_label_B1-0-0__3.npy,B1-0-0
Yellow.Sea.2010__#01-48-00_01-49-11_label_B1-0-0__4.npy,B1-0-0
Yellow.Sea.2010__#01-48-00_01-49-11_label_B1-0-0__5.npy,B1-0-0
Yellow.Sea.2010__#01-48-00_01-49-11_label_B1-0-0__6.npy,B1-0-0
Yellow.Sea.2010__#01-48-00_01-49-11_label_B1-0-0__7.npy,B1-0-0
Yellow.Sea.2010__#01-48-00_01-49-11_label_B1-0-0__8.npy,B1-0-0
Yellow.Sea.2010__#01-48-00_01-49-11_label_B1-0-0__9.npy,B1-0-0
Yellow.Sea.2010__#02-05-30_02-06-34_label_B1-0-0__0.npy,B1-0-0
Yellow.Sea.2010__#02-05-30_02-06-34_label_B1-0-0__1.npy,B1-0-0
Yellow.Sea.2010__#02-05-30_02-06-34_label_B1-0-0__2.npy,B1-0-0
Yellow.Sea.2010__#02-05-30_02-06-34_label_B1-0-0__3.npy,B1-0-0
Yellow.Sea.2010__#02-05-30_02-06-34_label_B1-0-0__4.npy,B1-0-0
Yellow.Sea.2010__#02-05-30_02-06-34_label_B1-0-0__5.npy,B1-0-0
Yellow.Sea.2010__#02-05-30_02-06-34_label_B1-0-0__6.npy,B1-0-0
Yellow.Sea.2010__#02-05-30_02-06-34_label_B1-0-0__7.npy,B1-0-0
Yellow.Sea.2010__#02-05-30_02-06-34_label_B1-0-0__8.npy,B1-0-0
Yellow.Sea.2010__#02-05-30_02-06-34_label_B1-0-0__9.npy,B1-0-0
Young.And.Dangerous.I.1996__#0-02-12_0-03-32_label_B1-0-0__0.npy,B1-0-0
Young.And.Dangerous.I.1996__#0-02-12_0-03-32_label_B1-0-0__1.npy,B1-0-0
Young.And.Dangerous.I.1996__#0-02-12_0-03-32_label_B1-0-0__2.npy,B1-0-0
Young.And.Dangerous.I.1996__#0-02-12_0-03-32_label_B1-0-0__3.npy,B1-0-0
Young.And.Dangerous.I.1996__#0-02-12_0-03-32_label_B1-0-0__4.npy,B1-0-0
Young.And.Dangerous.I.1996__#0-02-12_0-03-32_label_B1-0-0__5.npy,B1-0-0
Young.And.Dangerous.I.1996__#0-02-12_0-03-32_label_B1-0-0__6.npy,B1-0-0
Young.And.Dangerous.I.1996__#0-02-12_0-03-32_label_B1-0-0__7.npy,B1-0-0
Young.And.Dangerous.I.1996__#0-02-12_0-03-32_label_B1-0-0__8.npy,B1-0-0
Young.And.Dangerous.I.1996__#0-02-12_0-03-32_label_B1-0-0__9.npy,B1-0-0
Young.And.Dangerous.I.1996__#0-10-45_0-11-25_label_B1-0-0__0.npy,B1-0-0
Young.And.Dangerous.I.1996__#0-10-45_0-11-25_label_B1-0-0__1.npy,B1-0-0
Young.And.Dangerous.I.1996__#0-10-45_0-11-25_label_B1-0-0__2.npy,B1-0-0
Young.And.Dangerous.I.1996__#0-10-45_0-11-25_label_B1-0-0__3.npy,B1-0-0
Young.And.Dangerous.I.1996__#0-10-45_0-11-25_label_B1-0-0__4.npy,B1-0-0
Young.And.Dangerous.I.1996__#0-10-45_0-11-25_label_B1-0-0__5.npy,B1-0-0
Young.And.Dangerous.I.1996__#0-10-45_0-11-25_label_B1-0-0__6.npy,B1-0-0
Young.And.Dangerous.I.1996__#0-10-45_0-11-25_label_B1-0-0__7.npy,B1-0-0
Young.And.Dangerous.I.1996__#0-10-45_0-11-25_label_B1-0-0__8.npy,B1-0-0
Young.And.Dangerous.I.1996__#0-10-45_0-11-25_label_B1-0-0__9.npy,B1-0-0
Young.And.Dangerous.I.1996__#01-30-01_01-30-15_label_B1-0-0__0.npy,B1-0-0
Young.And.Dangerous.I.1996__#01-30-01_01-30-15_label_B1-0-0__1.npy,B1-0-0
Young.And.Dangerous.I.1996__#01-30-01_01-30-15_label_B1-0-0__2.npy,B1-0-0
Young.And.Dangerous.I.1996__#01-30-01_01-30-15_label_B1-0-0__3.npy,B1-0-0
Young.And.Dangerous.I.1996__#01-30-01_01-30-15_label_B1-0-0__4.npy,B1-0-0
Young.And.Dangerous.I.1996__#01-30-01_01-30-15_label_B1-0-0__5.npy,B1-0-0
Young.And.Dangerous.I.1996__#01-30-01_01-30-15_label_B1-0-0__6.npy,B1-0-0
Young.And.Dangerous.I.1996__#01-30-01_01-30-15_label_B1-0-0__7.npy,B1-0-0
Young.And.Dangerous.I.1996__#01-30-01_01-30-15_label_B1-0-0__8.npy,B1-0-0
Young.And.Dangerous.I.1996__#01-30-01_01-30-15_label_B1-0-0__9.npy,B1-0-0
Young.And.Dangerous.II.1996__#0-35-53_0-36-44_label_B1-0-0__0.npy,B1-0-0
Young.And.Dangerous.II.1996__#0-35-53_0-36-44_label_B1-0-0__1.npy,B1-0-0
Young.And.Dangerous.II.1996__#0-35-53_0-36-44_label_B1-0-0__2.npy,B1-0-0
Young.And.Dangerous.II.1996__#0-35-53_0-36-44_label_B1-0-0__3.npy,B1-0-0
Young.And.Dangerous.II.1996__#0-35-53_0-36-44_label_B1-0-0__4.npy,B1-0-0
Young.And.Dangerous.II.1996__#0-35-53_0-36-44_label_B1-0-0__5.npy,B1-0-0
Young.And.Dangerous.II.1996__#0-35-53_0-36-44_label_B1-0-0__6.npy,B1-0-0
Young.And.Dangerous.II.1996__#0-35-53_0-36-44_label_B1-0-0__7.npy,B1-0-0
Young.And.Dangerous.II.1996__#0-35-53_0-36-44_label_B1-0-0__8.npy,B1-0-0
Young.And.Dangerous.II.1996__#0-35-53_0-36-44_label_B1-0-0__9.npy,B1-0-0
Young.And.Dangerous.II.1996__#01-03-05_01-04-20_label_B1-0-0__0.npy,B1-0-0
Young.And.Dangerous.II.1996__#01-03-05_01-04-20_label_B1-0-0__1.npy,B1-0-0
Young.And.Dangerous.II.1996__#01-03-05_01-04-20_label_B1-0-0__2.npy,B1-0-0
Young.And.Dangerous.II.1996__#01-03-05_01-04-20_label_B1-0-0__3.npy,B1-0-0
Young.And.Dangerous.II.1996__#01-03-05_01-04-20_label_B1-0-0__4.npy,B1-0-0
Young.And.Dangerous.II.1996__#01-03-05_01-04-20_label_B1-0-0__5.npy,B1-0-0
Young.And.Dangerous.II.1996__#01-03-05_01-04-20_label_B1-0-0__6.npy,B1-0-0
Young.And.Dangerous.II.1996__#01-03-05_01-04-20_label_B1-0-0__7.npy,B1-0-0
Young.And.Dangerous.II.1996__#01-03-05_01-04-20_label_B1-0-0__8.npy,B1-0-0
Young.And.Dangerous.II.1996__#01-03-05_01-04-20_label_B1-0-0__9.npy,B1-0-0
Young.And.Dangerous.III.1996__#01-04-49_01-05-40_label_B1-0-0__0.npy,B1-0-0
Young.And.Dangerous.III.1996__#01-04-49_01-05-40_label_B1-0-0__1.npy,B1-0-0
Young.And.Dangerous.III.1996__#01-04-49_01-05-40_label_B1-0-0__2.npy,B1-0-0
Young.And.Dangerous.III.1996__#01-04-49_01-05-40_label_B1-0-0__3.npy,B1-0-0
Young.And.Dangerous.III.1996__#01-04-49_01-05-40_label_B1-0-0__4.npy,B1-0-0
Young.And.Dangerous.III.1996__#01-04-49_01-05-40_label_B1-0-0__5.npy,B1-0-0
Young.And.Dangerous.III.1996__#01-04-49_01-05-40_label_B1-0-0__6.npy,B1-0-0
Young.And.Dangerous.III.1996__#01-04-49_01-05-40_label_B1-0-0__7.npy,B1-0-0
Young.And.Dangerous.III.1996__#01-04-49_01-05-40_label_B1-0-0__8.npy,B1-0-0
Young.And.Dangerous.III.1996__#01-04-49_01-05-40_label_B1-0-0__9.npy,B1-0-0
Young.And.Dangerous.III.1996__#01-12-20_01-15-30_label_B1-0-0__0.npy,B1-0-0
Young.And.Dangerous.III.1996__#01-12-20_01-15-30_label_B1-0-0__1.npy,B1-0-0
Young.And.Dangerous.III.1996__#01-12-20_01-15-30_label_B1-0-0__2.npy,B1-0-0
Young.And.Dangerous.III.1996__#01-12-20_01-15-30_label_B1-0-0__3.npy,B1-0-0
Young.And.Dangerous.III.1996__#01-12-20_01-15-30_label_B1-0-0__4.npy,B1-0-0
Young.And.Dangerous.III.1996__#01-12-20_01-15-30_label_B1-0-0__5.npy,B1-0-0
Young.And.Dangerous.III.1996__#01-12-20_01-15-30_label_B1-0-0__6.npy,B1-0-0
Young.And.Dangerous.III.1996__#01-12-20_01-15-30_label_B1-0-0__7.npy,B1-0-0
Young.And.Dangerous.III.1996__#01-12-20_01-15-30_label_B1-0-0__8.npy,B1-0-0
Young.And.Dangerous.III.1996__#01-12-20_01-15-30_label_B1-0-0__9.npy,B1-0-0
Young.And.Dangerous.III.1996__#01-18-52_01-19-08_label_B1-0-0__0.npy,B1-0-0
Young.And.Dangerous.III.1996__#01-18-52_01-19-08_label_B1-0-0__1.npy,B1-0-0
Young.And.Dangerous.III.1996__#01-18-52_01-19-08_label_B1-0-0__2.npy,B1-0-0
Young.And.Dangerous.III.1996__#01-18-52_01-19-08_label_B1-0-0__3.npy,B1-0-0
Young.And.Dangerous.III.1996__#01-18-52_01-19-08_label_B1-0-0__4.npy,B1-0-0
Young.And.Dangerous.III.1996__#01-18-52_01-19-08_label_B1-0-0__5.npy,B1-0-0
Young.And.Dangerous.III.1996__#01-18-52_01-19-08_label_B1-0-0__6.npy,B1-0-0
Young.And.Dangerous.III.1996__#01-18-52_01-19-08_label_B1-0-0__7.npy,B1-0-0
Young.And.Dangerous.III.1996__#01-18-52_01-19-08_label_B1-0-0__8.npy,B1-0-0
Young.And.Dangerous.III.1996__#01-18-52_01-19-08_label_B1-0-0__9.npy,B1-0-0
Young.And.Dangerous.III.1996__#01-30-12_01-31-00_label_B1-0-0__0.npy,B1-0-0
Young.And.Dangerous.III.1996__#01-30-12_01-31-00_label_B1-0-0__1.npy,B1-0-0
Young.And.Dangerous.III.1996__#01-30-12_01-31-00_label_B1-0-0__2.npy,B1-0-0
Young.And.Dangerous.III.1996__#01-30-12_01-31-00_label_B1-0-0__3.npy,B1-0-0
Young.And.Dangerous.III.1996__#01-30-12_01-31-00_label_B1-0-0__4.npy,B1-0-0
Young.And.Dangerous.III.1996__#01-30-12_01-31-00_label_B1-0-0__5.npy,B1-0-0
Young.And.Dangerous.III.1996__#01-30-12_01-31-00_label_B1-0-0__6.npy,B1-0-0
Young.And.Dangerous.III.1996__#01-30-12_01-31-00_label_B1-0-0__7.npy,B1-0-0
Young.And.Dangerous.III.1996__#01-30-12_01-31-00_label_B1-0-0__8.npy,B1-0-0
Young.And.Dangerous.III.1996__#01-30-12_01-31-00_label_B1-0-0__9.npy,B1-0-0
Young.And.Dangerous.III.1996__#01-31-15_01-34-46_label_B1-0-0__0.npy,B1-0-0
Young.And.Dangerous.III.1996__#01-31-15_01-34-46_label_B1-0-0__1.npy,B1-0-0
Young.And.Dangerous.III.1996__#01-31-15_01-34-46_label_B1-0-0__2.npy,B1-0-0
Young.And.Dangerous.III.1996__#01-31-15_01-34-46_label_B1-0-0__3.npy,B1-0-0
Young.And.Dangerous.III.1996__#01-31-15_01-34-46_label_B1-0-0__4.npy,B1-0-0
Young.And.Dangerous.III.1996__#01-31-15_01-34-46_label_B1-0-0__5.npy,B1-0-0
Young.And.Dangerous.III.1996__#01-31-15_01-34-46_label_B1-0-0__6.npy,B1-0-0
Young.And.Dangerous.III.1996__#01-31-15_01-34-46_label_B1-0-0__7.npy,B1-0-0
Young.And.Dangerous.III.1996__#01-31-15_01-34-46_label_B1-0-0__8.npy,B1-0-0
Young.And.Dangerous.III.1996__#01-31-15_01-34-46_label_B1-0-0__9.npy,B1-0-0
Young.And.Dangerous.IV.1997__#01-39-21_01-40-16_label_B1-0-0__0.npy,B1-0-0
Young.And.Dangerous.IV.1997__#01-39-21_01-40-16_label_B1-0-0__1.npy,B1-0-0
Young.And.Dangerous.IV.1997__#01-39-21_01-40-16_label_B1-0-0__2.npy,B1-0-0
Young.And.Dangerous.IV.1997__#01-39-21_01-40-16_label_B1-0-0__3.npy,B1-0-0
Young.And.Dangerous.IV.1997__#01-39-21_01-40-16_label_B1-0-0__4.npy,B1-0-0
Young.And.Dangerous.IV.1997__#01-39-21_01-40-16_label_B1-0-0__5.npy,B1-0-0
Young.And.Dangerous.IV.1997__#01-39-21_01-40-16_label_B1-0-0__6.npy,B1-0-0
Young.And.Dangerous.IV.1997__#01-39-21_01-40-16_label_B1-0-0__7.npy,B1-0-0
Young.And.Dangerous.IV.1997__#01-39-21_01-40-16_label_B1-0-0__8.npy,B1-0-0
Young.And.Dangerous.IV.1997__#01-39-21_01-40-16_label_B1-0-0__9.npy,B1-0-0
sportsviolence__#1_label_B1-0-0__0.npy,B1-0-0
sportsviolence__#1_label_B1-0-0__1.npy,B1-0-0
sportsviolence__#1_label_B1-0-0__2.npy,B1-0-0
sportsviolence__#1_label_B1-0-0__3.npy,B1-0-0
sportsviolence__#1_label_B1-0-0__4.npy,B1-0-0
sportsviolence__#1_label_B1-0-0__5.npy,B1-0-0
sportsviolence__#1_label_B1-0-0__6.npy,B1-0-0
sportsviolence__#1_label_B1-0-0__7.npy,B1-0-0
sportsviolence__#1_label_B1-0-0__8.npy,B1-0-0
sportsviolence__#1_label_B1-0-0__9.npy,B1-0-0
v=1-oou66siyU__#1_label_B1-0-0__0.npy,B1-0-0
v=1-oou66siyU__#1_label_B1-0-0__1.npy,B1-0-0
v=1-oou66siyU__#1_label_B1-0-0__2.npy,B1-0-0
v=1-oou66siyU__#1_label_B1-0-0__3.npy,B1-0-0
v=1-oou66siyU__#1_label_B1-0-0__4.npy,B1-0-0
v=1-oou66siyU__#1_label_B1-0-0__5.npy,B1-0-0
v=1-oou66siyU__#1_label_B1-0-0__6.npy,B1-0-0
v=1-oou66siyU__#1_label_B1-0-0__7.npy,B1-0-0
v=1-oou66siyU__#1_label_B1-0-0__8.npy,B1-0-0
v=1-oou66siyU__#1_label_B1-0-0__9.npy,B1-0-0
v=27FH-nXP1xU__#1_label_B1-0-0__0.npy,B1-0-0
v=27FH-nXP1xU__#1_label_B1-0-0__1.npy,B1-0-0
v=27FH-nXP1xU__#1_label_B1-0-0__2.npy,B1-0-0
v=27FH-nXP1xU__#1_label_B1-0-0__3.npy,B1-0-0
v=27FH-nXP1xU__#1_label_B1-0-0__4.npy,B1-0-0
v=27FH-nXP1xU__#1_label_B1-0-0__5.npy,B1-0-0
v=27FH-nXP1xU__#1_label_B1-0-0__6.npy,B1-0-0
v=27FH-nXP1xU__#1_label_B1-0-0__7.npy,B1-0-0
v=27FH-nXP1xU__#1_label_B1-0-0__8.npy,B1-0-0
v=27FH-nXP1xU__#1_label_B1-0-0__9.npy,B1-0-0
v=2Z-LmV6Zycs__#1_label_B1-0-0__0.npy,B1-0-0
v=2Z-LmV6Zycs__#1_label_B1-0-0__1.npy,B1-0-0
v=2Z-LmV6Zycs__#1_label_B1-0-0__2.npy,B1-0-0
v=2Z-LmV6Zycs__#1_label_B1-0-0__3.npy,B1-0-0
v=2Z-LmV6Zycs__#1_label_B1-0-0__4.npy,B1-0-0
v=2Z-LmV6Zycs__#1_label_B1-0-0__5.npy,B1-0-0
v=2Z-LmV6Zycs__#1_label_B1-0-0__6.npy,B1-0-0
v=2Z-LmV6Zycs__#1_label_B1-0-0__7.npy,B1-0-0
v=2Z-LmV6Zycs__#1_label_B1-0-0__8.npy,B1-0-0
v=2Z-LmV6Zycs__#1_label_B1-0-0__9.npy,B1-0-0
v=2kygEDNk9aA__#1_label_B1-0-0__0.npy,B1-0-0
v=2kygEDNk9aA__#1_label_B1-0-0__1.npy,B1-0-0
v=2kygEDNk9aA__#1_label_B1-0-0__2.npy,B1-0-0
v=2kygEDNk9aA__#1_label_B1-0-0__3.npy,B1-0-0
v=2kygEDNk9aA__#1_label_B1-0-0__4.npy,B1-0-0
v=2kygEDNk9aA__#1_label_B1-0-0__5.npy,B1-0-0
v=2kygEDNk9aA__#1_label_B1-0-0__6.npy,B1-0-0
v=2kygEDNk9aA__#1_label_B1-0-0__7.npy,B1-0-0
v=2kygEDNk9aA__#1_label_B1-0-0__8.npy,B1-0-0
v=2kygEDNk9aA__#1_label_B1-0-0__9.npy,B1-0-0
v=36VcW5DWJyI__#1_label_B1-0-0__0.npy,B1-0-0
v=36VcW5DWJyI__#1_label_B1-0-0__1.npy,B1-0-0
v=36VcW5DWJyI__#1_label_B1-0-0__2.npy,B1-0-0
v=36VcW5DWJyI__#1_label_B1-0-0__3.npy,B1-0-0
v=36VcW5DWJyI__#1_label_B1-0-0__4.npy,B1-0-0
v=36VcW5DWJyI__#1_label_B1-0-0__5.npy,B1-0-0
v=36VcW5DWJyI__#1_label_B1-0-0__6.npy,B1-0-0
v=36VcW5DWJyI__#1_label_B1-0-0__7.npy,B1-0-0
v=36VcW5DWJyI__#1_label_B1-0-0__8.npy,B1-0-0
v=36VcW5DWJyI__#1_label_B1-0-0__9.npy,B1-0-0
v=3DrY28VNPfE__#1_label_B1-0-0__0.npy,B1-0-0
v=3DrY28VNPfE__#1_label_B1-0-0__1.npy,B1-0-0
v=3DrY28VNPfE__#1_label_B1-0-0__2.npy,B1-0-0
v=3DrY28VNPfE__#1_label_B1-0-0__3.npy,B1-0-0
v=3DrY28VNPfE__#1_label_B1-0-0__4.npy,B1-0-0
v=3DrY28VNPfE__#1_label_B1-0-0__5.npy,B1-0-0
v=3DrY28VNPfE__#1_label_B1-0-0__6.npy,B1-0-0
v=3DrY28VNPfE__#1_label_B1-0-0__7.npy,B1-0-0
v=3DrY28VNPfE__#1_label_B1-0-0__8.npy,B1-0-0
v=3DrY28VNPfE__#1_label_B1-0-0__9.npy,B1-0-0
v=3NklthJ7foI__#1_label_B1-0-0__0.npy,B1-0-0
v=3NklthJ7foI__#1_label_B1-0-0__1.npy,B1-0-0
v=3NklthJ7foI__#1_label_B1-0-0__2.npy,B1-0-0
v=3NklthJ7foI__#1_label_B1-0-0__3.npy,B1-0-0
v=3NklthJ7foI__#1_label_B1-0-0__4.npy,B1-0-0
v=3NklthJ7foI__#1_label_B1-0-0__5.npy,B1-0-0
v=3NklthJ7foI__#1_label_B1-0-0__6.npy,B1-0-0
v=3NklthJ7foI__#1_label_B1-0-0__7.npy,B1-0-0
v=3NklthJ7foI__#1_label_B1-0-0__8.npy,B1-0-0
v=3NklthJ7foI__#1_label_B1-0-0__9.npy,B1-0-0
v=3ve0JjM4NnA__#00-04-43_00-09-03_label_B1-0-0__0.npy,B1-0-0
v=3ve0JjM4NnA__#00-04-43_00-09-03_label_B1-0-0__1.npy,B1-0-0
v=3ve0JjM4NnA__#00-04-43_00-09-03_label_B1-0-0__2.npy,B1-0-0
v=3ve0JjM4NnA__#00-04-43_00-09-03_label_B1-0-0__3.npy,B1-0-0
v=3ve0JjM4NnA__#00-04-43_00-09-03_label_B1-0-0__4.npy,B1-0-0
v=3ve0JjM4NnA__#00-04-43_00-09-03_label_B1-0-0__5.npy,B1-0-0
v=3ve0JjM4NnA__#00-04-43_00-09-03_label_B1-0-0__6.npy,B1-0-0
v=3ve0JjM4NnA__#00-04-43_00-09-03_label_B1-0-0__7.npy,B1-0-0
v=3ve0JjM4NnA__#00-04-43_00-09-03_label_B1-0-0__8.npy,B1-0-0
v=3ve0JjM4NnA__#00-04-43_00-09-03_label_B1-0-0__9.npy,B1-0-0
v=4C5rQu7yvJo__#1_label_B1-0-0__0.npy,B1-0-0
v=4C5rQu7yvJo__#1_label_B1-0-0__1.npy,B1-0-0
v=4C5rQu7yvJo__#1_label_B1-0-0__2.npy,B1-0-0
v=4C5rQu7yvJo__#1_label_B1-0-0__3.npy,B1-0-0
v=4C5rQu7yvJo__#1_label_B1-0-0__4.npy,B1-0-0
v=4C5rQu7yvJo__#1_label_B1-0-0__5.npy,B1-0-0
v=4C5rQu7yvJo__#1_label_B1-0-0__6.npy,B1-0-0
v=4C5rQu7yvJo__#1_label_B1-0-0__7.npy,B1-0-0
v=4C5rQu7yvJo__#1_label_B1-0-0__8.npy,B1-0-0
v=4C5rQu7yvJo__#1_label_B1-0-0__9.npy,B1-0-0
v=4FzhVu2PR8Y__#1_label_B1__0.npy,B1-0-0
v=4FzhVu2PR8Y__#1_label_B1__1.npy,B1-0-0
v=4FzhVu2PR8Y__#1_label_B1__2.npy,B1-0-0
v=4FzhVu2PR8Y__#1_label_B1__3.npy,B1-0-0
v=4FzhVu2PR8Y__#1_label_B1__4.npy,B1-0-0
v=4FzhVu2PR8Y__#1_label_B1__5.npy,B1-0-0
v=4FzhVu2PR8Y__#1_label_B1__6.npy,B1-0-0
v=4FzhVu2PR8Y__#1_label_B1__7.npy,B1-0-0
v=4FzhVu2PR8Y__#1_label_B1__8.npy,B1-0-0
v=4FzhVu2PR8Y__#1_label_B1__9.npy,B1-0-0
v=5fyaGMyzh-4__#1_label_B1-0-0__0.npy,B1-0-0
v=5fyaGMyzh-4__#1_label_B1-0-0__1.npy,B1-0-0
v=5fyaGMyzh-4__#1_label_B1-0-0__2.npy,B1-0-0
v=5fyaGMyzh-4__#1_label_B1-0-0__3.npy,B1-0-0
v=5fyaGMyzh-4__#1_label_B1-0-0__4.npy,B1-0-0
v=5fyaGMyzh-4__#1_label_B1-0-0__5.npy,B1-0-0
v=5fyaGMyzh-4__#1_label_B1-0-0__6.npy,B1-0-0
v=5fyaGMyzh-4__#1_label_B1-0-0__7.npy,B1-0-0
v=5fyaGMyzh-4__#1_label_B1-0-0__8.npy,B1-0-0
v=5fyaGMyzh-4__#1_label_B1-0-0__9.npy,B1-0-0
v=65vPNt9eV3o__#1_label_B1-0-0__0.npy,B1-0-0
v=65vPNt9eV3o__#1_label_B1-0-0__1.npy,B1-0-0
v=65vPNt9eV3o__#1_label_B1-0-0__2.npy,B1-0-0
v=65vPNt9eV3o__#1_label_B1-0-0__3.npy,B1-0-0
v=65vPNt9eV3o__#1_label_B1-0-0__4.npy,B1-0-0
v=65vPNt9eV3o__#1_label_B1-0-0__5.npy,B1-0-0
v=65vPNt9eV3o__#1_label_B1-0-0__6.npy,B1-0-0
v=65vPNt9eV3o__#1_label_B1-0-0__7.npy,B1-0-0
v=65vPNt9eV3o__#1_label_B1-0-0__8.npy,B1-0-0
v=65vPNt9eV3o__#1_label_B1-0-0__9.npy,B1-0-0
v=66ZSIgJkQ-o__#1_label_B1-0-0__0.npy,B1-0-0
v=66ZSIgJkQ-o__#1_label_B1-0-0__1.npy,B1-0-0
v=66ZSIgJkQ-o__#1_label_B1-0-0__2.npy,B1-0-0
v=66ZSIgJkQ-o__#1_label_B1-0-0__3.npy,B1-0-0
v=66ZSIgJkQ-o__#1_label_B1-0-0__4.npy,B1-0-0
v=66ZSIgJkQ-o__#1_label_B1-0-0__5.npy,B1-0-0
v=66ZSIgJkQ-o__#1_label_B1-0-0__6.npy,B1-0-0
v=66ZSIgJkQ-o__#1_label_B1-0-0__7.npy,B1-0-0
v=66ZSIgJkQ-o__#1_label_B1-0-0__8.npy,B1-0-0
v=66ZSIgJkQ-o__#1_label_B1-0-0__9.npy,B1-0-0
v=6IiAgbi5t_Q__#1_label_B1-0-0__0.npy,B1-0-0
v=6IiAgbi5t_Q__#1_label_B1-0-0__1.npy,B1-0-0
v=6IiAgbi5t_Q__#1_label_B1-0-0__2.npy,B1-0-0
v=6IiAgbi5t_Q__#1_label_B1-0-0__3.npy,B1-0-0
v=6IiAgbi5t_Q__#1_label_B1-0-0__4.npy,B1-0-0
v=6IiAgbi5t_Q__#1_label_B1-0-0__5.npy,B1-0-0
v=6IiAgbi5t_Q__#1_label_B1-0-0__6.npy,B1-0-0
v=6IiAgbi5t_Q__#1_label_B1-0-0__7.npy,B1-0-0
v=6IiAgbi5t_Q__#1_label_B1-0-0__8.npy,B1-0-0
v=6IiAgbi5t_Q__#1_label_B1-0-0__9.npy,B1-0-0
v=7CkLX_Eho24__#1_label_B1-0-0__0.npy,B1-0-0
v=7CkLX_Eho24__#1_label_B1-0-0__1.npy,B1-0-0
v=7CkLX_Eho24__#1_label_B1-0-0__2.npy,B1-0-0
v=7CkLX_Eho24__#1_label_B1-0-0__3.npy,B1-0-0
v=7CkLX_Eho24__#1_label_B1-0-0__4.npy,B1-0-0
v=7CkLX_Eho24__#1_label_B1-0-0__5.npy,B1-0-0
v=7CkLX_Eho24__#1_label_B1-0-0__6.npy,B1-0-0
v=7CkLX_Eho24__#1_label_B1-0-0__7.npy,B1-0-0
v=7CkLX_Eho24__#1_label_B1-0-0__8.npy,B1-0-0
v=7CkLX_Eho24__#1_label_B1-0-0__9.npy,B1-0-0
v=7G4IvR1vQ7M__#00-00-00_00-00-45_label_B1-0-0__0.npy,B1-0-0
v=7G4IvR1vQ7M__#00-00-00_00-00-45_label_B1-0-0__1.npy,B1-0-0
v=7G4IvR1vQ7M__#00-00-00_00-00-45_label_B1-0-0__2.npy,B1-0-0
v=7G4IvR1vQ7M__#00-00-00_00-00-45_label_B1-0-0__3.npy,B1-0-0
v=7G4IvR1vQ7M__#00-00-00_00-00-45_label_B1-0-0__4.npy,B1-0-0
v=7G4IvR1vQ7M__#00-00-00_00-00-45_label_B1-0-0__5.npy,B1-0-0
v=7G4IvR1vQ7M__#00-00-00_00-00-45_label_B1-0-0__6.npy,B1-0-0
v=7G4IvR1vQ7M__#00-00-00_00-00-45_label_B1-0-0__7.npy,B1-0-0
v=7G4IvR1vQ7M__#00-00-00_00-00-45_label_B1-0-0__8.npy,B1-0-0
v=7G4IvR1vQ7M__#00-00-00_00-00-45_label_B1-0-0__9.npy,B1-0-0
v=7WO1qIXLan4__#1_label_B1-0-0__0.npy,B1-0-0
v=7WO1qIXLan4__#1_label_B1-0-0__1.npy,B1-0-0
v=7WO1qIXLan4__#1_label_B1-0-0__2.npy,B1-0-0
v=7WO1qIXLan4__#1_label_B1-0-0__3.npy,B1-0-0
v=7WO1qIXLan4__#1_label_B1-0-0__4.npy,B1-0-0
v=7WO1qIXLan4__#1_label_B1-0-0__5.npy,B1-0-0
v=7WO1qIXLan4__#1_label_B1-0-0__6.npy,B1-0-0
v=7WO1qIXLan4__#1_label_B1-0-0__7.npy,B1-0-0
v=7WO1qIXLan4__#1_label_B1-0-0__8.npy,B1-0-0
v=7WO1qIXLan4__#1_label_B1-0-0__9.npy,B1-0-0
v=7pN6q83gl7E__#1_label_B1-0-0__0.npy,B1-0-0
v=7pN6q83gl7E__#1_label_B1-0-0__1.npy,B1-0-0
v=7pN6q83gl7E__#1_label_B1-0-0__2.npy,B1-0-0
v=7pN6q83gl7E__#1_label_B1-0-0__3.npy,B1-0-0
v=7pN6q83gl7E__#1_label_B1-0-0__4.npy,B1-0-0
v=7pN6q83gl7E__#1_label_B1-0-0__5.npy,B1-0-0
v=7pN6q83gl7E__#1_label_B1-0-0__6.npy,B1-0-0
v=7pN6q83gl7E__#1_label_B1-0-0__7.npy,B1-0-0
v=7pN6q83gl7E__#1_label_B1-0-0__8.npy,B1-0-0
v=7pN6q83gl7E__#1_label_B1-0-0__9.npy,B1-0-0
v=8bDUGRaV0cs__#1_label_B1-0-0__0.npy,B1-0-0
v=8bDUGRaV0cs__#1_label_B1-0-0__1.npy,B1-0-0
v=8bDUGRaV0cs__#1_label_B1-0-0__2.npy,B1-0-0
v=8bDUGRaV0cs__#1_label_B1-0-0__3.npy,B1-0-0
v=8bDUGRaV0cs__#1_label_B1-0-0__4.npy,B1-0-0
v=8bDUGRaV0cs__#1_label_B1-0-0__5.npy,B1-0-0
v=8bDUGRaV0cs__#1_label_B1-0-0__6.npy,B1-0-0
v=8bDUGRaV0cs__#1_label_B1-0-0__7.npy,B1-0-0
v=8bDUGRaV0cs__#1_label_B1-0-0__8.npy,B1-0-0
v=8bDUGRaV0cs__#1_label_B1-0-0__9.npy,B1-0-0
v=9MQr77RSnQY__#1_label_B1-0-0__0.npy,B1-0-0
v=9MQr77RSnQY__#1_label_B1-0-0__1.npy,B1-0-0
v=9MQr77RSnQY__#1_label_B1-0-0__2.npy,B1-0-0
v=9MQr77RSnQY__#1_label_B1-0-0__3.npy,B1-0-0
v=9MQr77RSnQY__#1_label_B1-0-0__4.npy,B1-0-0
v=9MQr77RSnQY__#1_label_B1-0-0__5.npy,B1-0-0
v=9MQr77RSnQY__#1_label_B1-0-0__6.npy,B1-0-0
v=9MQr77RSnQY__#1_label_B1-0-0__7.npy,B1-0-0
v=9MQr77RSnQY__#1_label_B1-0-0__8.npy,B1-0-0
v=9MQr77RSnQY__#1_label_B1-0-0__9.npy,B1-0-0
v=9piAMKGjt8o__#1_label_B1-0-0__0.npy,B1-0-0
v=9piAMKGjt8o__#1_label_B1-0-0__1.npy,B1-0-0
v=9piAMKGjt8o__#1_label_B1-0-0__2.npy,B1-0-0
v=9piAMKGjt8o__#1_label_B1-0-0__3.npy,B1-0-0
v=9piAMKGjt8o__#1_label_B1-0-0__4.npy,B1-0-0
v=9piAMKGjt8o__#1_label_B1-0-0__5.npy,B1-0-0
v=9piAMKGjt8o__#1_label_B1-0-0__6.npy,B1-0-0
v=9piAMKGjt8o__#1_label_B1-0-0__7.npy,B1-0-0
v=9piAMKGjt8o__#1_label_B1-0-0__8.npy,B1-0-0
v=9piAMKGjt8o__#1_label_B1-0-0__9.npy,B1-0-0
v=9u_gz0hG0HA__#1_label_B1-0-0__0.npy,B1-0-0
v=9u_gz0hG0HA__#1_label_B1-0-0__1.npy,B1-0-0
v=9u_gz0hG0HA__#1_label_B1-0-0__2.npy,B1-0-0
v=9u_gz0hG0HA__#1_label_B1-0-0__3.npy,B1-0-0
v=9u_gz0hG0HA__#1_label_B1-0-0__4.npy,B1-0-0
v=9u_gz0hG0HA__#1_label_B1-0-0__5.npy,B1-0-0
v=9u_gz0hG0HA__#1_label_B1-0-0__6.npy,B1-0-0
v=9u_gz0hG0HA__#1_label_B1-0-0__7.npy,B1-0-0
v=9u_gz0hG0HA__#1_label_B1-0-0__8.npy,B1-0-0
v=9u_gz0hG0HA__#1_label_B1-0-0__9.npy,B1-0-0
v=Bmd8-_0HVNs__#1_label_B1-0-0__0.npy,B1-0-0
v=Bmd8-_0HVNs__#1_label_B1-0-0__1.npy,B1-0-0
v=Bmd8-_0HVNs__#1_label_B1-0-0__2.npy,B1-0-0
v=Bmd8-_0HVNs__#1_label_B1-0-0__3.npy,B1-0-0
v=Bmd8-_0HVNs__#1_label_B1-0-0__4.npy,B1-0-0
v=Bmd8-_0HVNs__#1_label_B1-0-0__5.npy,B1-0-0
v=Bmd8-_0HVNs__#1_label_B1-0-0__6.npy,B1-0-0
v=Bmd8-_0HVNs__#1_label_B1-0-0__7.npy,B1-0-0
v=Bmd8-_0HVNs__#1_label_B1-0-0__8.npy,B1-0-0
v=Bmd8-_0HVNs__#1_label_B1-0-0__9.npy,B1-0-0
v=CQUviNlz7j0__#1_label_B1-0-0__0.npy,B1-0-0
v=CQUviNlz7j0__#1_label_B1-0-0__1.npy,B1-0-0
v=CQUviNlz7j0__#1_label_B1-0-0__2.npy,B1-0-0
v=CQUviNlz7j0__#1_label_B1-0-0__3.npy,B1-0-0
v=CQUviNlz7j0__#1_label_B1-0-0__4.npy,B1-0-0
v=CQUviNlz7j0__#1_label_B1-0-0__5.npy,B1-0-0
v=CQUviNlz7j0__#1_label_B1-0-0__6.npy,B1-0-0
v=CQUviNlz7j0__#1_label_B1-0-0__7.npy,B1-0-0
v=CQUviNlz7j0__#1_label_B1-0-0__8.npy,B1-0-0
v=CQUviNlz7j0__#1_label_B1-0-0__9.npy,B1-0-0
v=DMgzyUHc83g__#1_label_B1-0-0__0.npy,B1-0-0
v=DMgzyUHc83g__#1_label_B1-0-0__1.npy,B1-0-0
v=DMgzyUHc83g__#1_label_B1-0-0__2.npy,B1-0-0
v=DMgzyUHc83g__#1_label_B1-0-0__3.npy,B1-0-0
v=DMgzyUHc83g__#1_label_B1-0-0__4.npy,B1-0-0
v=DMgzyUHc83g__#1_label_B1-0-0__5.npy,B1-0-0
v=DMgzyUHc83g__#1_label_B1-0-0__6.npy,B1-0-0
v=DMgzyUHc83g__#1_label_B1-0-0__7.npy,B1-0-0
v=DMgzyUHc83g__#1_label_B1-0-0__8.npy,B1-0-0
v=DMgzyUHc83g__#1_label_B1-0-0__9.npy,B1-0-0
v=DOMwKUIvcFw__#1_label_B1-0-0__0.npy,B1-0-0
v=DOMwKUIvcFw__#1_label_B1-0-0__1.npy,B1-0-0
v=DOMwKUIvcFw__#1_label_B1-0-0__2.npy,B1-0-0
v=DOMwKUIvcFw__#1_label_B1-0-0__3.npy,B1-0-0
v=DOMwKUIvcFw__#1_label_B1-0-0__4.npy,B1-0-0
v=DOMwKUIvcFw__#1_label_B1-0-0__5.npy,B1-0-0
v=DOMwKUIvcFw__#1_label_B1-0-0__6.npy,B1-0-0
v=DOMwKUIvcFw__#1_label_B1-0-0__7.npy,B1-0-0
v=DOMwKUIvcFw__#1_label_B1-0-0__8.npy,B1-0-0
v=DOMwKUIvcFw__#1_label_B1-0-0__9.npy,B1-0-0
v=DrhRopvkCDg__#1_label_B1-0-0__0.npy,B1-0-0
v=DrhRopvkCDg__#1_label_B1-0-0__1.npy,B1-0-0
v=DrhRopvkCDg__#1_label_B1-0-0__2.npy,B1-0-0
v=DrhRopvkCDg__#1_label_B1-0-0__3.npy,B1-0-0
v=DrhRopvkCDg__#1_label_B1-0-0__4.npy,B1-0-0
v=DrhRopvkCDg__#1_label_B1-0-0__5.npy,B1-0-0
v=DrhRopvkCDg__#1_label_B1-0-0__6.npy,B1-0-0
v=DrhRopvkCDg__#1_label_B1-0-0__7.npy,B1-0-0
v=DrhRopvkCDg__#1_label_B1-0-0__8.npy,B1-0-0
v=DrhRopvkCDg__#1_label_B1-0-0__9.npy,B1-0-0
v=DtFtvq9Swr4__#1_label_B1-0-0__0.npy,B1-0-0
v=DtFtvq9Swr4__#1_label_B1-0-0__1.npy,B1-0-0
v=DtFtvq9Swr4__#1_label_B1-0-0__2.npy,B1-0-0
v=DtFtvq9Swr4__#1_label_B1-0-0__3.npy,B1-0-0
v=DtFtvq9Swr4__#1_label_B1-0-0__4.npy,B1-0-0
v=DtFtvq9Swr4__#1_label_B1-0-0__5.npy,B1-0-0
v=DtFtvq9Swr4__#1_label_B1-0-0__6.npy,B1-0-0
v=DtFtvq9Swr4__#1_label_B1-0-0__7.npy,B1-0-0
v=DtFtvq9Swr4__#1_label_B1-0-0__8.npy,B1-0-0
v=DtFtvq9Swr4__#1_label_B1-0-0__9.npy,B1-0-0
v=DzwwVZRRIro__#1_label_B1-0-0__0.npy,B1-0-0
v=DzwwVZRRIro__#1_label_B1-0-0__1.npy,B1-0-0
v=DzwwVZRRIro__#1_label_B1-0-0__2.npy,B1-0-0
v=DzwwVZRRIro__#1_label_B1-0-0__3.npy,B1-0-0
v=DzwwVZRRIro__#1_label_B1-0-0__4.npy,B1-0-0
v=DzwwVZRRIro__#1_label_B1-0-0__5.npy,B1-0-0
v=DzwwVZRRIro__#1_label_B1-0-0__6.npy,B1-0-0
v=DzwwVZRRIro__#1_label_B1-0-0__7.npy,B1-0-0
v=DzwwVZRRIro__#1_label_B1-0-0__8.npy,B1-0-0
v=DzwwVZRRIro__#1_label_B1-0-0__9.npy,B1-0-0
v=E_PvgoPohwY__#1_label_B1-0-0__0.npy,B1-0-0
v=E_PvgoPohwY__#1_label_B1-0-0__1.npy,B1-0-0
v=E_PvgoPohwY__#1_label_B1-0-0__2.npy,B1-0-0
v=E_PvgoPohwY__#1_label_B1-0-0__3.npy,B1-0-0
v=E_PvgoPohwY__#1_label_B1-0-0__4.npy,B1-0-0
v=E_PvgoPohwY__#1_label_B1-0-0__5.npy,B1-0-0
v=E_PvgoPohwY__#1_label_B1-0-0__6.npy,B1-0-0
v=E_PvgoPohwY__#1_label_B1-0-0__7.npy,B1-0-0
v=E_PvgoPohwY__#1_label_B1-0-0__8.npy,B1-0-0
v=E_PvgoPohwY__#1_label_B1-0-0__9.npy,B1-0-0
v=F5tQN7Wvqac__#1_label_B1-0-0__0.npy,B1-0-0
v=F5tQN7Wvqac__#1_label_B1-0-0__1.npy,B1-0-0
v=F5tQN7Wvqac__#1_label_B1-0-0__2.npy,B1-0-0
v=F5tQN7Wvqac__#1_label_B1-0-0__3.npy,B1-0-0
v=F5tQN7Wvqac__#1_label_B1-0-0__4.npy,B1-0-0
v=F5tQN7Wvqac__#1_label_B1-0-0__5.npy,B1-0-0
v=F5tQN7Wvqac__#1_label_B1-0-0__6.npy,B1-0-0
v=F5tQN7Wvqac__#1_label_B1-0-0__7.npy,B1-0-0
v=F5tQN7Wvqac__#1_label_B1-0-0__8.npy,B1-0-0
v=F5tQN7Wvqac__#1_label_B1-0-0__9.npy,B1-0-0
v=F702Y4BtjbY__#1_label_B1-0-0__0.npy,B1-0-0
v=F702Y4BtjbY__#1_label_B1-0-0__1.npy,B1-0-0
v=F702Y4BtjbY__#1_label_B1-0-0__2.npy,B1-0-0
v=F702Y4BtjbY__#1_label_B1-0-0__3.npy,B1-0-0
v=F702Y4BtjbY__#1_label_B1-0-0__4.npy,B1-0-0
v=F702Y4BtjbY__#1_label_B1-0-0__5.npy,B1-0-0
v=F702Y4BtjbY__#1_label_B1-0-0__6.npy,B1-0-0
v=F702Y4BtjbY__#1_label_B1-0-0__7.npy,B1-0-0
v=F702Y4BtjbY__#1_label_B1-0-0__8.npy,B1-0-0
v=F702Y4BtjbY__#1_label_B1-0-0__9.npy,B1-0-0
v=FHzT8e5kR2Y__#1_label_B1-0-0__0.npy,B1-0-0
v=FHzT8e5kR2Y__#1_label_B1-0-0__1.npy,B1-0-0
v=FHzT8e5kR2Y__#1_label_B1-0-0__2.npy,B1-0-0
v=FHzT8e5kR2Y__#1_label_B1-0-0__3.npy,B1-0-0
v=FHzT8e5kR2Y__#1_label_B1-0-0__4.npy,B1-0-0
v=FHzT8e5kR2Y__#1_label_B1-0-0__5.npy,B1-0-0
v=FHzT8e5kR2Y__#1_label_B1-0-0__6.npy,B1-0-0
v=FHzT8e5kR2Y__#1_label_B1-0-0__7.npy,B1-0-0
v=FHzT8e5kR2Y__#1_label_B1-0-0__8.npy,B1-0-0
v=FHzT8e5kR2Y__#1_label_B1-0-0__9.npy,B1-0-0
v=FjjYlFfe0rk__#1_label_B1-0-0__0.npy,B1-0-0
v=FjjYlFfe0rk__#1_label_B1-0-0__1.npy,B1-0-0
v=FjjYlFfe0rk__#1_label_B1-0-0__2.npy,B1-0-0
v=FjjYlFfe0rk__#1_label_B1-0-0__3.npy,B1-0-0
v=FjjYlFfe0rk__#1_label_B1-0-0__4.npy,B1-0-0
v=FjjYlFfe0rk__#1_label_B1-0-0__5.npy,B1-0-0
v=FjjYlFfe0rk__#1_label_B1-0-0__6.npy,B1-0-0
v=FjjYlFfe0rk__#1_label_B1-0-0__7.npy,B1-0-0
v=FjjYlFfe0rk__#1_label_B1-0-0__8.npy,B1-0-0
v=FjjYlFfe0rk__#1_label_B1-0-0__9.npy,B1-0-0
v=FylYRAYAyY0__#1_label_B1-0-0__0.npy,B1-0-0
v=FylYRAYAyY0__#1_label_B1-0-0__1.npy,B1-0-0
v=FylYRAYAyY0__#1_label_B1-0-0__2.npy,B1-0-0
v=FylYRAYAyY0__#1_label_B1-0-0__3.npy,B1-0-0
v=FylYRAYAyY0__#1_label_B1-0-0__4.npy,B1-0-0
v=FylYRAYAyY0__#1_label_B1-0-0__5.npy,B1-0-0
v=FylYRAYAyY0__#1_label_B1-0-0__6.npy,B1-0-0
v=FylYRAYAyY0__#1_label_B1-0-0__7.npy,B1-0-0
v=FylYRAYAyY0__#1_label_B1-0-0__8.npy,B1-0-0
v=FylYRAYAyY0__#1_label_B1-0-0__9.npy,B1-0-0
v=G5ygIuxmfmE__#1_label_B1-0-0__0.npy,B1-0-0
v=G5ygIuxmfmE__#1_label_B1-0-0__1.npy,B1-0-0
v=G5ygIuxmfmE__#1_label_B1-0-0__2.npy,B1-0-0
v=G5ygIuxmfmE__#1_label_B1-0-0__3.npy,B1-0-0
v=G5ygIuxmfmE__#1_label_B1-0-0__4.npy,B1-0-0
v=G5ygIuxmfmE__#1_label_B1-0-0__5.npy,B1-0-0
v=G5ygIuxmfmE__#1_label_B1-0-0__6.npy,B1-0-0
v=G5ygIuxmfmE__#1_label_B1-0-0__7.npy,B1-0-0
v=G5ygIuxmfmE__#1_label_B1-0-0__8.npy,B1-0-0
v=G5ygIuxmfmE__#1_label_B1-0-0__9.npy,B1-0-0
v=GdJtu3o2440__#1_label_B1-0-0__0.npy,B1-0-0
v=GdJtu3o2440__#1_label_B1-0-0__1.npy,B1-0-0
v=GdJtu3o2440__#1_label_B1-0-0__2.npy,B1-0-0
v=GdJtu3o2440__#1_label_B1-0-0__3.npy,B1-0-0
v=GdJtu3o2440__#1_label_B1-0-0__4.npy,B1-0-0
v=GdJtu3o2440__#1_label_B1-0-0__5.npy,B1-0-0
v=GdJtu3o2440__#1_label_B1-0-0__6.npy,B1-0-0
v=GdJtu3o2440__#1_label_B1-0-0__7.npy,B1-0-0
v=GdJtu3o2440__#1_label_B1-0-0__8.npy,B1-0-0
v=GdJtu3o2440__#1_label_B1-0-0__9.npy,B1-0-0
v=Ho0fc0ENAHk__#1_label_B1-0-0__0.npy,B1-0-0
v=Ho0fc0ENAHk__#1_label_B1-0-0__1.npy,B1-0-0
v=Ho0fc0ENAHk__#1_label_B1-0-0__2.npy,B1-0-0
v=Ho0fc0ENAHk__#1_label_B1-0-0__3.npy,B1-0-0
v=Ho0fc0ENAHk__#1_label_B1-0-0__4.npy,B1-0-0
v=Ho0fc0ENAHk__#1_label_B1-0-0__5.npy,B1-0-0
v=Ho0fc0ENAHk__#1_label_B1-0-0__6.npy,B1-0-0
v=Ho0fc0ENAHk__#1_label_B1-0-0__7.npy,B1-0-0
v=Ho0fc0ENAHk__#1_label_B1-0-0__8.npy,B1-0-0
v=Ho0fc0ENAHk__#1_label_B1-0-0__9.npy,B1-0-0
v=I6lFieHFSgw__#1_label_B1-0-0__0.npy,B1-0-0
v=I6lFieHFSgw__#1_label_B1-0-0__1.npy,B1-0-0
v=I6lFieHFSgw__#1_label_B1-0-0__2.npy,B1-0-0
v=I6lFieHFSgw__#1_label_B1-0-0__3.npy,B1-0-0
v=I6lFieHFSgw__#1_label_B1-0-0__4.npy,B1-0-0
v=I6lFieHFSgw__#1_label_B1-0-0__5.npy,B1-0-0
v=I6lFieHFSgw__#1_label_B1-0-0__6.npy,B1-0-0
v=I6lFieHFSgw__#1_label_B1-0-0__7.npy,B1-0-0
v=I6lFieHFSgw__#1_label_B1-0-0__8.npy,B1-0-0
v=I6lFieHFSgw__#1_label_B1-0-0__9.npy,B1-0-0
v=I9wujEB6x2o__#1_label_B1-0-0__0.npy,B1-0-0
v=I9wujEB6x2o__#1_label_B1-0-0__1.npy,B1-0-0
v=I9wujEB6x2o__#1_label_B1-0-0__2.npy,B1-0-0
v=I9wujEB6x2o__#1_label_B1-0-0__3.npy,B1-0-0
v=I9wujEB6x2o__#1_label_B1-0-0__4.npy,B1-0-0
v=I9wujEB6x2o__#1_label_B1-0-0__5.npy,B1-0-0
v=I9wujEB6x2o__#1_label_B1-0-0__6.npy,B1-0-0
v=I9wujEB6x2o__#1_label_B1-0-0__7.npy,B1-0-0
v=I9wujEB6x2o__#1_label_B1-0-0__8.npy,B1-0-0
v=I9wujEB6x2o__#1_label_B1-0-0__9.npy,B1-0-0
v=IEedFByrk40__#1_label_B1-0-0__0.npy,B1-0-0
v=IEedFByrk40__#1_label_B1-0-0__1.npy,B1-0-0
v=IEedFByrk40__#1_label_B1-0-0__2.npy,B1-0-0
v=IEedFByrk40__#1_label_B1-0-0__3.npy,B1-0-0
v=IEedFByrk40__#1_label_B1-0-0__4.npy,B1-0-0
v=IEedFByrk40__#1_label_B1-0-0__5.npy,B1-0-0
v=IEedFByrk40__#1_label_B1-0-0__6.npy,B1-0-0
v=IEedFByrk40__#1_label_B1-0-0__7.npy,B1-0-0
v=IEedFByrk40__#1_label_B1-0-0__8.npy,B1-0-0
v=IEedFByrk40__#1_label_B1-0-0__9.npy,B1-0-0
v=J9HSUXaCjBU__#1_label_B1-0-0__0.npy,B1-0-0
v=J9HSUXaCjBU__#1_label_B1-0-0__1.npy,B1-0-0
v=J9HSUXaCjBU__#1_label_B1-0-0__2.npy,B1-0-0
v=J9HSUXaCjBU__#1_label_B1-0-0__3.npy,B1-0-0
v=J9HSUXaCjBU__#1_label_B1-0-0__4.npy,B1-0-0
v=J9HSUXaCjBU__#1_label_B1-0-0__5.npy,B1-0-0
v=J9HSUXaCjBU__#1_label_B1-0-0__6.npy,B1-0-0
v=J9HSUXaCjBU__#1_label_B1-0-0__7.npy,B1-0-0
v=J9HSUXaCjBU__#1_label_B1-0-0__8.npy,B1-0-0
v=J9HSUXaCjBU__#1_label_B1-0-0__9.npy,B1-0-0
v=JhXVvZ2FMRE__#1_label_B1-0-0__0.npy,B1-0-0
v=JhXVvZ2FMRE__#1_label_B1-0-0__1.npy,B1-0-0
v=JhXVvZ2FMRE__#1_label_B1-0-0__2.npy,B1-0-0
v=JhXVvZ2FMRE__#1_label_B1-0-0__3.npy,B1-0-0
v=JhXVvZ2FMRE__#1_label_B1-0-0__4.npy,B1-0-0
v=JhXVvZ2FMRE__#1_label_B1-0-0__5.npy,B1-0-0
v=JhXVvZ2FMRE__#1_label_B1-0-0__6.npy,B1-0-0
v=JhXVvZ2FMRE__#1_label_B1-0-0__7.npy,B1-0-0
v=JhXVvZ2FMRE__#1_label_B1-0-0__8.npy,B1-0-0
v=JhXVvZ2FMRE__#1_label_B1-0-0__9.npy,B1-0-0
v=KMidGHu1vMA__#1_label_B1-0-0__0.npy,B1-0-0
v=KMidGHu1vMA__#1_label_B1-0-0__1.npy,B1-0-0
v=KMidGHu1vMA__#1_label_B1-0-0__2.npy,B1-0-0
v=KMidGHu1vMA__#1_label_B1-0-0__3.npy,B1-0-0
v=KMidGHu1vMA__#1_label_B1-0-0__4.npy,B1-0-0
v=KMidGHu1vMA__#1_label_B1-0-0__5.npy,B1-0-0
v=KMidGHu1vMA__#1_label_B1-0-0__6.npy,B1-0-0
v=KMidGHu1vMA__#1_label_B1-0-0__7.npy,B1-0-0
v=KMidGHu1vMA__#1_label_B1-0-0__8.npy,B1-0-0
v=KMidGHu1vMA__#1_label_B1-0-0__9.npy,B1-0-0
v=KwJRY2W4GbI__#1_label_B1-0-0__0.npy,B1-0-0
v=KwJRY2W4GbI__#1_label_B1-0-0__1.npy,B1-0-0
v=KwJRY2W4GbI__#1_label_B1-0-0__2.npy,B1-0-0
v=KwJRY2W4GbI__#1_label_B1-0-0__3.npy,B1-0-0
v=KwJRY2W4GbI__#1_label_B1-0-0__4.npy,B1-0-0
v=KwJRY2W4GbI__#1_label_B1-0-0__5.npy,B1-0-0
v=KwJRY2W4GbI__#1_label_B1-0-0__6.npy,B1-0-0
v=KwJRY2W4GbI__#1_label_B1-0-0__7.npy,B1-0-0
v=KwJRY2W4GbI__#1_label_B1-0-0__8.npy,B1-0-0
v=KwJRY2W4GbI__#1_label_B1-0-0__9.npy,B1-0-0
v=L8_GRdxOP8k__#1_label_B1-0-0__0.npy,B1-0-0
v=L8_GRdxOP8k__#1_label_B1-0-0__1.npy,B1-0-0
v=L8_GRdxOP8k__#1_label_B1-0-0__2.npy,B1-0-0
v=L8_GRdxOP8k__#1_label_B1-0-0__3.npy,B1-0-0
v=L8_GRdxOP8k__#1_label_B1-0-0__4.npy,B1-0-0
v=L8_GRdxOP8k__#1_label_B1-0-0__5.npy,B1-0-0
v=L8_GRdxOP8k__#1_label_B1-0-0__6.npy,B1-0-0
v=L8_GRdxOP8k__#1_label_B1-0-0__7.npy,B1-0-0
v=L8_GRdxOP8k__#1_label_B1-0-0__8.npy,B1-0-0
v=L8_GRdxOP8k__#1_label_B1-0-0__9.npy,B1-0-0
v=L9TBNCutfWw__#1_label_B1-0-0__0.npy,B1-0-0
v=L9TBNCutfWw__#1_label_B1-0-0__1.npy,B1-0-0
v=L9TBNCutfWw__#1_label_B1-0-0__2.npy,B1-0-0
v=L9TBNCutfWw__#1_label_B1-0-0__3.npy,B1-0-0
v=L9TBNCutfWw__#1_label_B1-0-0__4.npy,B1-0-0
v=L9TBNCutfWw__#1_label_B1-0-0__5.npy,B1-0-0
v=L9TBNCutfWw__#1_label_B1-0-0__6.npy,B1-0-0
v=L9TBNCutfWw__#1_label_B1-0-0__7.npy,B1-0-0
v=L9TBNCutfWw__#1_label_B1-0-0__8.npy,B1-0-0
v=L9TBNCutfWw__#1_label_B1-0-0__9.npy,B1-0-0
v=LZAehXzjG0w__#1_label_B1-0-0__0.npy,B1-0-0
v=LZAehXzjG0w__#1_label_B1-0-0__1.npy,B1-0-0
v=LZAehXzjG0w__#1_label_B1-0-0__2.npy,B1-0-0
v=LZAehXzjG0w__#1_label_B1-0-0__3.npy,B1-0-0
v=LZAehXzjG0w__#1_label_B1-0-0__4.npy,B1-0-0
v=LZAehXzjG0w__#1_label_B1-0-0__5.npy,B1-0-0
v=LZAehXzjG0w__#1_label_B1-0-0__6.npy,B1-0-0
v=LZAehXzjG0w__#1_label_B1-0-0__7.npy,B1-0-0
v=LZAehXzjG0w__#1_label_B1-0-0__8.npy,B1-0-0
v=LZAehXzjG0w__#1_label_B1-0-0__9.npy,B1-0-0
v=LziqBwWXi9A__#1_label_B1-0-0__0.npy,B1-0-0
v=LziqBwWXi9A__#1_label_B1-0-0__1.npy,B1-0-0
v=LziqBwWXi9A__#1_label_B1-0-0__2.npy,B1-0-0
v=LziqBwWXi9A__#1_label_B1-0-0__3.npy,B1-0-0
v=LziqBwWXi9A__#1_label_B1-0-0__4.npy,B1-0-0
v=LziqBwWXi9A__#1_label_B1-0-0__5.npy,B1-0-0
v=LziqBwWXi9A__#1_label_B1-0-0__6.npy,B1-0-0
v=LziqBwWXi9A__#1_label_B1-0-0__7.npy,B1-0-0
v=LziqBwWXi9A__#1_label_B1-0-0__8.npy,B1-0-0
v=LziqBwWXi9A__#1_label_B1-0-0__9.npy,B1-0-0
v=MX_UU8fOYPo__#1_label_B1-0-0__0.npy,B1-0-0
v=MX_UU8fOYPo__#1_label_B1-0-0__1.npy,B1-0-0
v=MX_UU8fOYPo__#1_label_B1-0-0__2.npy,B1-0-0
v=MX_UU8fOYPo__#1_label_B1-0-0__3.npy,B1-0-0
v=MX_UU8fOYPo__#1_label_B1-0-0__4.npy,B1-0-0
v=MX_UU8fOYPo__#1_label_B1-0-0__5.npy,B1-0-0
v=MX_UU8fOYPo__#1_label_B1-0-0__6.npy,B1-0-0
v=MX_UU8fOYPo__#1_label_B1-0-0__7.npy,B1-0-0
v=MX_UU8fOYPo__#1_label_B1-0-0__8.npy,B1-0-0
v=MX_UU8fOYPo__#1_label_B1-0-0__9.npy,B1-0-0
v=OgRZxfWPC60__#1_label_B1-0-0__0.npy,B1-0-0
v=OgRZxfWPC60__#1_label_B1-0-0__1.npy,B1-0-0
v=OgRZxfWPC60__#1_label_B1-0-0__2.npy,B1-0-0
v=OgRZxfWPC60__#1_label_B1-0-0__3.npy,B1-0-0
v=OgRZxfWPC60__#1_label_B1-0-0__4.npy,B1-0-0
v=OgRZxfWPC60__#1_label_B1-0-0__5.npy,B1-0-0
v=OgRZxfWPC60__#1_label_B1-0-0__6.npy,B1-0-0
v=OgRZxfWPC60__#1_label_B1-0-0__7.npy,B1-0-0
v=OgRZxfWPC60__#1_label_B1-0-0__8.npy,B1-0-0
v=OgRZxfWPC60__#1_label_B1-0-0__9.npy,B1-0-0
v=PDmtsYaAOr8__#1_label_B1-0-0__0.npy,B1-0-0
v=PDmtsYaAOr8__#1_label_B1-0-0__1.npy,B1-0-0
v=PDmtsYaAOr8__#1_label_B1-0-0__2.npy,B1-0-0
v=PDmtsYaAOr8__#1_label_B1-0-0__3.npy,B1-0-0
v=PDmtsYaAOr8__#1_label_B1-0-0__4.npy,B1-0-0
v=PDmtsYaAOr8__#1_label_B1-0-0__5.npy,B1-0-0
v=PDmtsYaAOr8__#1_label_B1-0-0__6.npy,B1-0-0
v=PDmtsYaAOr8__#1_label_B1-0-0__7.npy,B1-0-0
v=PDmtsYaAOr8__#1_label_B1-0-0__8.npy,B1-0-0
v=PDmtsYaAOr8__#1_label_B1-0-0__9.npy,B1-0-0
v=PvdphFs3XDQ__#1_label_B1-0-0__0.npy,B1-0-0
v=PvdphFs3XDQ__#1_label_B1-0-0__1.npy,B1-0-0
v=PvdphFs3XDQ__#1_label_B1-0-0__2.npy,B1-0-0
v=PvdphFs3XDQ__#1_label_B1-0-0__3.npy,B1-0-0
v=PvdphFs3XDQ__#1_label_B1-0-0__4.npy,B1-0-0
v=PvdphFs3XDQ__#1_label_B1-0-0__5.npy,B1-0-0
v=PvdphFs3XDQ__#1_label_B1-0-0__6.npy,B1-0-0
v=PvdphFs3XDQ__#1_label_B1-0-0__7.npy,B1-0-0
v=PvdphFs3XDQ__#1_label_B1-0-0__8.npy,B1-0-0
v=PvdphFs3XDQ__#1_label_B1-0-0__9.npy,B1-0-0
v=QfN7ZMkjpWc__#1_label_B1-0-0__0.npy,B1-0-0
v=QfN7ZMkjpWc__#1_label_B1-0-0__1.npy,B1-0-0
v=QfN7ZMkjpWc__#1_label_B1-0-0__2.npy,B1-0-0
v=QfN7ZMkjpWc__#1_label_B1-0-0__3.npy,B1-0-0
v=QfN7ZMkjpWc__#1_label_B1-0-0__4.npy,B1-0-0
v=QfN7ZMkjpWc__#1_label_B1-0-0__5.npy,B1-0-0
v=QfN7ZMkjpWc__#1_label_B1-0-0__6.npy,B1-0-0
v=QfN7ZMkjpWc__#1_label_B1-0-0__7.npy,B1-0-0
v=QfN7ZMkjpWc__#1_label_B1-0-0__8.npy,B1-0-0
v=QfN7ZMkjpWc__#1_label_B1-0-0__9.npy,B1-0-0
v=RrGPdJr9Xas__#1_label_B1-0-0__0.npy,B1-0-0
v=RrGPdJr9Xas__#1_label_B1-0-0__1.npy,B1-0-0
v=RrGPdJr9Xas__#1_label_B1-0-0__2.npy,B1-0-0
v=RrGPdJr9Xas__#1_label_B1-0-0__3.npy,B1-0-0
v=RrGPdJr9Xas__#1_label_B1-0-0__4.npy,B1-0-0
v=RrGPdJr9Xas__#1_label_B1-0-0__5.npy,B1-0-0
v=RrGPdJr9Xas__#1_label_B1-0-0__6.npy,B1-0-0
v=RrGPdJr9Xas__#1_label_B1-0-0__7.npy,B1-0-0
v=RrGPdJr9Xas__#1_label_B1-0-0__8.npy,B1-0-0
v=RrGPdJr9Xas__#1_label_B1-0-0__9.npy,B1-0-0
v=Rve00ZElOO8__#1_label_B1-0-0__0.npy,B1-0-0
v=Rve00ZElOO8__#1_label_B1-0-0__1.npy,B1-0-0
v=Rve00ZElOO8__#1_label_B1-0-0__2.npy,B1-0-0
v=Rve00ZElOO8__#1_label_B1-0-0__3.npy,B1-0-0
v=Rve00ZElOO8__#1_label_B1-0-0__4.npy,B1-0-0
v=Rve00ZElOO8__#1_label_B1-0-0__5.npy,B1-0-0
v=Rve00ZElOO8__#1_label_B1-0-0__6.npy,B1-0-0
v=Rve00ZElOO8__#1_label_B1-0-0__7.npy,B1-0-0
v=Rve00ZElOO8__#1_label_B1-0-0__8.npy,B1-0-0
v=Rve00ZElOO8__#1_label_B1-0-0__9.npy,B1-0-0
v=S9d1w1ILGlQ__#1_label_B1-0-0__0.npy,B1-0-0
v=S9d1w1ILGlQ__#1_label_B1-0-0__1.npy,B1-0-0
v=S9d1w1ILGlQ__#1_label_B1-0-0__2.npy,B1-0-0
v=S9d1w1ILGlQ__#1_label_B1-0-0__3.npy,B1-0-0
v=S9d1w1ILGlQ__#1_label_B1-0-0__4.npy,B1-0-0
v=S9d1w1ILGlQ__#1_label_B1-0-0__5.npy,B1-0-0
v=S9d1w1ILGlQ__#1_label_B1-0-0__6.npy,B1-0-0
v=S9d1w1ILGlQ__#1_label_B1-0-0__7.npy,B1-0-0
v=S9d1w1ILGlQ__#1_label_B1-0-0__8.npy,B1-0-0
v=S9d1w1ILGlQ__#1_label_B1-0-0__9.npy,B1-0-0
v=SE5fxK7SasU__#00-02-51_00-03-21_label_B1-0-0__0.npy,B1-0-0
v=SE5fxK7SasU__#00-02-51_00-03-21_label_B1-0-0__1.npy,B1-0-0
v=SE5fxK7SasU__#00-02-51_00-03-21_label_B1-0-0__2.npy,B1-0-0
v=SE5fxK7SasU__#00-02-51_00-03-21_label_B1-0-0__3.npy,B1-0-0
v=SE5fxK7SasU__#00-02-51_00-03-21_label_B1-0-0__4.npy,B1-0-0
v=SE5fxK7SasU__#00-02-51_00-03-21_label_B1-0-0__5.npy,B1-0-0
v=SE5fxK7SasU__#00-02-51_00-03-21_label_B1-0-0__6.npy,B1-0-0
v=SE5fxK7SasU__#00-02-51_00-03-21_label_B1-0-0__7.npy,B1-0-0
v=SE5fxK7SasU__#00-02-51_00-03-21_label_B1-0-0__8.npy,B1-0-0
v=SE5fxK7SasU__#00-02-51_00-03-21_label_B1-0-0__9.npy,B1-0-0
v=SE5fxK7SasU__#00-04-28_00-04-55_label_B1-0-0__0.npy,B1-0-0
v=SE5fxK7SasU__#00-04-28_00-04-55_label_B1-0-0__1.npy,B1-0-0
v=SE5fxK7SasU__#00-04-28_00-04-55_label_B1-0-0__2.npy,B1-0-0
v=SE5fxK7SasU__#00-04-28_00-04-55_label_B1-0-0__3.npy,B1-0-0
v=SE5fxK7SasU__#00-04-28_00-04-55_label_B1-0-0__4.npy,B1-0-0
v=SE5fxK7SasU__#00-04-28_00-04-55_label_B1-0-0__5.npy,B1-0-0
v=SE5fxK7SasU__#00-04-28_00-04-55_label_B1-0-0__6.npy,B1-0-0
v=SE5fxK7SasU__#00-04-28_00-04-55_label_B1-0-0__7.npy,B1-0-0
v=SE5fxK7SasU__#00-04-28_00-04-55_label_B1-0-0__8.npy,B1-0-0
v=SE5fxK7SasU__#00-04-28_00-04-55_label_B1-0-0__9.npy,B1-0-0
v=SE5fxK7SasU__#00-05-55_00-07-24_label_B1-0-0__0.npy,B1-0-0
v=SE5fxK7SasU__#00-05-55_00-07-24_label_B1-0-0__1.npy,B1-0-0
v=SE5fxK7SasU__#00-05-55_00-07-24_label_B1-0-0__2.npy,B1-0-0
v=SE5fxK7SasU__#00-05-55_00-07-24_label_B1-0-0__3.npy,B1-0-0
v=SE5fxK7SasU__#00-05-55_00-07-24_label_B1-0-0__4.npy,B1-0-0
v=SE5fxK7SasU__#00-05-55_00-07-24_label_B1-0-0__5.npy,B1-0-0
v=SE5fxK7SasU__#00-05-55_00-07-24_label_B1-0-0__6.npy,B1-0-0
v=SE5fxK7SasU__#00-05-55_00-07-24_label_B1-0-0__7.npy,B1-0-0
v=SE5fxK7SasU__#00-05-55_00-07-24_label_B1-0-0__8.npy,B1-0-0
v=SE5fxK7SasU__#00-05-55_00-07-24_label_B1-0-0__9.npy,B1-0-0
v=SE5fxK7SasU__#00-07-44_00-08-28_label_B1-0-0__0.npy,B1-0-0
v=SE5fxK7SasU__#00-07-44_00-08-28_label_B1-0-0__1.npy,B1-0-0
v=SE5fxK7SasU__#00-07-44_00-08-28_label_B1-0-0__2.npy,B1-0-0
v=SE5fxK7SasU__#00-07-44_00-08-28_label_B1-0-0__3.npy,B1-0-0
v=SE5fxK7SasU__#00-07-44_00-08-28_label_B1-0-0__4.npy,B1-0-0
v=SE5fxK7SasU__#00-07-44_00-08-28_label_B1-0-0__5.npy,B1-0-0
v=SE5fxK7SasU__#00-07-44_00-08-28_label_B1-0-0__6.npy,B1-0-0
v=SE5fxK7SasU__#00-07-44_00-08-28_label_B1-0-0__7.npy,B1-0-0
v=SE5fxK7SasU__#00-07-44_00-08-28_label_B1-0-0__8.npy,B1-0-0
v=SE5fxK7SasU__#00-07-44_00-08-28_label_B1-0-0__9.npy,B1-0-0
v=SNdbq7_2MXg__#1_label_B1-0-0__0.npy,B1-0-0
v=SNdbq7_2MXg__#1_label_B1-0-0__1.npy,B1-0-0
v=SNdbq7_2MXg__#1_label_B1-0-0__2.npy,B1-0-0
v=SNdbq7_2MXg__#1_label_B1-0-0__3.npy,B1-0-0
v=SNdbq7_2MXg__#1_label_B1-0-0__4.npy,B1-0-0
v=SNdbq7_2MXg__#1_label_B1-0-0__5.npy,B1-0-0
v=SNdbq7_2MXg__#1_label_B1-0-0__6.npy,B1-0-0
v=SNdbq7_2MXg__#1_label_B1-0-0__7.npy,B1-0-0
v=SNdbq7_2MXg__#1_label_B1-0-0__8.npy,B1-0-0
v=SNdbq7_2MXg__#1_label_B1-0-0__9.npy,B1-0-0
v=TS_92eKcGMI__#1_label_B1-0-0__0.npy,B1-0-0
v=TS_92eKcGMI__#1_label_B1-0-0__1.npy,B1-0-0
v=TS_92eKcGMI__#1_label_B1-0-0__2.npy,B1-0-0
v=TS_92eKcGMI__#1_label_B1-0-0__3.npy,B1-0-0
v=TS_92eKcGMI__#1_label_B1-0-0__4.npy,B1-0-0
v=TS_92eKcGMI__#1_label_B1-0-0__5.npy,B1-0-0
v=TS_92eKcGMI__#1_label_B1-0-0__6.npy,B1-0-0
v=TS_92eKcGMI__#1_label_B1-0-0__7.npy,B1-0-0
v=TS_92eKcGMI__#1_label_B1-0-0__8.npy,B1-0-0
v=TS_92eKcGMI__#1_label_B1-0-0__9.npy,B1-0-0
v=UmDrO4xtVbo__#1_label_B1-0-0__0.npy,B1-0-0
v=UmDrO4xtVbo__#1_label_B1-0-0__1.npy,B1-0-0
v=UmDrO4xtVbo__#1_label_B1-0-0__2.npy,B1-0-0
v=UmDrO4xtVbo__#1_label_B1-0-0__3.npy,B1-0-0
v=UmDrO4xtVbo__#1_label_B1-0-0__4.npy,B1-0-0
v=UmDrO4xtVbo__#1_label_B1-0-0__5.npy,B1-0-0
v=UmDrO4xtVbo__#1_label_B1-0-0__6.npy,B1-0-0
v=UmDrO4xtVbo__#1_label_B1-0-0__7.npy,B1-0-0
v=UmDrO4xtVbo__#1_label_B1-0-0__8.npy,B1-0-0
v=UmDrO4xtVbo__#1_label_B1-0-0__9.npy,B1-0-0
v=UxV8yW8eTWs__#1_label_B1-0-0__0.npy,B1-0-0
v=UxV8yW8eTWs__#1_label_B1-0-0__1.npy,B1-0-0
v=UxV8yW8eTWs__#1_label_B1-0-0__2.npy,B1-0-0
v=UxV8yW8eTWs__#1_label_B1-0-0__3.npy,B1-0-0
v=UxV8yW8eTWs__#1_label_B1-0-0__4.npy,B1-0-0
v=UxV8yW8eTWs__#1_label_B1-0-0__5.npy,B1-0-0
v=UxV8yW8eTWs__#1_label_B1-0-0__6.npy,B1-0-0
v=UxV8yW8eTWs__#1_label_B1-0-0__7.npy,B1-0-0
v=UxV8yW8eTWs__#1_label_B1-0-0__8.npy,B1-0-0
v=UxV8yW8eTWs__#1_label_B1-0-0__9.npy,B1-0-0
v=VHMi-j7W2gM__#1_label_B1-0-0__0.npy,B1-0-0
v=VHMi-j7W2gM__#1_label_B1-0-0__1.npy,B1-0-0
v=VHMi-j7W2gM__#1_label_B1-0-0__2.npy,B1-0-0
v=VHMi-j7W2gM__#1_label_B1-0-0__3.npy,B1-0-0
v=VHMi-j7W2gM__#1_label_B1-0-0__4.npy,B1-0-0
v=VHMi-j7W2gM__#1_label_B1-0-0__5.npy,B1-0-0
v=VHMi-j7W2gM__#1_label_B1-0-0__6.npy,B1-0-0
v=VHMi-j7W2gM__#1_label_B1-0-0__7.npy,B1-0-0
v=VHMi-j7W2gM__#1_label_B1-0-0__8.npy,B1-0-0
v=VHMi-j7W2gM__#1_label_B1-0-0__9.npy,B1-0-0
v=VaQpmWUfmn0__#1_label_B1-0-0__0.npy,B1-0-0
v=VaQpmWUfmn0__#1_label_B1-0-0__1.npy,B1-0-0
v=VaQpmWUfmn0__#1_label_B1-0-0__2.npy,B1-0-0
v=VaQpmWUfmn0__#1_label_B1-0-0__3.npy,B1-0-0
v=VaQpmWUfmn0__#1_label_B1-0-0__4.npy,B1-0-0
v=VaQpmWUfmn0__#1_label_B1-0-0__5.npy,B1-0-0
v=VaQpmWUfmn0__#1_label_B1-0-0__6.npy,B1-0-0
v=VaQpmWUfmn0__#1_label_B1-0-0__7.npy,B1-0-0
v=VaQpmWUfmn0__#1_label_B1-0-0__8.npy,B1-0-0
v=VaQpmWUfmn0__#1_label_B1-0-0__9.npy,B1-0-0
v=Vcy4u8pfvAI__#1_label_B1-0-0__0.npy,B1-0-0
v=Vcy4u8pfvAI__#1_label_B1-0-0__1.npy,B1-0-0
v=Vcy4u8pfvAI__#1_label_B1-0-0__2.npy,B1-0-0
v=Vcy4u8pfvAI__#1_label_B1-0-0__3.npy,B1-0-0
v=Vcy4u8pfvAI__#1_label_B1-0-0__4.npy,B1-0-0
v=Vcy4u8pfvAI__#1_label_B1-0-0__5.npy,B1-0-0
v=Vcy4u8pfvAI__#1_label_B1-0-0__6.npy,B1-0-0
v=Vcy4u8pfvAI__#1_label_B1-0-0__7.npy,B1-0-0
v=Vcy4u8pfvAI__#1_label_B1-0-0__8.npy,B1-0-0
v=Vcy4u8pfvAI__#1_label_B1-0-0__9.npy,B1-0-0
v=Ve1hzl3Ikj4__#1_label_B1-0-0__0.npy,B1-0-0
v=Ve1hzl3Ikj4__#1_label_B1-0-0__1.npy,B1-0-0
v=Ve1hzl3Ikj4__#1_label_B1-0-0__2.npy,B1-0-0
v=Ve1hzl3Ikj4__#1_label_B1-0-0__3.npy,B1-0-0
v=Ve1hzl3Ikj4__#1_label_B1-0-0__4.npy,B1-0-0
v=Ve1hzl3Ikj4__#1_label_B1-0-0__5.npy,B1-0-0
v=Ve1hzl3Ikj4__#1_label_B1-0-0__6.npy,B1-0-0
v=Ve1hzl3Ikj4__#1_label_B1-0-0__7.npy,B1-0-0
v=Ve1hzl3Ikj4__#1_label_B1-0-0__8.npy,B1-0-0
v=Ve1hzl3Ikj4__#1_label_B1-0-0__9.npy,B1-0-0
v=WB6xnSfUidw__#1_label_B1-0-0__0.npy,B1-0-0
v=WB6xnSfUidw__#1_label_B1-0-0__1.npy,B1-0-0
v=WB6xnSfUidw__#1_label_B1-0-0__2.npy,B1-0-0
v=WB6xnSfUidw__#1_label_B1-0-0__3.npy,B1-0-0
v=WB6xnSfUidw__#1_label_B1-0-0__4.npy,B1-0-0
v=WB6xnSfUidw__#1_label_B1-0-0__5.npy,B1-0-0
v=WB6xnSfUidw__#1_label_B1-0-0__6.npy,B1-0-0
v=WB6xnSfUidw__#1_label_B1-0-0__7.npy,B1-0-0
v=WB6xnSfUidw__#1_label_B1-0-0__8.npy,B1-0-0
v=WB6xnSfUidw__#1_label_B1-0-0__9.npy,B1-0-0
v=WLwkmKBSMnA__#1_label_B1-0-0__0.npy,B1-0-0
v=WLwkmKBSMnA__#1_label_B1-0-0__1.npy,B1-0-0
v=WLwkmKBSMnA__#1_label_B1-0-0__2.npy,B1-0-0
v=WLwkmKBSMnA__#1_label_B1-0-0__3.npy,B1-0-0
v=WLwkmKBSMnA__#1_label_B1-0-0__4.npy,B1-0-0
v=WLwkmKBSMnA__#1_label_B1-0-0__5.npy,B1-0-0
v=WLwkmKBSMnA__#1_label_B1-0-0__6.npy,B1-0-0
v=WLwkmKBSMnA__#1_label_B1-0-0__7.npy,B1-0-0
v=WLwkmKBSMnA__#1_label_B1-0-0__8.npy,B1-0-0
v=WLwkmKBSMnA__#1_label_B1-0-0__9.npy,B1-0-0
v=WO7xbZEsKvc__#1_label_B1-0-0__0.npy,B1-0-0
v=WO7xbZEsKvc__#1_label_B1-0-0__1.npy,B1-0-0
v=WO7xbZEsKvc__#1_label_B1-0-0__2.npy,B1-0-0
v=WO7xbZEsKvc__#1_label_B1-0-0__3.npy,B1-0-0
v=WO7xbZEsKvc__#1_label_B1-0-0__4.npy,B1-0-0
v=WO7xbZEsKvc__#1_label_B1-0-0__5.npy,B1-0-0
v=WO7xbZEsKvc__#1_label_B1-0-0__6.npy,B1-0-0
v=WO7xbZEsKvc__#1_label_B1-0-0__7.npy,B1-0-0
v=WO7xbZEsKvc__#1_label_B1-0-0__8.npy,B1-0-0
v=WO7xbZEsKvc__#1_label_B1-0-0__9.npy,B1-0-0
v=WQjp06C3-y4__#1_label_B1-0-0__0.npy,B1-0-0
v=WQjp06C3-y4__#1_label_B1-0-0__1.npy,B1-0-0
v=WQjp06C3-y4__#1_label_B1-0-0__2.npy,B1-0-0
v=WQjp06C3-y4__#1_label_B1-0-0__3.npy,B1-0-0
v=WQjp06C3-y4__#1_label_B1-0-0__4.npy,B1-0-0
v=WQjp06C3-y4__#1_label_B1-0-0__5.npy,B1-0-0
v=WQjp06C3-y4__#1_label_B1-0-0__6.npy,B1-0-0
v=WQjp06C3-y4__#1_label_B1-0-0__7.npy,B1-0-0
v=WQjp06C3-y4__#1_label_B1-0-0__8.npy,B1-0-0
v=WQjp06C3-y4__#1_label_B1-0-0__9.npy,B1-0-0
v=Wc8bKxwh-sA__#1_label_B1-0-0__0.npy,B1-0-0
v=Wc8bKxwh-sA__#1_label_B1-0-0__1.npy,B1-0-0
v=Wc8bKxwh-sA__#1_label_B1-0-0__2.npy,B1-0-0
v=Wc8bKxwh-sA__#1_label_B1-0-0__3.npy,B1-0-0
v=Wc8bKxwh-sA__#1_label_B1-0-0__4.npy,B1-0-0
v=Wc8bKxwh-sA__#1_label_B1-0-0__5.npy,B1-0-0
v=Wc8bKxwh-sA__#1_label_B1-0-0__6.npy,B1-0-0
v=Wc8bKxwh-sA__#1_label_B1-0-0__7.npy,B1-0-0
v=Wc8bKxwh-sA__#1_label_B1-0-0__8.npy,B1-0-0
v=Wc8bKxwh-sA__#1_label_B1-0-0__9.npy,B1-0-0
v=WsBCj67DP54__#1_label_B1-0-0__0.npy,B1-0-0
v=WsBCj67DP54__#1_label_B1-0-0__1.npy,B1-0-0
v=WsBCj67DP54__#1_label_B1-0-0__2.npy,B1-0-0
v=WsBCj67DP54__#1_label_B1-0-0__3.npy,B1-0-0
v=WsBCj67DP54__#1_label_B1-0-0__4.npy,B1-0-0
v=WsBCj67DP54__#1_label_B1-0-0__5.npy,B1-0-0
v=WsBCj67DP54__#1_label_B1-0-0__6.npy,B1-0-0
v=WsBCj67DP54__#1_label_B1-0-0__7.npy,B1-0-0
v=WsBCj67DP54__#1_label_B1-0-0__8.npy,B1-0-0
v=WsBCj67DP54__#1_label_B1-0-0__9.npy,B1-0-0
v=Wwu20e9pfxg__#1_label_B1-0-0__0.npy,B1-0-0
v=Wwu20e9pfxg__#1_label_B1-0-0__1.npy,B1-0-0
v=Wwu20e9pfxg__#1_label_B1-0-0__2.npy,B1-0-0
v=Wwu20e9pfxg__#1_label_B1-0-0__3.npy,B1-0-0
v=Wwu20e9pfxg__#1_label_B1-0-0__4.npy,B1-0-0
v=Wwu20e9pfxg__#1_label_B1-0-0__5.npy,B1-0-0
v=Wwu20e9pfxg__#1_label_B1-0-0__6.npy,B1-0-0
v=Wwu20e9pfxg__#1_label_B1-0-0__7.npy,B1-0-0
v=Wwu20e9pfxg__#1_label_B1-0-0__8.npy,B1-0-0
v=Wwu20e9pfxg__#1_label_B1-0-0__9.npy,B1-0-0
v=X6j-llEOC3c__#1_label_B1-0-0__0.npy,B1-0-0
v=X6j-llEOC3c__#1_label_B1-0-0__1.npy,B1-0-0
v=X6j-llEOC3c__#1_label_B1-0-0__2.npy,B1-0-0
v=X6j-llEOC3c__#1_label_B1-0-0__3.npy,B1-0-0
v=X6j-llEOC3c__#1_label_B1-0-0__4.npy,B1-0-0
v=X6j-llEOC3c__#1_label_B1-0-0__5.npy,B1-0-0
v=X6j-llEOC3c__#1_label_B1-0-0__6.npy,B1-0-0
v=X6j-llEOC3c__#1_label_B1-0-0__7.npy,B1-0-0
v=X6j-llEOC3c__#1_label_B1-0-0__8.npy,B1-0-0
v=X6j-llEOC3c__#1_label_B1-0-0__9.npy,B1-0-0
v=XB4wO2YEEK8__#1_label_B1-0-0__0.npy,B1-0-0
v=XB4wO2YEEK8__#1_label_B1-0-0__1.npy,B1-0-0
v=XB4wO2YEEK8__#1_label_B1-0-0__2.npy,B1-0-0
v=XB4wO2YEEK8__#1_label_B1-0-0__3.npy,B1-0-0
v=XB4wO2YEEK8__#1_label_B1-0-0__4.npy,B1-0-0
v=XB4wO2YEEK8__#1_label_B1-0-0__5.npy,B1-0-0
v=XB4wO2YEEK8__#1_label_B1-0-0__6.npy,B1-0-0
v=XB4wO2YEEK8__#1_label_B1-0-0__7.npy,B1-0-0
v=XB4wO2YEEK8__#1_label_B1-0-0__8.npy,B1-0-0
v=XB4wO2YEEK8__#1_label_B1-0-0__9.npy,B1-0-0
v=XXRkHOAQP8M__#1_label_B1-0-0__0.npy,B1-0-0
v=XXRkHOAQP8M__#1_label_B1-0-0__1.npy,B1-0-0
v=XXRkHOAQP8M__#1_label_B1-0-0__2.npy,B1-0-0
v=XXRkHOAQP8M__#1_label_B1-0-0__3.npy,B1-0-0
v=XXRkHOAQP8M__#1_label_B1-0-0__4.npy,B1-0-0
v=XXRkHOAQP8M__#1_label_B1-0-0__5.npy,B1-0-0
v=XXRkHOAQP8M__#1_label_B1-0-0__6.npy,B1-0-0
v=XXRkHOAQP8M__#1_label_B1-0-0__7.npy,B1-0-0
v=XXRkHOAQP8M__#1_label_B1-0-0__8.npy,B1-0-0
v=XXRkHOAQP8M__#1_label_B1-0-0__9.npy,B1-0-0
v=Y5v7A4hUM-E__#1_label_B1-0-0__0.npy,B1-0-0
v=Y5v7A4hUM-E__#1_label_B1-0-0__1.npy,B1-0-0
v=Y5v7A4hUM-E__#1_label_B1-0-0__2.npy,B1-0-0
v=Y5v7A4hUM-E__#1_label_B1-0-0__3.npy,B1-0-0
v=Y5v7A4hUM-E__#1_label_B1-0-0__4.npy,B1-0-0
v=Y5v7A4hUM-E__#1_label_B1-0-0__5.npy,B1-0-0
v=Y5v7A4hUM-E__#1_label_B1-0-0__6.npy,B1-0-0
v=Y5v7A4hUM-E__#1_label_B1-0-0__7.npy,B1-0-0
v=Y5v7A4hUM-E__#1_label_B1-0-0__8.npy,B1-0-0
v=Y5v7A4hUM-E__#1_label_B1-0-0__9.npy,B1-0-0
v=YIIhaaPXpVI__#1_label_B1-0-0__0.npy,B1-0-0
v=YIIhaaPXpVI__#1_label_B1-0-0__1.npy,B1-0-0
v=YIIhaaPXpVI__#1_label_B1-0-0__2.npy,B1-0-0
v=YIIhaaPXpVI__#1_label_B1-0-0__3.npy,B1-0-0
v=YIIhaaPXpVI__#1_label_B1-0-0__4.npy,B1-0-0
v=YIIhaaPXpVI__#1_label_B1-0-0__5.npy,B1-0-0
v=YIIhaaPXpVI__#1_label_B1-0-0__6.npy,B1-0-0
v=YIIhaaPXpVI__#1_label_B1-0-0__7.npy,B1-0-0
v=YIIhaaPXpVI__#1_label_B1-0-0__8.npy,B1-0-0
v=YIIhaaPXpVI__#1_label_B1-0-0__9.npy,B1-0-0
v=ZbqjM3Y7XyU__#1_label_B1-0-0__0.npy,B1-0-0
v=ZbqjM3Y7XyU__#1_label_B1-0-0__1.npy,B1-0-0
v=ZbqjM3Y7XyU__#1_label_B1-0-0__2.npy,B1-0-0
v=ZbqjM3Y7XyU__#1_label_B1-0-0__3.npy,B1-0-0
v=ZbqjM3Y7XyU__#1_label_B1-0-0__4.npy,B1-0-0
v=ZbqjM3Y7XyU__#1_label_B1-0-0__5.npy,B1-0-0
v=ZbqjM3Y7XyU__#1_label_B1-0-0__6.npy,B1-0-0
v=ZbqjM3Y7XyU__#1_label_B1-0-0__7.npy,B1-0-0
v=ZbqjM3Y7XyU__#1_label_B1-0-0__8.npy,B1-0-0
v=ZbqjM3Y7XyU__#1_label_B1-0-0__9.npy,B1-0-0
v=_1AW8Nfe9gw__#1_label_B1-0-0__0.npy,B1-0-0
v=_1AW8Nfe9gw__#1_label_B1-0-0__1.npy,B1-0-0
v=_1AW8Nfe9gw__#1_label_B1-0-0__2.npy,B1-0-0
v=_1AW8Nfe9gw__#1_label_B1-0-0__3.npy,B1-0-0
v=_1AW8Nfe9gw__#1_label_B1-0-0__4.npy,B1-0-0
v=_1AW8Nfe9gw__#1_label_B1-0-0__5.npy,B1-0-0
v=_1AW8Nfe9gw__#1_label_B1-0-0__6.npy,B1-0-0
v=_1AW8Nfe9gw__#1_label_B1-0-0__7.npy,B1-0-0
v=_1AW8Nfe9gw__#1_label_B1-0-0__8.npy,B1-0-0
v=_1AW8Nfe9gw__#1_label_B1-0-0__9.npy,B1-0-0
v=_BvlwaTU16c__#1_label_B1-0-0__0.npy,B1-0-0
v=_BvlwaTU16c__#1_label_B1-0-0__1.npy,B1-0-0
v=_BvlwaTU16c__#1_label_B1-0-0__2.npy,B1-0-0
v=_BvlwaTU16c__#1_label_B1-0-0__3.npy,B1-0-0
v=_BvlwaTU16c__#1_label_B1-0-0__4.npy,B1-0-0
v=_BvlwaTU16c__#1_label_B1-0-0__5.npy,B1-0-0
v=_BvlwaTU16c__#1_label_B1-0-0__6.npy,B1-0-0
v=_BvlwaTU16c__#1_label_B1-0-0__7.npy,B1-0-0
v=_BvlwaTU16c__#1_label_B1-0-0__8.npy,B1-0-0
v=_BvlwaTU16c__#1_label_B1-0-0__9.npy,B1-0-0
v=_Z_ijjCZnBg__#1_label_B1-0-0__0.npy,B1-0-0
v=_Z_ijjCZnBg__#1_label_B1-0-0__1.npy,B1-0-0
v=_Z_ijjCZnBg__#1_label_B1-0-0__2.npy,B1-0-0
v=_Z_ijjCZnBg__#1_label_B1-0-0__3.npy,B1-0-0
v=_Z_ijjCZnBg__#1_label_B1-0-0__4.npy,B1-0-0
v=_Z_ijjCZnBg__#1_label_B1-0-0__5.npy,B1-0-0
v=_Z_ijjCZnBg__#1_label_B1-0-0__6.npy,B1-0-0
v=_Z_ijjCZnBg__#1_label_B1-0-0__7.npy,B1-0-0
v=_Z_ijjCZnBg__#1_label_B1-0-0__8.npy,B1-0-0
v=_Z_ijjCZnBg__#1_label_B1-0-0__9.npy,B1-0-0
v=aD0ipmvg8qU__#1_label_B1-0-0__0.npy,B1-0-0
v=aD0ipmvg8qU__#1_label_B1-0-0__1.npy,B1-0-0
v=aD0ipmvg8qU__#1_label_B1-0-0__2.npy,B1-0-0
v=aD0ipmvg8qU__#1_label_B1-0-0__3.npy,B1-0-0
v=aD0ipmvg8qU__#1_label_B1-0-0__4.npy,B1-0-0
v=aD0ipmvg8qU__#1_label_B1-0-0__5.npy,B1-0-0
v=aD0ipmvg8qU__#1_label_B1-0-0__6.npy,B1-0-0
v=aD0ipmvg8qU__#1_label_B1-0-0__7.npy,B1-0-0
v=aD0ipmvg8qU__#1_label_B1-0-0__8.npy,B1-0-0
v=aD0ipmvg8qU__#1_label_B1-0-0__9.npy,B1-0-0
v=ad1blksyhyM__#1_label_B1-0-0__0.npy,B1-0-0
v=ad1blksyhyM__#1_label_B1-0-0__1.npy,B1-0-0
v=ad1blksyhyM__#1_label_B1-0-0__2.npy,B1-0-0
v=ad1blksyhyM__#1_label_B1-0-0__3.npy,B1-0-0
v=ad1blksyhyM__#1_label_B1-0-0__4.npy,B1-0-0
v=ad1blksyhyM__#1_label_B1-0-0__5.npy,B1-0-0
v=ad1blksyhyM__#1_label_B1-0-0__6.npy,B1-0-0
v=ad1blksyhyM__#1_label_B1-0-0__7.npy,B1-0-0
v=ad1blksyhyM__#1_label_B1-0-0__8.npy,B1-0-0
v=ad1blksyhyM__#1_label_B1-0-0__9.npy,B1-0-0
v=ak5xaWbCQAE__#1_label_B1-0-0__0.npy,B1-0-0
v=ak5xaWbCQAE__#1_label_B1-0-0__1.npy,B1-0-0
v=ak5xaWbCQAE__#1_label_B1-0-0__2.npy,B1-0-0
v=ak5xaWbCQAE__#1_label_B1-0-0__3.npy,B1-0-0
v=ak5xaWbCQAE__#1_label_B1-0-0__4.npy,B1-0-0
v=ak5xaWbCQAE__#1_label_B1-0-0__5.npy,B1-0-0
v=ak5xaWbCQAE__#1_label_B1-0-0__6.npy,B1-0-0
v=ak5xaWbCQAE__#1_label_B1-0-0__7.npy,B1-0-0
v=ak5xaWbCQAE__#1_label_B1-0-0__8.npy,B1-0-0
v=ak5xaWbCQAE__#1_label_B1-0-0__9.npy,B1-0-0
v=akwfA0V0jG8__#1_label_B1-0-0__0.npy,B1-0-0
v=akwfA0V0jG8__#1_label_B1-0-0__1.npy,B1-0-0
v=akwfA0V0jG8__#1_label_B1-0-0__2.npy,B1-0-0
v=akwfA0V0jG8__#1_label_B1-0-0__3.npy,B1-0-0
v=akwfA0V0jG8__#1_label_B1-0-0__4.npy,B1-0-0
v=akwfA0V0jG8__#1_label_B1-0-0__5.npy,B1-0-0
v=akwfA0V0jG8__#1_label_B1-0-0__6.npy,B1-0-0
v=akwfA0V0jG8__#1_label_B1-0-0__7.npy,B1-0-0
v=akwfA0V0jG8__#1_label_B1-0-0__8.npy,B1-0-0
v=akwfA0V0jG8__#1_label_B1-0-0__9.npy,B1-0-0
v=bKQYK7PYQpQ__#1_label_B1-0-0__0.npy,B1-0-0
v=bKQYK7PYQpQ__#1_label_B1-0-0__1.npy,B1-0-0
v=bKQYK7PYQpQ__#1_label_B1-0-0__2.npy,B1-0-0
v=bKQYK7PYQpQ__#1_label_B1-0-0__3.npy,B1-0-0
v=bKQYK7PYQpQ__#1_label_B1-0-0__4.npy,B1-0-0
v=bKQYK7PYQpQ__#1_label_B1-0-0__5.npy,B1-0-0
v=bKQYK7PYQpQ__#1_label_B1-0-0__6.npy,B1-0-0
v=bKQYK7PYQpQ__#1_label_B1-0-0__7.npy,B1-0-0
v=bKQYK7PYQpQ__#1_label_B1-0-0__8.npy,B1-0-0
v=bKQYK7PYQpQ__#1_label_B1-0-0__9.npy,B1-0-0
v=bhcHj8ZwQpw__#1_label_B1-0-0__0.npy,B1-0-0
v=bhcHj8ZwQpw__#1_label_B1-0-0__1.npy,B1-0-0
v=bhcHj8ZwQpw__#1_label_B1-0-0__2.npy,B1-0-0
v=bhcHj8ZwQpw__#1_label_B1-0-0__3.npy,B1-0-0
v=bhcHj8ZwQpw__#1_label_B1-0-0__4.npy,B1-0-0
v=bhcHj8ZwQpw__#1_label_B1-0-0__5.npy,B1-0-0
v=bhcHj8ZwQpw__#1_label_B1-0-0__6.npy,B1-0-0
v=bhcHj8ZwQpw__#1_label_B1-0-0__7.npy,B1-0-0
v=bhcHj8ZwQpw__#1_label_B1-0-0__8.npy,B1-0-0
v=bhcHj8ZwQpw__#1_label_B1-0-0__9.npy,B1-0-0
v=cK8jk8dMuJs__#1_label_B1-0-0__0.npy,B1-0-0
v=cK8jk8dMuJs__#1_label_B1-0-0__1.npy,B1-0-0
v=cK8jk8dMuJs__#1_label_B1-0-0__2.npy,B1-0-0
v=cK8jk8dMuJs__#1_label_B1-0-0__3.npy,B1-0-0
v=cK8jk8dMuJs__#1_label_B1-0-0__4.npy,B1-0-0
v=cK8jk8dMuJs__#1_label_B1-0-0__5.npy,B1-0-0
v=cK8jk8dMuJs__#1_label_B1-0-0__6.npy,B1-0-0
v=cK8jk8dMuJs__#1_label_B1-0-0__7.npy,B1-0-0
v=cK8jk8dMuJs__#1_label_B1-0-0__8.npy,B1-0-0
v=cK8jk8dMuJs__#1_label_B1-0-0__9.npy,B1-0-0
v=ekH2zovSEIE__#1_label_B1-0-0__0.npy,B1-0-0
v=ekH2zovSEIE__#1_label_B1-0-0__1.npy,B1-0-0
v=ekH2zovSEIE__#1_label_B1-0-0__2.npy,B1-0-0
v=ekH2zovSEIE__#1_label_B1-0-0__3.npy,B1-0-0
v=ekH2zovSEIE__#1_label_B1-0-0__4.npy,B1-0-0
v=ekH2zovSEIE__#1_label_B1-0-0__5.npy,B1-0-0
v=ekH2zovSEIE__#1_label_B1-0-0__6.npy,B1-0-0
v=ekH2zovSEIE__#1_label_B1-0-0__7.npy,B1-0-0
v=ekH2zovSEIE__#1_label_B1-0-0__8.npy,B1-0-0
v=ekH2zovSEIE__#1_label_B1-0-0__9.npy,B1-0-0
v=et5Hb3bBKck__#1_label_B1-0-0__0.npy,B1-0-0
v=et5Hb3bBKck__#1_label_B1-0-0__1.npy,B1-0-0
v=et5Hb3bBKck__#1_label_B1-0-0__2.npy,B1-0-0
v=et5Hb3bBKck__#1_label_B1-0-0__3.npy,B1-0-0
v=et5Hb3bBKck__#1_label_B1-0-0__4.npy,B1-0-0
v=et5Hb3bBKck__#1_label_B1-0-0__5.npy,B1-0-0
v=et5Hb3bBKck__#1_label_B1-0-0__6.npy,B1-0-0
v=et5Hb3bBKck__#1_label_B1-0-0__7.npy,B1-0-0
v=et5Hb3bBKck__#1_label_B1-0-0__8.npy,B1-0-0
v=et5Hb3bBKck__#1_label_B1-0-0__9.npy,B1-0-0
v=fnNHjFcCRDs__#1_label_B1-0-0__0.npy,B1-0-0
v=fnNHjFcCRDs__#1_label_B1-0-0__1.npy,B1-0-0
v=fnNHjFcCRDs__#1_label_B1-0-0__2.npy,B1-0-0
v=fnNHjFcCRDs__#1_label_B1-0-0__3.npy,B1-0-0
v=fnNHjFcCRDs__#1_label_B1-0-0__4.npy,B1-0-0
v=fnNHjFcCRDs__#1_label_B1-0-0__5.npy,B1-0-0
v=fnNHjFcCRDs__#1_label_B1-0-0__6.npy,B1-0-0
v=fnNHjFcCRDs__#1_label_B1-0-0__7.npy,B1-0-0
v=fnNHjFcCRDs__#1_label_B1-0-0__8.npy,B1-0-0
v=fnNHjFcCRDs__#1_label_B1-0-0__9.npy,B1-0-0
v=gQf40mPOzVE__#1_label_B1-0-0__0.npy,B1-0-0
v=gQf40mPOzVE__#1_label_B1-0-0__1.npy,B1-0-0
v=gQf40mPOzVE__#1_label_B1-0-0__2.npy,B1-0-0
v=gQf40mPOzVE__#1_label_B1-0-0__3.npy,B1-0-0
v=gQf40mPOzVE__#1_label_B1-0-0__4.npy,B1-0-0
v=gQf40mPOzVE__#1_label_B1-0-0__5.npy,B1-0-0
v=gQf40mPOzVE__#1_label_B1-0-0__6.npy,B1-0-0
v=gQf40mPOzVE__#1_label_B1-0-0__7.npy,B1-0-0
v=gQf40mPOzVE__#1_label_B1-0-0__8.npy,B1-0-0
v=gQf40mPOzVE__#1_label_B1-0-0__9.npy,B1-0-0
v=gqtNT_zEINU__#1_label_B1-0-0__0.npy,B1-0-0
v=gqtNT_zEINU__#1_label_B1-0-0__1.npy,B1-0-0
v=gqtNT_zEINU__#1_label_B1-0-0__2.npy,B1-0-0
v=gqtNT_zEINU__#1_label_B1-0-0__3.npy,B1-0-0
v=gqtNT_zEINU__#1_label_B1-0-0__4.npy,B1-0-0
v=gqtNT_zEINU__#1_label_B1-0-0__5.npy,B1-0-0
v=gqtNT_zEINU__#1_label_B1-0-0__6.npy,B1-0-0
v=gqtNT_zEINU__#1_label_B1-0-0__7.npy,B1-0-0
v=gqtNT_zEINU__#1_label_B1-0-0__8.npy,B1-0-0
v=gqtNT_zEINU__#1_label_B1-0-0__9.npy,B1-0-0
v=h4DJWJs4mDw__#1_label_B1-0-0__0.npy,B1-0-0
v=h4DJWJs4mDw__#1_label_B1-0-0__1.npy,B1-0-0
v=h4DJWJs4mDw__#1_label_B1-0-0__2.npy,B1-0-0
v=h4DJWJs4mDw__#1_label_B1-0-0__3.npy,B1-0-0
v=h4DJWJs4mDw__#1_label_B1-0-0__4.npy,B1-0-0
v=h4DJWJs4mDw__#1_label_B1-0-0__5.npy,B1-0-0
v=h4DJWJs4mDw__#1_label_B1-0-0__6.npy,B1-0-0
v=h4DJWJs4mDw__#1_label_B1-0-0__7.npy,B1-0-0
v=h4DJWJs4mDw__#1_label_B1-0-0__8.npy,B1-0-0
v=h4DJWJs4mDw__#1_label_B1-0-0__9.npy,B1-0-0
v=hNVz9YbUeLA__#00-00-50_00-03-30_label_B1-0-0__0.npy,B1-0-0
v=hNVz9YbUeLA__#00-00-50_00-03-30_label_B1-0-0__1.npy,B1-0-0
v=hNVz9YbUeLA__#00-00-50_00-03-30_label_B1-0-0__2.npy,B1-0-0
v=hNVz9YbUeLA__#00-00-50_00-03-30_label_B1-0-0__3.npy,B1-0-0
v=hNVz9YbUeLA__#00-00-50_00-03-30_label_B1-0-0__4.npy,B1-0-0
v=hNVz9YbUeLA__#00-00-50_00-03-30_label_B1-0-0__5.npy,B1-0-0
v=hNVz9YbUeLA__#00-00-50_00-03-30_label_B1-0-0__6.npy,B1-0-0
v=hNVz9YbUeLA__#00-00-50_00-03-30_label_B1-0-0__7.npy,B1-0-0
v=hNVz9YbUeLA__#00-00-50_00-03-30_label_B1-0-0__8.npy,B1-0-0
v=hNVz9YbUeLA__#00-00-50_00-03-30_label_B1-0-0__9.npy,B1-0-0
v=hNVz9YbUeLA__#00-05-10_00-07-20_label_B1-0-0__0.npy,B1-0-0
v=hNVz9YbUeLA__#00-05-10_00-07-20_label_B1-0-0__1.npy,B1-0-0
v=hNVz9YbUeLA__#00-05-10_00-07-20_label_B1-0-0__2.npy,B1-0-0
v=hNVz9YbUeLA__#00-05-10_00-07-20_label_B1-0-0__3.npy,B1-0-0
v=hNVz9YbUeLA__#00-05-10_00-07-20_label_B1-0-0__4.npy,B1-0-0
v=hNVz9YbUeLA__#00-05-10_00-07-20_label_B1-0-0__5.npy,B1-0-0
v=hNVz9YbUeLA__#00-05-10_00-07-20_label_B1-0-0__6.npy,B1-0-0
v=hNVz9YbUeLA__#00-05-10_00-07-20_label_B1-0-0__7.npy,B1-0-0
v=hNVz9YbUeLA__#00-05-10_00-07-20_label_B1-0-0__8.npy,B1-0-0
v=hNVz9YbUeLA__#00-05-10_00-07-20_label_B1-0-0__9.npy,B1-0-0
v=hNVz9YbUeLA__#00-08-46_00-10-22_label_B1-0-0__0.npy,B1-0-0
v=hNVz9YbUeLA__#00-08-46_00-10-22_label_B1-0-0__1.npy,B1-0-0
v=hNVz9YbUeLA__#00-08-46_00-10-22_label_B1-0-0__2.npy,B1-0-0
v=hNVz9YbUeLA__#00-08-46_00-10-22_label_B1-0-0__3.npy,B1-0-0
v=hNVz9YbUeLA__#00-08-46_00-10-22_label_B1-0-0__4.npy,B1-0-0
v=hNVz9YbUeLA__#00-08-46_00-10-22_label_B1-0-0__5.npy,B1-0-0
v=hNVz9YbUeLA__#00-08-46_00-10-22_label_B1-0-0__6.npy,B1-0-0
v=hNVz9YbUeLA__#00-08-46_00-10-22_label_B1-0-0__7.npy,B1-0-0
v=hNVz9YbUeLA__#00-08-46_00-10-22_label_B1-0-0__8.npy,B1-0-0
v=hNVz9YbUeLA__#00-08-46_00-10-22_label_B1-0-0__9.npy,B1-0-0
v=hevU2f-J74g__#1_label_B1-0-0__0.npy,B1-0-0
v=hevU2f-J74g__#1_label_B1-0-0__1.npy,B1-0-0
v=hevU2f-J74g__#1_label_B1-0-0__2.npy,B1-0-0
v=hevU2f-J74g__#1_label_B1-0-0__3.npy,B1-0-0
v=hevU2f-J74g__#1_label_B1-0-0__4.npy,B1-0-0
v=hevU2f-J74g__#1_label_B1-0-0__5.npy,B1-0-0
v=hevU2f-J74g__#1_label_B1-0-0__6.npy,B1-0-0
v=hevU2f-J74g__#1_label_B1-0-0__7.npy,B1-0-0
v=hevU2f-J74g__#1_label_B1-0-0__8.npy,B1-0-0
v=hevU2f-J74g__#1_label_B1-0-0__9.npy,B1-0-0
v=i60ykiNmJiI__#1_label_B1-0-0__0.npy,B1-0-0
v=i60ykiNmJiI__#1_label_B1-0-0__1.npy,B1-0-0
v=i60ykiNmJiI__#1_label_B1-0-0__2.npy,B1-0-0
v=i60ykiNmJiI__#1_label_B1-0-0__3.npy,B1-0-0
v=i60ykiNmJiI__#1_label_B1-0-0__4.npy,B1-0-0
v=i60ykiNmJiI__#1_label_B1-0-0__5.npy,B1-0-0
v=i60ykiNmJiI__#1_label_B1-0-0__6.npy,B1-0-0
v=i60ykiNmJiI__#1_label_B1-0-0__7.npy,B1-0-0
v=i60ykiNmJiI__#1_label_B1-0-0__8.npy,B1-0-0
v=i60ykiNmJiI__#1_label_B1-0-0__9.npy,B1-0-0
v=iTvBb-HRbKs__#1_label_B1-0-0__0.npy,B1-0-0
v=iTvBb-HRbKs__#1_label_B1-0-0__1.npy,B1-0-0
v=iTvBb-HRbKs__#1_label_B1-0-0__2.npy,B1-0-0
v=iTvBb-HRbKs__#1_label_B1-0-0__3.npy,B1-0-0
v=iTvBb-HRbKs__#1_label_B1-0-0__4.npy,B1-0-0
v=iTvBb-HRbKs__#1_label_B1-0-0__5.npy,B1-0-0
v=iTvBb-HRbKs__#1_label_B1-0-0__6.npy,B1-0-0
v=iTvBb-HRbKs__#1_label_B1-0-0__7.npy,B1-0-0
v=iTvBb-HRbKs__#1_label_B1-0-0__8.npy,B1-0-0
v=iTvBb-HRbKs__#1_label_B1-0-0__9.npy,B1-0-0
v=jD45WBoP1hM__#1_label_B1-0-0__0.npy,B1-0-0
v=jD45WBoP1hM__#1_label_B1-0-0__1.npy,B1-0-0
v=jD45WBoP1hM__#1_label_B1-0-0__2.npy,B1-0-0
v=jD45WBoP1hM__#1_label_B1-0-0__3.npy,B1-0-0
v=jD45WBoP1hM__#1_label_B1-0-0__4.npy,B1-0-0
v=jD45WBoP1hM__#1_label_B1-0-0__5.npy,B1-0-0
v=jD45WBoP1hM__#1_label_B1-0-0__6.npy,B1-0-0
v=jD45WBoP1hM__#1_label_B1-0-0__7.npy,B1-0-0
v=jD45WBoP1hM__#1_label_B1-0-0__8.npy,B1-0-0
v=jD45WBoP1hM__#1_label_B1-0-0__9.npy,B1-0-0
v=jW8kD79pqOY__#1_label_B1-0-0__0.npy,B1-0-0
v=jW8kD79pqOY__#1_label_B1-0-0__1.npy,B1-0-0
v=jW8kD79pqOY__#1_label_B1-0-0__2.npy,B1-0-0
v=jW8kD79pqOY__#1_label_B1-0-0__3.npy,B1-0-0
v=jW8kD79pqOY__#1_label_B1-0-0__4.npy,B1-0-0
v=jW8kD79pqOY__#1_label_B1-0-0__5.npy,B1-0-0
v=jW8kD79pqOY__#1_label_B1-0-0__6.npy,B1-0-0
v=jW8kD79pqOY__#1_label_B1-0-0__7.npy,B1-0-0
v=jW8kD79pqOY__#1_label_B1-0-0__8.npy,B1-0-0
v=jW8kD79pqOY__#1_label_B1-0-0__9.npy,B1-0-0
v=jhOfHkp0B_I__#1_label_B1-0-0__0.npy,B1-0-0
v=jhOfHkp0B_I__#1_label_B1-0-0__1.npy,B1-0-0
v=jhOfHkp0B_I__#1_label_B1-0-0__2.npy,B1-0-0
v=jhOfHkp0B_I__#1_label_B1-0-0__3.npy,B1-0-0
v=jhOfHkp0B_I__#1_label_B1-0-0__4.npy,B1-0-0
v=jhOfHkp0B_I__#1_label_B1-0-0__5.npy,B1-0-0
v=jhOfHkp0B_I__#1_label_B1-0-0__6.npy,B1-0-0
v=jhOfHkp0B_I__#1_label_B1-0-0__7.npy,B1-0-0
v=jhOfHkp0B_I__#1_label_B1-0-0__8.npy,B1-0-0
v=jhOfHkp0B_I__#1_label_B1-0-0__9.npy,B1-0-0
v=kE5tx1U_4as__#00-00-25_00-07-28_label_B1-0-0__0.npy,B1-0-0
v=kE5tx1U_4as__#00-00-25_00-07-28_label_B1-0-0__1.npy,B1-0-0
v=kE5tx1U_4as__#00-00-25_00-07-28_label_B1-0-0__2.npy,B1-0-0
v=kE5tx1U_4as__#00-00-25_00-07-28_label_B1-0-0__3.npy,B1-0-0
v=kE5tx1U_4as__#00-00-25_00-07-28_label_B1-0-0__4.npy,B1-0-0
v=kE5tx1U_4as__#00-00-25_00-07-28_label_B1-0-0__5.npy,B1-0-0
v=kE5tx1U_4as__#00-00-25_00-07-28_label_B1-0-0__6.npy,B1-0-0
v=kE5tx1U_4as__#00-00-25_00-07-28_label_B1-0-0__7.npy,B1-0-0
v=kE5tx1U_4as__#00-00-25_00-07-28_label_B1-0-0__8.npy,B1-0-0
v=kE5tx1U_4as__#00-00-25_00-07-28_label_B1-0-0__9.npy,B1-0-0
v=kdub1GS6CbI__#1_label_B1-0-0__0.npy,B1-0-0
v=kdub1GS6CbI__#1_label_B1-0-0__1.npy,B1-0-0
v=kdub1GS6CbI__#1_label_B1-0-0__2.npy,B1-0-0
v=kdub1GS6CbI__#1_label_B1-0-0__3.npy,B1-0-0
v=kdub1GS6CbI__#1_label_B1-0-0__4.npy,B1-0-0
v=kdub1GS6CbI__#1_label_B1-0-0__5.npy,B1-0-0
v=kdub1GS6CbI__#1_label_B1-0-0__6.npy,B1-0-0
v=kdub1GS6CbI__#1_label_B1-0-0__7.npy,B1-0-0
v=kdub1GS6CbI__#1_label_B1-0-0__8.npy,B1-0-0
v=kdub1GS6CbI__#1_label_B1-0-0__9.npy,B1-0-0
v=l_2Hzpaxf6I__#1_label_B1-0-0__0.npy,B1-0-0
v=l_2Hzpaxf6I__#1_label_B1-0-0__1.npy,B1-0-0
v=l_2Hzpaxf6I__#1_label_B1-0-0__2.npy,B1-0-0
v=l_2Hzpaxf6I__#1_label_B1-0-0__3.npy,B1-0-0
v=l_2Hzpaxf6I__#1_label_B1-0-0__4.npy,B1-0-0
v=l_2Hzpaxf6I__#1_label_B1-0-0__5.npy,B1-0-0
v=l_2Hzpaxf6I__#1_label_B1-0-0__6.npy,B1-0-0
v=l_2Hzpaxf6I__#1_label_B1-0-0__7.npy,B1-0-0
v=l_2Hzpaxf6I__#1_label_B1-0-0__8.npy,B1-0-0
v=l_2Hzpaxf6I__#1_label_B1-0-0__9.npy,B1-0-0
v=mLrACPnwNBc__#1_label_B1-0-0__0.npy,B1-0-0
v=mLrACPnwNBc__#1_label_B1-0-0__1.npy,B1-0-0
v=mLrACPnwNBc__#1_label_B1-0-0__2.npy,B1-0-0
v=mLrACPnwNBc__#1_label_B1-0-0__3.npy,B1-0-0
v=mLrACPnwNBc__#1_label_B1-0-0__4.npy,B1-0-0
v=mLrACPnwNBc__#1_label_B1-0-0__5.npy,B1-0-0
v=mLrACPnwNBc__#1_label_B1-0-0__6.npy,B1-0-0
v=mLrACPnwNBc__#1_label_B1-0-0__7.npy,B1-0-0
v=mLrACPnwNBc__#1_label_B1-0-0__8.npy,B1-0-0
v=mLrACPnwNBc__#1_label_B1-0-0__9.npy,B1-0-0
v=mhZ_PC0CLec__#1_label_B1-0-0__0.npy,B1-0-0
v=mhZ_PC0CLec__#1_label_B1-0-0__1.npy,B1-0-0
v=mhZ_PC0CLec__#1_label_B1-0-0__2.npy,B1-0-0
v=mhZ_PC0CLec__#1_label_B1-0-0__3.npy,B1-0-0
v=mhZ_PC0CLec__#1_label_B1-0-0__4.npy,B1-0-0
v=mhZ_PC0CLec__#1_label_B1-0-0__5.npy,B1-0-0
v=mhZ_PC0CLec__#1_label_B1-0-0__6.npy,B1-0-0
v=mhZ_PC0CLec__#1_label_B1-0-0__7.npy,B1-0-0
v=mhZ_PC0CLec__#1_label_B1-0-0__8.npy,B1-0-0
v=mhZ_PC0CLec__#1_label_B1-0-0__9.npy,B1-0-0
v=mr0LHzZz2m8__#1_label_B1-0-0__0.npy,B1-0-0
v=mr0LHzZz2m8__#1_label_B1-0-0__1.npy,B1-0-0
v=mr0LHzZz2m8__#1_label_B1-0-0__2.npy,B1-0-0
v=mr0LHzZz2m8__#1_label_B1-0-0__3.npy,B1-0-0
v=mr0LHzZz2m8__#1_label_B1-0-0__4.npy,B1-0-0
v=mr0LHzZz2m8__#1_label_B1-0-0__5.npy,B1-0-0
v=mr0LHzZz2m8__#1_label_B1-0-0__6.npy,B1-0-0
v=mr0LHzZz2m8__#1_label_B1-0-0__7.npy,B1-0-0
v=mr0LHzZz2m8__#1_label_B1-0-0__8.npy,B1-0-0
v=mr0LHzZz2m8__#1_label_B1-0-0__9.npy,B1-0-0
v=nBGaNwsjls0__#1_label_B1-0-0__0.npy,B1-0-0
v=nBGaNwsjls0__#1_label_B1-0-0__1.npy,B1-0-0
v=nBGaNwsjls0__#1_label_B1-0-0__2.npy,B1-0-0
v=nBGaNwsjls0__#1_label_B1-0-0__3.npy,B1-0-0
v=nBGaNwsjls0__#1_label_B1-0-0__4.npy,B1-0-0
v=nBGaNwsjls0__#1_label_B1-0-0__5.npy,B1-0-0
v=nBGaNwsjls0__#1_label_B1-0-0__6.npy,B1-0-0
v=nBGaNwsjls0__#1_label_B1-0-0__7.npy,B1-0-0
v=nBGaNwsjls0__#1_label_B1-0-0__8.npy,B1-0-0
v=nBGaNwsjls0__#1_label_B1-0-0__9.npy,B1-0-0
v=nyvvu_tH_wI__#1_label_B1-0-0__0.npy,B1-0-0
v=nyvvu_tH_wI__#1_label_B1-0-0__1.npy,B1-0-0
v=nyvvu_tH_wI__#1_label_B1-0-0__2.npy,B1-0-0
v=nyvvu_tH_wI__#1_label_B1-0-0__3.npy,B1-0-0
v=nyvvu_tH_wI__#1_label_B1-0-0__4.npy,B1-0-0
v=nyvvu_tH_wI__#1_label_B1-0-0__5.npy,B1-0-0
v=nyvvu_tH_wI__#1_label_B1-0-0__6.npy,B1-0-0
v=nyvvu_tH_wI__#1_label_B1-0-0__7.npy,B1-0-0
v=nyvvu_tH_wI__#1_label_B1-0-0__8.npy,B1-0-0
v=nyvvu_tH_wI__#1_label_B1-0-0__9.npy,B1-0-0
v=o4o7MHeiVv4__#1_label_B1-0-0__0.npy,B1-0-0
v=o4o7MHeiVv4__#1_label_B1-0-0__1.npy,B1-0-0
v=o4o7MHeiVv4__#1_label_B1-0-0__2.npy,B1-0-0
v=o4o7MHeiVv4__#1_label_B1-0-0__3.npy,B1-0-0
v=o4o7MHeiVv4__#1_label_B1-0-0__4.npy,B1-0-0
v=o4o7MHeiVv4__#1_label_B1-0-0__5.npy,B1-0-0
v=o4o7MHeiVv4__#1_label_B1-0-0__6.npy,B1-0-0
v=o4o7MHeiVv4__#1_label_B1-0-0__7.npy,B1-0-0
v=o4o7MHeiVv4__#1_label_B1-0-0__8.npy,B1-0-0
v=o4o7MHeiVv4__#1_label_B1-0-0__9.npy,B1-0-0
v=o52kCVZpH2E__#1_label_B1-0-0__0.npy,B1-0-0
v=o52kCVZpH2E__#1_label_B1-0-0__1.npy,B1-0-0
v=o52kCVZpH2E__#1_label_B1-0-0__2.npy,B1-0-0
v=o52kCVZpH2E__#1_label_B1-0-0__3.npy,B1-0-0
v=o52kCVZpH2E__#1_label_B1-0-0__4.npy,B1-0-0
v=o52kCVZpH2E__#1_label_B1-0-0__5.npy,B1-0-0
v=o52kCVZpH2E__#1_label_B1-0-0__6.npy,B1-0-0
v=o52kCVZpH2E__#1_label_B1-0-0__7.npy,B1-0-0
v=o52kCVZpH2E__#1_label_B1-0-0__8.npy,B1-0-0
v=o52kCVZpH2E__#1_label_B1-0-0__9.npy,B1-0-0
v=oAQtabmrV7Q__#1_label_B1-0-0__0.npy,B1-0-0
v=oAQtabmrV7Q__#1_label_B1-0-0__1.npy,B1-0-0
v=oAQtabmrV7Q__#1_label_B1-0-0__2.npy,B1-0-0
v=oAQtabmrV7Q__#1_label_B1-0-0__3.npy,B1-0-0
v=oAQtabmrV7Q__#1_label_B1-0-0__4.npy,B1-0-0
v=oAQtabmrV7Q__#1_label_B1-0-0__5.npy,B1-0-0
v=oAQtabmrV7Q__#1_label_B1-0-0__6.npy,B1-0-0
v=oAQtabmrV7Q__#1_label_B1-0-0__7.npy,B1-0-0
v=oAQtabmrV7Q__#1_label_B1-0-0__8.npy,B1-0-0
v=oAQtabmrV7Q__#1_label_B1-0-0__9.npy,B1-0-0
v=oqGqvg4zjrY__#1_label_B1-0-0__0.npy,B1-0-0
v=oqGqvg4zjrY__#1_label_B1-0-0__1.npy,B1-0-0
v=oqGqvg4zjrY__#1_label_B1-0-0__2.npy,B1-0-0
v=oqGqvg4zjrY__#1_label_B1-0-0__3.npy,B1-0-0
v=oqGqvg4zjrY__#1_label_B1-0-0__4.npy,B1-0-0
v=oqGqvg4zjrY__#1_label_B1-0-0__5.npy,B1-0-0
v=oqGqvg4zjrY__#1_label_B1-0-0__6.npy,B1-0-0
v=oqGqvg4zjrY__#1_label_B1-0-0__7.npy,B1-0-0
v=oqGqvg4zjrY__#1_label_B1-0-0__8.npy,B1-0-0
v=oqGqvg4zjrY__#1_label_B1-0-0__9.npy,B1-0-0
v=pZttb6pJM8U__#1_label_B1-0-0__0.npy,B1-0-0
v=pZttb6pJM8U__#1_label_B1-0-0__1.npy,B1-0-0
v=pZttb6pJM8U__#1_label_B1-0-0__2.npy,B1-0-0
v=pZttb6pJM8U__#1_label_B1-0-0__3.npy,B1-0-0
v=pZttb6pJM8U__#1_label_B1-0-0__4.npy,B1-0-0
v=pZttb6pJM8U__#1_label_B1-0-0__5.npy,B1-0-0
v=pZttb6pJM8U__#1_label_B1-0-0__6.npy,B1-0-0
v=pZttb6pJM8U__#1_label_B1-0-0__7.npy,B1-0-0
v=pZttb6pJM8U__#1_label_B1-0-0__8.npy,B1-0-0
v=pZttb6pJM8U__#1_label_B1-0-0__9.npy,B1-0-0
v=phvMyYKrZLc__#1_label_B1-0-0__0.npy,B1-0-0
v=phvMyYKrZLc__#1_label_B1-0-0__1.npy,B1-0-0
v=phvMyYKrZLc__#1_label_B1-0-0__2.npy,B1-0-0
v=phvMyYKrZLc__#1_label_B1-0-0__3.npy,B1-0-0
v=phvMyYKrZLc__#1_label_B1-0-0__4.npy,B1-0-0
v=phvMyYKrZLc__#1_label_B1-0-0__5.npy,B1-0-0
v=phvMyYKrZLc__#1_label_B1-0-0__6.npy,B1-0-0
v=phvMyYKrZLc__#1_label_B1-0-0__7.npy,B1-0-0
v=phvMyYKrZLc__#1_label_B1-0-0__8.npy,B1-0-0
v=phvMyYKrZLc__#1_label_B1-0-0__9.npy,B1-0-0
v=pz_gOHgMgvA__#1_label_B1-0-0__0.npy,B1-0-0
v=pz_gOHgMgvA__#1_label_B1-0-0__1.npy,B1-0-0
v=pz_gOHgMgvA__#1_label_B1-0-0__2.npy,B1-0-0
v=pz_gOHgMgvA__#1_label_B1-0-0__3.npy,B1-0-0
v=pz_gOHgMgvA__#1_label_B1-0-0__4.npy,B1-0-0
v=pz_gOHgMgvA__#1_label_B1-0-0__5.npy,B1-0-0
v=pz_gOHgMgvA__#1_label_B1-0-0__6.npy,B1-0-0
v=pz_gOHgMgvA__#1_label_B1-0-0__7.npy,B1-0-0
v=pz_gOHgMgvA__#1_label_B1-0-0__8.npy,B1-0-0
v=pz_gOHgMgvA__#1_label_B1-0-0__9.npy,B1-0-0
v=q4SVYUYNgKw__#1_label_B1-0-0__0.npy,B1-0-0
v=q4SVYUYNgKw__#1_label_B1-0-0__1.npy,B1-0-0
v=q4SVYUYNgKw__#1_label_B1-0-0__2.npy,B1-0-0
v=q4SVYUYNgKw__#1_label_B1-0-0__3.npy,B1-0-0
v=q4SVYUYNgKw__#1_label_B1-0-0__4.npy,B1-0-0
v=q4SVYUYNgKw__#1_label_B1-0-0__5.npy,B1-0-0
v=q4SVYUYNgKw__#1_label_B1-0-0__6.npy,B1-0-0
v=q4SVYUYNgKw__#1_label_B1-0-0__7.npy,B1-0-0
v=q4SVYUYNgKw__#1_label_B1-0-0__8.npy,B1-0-0
v=q4SVYUYNgKw__#1_label_B1-0-0__9.npy,B1-0-0
v=qAkUDbMuEqg__#1_label_B1-0-0__0.npy,B1-0-0
v=qAkUDbMuEqg__#1_label_B1-0-0__1.npy,B1-0-0
v=qAkUDbMuEqg__#1_label_B1-0-0__2.npy,B1-0-0
v=qAkUDbMuEqg__#1_label_B1-0-0__3.npy,B1-0-0
v=qAkUDbMuEqg__#1_label_B1-0-0__4.npy,B1-0-0
v=qAkUDbMuEqg__#1_label_B1-0-0__5.npy,B1-0-0
v=qAkUDbMuEqg__#1_label_B1-0-0__6.npy,B1-0-0
v=qAkUDbMuEqg__#1_label_B1-0-0__7.npy,B1-0-0
v=qAkUDbMuEqg__#1_label_B1-0-0__8.npy,B1-0-0
v=qAkUDbMuEqg__#1_label_B1-0-0__9.npy,B1-0-0
v=qBnaSal7e84__#1_label_B1-0-0__0.npy,B1-0-0
v=qBnaSal7e84__#1_label_B1-0-0__1.npy,B1-0-0
v=qBnaSal7e84__#1_label_B1-0-0__2.npy,B1-0-0
v=qBnaSal7e84__#1_label_B1-0-0__3.npy,B1-0-0
v=qBnaSal7e84__#1_label_B1-0-0__4.npy,B1-0-0
v=qBnaSal7e84__#1_label_B1-0-0__5.npy,B1-0-0
v=qBnaSal7e84__#1_label_B1-0-0__6.npy,B1-0-0
v=qBnaSal7e84__#1_label_B1-0-0__7.npy,B1-0-0
v=qBnaSal7e84__#1_label_B1-0-0__8.npy,B1-0-0
v=qBnaSal7e84__#1_label_B1-0-0__9.npy,B1-0-0
v=qQCTvJq83_s__#1_label_B1-0-0__0.npy,B1-0-0
v=qQCTvJq83_s__#1_label_B1-0-0__1.npy,B1-0-0
v=qQCTvJq83_s__#1_label_B1-0-0__2.npy,B1-0-0
v=qQCTvJq83_s__#1_label_B1-0-0__3.npy,B1-0-0
v=qQCTvJq83_s__#1_label_B1-0-0__4.npy,B1-0-0
v=qQCTvJq83_s__#1_label_B1-0-0__5.npy,B1-0-0
v=qQCTvJq83_s__#1_label_B1-0-0__6.npy,B1-0-0
v=qQCTvJq83_s__#1_label_B1-0-0__7.npy,B1-0-0
v=qQCTvJq83_s__#1_label_B1-0-0__8.npy,B1-0-0
v=qQCTvJq83_s__#1_label_B1-0-0__9.npy,B1-0-0
v=qYGIqrHVxMc__#1_label_B1-0-0__0.npy,B1-0-0
v=qYGIqrHVxMc__#1_label_B1-0-0__1.npy,B1-0-0
v=qYGIqrHVxMc__#1_label_B1-0-0__2.npy,B1-0-0
v=qYGIqrHVxMc__#1_label_B1-0-0__3.npy,B1-0-0
v=qYGIqrHVxMc__#1_label_B1-0-0__4.npy,B1-0-0
v=qYGIqrHVxMc__#1_label_B1-0-0__5.npy,B1-0-0
v=qYGIqrHVxMc__#1_label_B1-0-0__6.npy,B1-0-0
v=qYGIqrHVxMc__#1_label_B1-0-0__7.npy,B1-0-0
v=qYGIqrHVxMc__#1_label_B1-0-0__8.npy,B1-0-0
v=qYGIqrHVxMc__#1_label_B1-0-0__9.npy,B1-0-0
v=qiMJdl7k9sU__#1_label_B1-0-0__0.npy,B1-0-0
v=qiMJdl7k9sU__#1_label_B1-0-0__1.npy,B1-0-0
v=qiMJdl7k9sU__#1_label_B1-0-0__2.npy,B1-0-0
v=qiMJdl7k9sU__#1_label_B1-0-0__3.npy,B1-0-0
v=qiMJdl7k9sU__#1_label_B1-0-0__4.npy,B1-0-0
v=qiMJdl7k9sU__#1_label_B1-0-0__5.npy,B1-0-0
v=qiMJdl7k9sU__#1_label_B1-0-0__6.npy,B1-0-0
v=qiMJdl7k9sU__#1_label_B1-0-0__7.npy,B1-0-0
v=qiMJdl7k9sU__#1_label_B1-0-0__8.npy,B1-0-0
v=qiMJdl7k9sU__#1_label_B1-0-0__9.npy,B1-0-0
v=rR-F1X08BYQ__#1_label_B1-0-0__0.npy,B1-0-0
v=rR-F1X08BYQ__#1_label_B1-0-0__1.npy,B1-0-0
v=rR-F1X08BYQ__#1_label_B1-0-0__2.npy,B1-0-0
v=rR-F1X08BYQ__#1_label_B1-0-0__3.npy,B1-0-0
v=rR-F1X08BYQ__#1_label_B1-0-0__4.npy,B1-0-0
v=rR-F1X08BYQ__#1_label_B1-0-0__5.npy,B1-0-0
v=rR-F1X08BYQ__#1_label_B1-0-0__6.npy,B1-0-0
v=rR-F1X08BYQ__#1_label_B1-0-0__7.npy,B1-0-0
v=rR-F1X08BYQ__#1_label_B1-0-0__8.npy,B1-0-0
v=rR-F1X08BYQ__#1_label_B1-0-0__9.npy,B1-0-0
v=rWghXfI8M7I__#1_label_B1-0-0__0.npy,B1-0-0
v=rWghXfI8M7I__#1_label_B1-0-0__1.npy,B1-0-0
v=rWghXfI8M7I__#1_label_B1-0-0__2.npy,B1-0-0
v=rWghXfI8M7I__#1_label_B1-0-0__3.npy,B1-0-0
v=rWghXfI8M7I__#1_label_B1-0-0__4.npy,B1-0-0
v=rWghXfI8M7I__#1_label_B1-0-0__5.npy,B1-0-0
v=rWghXfI8M7I__#1_label_B1-0-0__6.npy,B1-0-0
v=rWghXfI8M7I__#1_label_B1-0-0__7.npy,B1-0-0
v=rWghXfI8M7I__#1_label_B1-0-0__8.npy,B1-0-0
v=rWghXfI8M7I__#1_label_B1-0-0__9.npy,B1-0-0
v=rZ1TjA-2vXw__#1_label_B1-0-0__0.npy,B1-0-0
v=rZ1TjA-2vXw__#1_label_B1-0-0__1.npy,B1-0-0
v=rZ1TjA-2vXw__#1_label_B1-0-0__2.npy,B1-0-0
v=rZ1TjA-2vXw__#1_label_B1-0-0__3.npy,B1-0-0
v=rZ1TjA-2vXw__#1_label_B1-0-0__4.npy,B1-0-0
v=rZ1TjA-2vXw__#1_label_B1-0-0__5.npy,B1-0-0
v=rZ1TjA-2vXw__#1_label_B1-0-0__6.npy,B1-0-0
v=rZ1TjA-2vXw__#1_label_B1-0-0__7.npy,B1-0-0
v=rZ1TjA-2vXw__#1_label_B1-0-0__8.npy,B1-0-0
v=rZ1TjA-2vXw__#1_label_B1-0-0__9.npy,B1-0-0
v=rcZTt_yQur8__#1_label_B1-0-0__0.npy,B1-0-0
v=rcZTt_yQur8__#1_label_B1-0-0__1.npy,B1-0-0
v=rcZTt_yQur8__#1_label_B1-0-0__2.npy,B1-0-0
v=rcZTt_yQur8__#1_label_B1-0-0__3.npy,B1-0-0
v=rcZTt_yQur8__#1_label_B1-0-0__4.npy,B1-0-0
v=rcZTt_yQur8__#1_label_B1-0-0__5.npy,B1-0-0
v=rcZTt_yQur8__#1_label_B1-0-0__6.npy,B1-0-0
v=rcZTt_yQur8__#1_label_B1-0-0__7.npy,B1-0-0
v=rcZTt_yQur8__#1_label_B1-0-0__8.npy,B1-0-0
v=rcZTt_yQur8__#1_label_B1-0-0__9.npy,B1-0-0
v=rcamX6oRvmg__#1_label_B1-0-0__0.npy,B1-0-0
v=rcamX6oRvmg__#1_label_B1-0-0__1.npy,B1-0-0
v=rcamX6oRvmg__#1_label_B1-0-0__2.npy,B1-0-0
v=rcamX6oRvmg__#1_label_B1-0-0__3.npy,B1-0-0
v=rcamX6oRvmg__#1_label_B1-0-0__4.npy,B1-0-0
v=rcamX6oRvmg__#1_label_B1-0-0__5.npy,B1-0-0
v=rcamX6oRvmg__#1_label_B1-0-0__6.npy,B1-0-0
v=rcamX6oRvmg__#1_label_B1-0-0__7.npy,B1-0-0
v=rcamX6oRvmg__#1_label_B1-0-0__8.npy,B1-0-0
v=rcamX6oRvmg__#1_label_B1-0-0__9.npy,B1-0-0
v=rkRicSxV0bc__#1_label_B1-0-0__0.npy,B1-0-0
v=rkRicSxV0bc__#1_label_B1-0-0__1.npy,B1-0-0
v=rkRicSxV0bc__#1_label_B1-0-0__2.npy,B1-0-0
v=rkRicSxV0bc__#1_label_B1-0-0__3.npy,B1-0-0
v=rkRicSxV0bc__#1_label_B1-0-0__4.npy,B1-0-0
v=rkRicSxV0bc__#1_label_B1-0-0__5.npy,B1-0-0
v=rkRicSxV0bc__#1_label_B1-0-0__6.npy,B1-0-0
v=rkRicSxV0bc__#1_label_B1-0-0__7.npy,B1-0-0
v=rkRicSxV0bc__#1_label_B1-0-0__8.npy,B1-0-0
v=rkRicSxV0bc__#1_label_B1-0-0__9.npy,B1-0-0
v=rldjZyZwUEM__#1_label_B1-0-0__0.npy,B1-0-0
v=rldjZyZwUEM__#1_label_B1-0-0__1.npy,B1-0-0
v=rldjZyZwUEM__#1_label_B1-0-0__2.npy,B1-0-0
v=rldjZyZwUEM__#1_label_B1-0-0__3.npy,B1-0-0
v=rldjZyZwUEM__#1_label_B1-0-0__4.npy,B1-0-0
v=rldjZyZwUEM__#1_label_B1-0-0__5.npy,B1-0-0
v=rldjZyZwUEM__#1_label_B1-0-0__6.npy,B1-0-0
v=rldjZyZwUEM__#1_label_B1-0-0__7.npy,B1-0-0
v=rldjZyZwUEM__#1_label_B1-0-0__8.npy,B1-0-0
v=rldjZyZwUEM__#1_label_B1-0-0__9.npy,B1-0-0
v=rv0_7xq2LP4__#1_label_B1-0-0__0.npy,B1-0-0
v=rv0_7xq2LP4__#1_label_B1-0-0__1.npy,B1-0-0
v=rv0_7xq2LP4__#1_label_B1-0-0__2.npy,B1-0-0
v=rv0_7xq2LP4__#1_label_B1-0-0__3.npy,B1-0-0
v=rv0_7xq2LP4__#1_label_B1-0-0__4.npy,B1-0-0
v=rv0_7xq2LP4__#1_label_B1-0-0__5.npy,B1-0-0
v=rv0_7xq2LP4__#1_label_B1-0-0__6.npy,B1-0-0
v=rv0_7xq2LP4__#1_label_B1-0-0__7.npy,B1-0-0
v=rv0_7xq2LP4__#1_label_B1-0-0__8.npy,B1-0-0
v=rv0_7xq2LP4__#1_label_B1-0-0__9.npy,B1-0-0
v=sa2BJKhchik__#1_label_B1-0-0__0.npy,B1-0-0
v=sa2BJKhchik__#1_label_B1-0-0__1.npy,B1-0-0
v=sa2BJKhchik__#1_label_B1-0-0__2.npy,B1-0-0
v=sa2BJKhchik__#1_label_B1-0-0__3.npy,B1-0-0
v=sa2BJKhchik__#1_label_B1-0-0__4.npy,B1-0-0
v=sa2BJKhchik__#1_label_B1-0-0__5.npy,B1-0-0
v=sa2BJKhchik__#1_label_B1-0-0__6.npy,B1-0-0
v=sa2BJKhchik__#1_label_B1-0-0__7.npy,B1-0-0
v=sa2BJKhchik__#1_label_B1-0-0__8.npy,B1-0-0
v=sa2BJKhchik__#1_label_B1-0-0__9.npy,B1-0-0
v=t1e7CTQ7V4A__#1_label_B1-0-0__0.npy,B1-0-0
v=t1e7CTQ7V4A__#1_label_B1-0-0__1.npy,B1-0-0
v=t1e7CTQ7V4A__#1_label_B1-0-0__2.npy,B1-0-0
v=t1e7CTQ7V4A__#1_label_B1-0-0__3.npy,B1-0-0
v=t1e7CTQ7V4A__#1_label_B1-0-0__4.npy,B1-0-0
v=t1e7CTQ7V4A__#1_label_B1-0-0__5.npy,B1-0-0
v=t1e7CTQ7V4A__#1_label_B1-0-0__6.npy,B1-0-0
v=t1e7CTQ7V4A__#1_label_B1-0-0__7.npy,B1-0-0
v=t1e7CTQ7V4A__#1_label_B1-0-0__8.npy,B1-0-0
v=t1e7CTQ7V4A__#1_label_B1-0-0__9.npy,B1-0-0
v=tjn5Wkn5Zfg__#1_label_B1-0-0__0.npy,B1-0-0
v=tjn5Wkn5Zfg__#1_label_B1-0-0__1.npy,B1-0-0
v=tjn5Wkn5Zfg__#1_label_B1-0-0__2.npy,B1-0-0
v=tjn5Wkn5Zfg__#1_label_B1-0-0__3.npy,B1-0-0
v=tjn5Wkn5Zfg__#1_label_B1-0-0__4.npy,B1-0-0
v=tjn5Wkn5Zfg__#1_label_B1-0-0__5.npy,B1-0-0
v=tjn5Wkn5Zfg__#1_label_B1-0-0__6.npy,B1-0-0
v=tjn5Wkn5Zfg__#1_label_B1-0-0__7.npy,B1-0-0
v=tjn5Wkn5Zfg__#1_label_B1-0-0__8.npy,B1-0-0
v=tjn5Wkn5Zfg__#1_label_B1-0-0__9.npy,B1-0-0
v=txpfvf01Ojc__#00-00-00_00-04-07_label_B1-0-0__0.npy,B1-0-0
v=txpfvf01Ojc__#00-00-00_00-04-07_label_B1-0-0__1.npy,B1-0-0
v=txpfvf01Ojc__#00-00-00_00-04-07_label_B1-0-0__2.npy,B1-0-0
v=txpfvf01Ojc__#00-00-00_00-04-07_label_B1-0-0__3.npy,B1-0-0
v=txpfvf01Ojc__#00-00-00_00-04-07_label_B1-0-0__4.npy,B1-0-0
v=txpfvf01Ojc__#00-00-00_00-04-07_label_B1-0-0__5.npy,B1-0-0
v=txpfvf01Ojc__#00-00-00_00-04-07_label_B1-0-0__6.npy,B1-0-0
v=txpfvf01Ojc__#00-00-00_00-04-07_label_B1-0-0__7.npy,B1-0-0
v=txpfvf01Ojc__#00-00-00_00-04-07_label_B1-0-0__8.npy,B1-0-0
v=txpfvf01Ojc__#00-00-00_00-04-07_label_B1-0-0__9.npy,B1-0-0
v=uFqzWIIfupo__#1_label_B1-0-0__0.npy,B1-0-0
v=uFqzWIIfupo__#1_label_B1-0-0__1.npy,B1-0-0
v=uFqzWIIfupo__#1_label_B1-0-0__2.npy,B1-0-0
v=uFqzWIIfupo__#1_label_B1-0-0__3.npy,B1-0-0
v=uFqzWIIfupo__#1_label_B1-0-0__4.npy,B1-0-0
v=uFqzWIIfupo__#1_label_B1-0-0__5.npy,B1-0-0
v=uFqzWIIfupo__#1_label_B1-0-0__6.npy,B1-0-0
v=uFqzWIIfupo__#1_label_B1-0-0__7.npy,B1-0-0
v=uFqzWIIfupo__#1_label_B1-0-0__8.npy,B1-0-0
v=uFqzWIIfupo__#1_label_B1-0-0__9.npy,B1-0-0
v=upXtunPlmQo__#1_label_B1-0-0__0.npy,B1-0-0
v=upXtunPlmQo__#1_label_B1-0-0__1.npy,B1-0-0
v=upXtunPlmQo__#1_label_B1-0-0__2.npy,B1-0-0
v=upXtunPlmQo__#1_label_B1-0-0__3.npy,B1-0-0
v=upXtunPlmQo__#1_label_B1-0-0__4.npy,B1-0-0
v=upXtunPlmQo__#1_label_B1-0-0__5.npy,B1-0-0
v=upXtunPlmQo__#1_label_B1-0-0__6.npy,B1-0-0
v=upXtunPlmQo__#1_label_B1-0-0__7.npy,B1-0-0
v=upXtunPlmQo__#1_label_B1-0-0__8.npy,B1-0-0
v=upXtunPlmQo__#1_label_B1-0-0__9.npy,B1-0-0
v=urwk_pbGpOE__#1_label_B1-0-0__0.npy,B1-0-0
v=urwk_pbGpOE__#1_label_B1-0-0__1.npy,B1-0-0
v=urwk_pbGpOE__#1_label_B1-0-0__2.npy,B1-0-0
v=urwk_pbGpOE__#1_label_B1-0-0__3.npy,B1-0-0
v=urwk_pbGpOE__#1_label_B1-0-0__4.npy,B1-0-0
v=urwk_pbGpOE__#1_label_B1-0-0__5.npy,B1-0-0
v=urwk_pbGpOE__#1_label_B1-0-0__6.npy,B1-0-0
v=urwk_pbGpOE__#1_label_B1-0-0__7.npy,B1-0-0
v=urwk_pbGpOE__#1_label_B1-0-0__8.npy,B1-0-0
v=urwk_pbGpOE__#1_label_B1-0-0__9.npy,B1-0-0
v=vAucGlR_2iU__#1_label_B1-0-0__0.npy,B1-0-0
v=vAucGlR_2iU__#1_label_B1-0-0__1.npy,B1-0-0
v=vAucGlR_2iU__#1_label_B1-0-0__2.npy,B1-0-0
v=vAucGlR_2iU__#1_label_B1-0-0__3.npy,B1-0-0
v=vAucGlR_2iU__#1_label_B1-0-0__4.npy,B1-0-0
v=vAucGlR_2iU__#1_label_B1-0-0__5.npy,B1-0-0
v=vAucGlR_2iU__#1_label_B1-0-0__6.npy,B1-0-0
v=vAucGlR_2iU__#1_label_B1-0-0__7.npy,B1-0-0
v=vAucGlR_2iU__#1_label_B1-0-0__8.npy,B1-0-0
v=vAucGlR_2iU__#1_label_B1-0-0__9.npy,B1-0-0
v=wBAnZB5HQWw__#1_label_B1-0-0__0.npy,B1-0-0
v=wBAnZB5HQWw__#1_label_B1-0-0__1.npy,B1-0-0
v=wBAnZB5HQWw__#1_label_B1-0-0__2.npy,B1-0-0
v=wBAnZB5HQWw__#1_label_B1-0-0__3.npy,B1-0-0
v=wBAnZB5HQWw__#1_label_B1-0-0__4.npy,B1-0-0
v=wBAnZB5HQWw__#1_label_B1-0-0__5.npy,B1-0-0
v=wBAnZB5HQWw__#1_label_B1-0-0__6.npy,B1-0-0
v=wBAnZB5HQWw__#1_label_B1-0-0__7.npy,B1-0-0
v=wBAnZB5HQWw__#1_label_B1-0-0__8.npy,B1-0-0
v=wBAnZB5HQWw__#1_label_B1-0-0__9.npy,B1-0-0
v=wJWITsqfi5U__#1_label_B1-0-0__0.npy,B1-0-0
v=wJWITsqfi5U__#1_label_B1-0-0__1.npy,B1-0-0
v=wJWITsqfi5U__#1_label_B1-0-0__2.npy,B1-0-0
v=wJWITsqfi5U__#1_label_B1-0-0__3.npy,B1-0-0
v=wJWITsqfi5U__#1_label_B1-0-0__4.npy,B1-0-0
v=wJWITsqfi5U__#1_label_B1-0-0__5.npy,B1-0-0
v=wJWITsqfi5U__#1_label_B1-0-0__6.npy,B1-0-0
v=wJWITsqfi5U__#1_label_B1-0-0__7.npy,B1-0-0
v=wJWITsqfi5U__#1_label_B1-0-0__8.npy,B1-0-0
v=wJWITsqfi5U__#1_label_B1-0-0__9.npy,B1-0-0
v=wXjRmA91RGo__#1_label_B1-0-0__0.npy,B1-0-0
v=wXjRmA91RGo__#1_label_B1-0-0__1.npy,B1-0-0
v=wXjRmA91RGo__#1_label_B1-0-0__2.npy,B1-0-0
v=wXjRmA91RGo__#1_label_B1-0-0__3.npy,B1-0-0
v=wXjRmA91RGo__#1_label_B1-0-0__4.npy,B1-0-0
v=wXjRmA91RGo__#1_label_B1-0-0__5.npy,B1-0-0
v=wXjRmA91RGo__#1_label_B1-0-0__6.npy,B1-0-0
v=wXjRmA91RGo__#1_label_B1-0-0__7.npy,B1-0-0
v=wXjRmA91RGo__#1_label_B1-0-0__8.npy,B1-0-0
v=wXjRmA91RGo__#1_label_B1-0-0__9.npy,B1-0-0
v=xGN2-m_qqBc__#1_label_B1-0-0__0.npy,B1-0-0
v=xGN2-m_qqBc__#1_label_B1-0-0__1.npy,B1-0-0
v=xGN2-m_qqBc__#1_label_B1-0-0__2.npy,B1-0-0
v=xGN2-m_qqBc__#1_label_B1-0-0__3.npy,B1-0-0
v=xGN2-m_qqBc__#1_label_B1-0-0__4.npy,B1-0-0
v=xGN2-m_qqBc__#1_label_B1-0-0__5.npy,B1-0-0
v=xGN2-m_qqBc__#1_label_B1-0-0__6.npy,B1-0-0
v=xGN2-m_qqBc__#1_label_B1-0-0__7.npy,B1-0-0
v=xGN2-m_qqBc__#1_label_B1-0-0__8.npy,B1-0-0
v=xGN2-m_qqBc__#1_label_B1-0-0__9.npy,B1-0-0
v=xgr6p8L4emY__#1_label_B1-0-0__0.npy,B1-0-0
v=xgr6p8L4emY__#1_label_B1-0-0__1.npy,B1-0-0
v=xgr6p8L4emY__#1_label_B1-0-0__2.npy,B1-0-0
v=xgr6p8L4emY__#1_label_B1-0-0__3.npy,B1-0-0
v=xgr6p8L4emY__#1_label_B1-0-0__4.npy,B1-0-0
v=xgr6p8L4emY__#1_label_B1-0-0__5.npy,B1-0-0
v=xgr6p8L4emY__#1_label_B1-0-0__6.npy,B1-0-0
v=xgr6p8L4emY__#1_label_B1-0-0__7.npy,B1-0-0
v=xgr6p8L4emY__#1_label_B1-0-0__8.npy,B1-0-0
v=xgr6p8L4emY__#1_label_B1-0-0__9.npy,B1-0-0
v=xo7cHHk2vQw__#1_label_B1-0-0__0.npy,B1-0-0
v=xo7cHHk2vQw__#1_label_B1-0-0__1.npy,B1-0-0
v=xo7cHHk2vQw__#1_label_B1-0-0__2.npy,B1-0-0
v=xo7cHHk2vQw__#1_label_B1-0-0__3.npy,B1-0-0
v=xo7cHHk2vQw__#1_label_B1-0-0__4.npy,B1-0-0
v=xo7cHHk2vQw__#1_label_B1-0-0__5.npy,B1-0-0
v=xo7cHHk2vQw__#1_label_B1-0-0__6.npy,B1-0-0
v=xo7cHHk2vQw__#1_label_B1-0-0__7.npy,B1-0-0
v=xo7cHHk2vQw__#1_label_B1-0-0__8.npy,B1-0-0
v=xo7cHHk2vQw__#1_label_B1-0-0__9.npy,B1-0-0
v=yJ6mgj3ibT8__#1_label_B1-0-0__0.npy,B1-0-0
v=yJ6mgj3ibT8__#1_label_B1-0-0__1.npy,B1-0-0
v=yJ6mgj3ibT8__#1_label_B1-0-0__2.npy,B1-0-0
v=yJ6mgj3ibT8__#1_label_B1-0-0__3.npy,B1-0-0
v=yJ6mgj3ibT8__#1_label_B1-0-0__4.npy,B1-0-0
v=yJ6mgj3ibT8__#1_label_B1-0-0__5.npy,B1-0-0
v=yJ6mgj3ibT8__#1_label_B1-0-0__6.npy,B1-0-0
v=yJ6mgj3ibT8__#1_label_B1-0-0__7.npy,B1-0-0
v=yJ6mgj3ibT8__#1_label_B1-0-0__8.npy,B1-0-0
v=yJ6mgj3ibT8__#1_label_B1-0-0__9.npy,B1-0-0
v=yNpCNkHcGTs__#1_label_B1-0-0__0.npy,B1-0-0
v=yNpCNkHcGTs__#1_label_B1-0-0__1.npy,B1-0-0
v=yNpCNkHcGTs__#1_label_B1-0-0__2.npy,B1-0-0
v=yNpCNkHcGTs__#1_label_B1-0-0__3.npy,B1-0-0
v=yNpCNkHcGTs__#1_label_B1-0-0__4.npy,B1-0-0
v=yNpCNkHcGTs__#1_label_B1-0-0__5.npy,B1-0-0
v=yNpCNkHcGTs__#1_label_B1-0-0__6.npy,B1-0-0
v=yNpCNkHcGTs__#1_label_B1-0-0__7.npy,B1-0-0
v=yNpCNkHcGTs__#1_label_B1-0-0__8.npy,B1-0-0
v=yNpCNkHcGTs__#1_label_B1-0-0__9.npy,B1-0-0
v=y_zCyC8KDx8__#1_label_B1-0-0__0.npy,B1-0-0
v=y_zCyC8KDx8__#1_label_B1-0-0__1.npy,B1-0-0
v=y_zCyC8KDx8__#1_label_B1-0-0__2.npy,B1-0-0
v=y_zCyC8KDx8__#1_label_B1-0-0__3.npy,B1-0-0
v=y_zCyC8KDx8__#1_label_B1-0-0__4.npy,B1-0-0
v=y_zCyC8KDx8__#1_label_B1-0-0__5.npy,B1-0-0
v=y_zCyC8KDx8__#1_label_B1-0-0__6.npy,B1-0-0
v=y_zCyC8KDx8__#1_label_B1-0-0__7.npy,B1-0-0
v=y_zCyC8KDx8__#1_label_B1-0-0__8.npy,B1-0-0
v=y_zCyC8KDx8__#1_label_B1-0-0__9.npy,B1-0-0
v=ydebjwIVebI__#1_label_B1-0-0__0.npy,B1-0-0
v=ydebjwIVebI__#1_label_B1-0-0__1.npy,B1-0-0
v=ydebjwIVebI__#1_label_B1-0-0__2.npy,B1-0-0
v=ydebjwIVebI__#1_label_B1-0-0__3.npy,B1-0-0
v=ydebjwIVebI__#1_label_B1-0-0__4.npy,B1-0-0
v=ydebjwIVebI__#1_label_B1-0-0__5.npy,B1-0-0
v=ydebjwIVebI__#1_label_B1-0-0__6.npy,B1-0-0
v=ydebjwIVebI__#1_label_B1-0-0__7.npy,B1-0-0
v=ydebjwIVebI__#1_label_B1-0-0__8.npy,B1-0-0
v=ydebjwIVebI__#1_label_B1-0-0__9.npy,B1-0-0
v=zEplj_Ap7H0__#1_label_B1-0-0__0.npy,B1-0-0
v=zEplj_Ap7H0__#1_label_B1-0-0__1.npy,B1-0-0
v=zEplj_Ap7H0__#1_label_B1-0-0__2.npy,B1-0-0
v=zEplj_Ap7H0__#1_label_B1-0-0__3.npy,B1-0-0
v=zEplj_Ap7H0__#1_label_B1-0-0__4.npy,B1-0-0
v=zEplj_Ap7H0__#1_label_B1-0-0__5.npy,B1-0-0
v=zEplj_Ap7H0__#1_label_B1-0-0__6.npy,B1-0-0
v=zEplj_Ap7H0__#1_label_B1-0-0__7.npy,B1-0-0
v=zEplj_Ap7H0__#1_label_B1-0-0__8.npy,B1-0-0
v=zEplj_Ap7H0__#1_label_B1-0-0__9.npy,B1-0-0
v=zpBlI-nmf_A__#1_label_B1-0-0__0.npy,B1-0-0
v=zpBlI-nmf_A__#1_label_B1-0-0__1.npy,B1-0-0
v=zpBlI-nmf_A__#1_label_B1-0-0__2.npy,B1-0-0
v=zpBlI-nmf_A__#1_label_B1-0-0__3.npy,B1-0-0
v=zpBlI-nmf_A__#1_label_B1-0-0__4.npy,B1-0-0
v=zpBlI-nmf_A__#1_label_B1-0-0__5.npy,B1-0-0
v=zpBlI-nmf_A__#1_label_B1-0-0__6.npy,B1-0-0
v=zpBlI-nmf_A__#1_label_B1-0-0__7.npy,B1-0-0
v=zpBlI-nmf_A__#1_label_B1-0-0__8.npy,B1-0-0
v=zpBlI-nmf_A__#1_label_B1-0-0__9.npy,B1-0-0
v=zqC6B9K8-40__#1_label_B1-0-0__0.npy,B1-0-0
v=zqC6B9K8-40__#1_label_B1-0-0__1.npy,B1-0-0
v=zqC6B9K8-40__#1_label_B1-0-0__2.npy,B1-0-0
v=zqC6B9K8-40__#1_label_B1-0-0__3.npy,B1-0-0
v=zqC6B9K8-40__#1_label_B1-0-0__4.npy,B1-0-0
v=zqC6B9K8-40__#1_label_B1-0-0__5.npy,B1-0-0
v=zqC6B9K8-40__#1_label_B1-0-0__6.npy,B1-0-0
v=zqC6B9K8-40__#1_label_B1-0-0__7.npy,B1-0-0
v=zqC6B9K8-40__#1_label_B1-0-0__8.npy,B1-0-0
v=zqC6B9K8-40__#1_label_B1-0-0__9.npy,B1-0-0
v=zzxg8qfqQPA__#1_label_B1-0-0__0.npy,B1-0-0
v=zzxg8qfqQPA__#1_label_B1-0-0__1.npy,B1-0-0
v=zzxg8qfqQPA__#1_label_B1-0-0__2.npy,B1-0-0
v=zzxg8qfqQPA__#1_label_B1-0-0__3.npy,B1-0-0
v=zzxg8qfqQPA__#1_label_B1-0-0__4.npy,B1-0-0
v=zzxg8qfqQPA__#1_label_B1-0-0__5.npy,B1-0-0
v=zzxg8qfqQPA__#1_label_B1-0-0__6.npy,B1-0-0
v=zzxg8qfqQPA__#1_label_B1-0-0__7.npy,B1-0-0
v=zzxg8qfqQPA__#1_label_B1-0-0__8.npy,B1-0-0
v=zzxg8qfqQPA__#1_label_B1-0-0__9.npy,B1-0-0
wangted.2008__#0-30-23_0-30-41_label_B1-0-0__0.npy,B1-0-0
wangted.2008__#0-30-23_0-30-41_label_B1-0-0__1.npy,B1-0-0
wangted.2008__#0-30-23_0-30-41_label_B1-0-0__2.npy,B1-0-0
wangted.2008__#0-30-23_0-30-41_label_B1-0-0__3.npy,B1-0-0
wangted.2008__#0-30-23_0-30-41_label_B1-0-0__4.npy,B1-0-0
wangted.2008__#0-30-23_0-30-41_label_B1-0-0__5.npy,B1-0-0
wangted.2008__#0-30-23_0-30-41_label_B1-0-0__6.npy,B1-0-0
wangted.2008__#0-30-23_0-30-41_label_B1-0-0__7.npy,B1-0-0
wangted.2008__#0-30-23_0-30-41_label_B1-0-0__8.npy,B1-0-0
wangted.2008__#0-30-23_0-30-41_label_B1-0-0__9.npy,B1-0-0
Jason.Bourne.2016__#0-25-22_0-26-14_label_B1-B4-0__0.npy,B1-B4-0
Jason.Bourne.2016__#0-25-22_0-26-14_label_B1-B4-0__1.npy,B1-B4-0
Jason.Bourne.2016__#0-25-22_0-26-14_label_B1-B4-0__2.npy,B1-B4-0
Jason.Bourne.2016__#0-25-22_0-26-14_label_B1-B4-0__3.npy,B1-B4-0
Jason.Bourne.2016__#0-25-22_0-26-14_label_B1-B4-0__4.npy,B1-B4-0
Jason.Bourne.2016__#0-25-22_0-26-14_label_B1-B4-0__5.npy,B1-B4-0
Jason.Bourne.2016__#0-25-22_0-26-14_label_B1-B4-0__6.npy,B1-B4-0
Jason.Bourne.2016__#0-25-22_0-26-14_label_B1-B4-0__7.npy,B1-B4-0
Jason.Bourne.2016__#0-25-22_0-26-14_label_B1-B4-0__8.npy,B1-B4-0
Jason.Bourne.2016__#0-25-22_0-26-14_label_B1-B4-0__9.npy,B1-B4-0
Brick.Mansions.2014__#00-58-05_00-58-57_label_B2-B1-0__0.npy,B2-B1-0
Brick.Mansions.2014__#00-58-05_00-58-57_label_B2-B1-0__1.npy,B2-B1-0
Brick.Mansions.2014__#00-58-05_00-58-57_label_B2-B1-0__2.npy,B2-B1-0
Brick.Mansions.2014__#00-58-05_00-58-57_label_B2-B1-0__3.npy,B2-B1-0
Brick.Mansions.2014__#00-58-05_00-58-57_label_B2-B1-0__4.npy,B2-B1-0
Brick.Mansions.2014__#00-58-05_00-58-57_label_B2-B1-0__5.npy,B2-B1-0
Brick.Mansions.2014__#00-58-05_00-58-57_label_B2-B1-0__6.npy,B2-B1-0
Brick.Mansions.2014__#00-58-05_00-58-57_label_B2-B1-0__7.npy,B2-B1-0
Brick.Mansions.2014__#00-58-05_00-58-57_label_B2-B1-0__8.npy,B2-B1-0
Brick.Mansions.2014__#00-58-05_00-58-57_label_B2-B1-0__9.npy,B2-B1-0
Deadpool.2.2018__#0-04-03_0-04-45_label_B1-B2-0__0.npy,B1-B2-0
Deadpool.2.2018__#0-04-03_0-04-45_label_B1-B2-0__1.npy,B1-B2-0
Deadpool.2.2018__#0-04-03_0-04-45_label_B1-B2-0__2.npy,B1-B2-0
Deadpool.2.2018__#0-04-03_0-04-45_label_B1-B2-0__3.npy,B1-B2-0
Deadpool.2.2018__#0-04-03_0-04-45_label_B1-B2-0__4.npy,B1-B2-0
Deadpool.2.2018__#0-04-03_0-04-45_label_B1-B2-0__5.npy,B1-B2-0
Deadpool.2.2018__#0-04-03_0-04-45_label_B1-B2-0__6.npy,B1-B2-0
Deadpool.2.2018__#0-04-03_0-04-45_label_B1-B2-0__7.npy,B1-B2-0
Deadpool.2.2018__#0-04-03_0-04-45_label_B1-B2-0__8.npy,B1-B2-0
Deadpool.2.2018__#0-04-03_0-04-45_label_B1-B2-0__9.npy,B1-B2-0
Mission.Impossible.Ghost.Protocol.2011__#01-15-36_01-16-32_label_B1-B2-0__0.npy,B1-B2-0
Mission.Impossible.Ghost.Protocol.2011__#01-15-36_01-16-32_label_B1-B2-0__1.npy,B1-B2-0
Mission.Impossible.Ghost.Protocol.2011__#01-15-36_01-16-32_label_B1-B2-0__2.npy,B1-B2-0
Mission.Impossible.Ghost.Protocol.2011__#01-15-36_01-16-32_label_B1-B2-0__3.npy,B1-B2-0
Mission.Impossible.Ghost.Protocol.2011__#01-15-36_01-16-32_label_B1-B2-0__4.npy,B1-B2-0
Mission.Impossible.Ghost.Protocol.2011__#01-15-36_01-16-32_label_B1-B2-0__5.npy,B1-B2-0
Mission.Impossible.Ghost.Protocol.2011__#01-15-36_01-16-32_label_B1-B2-0__6.npy,B1-B2-0
Mission.Impossible.Ghost.Protocol.2011__#01-15-36_01-16-32_label_B1-B2-0__7.npy,B1-B2-0
Mission.Impossible.Ghost.Protocol.2011__#01-15-36_01-16-32_label_B1-B2-0__8.npy,B1-B2-0
Mission.Impossible.Ghost.Protocol.2011__#01-15-36_01-16-32_label_B1-B2-0__9.npy,B1-B2-0
Kingsman.The.Secret.Service.2014__#01-18-20_01-19-23_label_B1-B2-0__0.npy,B1-B2-0
Kingsman.The.Secret.Service.2014__#01-18-20_01-19-23_label_B1-B2-0__1.npy,B1-B2-0
Kingsman.The.Secret.Service.2014__#01-18-20_01-19-23_label_B1-B2-0__2.npy,B1-B2-0
Kingsman.The.Secret.Service.2014__#01-18-20_01-19-23_label_B1-B2-0__3.npy,B1-B2-0
Kingsman.The.Secret.Service.2014__#01-18-20_01-19-23_label_B1-B2-0__4.npy,B1-B2-0
Kingsman.The.Secret.Service.2014__#01-18-20_01-19-23_label_B1-B2-0__5.npy,B1-B2-0
Kingsman.The.Secret.Service.2014__#01-18-20_01-19-23_label_B1-B2-0__6.npy,B1-B2-0
Kingsman.The.Secret.Service.2014__#01-18-20_01-19-23_label_B1-B2-0__7.npy,B1-B2-0
Kingsman.The.Secret.Service.2014__#01-18-20_01-19-23_label_B1-B2-0__8.npy,B1-B2-0
Kingsman.The.Secret.Service.2014__#01-18-20_01-19-23_label_B1-B2-0__9.npy,B1-B2-0
Ip.Man.3.2015__#00-34-00_00-36-00_label_B1-B4-0__0.npy,B1-B4-0
Ip.Man.3.2015__#00-34-00_00-36-00_label_B1-B4-0__1.npy,B1-B4-0
Ip.Man.3.2015__#00-34-00_00-36-00_label_B1-B4-0__2.npy,B1-B4-0
Ip.Man.3.2015__#00-34-00_00-36-00_label_B1-B4-0__3.npy,B1-B4-0
Ip.Man.3.2015__#00-34-00_00-36-00_label_B1-B4-0__4.npy,B1-B4-0
Ip.Man.3.2015__#00-34-00_00-36-00_label_B1-B4-0__5.npy,B1-B4-0
Ip.Man.3.2015__#00-34-00_00-36-00_label_B1-B4-0__6.npy,B1-B4-0
Ip.Man.3.2015__#00-34-00_00-36-00_label_B1-B4-0__7.npy,B1-B4-0
Ip.Man.3.2015__#00-34-00_00-36-00_label_B1-B4-0__8.npy,B1-B4-0
Ip.Man.3.2015__#00-34-00_00-36-00_label_B1-B4-0__9.npy,B1-B4-0
Fast.Furious.6.2013__#01-47-39_01-49-53_label_B1-B6-0__0.npy,B1-B6-0
Fast.Furious.6.2013__#01-47-39_01-49-53_label_B1-B6-0__1.npy,B1-B6-0
Fast.Furious.6.2013__#01-47-39_01-49-53_label_B1-B6-0__2.npy,B1-B6-0
Fast.Furious.6.2013__#01-47-39_01-49-53_label_B1-B6-0__3.npy,B1-B6-0
Fast.Furious.6.2013__#01-47-39_01-49-53_label_B1-B6-0__4.npy,B1-B6-0
Fast.Furious.6.2013__#01-47-39_01-49-53_label_B1-B6-0__5.npy,B1-B6-0
Fast.Furious.6.2013__#01-47-39_01-49-53_label_B1-B6-0__6.npy,B1-B6-0
Fast.Furious.6.2013__#01-47-39_01-49-53_label_B1-B6-0__7.npy,B1-B6-0
Fast.Furious.6.2013__#01-47-39_01-49-53_label_B1-B6-0__8.npy,B1-B6-0
Fast.Furious.6.2013__#01-47-39_01-49-53_label_B1-B6-0__9.npy,B1-B6-0
Deadpool.2.2018__#0-05-27_0-07-58_label_B1-B2-0__0.npy,B1-B2-0
Deadpool.2.2018__#0-05-27_0-07-58_label_B1-B2-0__1.npy,B1-B2-0
Deadpool.2.2018__#0-05-27_0-07-58_label_B1-B2-0__2.npy,B1-B2-0
Deadpool.2.2018__#0-05-27_0-07-58_label_B1-B2-0__3.npy,B1-B2-0
Deadpool.2.2018__#0-05-27_0-07-58_label_B1-B2-0__4.npy,B1-B2-0
Deadpool.2.2018__#0-05-27_0-07-58_label_B1-B2-0__5.npy,B1-B2-0
Deadpool.2.2018__#0-05-27_0-07-58_label_B1-B2-0__6.npy,B1-B2-0
Deadpool.2.2018__#0-05-27_0-07-58_label_B1-B2-0__7.npy,B1-B2-0
Deadpool.2.2018__#0-05-27_0-07-58_label_B1-B2-0__8.npy,B1-B2-0
Deadpool.2.2018__#0-05-27_0-07-58_label_B1-B2-0__9.npy,B1-B2-0
Deadpool.2016__#0-06-50_0-08-49_label_B1-B2-B6__0.npy,B1-B2-B6
Deadpool.2016__#0-06-50_0-08-49_label_B1-B2-B6__1.npy,B1-B2-B6
Deadpool.2016__#0-06-50_0-08-49_label_B1-B2-B6__2.npy,B1-B2-B6
Deadpool.2016__#0-06-50_0-08-49_label_B1-B2-B6__3.npy,B1-B2-B6
Deadpool.2016__#0-06-50_0-08-49_label_B1-B2-B6__4.npy,B1-B2-B6
Deadpool.2016__#0-06-50_0-08-49_label_B1-B2-B6__5.npy,B1-B2-B6
Deadpool.2016__#0-06-50_0-08-49_label_B1-B2-B6__6.npy,B1-B2-B6
Deadpool.2016__#0-06-50_0-08-49_label_B1-B2-B6__7.npy,B1-B2-B6
Deadpool.2016__#0-06-50_0-08-49_label_B1-B2-B6__8.npy,B1-B2-B6
Deadpool.2016__#0-06-50_0-08-49_label_B1-B2-B6__9.npy,B1-B2-B6
Brick.Mansions.2014__#01-18-33_01-19-39_label_B4-B1-0__0.npy,B4-B1-0
Brick.Mansions.2014__#01-18-33_01-19-39_label_B4-B1-0__1.npy,B4-B1-0
Brick.Mansions.2014__#01-18-33_01-19-39_label_B4-B1-0__2.npy,B4-B1-0
Brick.Mansions.2014__#01-18-33_01-19-39_label_B4-B1-0__3.npy,B4-B1-0
Brick.Mansions.2014__#01-18-33_01-19-39_label_B4-B1-0__4.npy,B4-B1-0
Brick.Mansions.2014__#01-18-33_01-19-39_label_B4-B1-0__5.npy,B4-B1-0
Brick.Mansions.2014__#01-18-33_01-19-39_label_B4-B1-0__6.npy,B4-B1-0
Brick.Mansions.2014__#01-18-33_01-19-39_label_B4-B1-0__7.npy,B4-B1-0
Brick.Mansions.2014__#01-18-33_01-19-39_label_B4-B1-0__8.npy,B4-B1-0
Brick.Mansions.2014__#01-18-33_01-19-39_label_B4-B1-0__9.npy,B4-B1-0
Deadpool.2.2018__#0-14-23_0-16-20_label_B1-B2-0__0.npy,B1-B2-0
Deadpool.2.2018__#0-14-23_0-16-20_label_B1-B2-0__1.npy,B1-B2-0
Deadpool.2.2018__#0-14-23_0-16-20_label_B1-B2-0__2.npy,B1-B2-0
Deadpool.2.2018__#0-14-23_0-16-20_label_B1-B2-0__3.npy,B1-B2-0
Deadpool.2.2018__#0-14-23_0-16-20_label_B1-B2-0__4.npy,B1-B2-0
Deadpool.2.2018__#0-14-23_0-16-20_label_B1-B2-0__5.npy,B1-B2-0
Deadpool.2.2018__#0-14-23_0-16-20_label_B1-B2-0__6.npy,B1-B2-0
Deadpool.2.2018__#0-14-23_0-16-20_label_B1-B2-0__7.npy,B1-B2-0
Deadpool.2.2018__#0-14-23_0-16-20_label_B1-B2-0__8.npy,B1-B2-0
Deadpool.2.2018__#0-14-23_0-16-20_label_B1-B2-0__9.npy,B1-B2-0
Kingsman.The.Golden.Circle.2017__#00-01-40_00-04-51_label_B1-B2-B6__0.npy,B1-B2-B6
Kingsman.The.Golden.Circle.2017__#00-01-40_00-04-51_label_B1-B2-B6__1.npy,B1-B2-B6
Kingsman.The.Golden.Circle.2017__#00-01-40_00-04-51_label_B1-B2-B6__2.npy,B1-B2-B6
Kingsman.The.Golden.Circle.2017__#00-01-40_00-04-51_label_B1-B2-B6__3.npy,B1-B2-B6
Kingsman.The.Golden.Circle.2017__#00-01-40_00-04-51_label_B1-B2-B6__4.npy,B1-B2-B6
Kingsman.The.Golden.Circle.2017__#00-01-40_00-04-51_label_B1-B2-B6__5.npy,B1-B2-B6
Kingsman.The.Golden.Circle.2017__#00-01-40_00-04-51_label_B1-B2-B6__6.npy,B1-B2-B6
Kingsman.The.Golden.Circle.2017__#00-01-40_00-04-51_label_B1-B2-B6__7.npy,B1-B2-B6
Kingsman.The.Golden.Circle.2017__#00-01-40_00-04-51_label_B1-B2-B6__8.npy,B1-B2-B6
Kingsman.The.Golden.Circle.2017__#00-01-40_00-04-51_label_B1-B2-B6__9.npy,B1-B2-B6
Deadpool.2.2018__#0-55-12_0-56-27_label_B1-B2-0__0.npy,B1-B2-0
Deadpool.2.2018__#0-55-12_0-56-27_label_B1-B2-0__1.npy,B1-B2-0
Deadpool.2.2018__#0-55-12_0-56-27_label_B1-B2-0__2.npy,B1-B2-0
Deadpool.2.2018__#0-55-12_0-56-27_label_B1-B2-0__3.npy,B1-B2-0
Deadpool.2.2018__#0-55-12_0-56-27_label_B1-B2-0__4.npy,B1-B2-0
Deadpool.2.2018__#0-55-12_0-56-27_label_B1-B2-0__5.npy,B1-B2-0
Deadpool.2.2018__#0-55-12_0-56-27_label_B1-B2-0__6.npy,B1-B2-0
Deadpool.2.2018__#0-55-12_0-56-27_label_B1-B2-0__7.npy,B1-B2-0
Deadpool.2.2018__#0-55-12_0-56-27_label_B1-B2-0__8.npy,B1-B2-0
Deadpool.2.2018__#0-55-12_0-56-27_label_B1-B2-0__9.npy,B1-B2-0
Mission.Impossible.Fallout.2018__#01-29-00_01-31-50_label_B2-B1-0__0.npy,B2-B1-0
Mission.Impossible.Fallout.2018__#01-29-00_01-31-50_label_B2-B1-0__1.npy,B2-B1-0
Mission.Impossible.Fallout.2018__#01-29-00_01-31-50_label_B2-B1-0__2.npy,B2-B1-0
Mission.Impossible.Fallout.2018__#01-29-00_01-31-50_label_B2-B1-0__3.npy,B2-B1-0
Mission.Impossible.Fallout.2018__#01-29-00_01-31-50_label_B2-B1-0__4.npy,B2-B1-0
Mission.Impossible.Fallout.2018__#01-29-00_01-31-50_label_B2-B1-0__5.npy,B2-B1-0
Mission.Impossible.Fallout.2018__#01-29-00_01-31-50_label_B2-B1-0__6.npy,B2-B1-0
Mission.Impossible.Fallout.2018__#01-29-00_01-31-50_label_B2-B1-0__7.npy,B2-B1-0
Mission.Impossible.Fallout.2018__#01-29-00_01-31-50_label_B2-B1-0__8.npy,B2-B1-0
Mission.Impossible.Fallout.2018__#01-29-00_01-31-50_label_B2-B1-0__9.npy,B2-B1-0
Casino.Royale.2006__#00-02-13_00-03-13_label_B1-B2-0__0.npy,B1-B2-0
Casino.Royale.2006__#00-02-13_00-03-13_label_B1-B2-0__1.npy,B1-B2-0
Casino.Royale.2006__#00-02-13_00-03-13_label_B1-B2-0__2.npy,B1-B2-0
Casino.Royale.2006__#00-02-13_00-03-13_label_B1-B2-0__3.npy,B1-B2-0
Casino.Royale.2006__#00-02-13_00-03-13_label_B1-B2-0__4.npy,B1-B2-0
Casino.Royale.2006__#00-02-13_00-03-13_label_B1-B2-0__5.npy,B1-B2-0
Casino.Royale.2006__#00-02-13_00-03-13_label_B1-B2-0__6.npy,B1-B2-0
Casino.Royale.2006__#00-02-13_00-03-13_label_B1-B2-0__7.npy,B1-B2-0
Casino.Royale.2006__#00-02-13_00-03-13_label_B1-B2-0__8.npy,B1-B2-0
Casino.Royale.2006__#00-02-13_00-03-13_label_B1-B2-0__9.npy,B1-B2-0
Fast.Furious.6.2013__#01-44-00_01-46-40_label_B1-B2-0__0.npy,B1-B2-0
Fast.Furious.6.2013__#01-44-00_01-46-40_label_B1-B2-0__1.npy,B1-B2-0
Fast.Furious.6.2013__#01-44-00_01-46-40_label_B1-B2-0__2.npy,B1-B2-0
Fast.Furious.6.2013__#01-44-00_01-46-40_label_B1-B2-0__3.npy,B1-B2-0
Fast.Furious.6.2013__#01-44-00_01-46-40_label_B1-B2-0__4.npy,B1-B2-0
Fast.Furious.6.2013__#01-44-00_01-46-40_label_B1-B2-0__5.npy,B1-B2-0
Fast.Furious.6.2013__#01-44-00_01-46-40_label_B1-B2-0__6.npy,B1-B2-0
Fast.Furious.6.2013__#01-44-00_01-46-40_label_B1-B2-0__7.npy,B1-B2-0
Fast.Furious.6.2013__#01-44-00_01-46-40_label_B1-B2-0__8.npy,B1-B2-0
Fast.Furious.6.2013__#01-44-00_01-46-40_label_B1-B2-0__9.npy,B1-B2-0
Desperado.1995__#00-54-16_00-56-20_label_B1-B2-0__0.npy,B1-B2-0
Desperado.1995__#00-54-16_00-56-20_label_B1-B2-0__1.npy,B1-B2-0
Desperado.1995__#00-54-16_00-56-20_label_B1-B2-0__2.npy,B1-B2-0
Desperado.1995__#00-54-16_00-56-20_label_B1-B2-0__3.npy,B1-B2-0
Desperado.1995__#00-54-16_00-56-20_label_B1-B2-0__4.npy,B1-B2-0
Desperado.1995__#00-54-16_00-56-20_label_B1-B2-0__5.npy,B1-B2-0
Desperado.1995__#00-54-16_00-56-20_label_B1-B2-0__6.npy,B1-B2-0
Desperado.1995__#00-54-16_00-56-20_label_B1-B2-0__7.npy,B1-B2-0
Desperado.1995__#00-54-16_00-56-20_label_B1-B2-0__8.npy,B1-B2-0
Desperado.1995__#00-54-16_00-56-20_label_B1-B2-0__9.npy,B1-B2-0
Election.2005__#00-58-42_01-01-10_label_B1-B5-0__0.npy,B1-B5-0
Election.2005__#00-58-42_01-01-10_label_B1-B5-0__1.npy,B1-B5-0
Election.2005__#00-58-42_01-01-10_label_B1-B5-0__2.npy,B1-B5-0
Election.2005__#00-58-42_01-01-10_label_B1-B5-0__3.npy,B1-B5-0
Election.2005__#00-58-42_01-01-10_label_B1-B5-0__4.npy,B1-B5-0
Election.2005__#00-58-42_01-01-10_label_B1-B5-0__5.npy,B1-B5-0
Election.2005__#00-58-42_01-01-10_label_B1-B5-0__6.npy,B1-B5-0
Election.2005__#00-58-42_01-01-10_label_B1-B5-0__7.npy,B1-B5-0
Election.2005__#00-58-42_01-01-10_label_B1-B5-0__8.npy,B1-B5-0
Election.2005__#00-58-42_01-01-10_label_B1-B5-0__9.npy,B1-B5-0
Desperado.1995__#00-04-53_00-07-53_label_B1-B2-0__0.npy,B1-B2-0
Desperado.1995__#00-04-53_00-07-53_label_B1-B2-0__1.npy,B1-B2-0
Desperado.1995__#00-04-53_00-07-53_label_B1-B2-0__2.npy,B1-B2-0
Desperado.1995__#00-04-53_00-07-53_label_B1-B2-0__3.npy,B1-B2-0
Desperado.1995__#00-04-53_00-07-53_label_B1-B2-0__4.npy,B1-B2-0
Desperado.1995__#00-04-53_00-07-53_label_B1-B2-0__5.npy,B1-B2-0
Desperado.1995__#00-04-53_00-07-53_label_B1-B2-0__6.npy,B1-B2-0
Desperado.1995__#00-04-53_00-07-53_label_B1-B2-0__7.npy,B1-B2-0
Desperado.1995__#00-04-53_00-07-53_label_B1-B2-0__8.npy,B1-B2-0
Desperado.1995__#00-04-53_00-07-53_label_B1-B2-0__9.npy,B1-B2-0
Deadpool.2016__#01-24-30_01-24-40_label_B1-B2-0__0.npy,B1-B2-0
Deadpool.2016__#01-24-30_01-24-40_label_B1-B2-0__1.npy,B1-B2-0
Deadpool.2016__#01-24-30_01-24-40_label_B1-B2-0__2.npy,B1-B2-0
Deadpool.2016__#01-24-30_01-24-40_label_B1-B2-0__3.npy,B1-B2-0
Deadpool.2016__#01-24-30_01-24-40_label_B1-B2-0__4.npy,B1-B2-0
Deadpool.2016__#01-24-30_01-24-40_label_B1-B2-0__5.npy,B1-B2-0
Deadpool.2016__#01-24-30_01-24-40_label_B1-B2-0__6.npy,B1-B2-0
Deadpool.2016__#01-24-30_01-24-40_label_B1-B2-0__7.npy,B1-B2-0
Deadpool.2016__#01-24-30_01-24-40_label_B1-B2-0__8.npy,B1-B2-0
Deadpool.2016__#01-24-30_01-24-40_label_B1-B2-0__9.npy,B1-B2-0
Braveheart.1995__#00-41-00_00-44-30_label_B5-B1-0__0.npy,B5-B1-0
Braveheart.1995__#00-41-00_00-44-30_label_B5-B1-0__1.npy,B5-B1-0
Braveheart.1995__#00-41-00_00-44-30_label_B5-B1-0__2.npy,B5-B1-0
Braveheart.1995__#00-41-00_00-44-30_label_B5-B1-0__3.npy,B5-B1-0
Braveheart.1995__#00-41-00_00-44-30_label_B5-B1-0__4.npy,B5-B1-0
Braveheart.1995__#00-41-00_00-44-30_label_B5-B1-0__5.npy,B5-B1-0
Braveheart.1995__#00-41-00_00-44-30_label_B5-B1-0__6.npy,B5-B1-0
Braveheart.1995__#00-41-00_00-44-30_label_B5-B1-0__7.npy,B5-B1-0
Braveheart.1995__#00-41-00_00-44-30_label_B5-B1-0__8.npy,B5-B1-0
Braveheart.1995__#00-41-00_00-44-30_label_B5-B1-0__9.npy,B5-B1-0
Deadpool.2016__#01-02-43_01-03-01_label_B1-B2-0__0.npy,B1-B2-0
Deadpool.2016__#01-02-43_01-03-01_label_B1-B2-0__1.npy,B1-B2-0
Deadpool.2016__#01-02-43_01-03-01_label_B1-B2-0__2.npy,B1-B2-0
Deadpool.2016__#01-02-43_01-03-01_label_B1-B2-0__3.npy,B1-B2-0
Deadpool.2016__#01-02-43_01-03-01_label_B1-B2-0__4.npy,B1-B2-0
Deadpool.2016__#01-02-43_01-03-01_label_B1-B2-0__5.npy,B1-B2-0
Deadpool.2016__#01-02-43_01-03-01_label_B1-B2-0__6.npy,B1-B2-0
Deadpool.2016__#01-02-43_01-03-01_label_B1-B2-0__7.npy,B1-B2-0
Deadpool.2016__#01-02-43_01-03-01_label_B1-B2-0__8.npy,B1-B2-0
Deadpool.2016__#01-02-43_01-03-01_label_B1-B2-0__9.npy,B1-B2-0
Fast.Five.2011__#00-32-24_00-32-39_label_B1-B2-0__0.npy,B1-B2-0
Fast.Five.2011__#00-32-24_00-32-39_label_B1-B2-0__1.npy,B1-B2-0
Fast.Five.2011__#00-32-24_00-32-39_label_B1-B2-0__2.npy,B1-B2-0
Fast.Five.2011__#00-32-24_00-32-39_label_B1-B2-0__3.npy,B1-B2-0
Fast.Five.2011__#00-32-24_00-32-39_label_B1-B2-0__4.npy,B1-B2-0
Fast.Five.2011__#00-32-24_00-32-39_label_B1-B2-0__5.npy,B1-B2-0
Fast.Five.2011__#00-32-24_00-32-39_label_B1-B2-0__6.npy,B1-B2-0
Fast.Five.2011__#00-32-24_00-32-39_label_B1-B2-0__7.npy,B1-B2-0
Fast.Five.2011__#00-32-24_00-32-39_label_B1-B2-0__8.npy,B1-B2-0
Fast.Five.2011__#00-32-24_00-32-39_label_B1-B2-0__9.npy,B1-B2-0
Taken.Extended.Cut.2008__#00-47-30_00-48-36_label_B1-B2-0__0.npy,B1-B2-0
Taken.Extended.Cut.2008__#00-47-30_00-48-36_label_B1-B2-0__1.npy,B1-B2-0
Taken.Extended.Cut.2008__#00-47-30_00-48-36_label_B1-B2-0__2.npy,B1-B2-0
Taken.Extended.Cut.2008__#00-47-30_00-48-36_label_B1-B2-0__3.npy,B1-B2-0
Taken.Extended.Cut.2008__#00-47-30_00-48-36_label_B1-B2-0__4.npy,B1-B2-0
Taken.Extended.Cut.2008__#00-47-30_00-48-36_label_B1-B2-0__5.npy,B1-B2-0
Taken.Extended.Cut.2008__#00-47-30_00-48-36_label_B1-B2-0__6.npy,B1-B2-0
Taken.Extended.Cut.2008__#00-47-30_00-48-36_label_B1-B2-0__7.npy,B1-B2-0
Taken.Extended.Cut.2008__#00-47-30_00-48-36_label_B1-B2-0__8.npy,B1-B2-0
Taken.Extended.Cut.2008__#00-47-30_00-48-36_label_B1-B2-0__9.npy,B1-B2-0
Taken.Extended.Cut.2008__#01-02-00_01-02-50_label_B1-B2-0__0.npy,B1-B2-0
Taken.Extended.Cut.2008__#01-02-00_01-02-50_label_B1-B2-0__1.npy,B1-B2-0
Taken.Extended.Cut.2008__#01-02-00_01-02-50_label_B1-B2-0__2.npy,B1-B2-0
Taken.Extended.Cut.2008__#01-02-00_01-02-50_label_B1-B2-0__3.npy,B1-B2-0
Taken.Extended.Cut.2008__#01-02-00_01-02-50_label_B1-B2-0__4.npy,B1-B2-0
Taken.Extended.Cut.2008__#01-02-00_01-02-50_label_B1-B2-0__5.npy,B1-B2-0
Taken.Extended.Cut.2008__#01-02-00_01-02-50_label_B1-B2-0__6.npy,B1-B2-0
Taken.Extended.Cut.2008__#01-02-00_01-02-50_label_B1-B2-0__7.npy,B1-B2-0
Taken.Extended.Cut.2008__#01-02-00_01-02-50_label_B1-B2-0__8.npy,B1-B2-0
Taken.Extended.Cut.2008__#01-02-00_01-02-50_label_B1-B2-0__9.npy,B1-B2-0
Taken.Extended.Cut.2008__#00-36-58_00-37-40_label_B1-B5-0__0.npy,B1-B5-0
Taken.Extended.Cut.2008__#00-36-58_00-37-40_label_B1-B5-0__1.npy,B1-B5-0
Taken.Extended.Cut.2008__#00-36-58_00-37-40_label_B1-B5-0__2.npy,B1-B5-0
Taken.Extended.Cut.2008__#00-36-58_00-37-40_label_B1-B5-0__3.npy,B1-B5-0
Taken.Extended.Cut.2008__#00-36-58_00-37-40_label_B1-B5-0__4.npy,B1-B5-0
Taken.Extended.Cut.2008__#00-36-58_00-37-40_label_B1-B5-0__5.npy,B1-B5-0
Taken.Extended.Cut.2008__#00-36-58_00-37-40_label_B1-B5-0__6.npy,B1-B5-0
Taken.Extended.Cut.2008__#00-36-58_00-37-40_label_B1-B5-0__7.npy,B1-B5-0
Taken.Extended.Cut.2008__#00-36-58_00-37-40_label_B1-B5-0__8.npy,B1-B5-0
Taken.Extended.Cut.2008__#00-36-58_00-37-40_label_B1-B5-0__9.npy,B1-B5-0
Taken.Extended.Cut.2008__#01-23-23_01-24-18_label_B2-B1-0__0.npy,B2-B1-0
Taken.Extended.Cut.2008__#01-23-23_01-24-18_label_B2-B1-0__1.npy,B2-B1-0
Taken.Extended.Cut.2008__#01-23-23_01-24-18_label_B2-B1-0__2.npy,B2-B1-0
Taken.Extended.Cut.2008__#01-23-23_01-24-18_label_B2-B1-0__3.npy,B2-B1-0
Taken.Extended.Cut.2008__#01-23-23_01-24-18_label_B2-B1-0__4.npy,B2-B1-0
Taken.Extended.Cut.2008__#01-23-23_01-24-18_label_B2-B1-0__5.npy,B2-B1-0
Taken.Extended.Cut.2008__#01-23-23_01-24-18_label_B2-B1-0__6.npy,B2-B1-0
Taken.Extended.Cut.2008__#01-23-23_01-24-18_label_B2-B1-0__7.npy,B2-B1-0
Taken.Extended.Cut.2008__#01-23-23_01-24-18_label_B2-B1-0__8.npy,B2-B1-0
Taken.Extended.Cut.2008__#01-23-23_01-24-18_label_B2-B1-0__9.npy,B2-B1-0
Quantum.Of.Solace.2008__#01-30-50_01-31-10_label_B1-G-0__0.npy,B1-G-0
Quantum.Of.Solace.2008__#01-30-50_01-31-10_label_B1-G-0__1.npy,B1-G-0
Quantum.Of.Solace.2008__#01-30-50_01-31-10_label_B1-G-0__2.npy,B1-G-0
Quantum.Of.Solace.2008__#01-30-50_01-31-10_label_B1-G-0__3.npy,B1-G-0
Quantum.Of.Solace.2008__#01-30-50_01-31-10_label_B1-G-0__4.npy,B1-G-0
Quantum.Of.Solace.2008__#01-30-50_01-31-10_label_B1-G-0__5.npy,B1-G-0
Quantum.Of.Solace.2008__#01-30-50_01-31-10_label_B1-G-0__6.npy,B1-G-0
Quantum.Of.Solace.2008__#01-30-50_01-31-10_label_B1-G-0__7.npy,B1-G-0
Quantum.Of.Solace.2008__#01-30-50_01-31-10_label_B1-G-0__8.npy,B1-G-0
Quantum.Of.Solace.2008__#01-30-50_01-31-10_label_B1-G-0__9.npy,B1-G-0
Salt.2010__#01-26-40_01-28-10_label_B2-B1-B5__0.npy,B2-B1-B5
Salt.2010__#01-26-40_01-28-10_label_B2-B1-B5__1.npy,B2-B1-B5
Salt.2010__#01-26-40_01-28-10_label_B2-B1-B5__2.npy,B2-B1-B5
Salt.2010__#01-26-40_01-28-10_label_B2-B1-B5__3.npy,B2-B1-B5
Salt.2010__#01-26-40_01-28-10_label_B2-B1-B5__4.npy,B2-B1-B5
Salt.2010__#01-26-40_01-28-10_label_B2-B1-B5__5.npy,B2-B1-B5
Salt.2010__#01-26-40_01-28-10_label_B2-B1-B5__6.npy,B2-B1-B5
Salt.2010__#01-26-40_01-28-10_label_B2-B1-B5__7.npy,B2-B1-B5
Salt.2010__#01-26-40_01-28-10_label_B2-B1-B5__8.npy,B2-B1-B5
Salt.2010__#01-26-40_01-28-10_label_B2-B1-B5__9.npy,B2-B1-B5
Sin.City.2005__#0-29-56_0-30-21_label_B1-B2-0__0.npy,B1-B2-0
Sin.City.2005__#0-29-56_0-30-21_label_B1-B2-0__1.npy,B1-B2-0
Sin.City.2005__#0-29-56_0-30-21_label_B1-B2-0__2.npy,B1-B2-0
Sin.City.2005__#0-29-56_0-30-21_label_B1-B2-0__3.npy,B1-B2-0
Sin.City.2005__#0-29-56_0-30-21_label_B1-B2-0__4.npy,B1-B2-0
Sin.City.2005__#0-29-56_0-30-21_label_B1-B2-0__5.npy,B1-B2-0
Sin.City.2005__#0-29-56_0-30-21_label_B1-B2-0__6.npy,B1-B2-0
Sin.City.2005__#0-29-56_0-30-21_label_B1-B2-0__7.npy,B1-B2-0
Sin.City.2005__#0-29-56_0-30-21_label_B1-B2-0__8.npy,B1-B2-0
Sin.City.2005__#0-29-56_0-30-21_label_B1-B2-0__9.npy,B1-B2-0
The.Bourne.Legacy.2012__#01-51-56_01-52-14_label_B1-B2-0__0.npy,B1-B2-0
The.Bourne.Legacy.2012__#01-51-56_01-52-14_label_B1-B2-0__1.npy,B1-B2-0
The.Bourne.Legacy.2012__#01-51-56_01-52-14_label_B1-B2-0__2.npy,B1-B2-0
The.Bourne.Legacy.2012__#01-51-56_01-52-14_label_B1-B2-0__3.npy,B1-B2-0
The.Bourne.Legacy.2012__#01-51-56_01-52-14_label_B1-B2-0__4.npy,B1-B2-0
The.Bourne.Legacy.2012__#01-51-56_01-52-14_label_B1-B2-0__5.npy,B1-B2-0
The.Bourne.Legacy.2012__#01-51-56_01-52-14_label_B1-B2-0__6.npy,B1-B2-0
The.Bourne.Legacy.2012__#01-51-56_01-52-14_label_B1-B2-0__7.npy,B1-B2-0
The.Bourne.Legacy.2012__#01-51-56_01-52-14_label_B1-B2-0__8.npy,B1-B2-0
The.Bourne.Legacy.2012__#01-51-56_01-52-14_label_B1-B2-0__9.npy,B1-B2-0
Rush.Hour.1998.BluRay__#00-44-45_00-46-42_label_B1-B2-0__0.npy,B1-B2-0
Rush.Hour.1998.BluRay__#00-44-45_00-46-42_label_B1-B2-0__1.npy,B1-B2-0
Rush.Hour.1998.BluRay__#00-44-45_00-46-42_label_B1-B2-0__2.npy,B1-B2-0
Rush.Hour.1998.BluRay__#00-44-45_00-46-42_label_B1-B2-0__3.npy,B1-B2-0
Rush.Hour.1998.BluRay__#00-44-45_00-46-42_label_B1-B2-0__4.npy,B1-B2-0
Rush.Hour.1998.BluRay__#00-44-45_00-46-42_label_B1-B2-0__5.npy,B1-B2-0
Rush.Hour.1998.BluRay__#00-44-45_00-46-42_label_B1-B2-0__6.npy,B1-B2-0
Rush.Hour.1998.BluRay__#00-44-45_00-46-42_label_B1-B2-0__7.npy,B1-B2-0
Rush.Hour.1998.BluRay__#00-44-45_00-46-42_label_B1-B2-0__8.npy,B1-B2-0
Rush.Hour.1998.BluRay__#00-44-45_00-46-42_label_B1-B2-0__9.npy,B1-B2-0
Taken.2.UNRATED.EXTENDED.2012__#00-33-20_00-35-00_label_B1-B2-0__0.npy,B1-B2-0
Taken.2.UNRATED.EXTENDED.2012__#00-33-20_00-35-00_label_B1-B2-0__1.npy,B1-B2-0
Taken.2.UNRATED.EXTENDED.2012__#00-33-20_00-35-00_label_B1-B2-0__2.npy,B1-B2-0
Taken.2.UNRATED.EXTENDED.2012__#00-33-20_00-35-00_label_B1-B2-0__3.npy,B1-B2-0
Taken.2.UNRATED.EXTENDED.2012__#00-33-20_00-35-00_label_B1-B2-0__4.npy,B1-B2-0
Taken.2.UNRATED.EXTENDED.2012__#00-33-20_00-35-00_label_B1-B2-0__5.npy,B1-B2-0
Taken.2.UNRATED.EXTENDED.2012__#00-33-20_00-35-00_label_B1-B2-0__6.npy,B1-B2-0
Taken.2.UNRATED.EXTENDED.2012__#00-33-20_00-35-00_label_B1-B2-0__7.npy,B1-B2-0
Taken.2.UNRATED.EXTENDED.2012__#00-33-20_00-35-00_label_B1-B2-0__8.npy,B1-B2-0
Taken.2.UNRATED.EXTENDED.2012__#00-33-20_00-35-00_label_B1-B2-0__9.npy,B1-B2-0
Spectre.2015__#00-09-25_00-12-10_label_B1-B2-0__0.npy,B1-B2-0
Spectre.2015__#00-09-25_00-12-10_label_B1-B2-0__1.npy,B1-B2-0
Spectre.2015__#00-09-25_00-12-10_label_B1-B2-0__2.npy,B1-B2-0
Spectre.2015__#00-09-25_00-12-10_label_B1-B2-0__3.npy,B1-B2-0
Spectre.2015__#00-09-25_00-12-10_label_B1-B2-0__4.npy,B1-B2-0
Spectre.2015__#00-09-25_00-12-10_label_B1-B2-0__5.npy,B1-B2-0
Spectre.2015__#00-09-25_00-12-10_label_B1-B2-0__6.npy,B1-B2-0
Spectre.2015__#00-09-25_00-12-10_label_B1-B2-0__7.npy,B1-B2-0
Spectre.2015__#00-09-25_00-12-10_label_B1-B2-0__8.npy,B1-B2-0
Spectre.2015__#00-09-25_00-12-10_label_B1-B2-0__9.npy,B1-B2-0
Taken.3.2014__#01-11-58_01-12-45_label_B1-B2-0__0.npy,B1-B2-0
Taken.3.2014__#01-11-58_01-12-45_label_B1-B2-0__1.npy,B1-B2-0
Taken.3.2014__#01-11-58_01-12-45_label_B1-B2-0__2.npy,B1-B2-0
Taken.3.2014__#01-11-58_01-12-45_label_B1-B2-0__3.npy,B1-B2-0
Taken.3.2014__#01-11-58_01-12-45_label_B1-B2-0__4.npy,B1-B2-0
Taken.3.2014__#01-11-58_01-12-45_label_B1-B2-0__5.npy,B1-B2-0
Taken.3.2014__#01-11-58_01-12-45_label_B1-B2-0__6.npy,B1-B2-0
Taken.3.2014__#01-11-58_01-12-45_label_B1-B2-0__7.npy,B1-B2-0
Taken.3.2014__#01-11-58_01-12-45_label_B1-B2-0__8.npy,B1-B2-0
Taken.3.2014__#01-11-58_01-12-45_label_B1-B2-0__9.npy,B1-B2-0
Skyfall.2012__#00-09-55_00-12-10_label_B1-B2-0__0.npy,B1-B2-0
Skyfall.2012__#00-09-55_00-12-10_label_B1-B2-0__1.npy,B1-B2-0
Skyfall.2012__#00-09-55_00-12-10_label_B1-B2-0__2.npy,B1-B2-0
Skyfall.2012__#00-09-55_00-12-10_label_B1-B2-0__3.npy,B1-B2-0
Skyfall.2012__#00-09-55_00-12-10_label_B1-B2-0__4.npy,B1-B2-0
Skyfall.2012__#00-09-55_00-12-10_label_B1-B2-0__5.npy,B1-B2-0
Skyfall.2012__#00-09-55_00-12-10_label_B1-B2-0__6.npy,B1-B2-0
Skyfall.2012__#00-09-55_00-12-10_label_B1-B2-0__7.npy,B1-B2-0
Skyfall.2012__#00-09-55_00-12-10_label_B1-B2-0__8.npy,B1-B2-0
Skyfall.2012__#00-09-55_00-12-10_label_B1-B2-0__9.npy,B1-B2-0
Taken.2.UNRATED.EXTENDED.2012__#01-22-20_01-24-40_label_B1-B2-0__0.npy,B1-B2-0
Taken.2.UNRATED.EXTENDED.2012__#01-22-20_01-24-40_label_B1-B2-0__1.npy,B1-B2-0
Taken.2.UNRATED.EXTENDED.2012__#01-22-20_01-24-40_label_B1-B2-0__2.npy,B1-B2-0
Taken.2.UNRATED.EXTENDED.2012__#01-22-20_01-24-40_label_B1-B2-0__3.npy,B1-B2-0
Taken.2.UNRATED.EXTENDED.2012__#01-22-20_01-24-40_label_B1-B2-0__4.npy,B1-B2-0
Taken.2.UNRATED.EXTENDED.2012__#01-22-20_01-24-40_label_B1-B2-0__5.npy,B1-B2-0
Taken.2.UNRATED.EXTENDED.2012__#01-22-20_01-24-40_label_B1-B2-0__6.npy,B1-B2-0
Taken.2.UNRATED.EXTENDED.2012__#01-22-20_01-24-40_label_B1-B2-0__7.npy,B1-B2-0
Taken.2.UNRATED.EXTENDED.2012__#01-22-20_01-24-40_label_B1-B2-0__8.npy,B1-B2-0
Taken.2.UNRATED.EXTENDED.2012__#01-22-20_01-24-40_label_B1-B2-0__9.npy,B1-B2-0
Salt.2010__#01-17-50_01-18-14_label_B1-B2-B5__0.npy,B1-B2-B5
Salt.2010__#01-17-50_01-18-14_label_B1-B2-B5__1.npy,B1-B2-B5
Salt.2010__#01-17-50_01-18-14_label_B1-B2-B5__2.npy,B1-B2-B5
Salt.2010__#01-17-50_01-18-14_label_B1-B2-B5__3.npy,B1-B2-B5
Salt.2010__#01-17-50_01-18-14_label_B1-B2-B5__4.npy,B1-B2-B5
Salt.2010__#01-17-50_01-18-14_label_B1-B2-B5__5.npy,B1-B2-B5
Salt.2010__#01-17-50_01-18-14_label_B1-B2-B5__6.npy,B1-B2-B5
Salt.2010__#01-17-50_01-18-14_label_B1-B2-B5__7.npy,B1-B2-B5
Salt.2010__#01-17-50_01-18-14_label_B1-B2-B5__8.npy,B1-B2-B5
Salt.2010__#01-17-50_01-18-14_label_B1-B2-B5__9.npy,B1-B2-B5
Salt.2010__#00-50-40_00-51-15_label_B1-B2-0__0.npy,B1-B2-0
Salt.2010__#00-50-40_00-51-15_label_B1-B2-0__1.npy,B1-B2-0
Salt.2010__#00-50-40_00-51-15_label_B1-B2-0__2.npy,B1-B2-0
Salt.2010__#00-50-40_00-51-15_label_B1-B2-0__3.npy,B1-B2-0
Salt.2010__#00-50-40_00-51-15_label_B1-B2-0__4.npy,B1-B2-0
Salt.2010__#00-50-40_00-51-15_label_B1-B2-0__5.npy,B1-B2-0
Salt.2010__#00-50-40_00-51-15_label_B1-B2-0__6.npy,B1-B2-0
Salt.2010__#00-50-40_00-51-15_label_B1-B2-0__7.npy,B1-B2-0
Salt.2010__#00-50-40_00-51-15_label_B1-B2-0__8.npy,B1-B2-0
Salt.2010__#00-50-40_00-51-15_label_B1-B2-0__9.npy,B1-B2-0
Taken.2.UNRATED.EXTENDED.2012__#01-19-00_01-21-20_label_B2-B1-0__0.npy,B2-B1-0
Taken.2.UNRATED.EXTENDED.2012__#01-19-00_01-21-20_label_B2-B1-0__1.npy,B2-B1-0
Taken.2.UNRATED.EXTENDED.2012__#01-19-00_01-21-20_label_B2-B1-0__2.npy,B2-B1-0
Taken.2.UNRATED.EXTENDED.2012__#01-19-00_01-21-20_label_B2-B1-0__3.npy,B2-B1-0
Taken.2.UNRATED.EXTENDED.2012__#01-19-00_01-21-20_label_B2-B1-0__4.npy,B2-B1-0
Taken.2.UNRATED.EXTENDED.2012__#01-19-00_01-21-20_label_B2-B1-0__5.npy,B2-B1-0
Taken.2.UNRATED.EXTENDED.2012__#01-19-00_01-21-20_label_B2-B1-0__6.npy,B2-B1-0
Taken.2.UNRATED.EXTENDED.2012__#01-19-00_01-21-20_label_B2-B1-0__7.npy,B2-B1-0
Taken.2.UNRATED.EXTENDED.2012__#01-19-00_01-21-20_label_B2-B1-0__8.npy,B2-B1-0
Taken.2.UNRATED.EXTENDED.2012__#01-19-00_01-21-20_label_B2-B1-0__9.npy,B2-B1-0
v=uO9coydHA3k__#1_label_B1-B2-0__0.npy,B1-B2-0
v=uO9coydHA3k__#1_label_B1-B2-0__1.npy,B1-B2-0
v=uO9coydHA3k__#1_label_B1-B2-0__2.npy,B1-B2-0
v=uO9coydHA3k__#1_label_B1-B2-0__3.npy,B1-B2-0
v=uO9coydHA3k__#1_label_B1-B2-0__4.npy,B1-B2-0
v=uO9coydHA3k__#1_label_B1-B2-0__5.npy,B1-B2-0
v=uO9coydHA3k__#1_label_B1-B2-0__6.npy,B1-B2-0
v=uO9coydHA3k__#1_label_B1-B2-0__7.npy,B1-B2-0
v=uO9coydHA3k__#1_label_B1-B2-0__8.npy,B1-B2-0
v=uO9coydHA3k__#1_label_B1-B2-0__9.npy,B1-B2-0
wangted.2008__#0-49-52_0-50-47_label_B1-B5-0__0.npy,B1-B5-0
wangted.2008__#0-49-52_0-50-47_label_B1-B5-0__1.npy,B1-B5-0
wangted.2008__#0-49-52_0-50-47_label_B1-B5-0__2.npy,B1-B5-0
wangted.2008__#0-49-52_0-50-47_label_B1-B5-0__3.npy,B1-B5-0
wangted.2008__#0-49-52_0-50-47_label_B1-B5-0__4.npy,B1-B5-0
wangted.2008__#0-49-52_0-50-47_label_B1-B5-0__5.npy,B1-B5-0
wangted.2008__#0-49-52_0-50-47_label_B1-B5-0__6.npy,B1-B5-0
wangted.2008__#0-49-52_0-50-47_label_B1-B5-0__7.npy,B1-B5-0
wangted.2008__#0-49-52_0-50-47_label_B1-B5-0__8.npy,B1-B5-0
wangted.2008__#0-49-52_0-50-47_label_B1-B5-0__9.npy,B1-B5-0
wangted.2008__#01-14-14_01-18-27_label_B1-B2-B6__0.npy,B1-B2-B6
wangted.2008__#01-14-14_01-18-27_label_B1-B2-B6__1.npy,B1-B2-B6
wangted.2008__#01-14-14_01-18-27_label_B1-B2-B6__2.npy,B1-B2-B6
wangted.2008__#01-14-14_01-18-27_label_B1-B2-B6__3.npy,B1-B2-B6
wangted.2008__#01-14-14_01-18-27_label_B1-B2-B6__4.npy,B1-B2-B6
wangted.2008__#01-14-14_01-18-27_label_B1-B2-B6__5.npy,B1-B2-B6
wangted.2008__#01-14-14_01-18-27_label_B1-B2-B6__6.npy,B1-B2-B6
wangted.2008__#01-14-14_01-18-27_label_B1-B2-B6__7.npy,B1-B2-B6
wangted.2008__#01-14-14_01-18-27_label_B1-B2-B6__8.npy,B1-B2-B6
wangted.2008__#01-14-14_01-18-27_label_B1-B2-B6__9.npy,B1-B2-B6
v=KCQwe_AMo74__#1_label_A__0.npy,A
v=KCQwe_AMo74__#1_label_A__1.npy,A
v=KCQwe_AMo74__#1_label_A__2.npy,A
v=KCQwe_AMo74__#1_label_A__3.npy,A
v=KCQwe_AMo74__#1_label_A__4.npy,A
v=KCQwe_AMo74__#1_label_A__5.npy,A
v=KCQwe_AMo74__#1_label_A__6.npy,A
v=KCQwe_AMo74__#1_label_A__7.npy,A
v=KCQwe_AMo74__#1_label_A__8.npy,A
v=KCQwe_AMo74__#1_label_A__9.npy,A
v=jdK0UgRYK44__#1_label_A__0.npy,A
v=jdK0UgRYK44__#1_label_A__1.npy,A
v=jdK0UgRYK44__#1_label_A__2.npy,A
v=jdK0UgRYK44__#1_label_A__3.npy,A
v=jdK0UgRYK44__#1_label_A__4.npy,A
v=jdK0UgRYK44__#1_label_A__5.npy,A
v=jdK0UgRYK44__#1_label_A__6.npy,A
v=jdK0UgRYK44__#1_label_A__7.npy,A
v=jdK0UgRYK44__#1_label_A__8.npy,A
v=jdK0UgRYK44__#1_label_A__9.npy,A
v=yoRRwQne5O0__#1_label_A__0.npy,A
v=yoRRwQne5O0__#1_label_A__1.npy,A
v=yoRRwQne5O0__#1_label_A__2.npy,A
v=yoRRwQne5O0__#1_label_A__3.npy,A
v=yoRRwQne5O0__#1_label_A__4.npy,A
v=yoRRwQne5O0__#1_label_A__5.npy,A
v=yoRRwQne5O0__#1_label_A__6.npy,A
v=yoRRwQne5O0__#1_label_A__7.npy,A
v=yoRRwQne5O0__#1_label_A__8.npy,A
v=yoRRwQne5O0__#1_label_A__9.npy,A
Lord.of.War__#01-49-07_01-49-58_label_A__0.npy,A
Lord.of.War__#01-49-07_01-49-58_label_A__1.npy,A
Lord.of.War__#01-49-07_01-49-58_label_A__2.npy,A
Lord.of.War__#01-49-07_01-49-58_label_A__3.npy,A
Lord.of.War__#01-49-07_01-49-58_label_A__4.npy,A
Lord.of.War__#01-49-07_01-49-58_label_A__5.npy,A
Lord.of.War__#01-49-07_01-49-58_label_A__6.npy,A
Lord.of.War__#01-49-07_01-49-58_label_A__7.npy,A
Lord.of.War__#01-49-07_01-49-58_label_A__8.npy,A
Lord.of.War__#01-49-07_01-49-58_label_A__9.npy,A
v=YNYqmXkTxA8__#1_label_A__0.npy,A
v=YNYqmXkTxA8__#1_label_A__1.npy,A
v=YNYqmXkTxA8__#1_label_A__2.npy,A
v=YNYqmXkTxA8__#1_label_A__3.npy,A
v=YNYqmXkTxA8__#1_label_A__4.npy,A
v=YNYqmXkTxA8__#1_label_A__5.npy,A
v=YNYqmXkTxA8__#1_label_A__6.npy,A
v=YNYqmXkTxA8__#1_label_A__7.npy,A
v=YNYqmXkTxA8__#1_label_A__8.npy,A
v=YNYqmXkTxA8__#1_label_A__9.npy,A
v=jfjfzKf85Ac__#1_label_A__0.npy,A
v=jfjfzKf85Ac__#1_label_A__1.npy,A
v=jfjfzKf85Ac__#1_label_A__2.npy,A
v=jfjfzKf85Ac__#1_label_A__3.npy,A
v=jfjfzKf85Ac__#1_label_A__4.npy,A
v=jfjfzKf85Ac__#1_label_A__5.npy,A
v=jfjfzKf85Ac__#1_label_A__6.npy,A
v=jfjfzKf85Ac__#1_label_A__7.npy,A
v=jfjfzKf85Ac__#1_label_A__8.npy,A
v=jfjfzKf85Ac__#1_label_A__9.npy,A
v=vFPQ_NiDBIU__#02-06-00_02-12-00_label_A__0.npy,A
v=vFPQ_NiDBIU__#02-06-00_02-12-00_label_A__1.npy,A
v=vFPQ_NiDBIU__#02-06-00_02-12-00_label_A__2.npy,A
v=vFPQ_NiDBIU__#02-06-00_02-12-00_label_A__3.npy,A
v=vFPQ_NiDBIU__#02-06-00_02-12-00_label_A__4.npy,A
v=vFPQ_NiDBIU__#02-06-00_02-12-00_label_A__5.npy,A
v=vFPQ_NiDBIU__#02-06-00_02-12-00_label_A__6.npy,A
v=vFPQ_NiDBIU__#02-06-00_02-12-00_label_A__7.npy,A
v=vFPQ_NiDBIU__#02-06-00_02-12-00_label_A__8.npy,A
v=vFPQ_NiDBIU__#02-06-00_02-12-00_label_A__9.npy,A
The.Bourne.Ultimatum.2007__#0-46-12_0-48-39_label_A__0.npy,A
The.Bourne.Ultimatum.2007__#0-46-12_0-48-39_label_A__1.npy,A
The.Bourne.Ultimatum.2007__#0-46-12_0-48-39_label_A__2.npy,A
The.Bourne.Ultimatum.2007__#0-46-12_0-48-39_label_A__3.npy,A
The.Bourne.Ultimatum.2007__#0-46-12_0-48-39_label_A__4.npy,A
The.Bourne.Ultimatum.2007__#0-46-12_0-48-39_label_A__5.npy,A
The.Bourne.Ultimatum.2007__#0-46-12_0-48-39_label_A__6.npy,A
The.Bourne.Ultimatum.2007__#0-46-12_0-48-39_label_A__7.npy,A
The.Bourne.Ultimatum.2007__#0-46-12_0-48-39_label_A__8.npy,A
The.Bourne.Ultimatum.2007__#0-46-12_0-48-39_label_A__9.npy,A
Rush.Hour.1998.BluRay__#00-04-03_00-05-26_label_A__0.npy,A
Rush.Hour.1998.BluRay__#00-04-03_00-05-26_label_A__1.npy,A
Rush.Hour.1998.BluRay__#00-04-03_00-05-26_label_A__2.npy,A
Rush.Hour.1998.BluRay__#00-04-03_00-05-26_label_A__3.npy,A
Rush.Hour.1998.BluRay__#00-04-03_00-05-26_label_A__4.npy,A
Rush.Hour.1998.BluRay__#00-04-03_00-05-26_label_A__5.npy,A
Rush.Hour.1998.BluRay__#00-04-03_00-05-26_label_A__6.npy,A
Rush.Hour.1998.BluRay__#00-04-03_00-05-26_label_A__7.npy,A
Rush.Hour.1998.BluRay__#00-04-03_00-05-26_label_A__8.npy,A
Rush.Hour.1998.BluRay__#00-04-03_00-05-26_label_A__9.npy,A
The.Intouchables.2011__#01-03-30_01-15-33_label_A__0.npy,A
The.Intouchables.2011__#01-03-30_01-15-33_label_A__1.npy,A
The.Intouchables.2011__#01-03-30_01-15-33_label_A__2.npy,A
The.Intouchables.2011__#01-03-30_01-15-33_label_A__3.npy,A
The.Intouchables.2011__#01-03-30_01-15-33_label_A__4.npy,A
The.Intouchables.2011__#01-03-30_01-15-33_label_A__5.npy,A
The.Intouchables.2011__#01-03-30_01-15-33_label_A__6.npy,A
The.Intouchables.2011__#01-03-30_01-15-33_label_A__7.npy,A
The.Intouchables.2011__#01-03-30_01-15-33_label_A__8.npy,A
The.Intouchables.2011__#01-03-30_01-15-33_label_A__9.npy,A
v=mH7EmmgSZQE__#1_label_A__0.npy,A
v=mH7EmmgSZQE__#1_label_A__1.npy,A
v=mH7EmmgSZQE__#1_label_A__2.npy,A
v=mH7EmmgSZQE__#1_label_A__3.npy,A
v=mH7EmmgSZQE__#1_label_A__4.npy,A
v=mH7EmmgSZQE__#1_label_A__5.npy,A
v=mH7EmmgSZQE__#1_label_A__6.npy,A
v=mH7EmmgSZQE__#1_label_A__7.npy,A
v=mH7EmmgSZQE__#1_label_A__8.npy,A
v=mH7EmmgSZQE__#1_label_A__9.npy,A
v=OyvATvirHxM__#1_label_A__0.npy,A
v=OyvATvirHxM__#1_label_A__1.npy,A
v=OyvATvirHxM__#1_label_A__2.npy,A
v=OyvATvirHxM__#1_label_A__3.npy,A
v=OyvATvirHxM__#1_label_A__4.npy,A
v=OyvATvirHxM__#1_label_A__5.npy,A
v=OyvATvirHxM__#1_label_A__6.npy,A
v=OyvATvirHxM__#1_label_A__7.npy,A
v=OyvATvirHxM__#1_label_A__8.npy,A
v=OyvATvirHxM__#1_label_A__9.npy,A
About.Time.2013__#01-09-30_01-16-59_label_A__0.npy,A
About.Time.2013__#01-09-30_01-16-59_label_A__1.npy,A
About.Time.2013__#01-09-30_01-16-59_label_A__2.npy,A
About.Time.2013__#01-09-30_01-16-59_label_A__3.npy,A
About.Time.2013__#01-09-30_01-16-59_label_A__4.npy,A
About.Time.2013__#01-09-30_01-16-59_label_A__5.npy,A
About.Time.2013__#01-09-30_01-16-59_label_A__6.npy,A
About.Time.2013__#01-09-30_01-16-59_label_A__7.npy,A
About.Time.2013__#01-09-30_01-16-59_label_A__8.npy,A
About.Time.2013__#01-09-30_01-16-59_label_A__9.npy,A
The.Pursuit.of.Happyness.2006__#01-02-18_01-03-10_label_A__0.npy,A
The.Pursuit.of.Happyness.2006__#01-02-18_01-03-10_label_A__1.npy,A
The.Pursuit.of.Happyness.2006__#01-02-18_01-03-10_label_A__2.npy,A
The.Pursuit.of.Happyness.2006__#01-02-18_01-03-10_label_A__3.npy,A
The.Pursuit.of.Happyness.2006__#01-02-18_01-03-10_label_A__4.npy,A
The.Pursuit.of.Happyness.2006__#01-02-18_01-03-10_label_A__5.npy,A
The.Pursuit.of.Happyness.2006__#01-02-18_01-03-10_label_A__6.npy,A
The.Pursuit.of.Happyness.2006__#01-02-18_01-03-10_label_A__7.npy,A
The.Pursuit.of.Happyness.2006__#01-02-18_01-03-10_label_A__8.npy,A
The.Pursuit.of.Happyness.2006__#01-02-18_01-03-10_label_A__9.npy,A
v=KBC_eeJriw4__#1_label_A__0.npy,A
v=KBC_eeJriw4__#1_label_A__1.npy,A
v=KBC_eeJriw4__#1_label_A__2.npy,A
v=KBC_eeJriw4__#1_label_A__3.npy,A
v=KBC_eeJriw4__#1_label_A__4.npy,A
v=KBC_eeJriw4__#1_label_A__5.npy,A
v=KBC_eeJriw4__#1_label_A__6.npy,A
v=KBC_eeJriw4__#1_label_A__7.npy,A
v=KBC_eeJriw4__#1_label_A__8.npy,A
v=KBC_eeJriw4__#1_label_A__9.npy,A
Mission.Impossible.V.Rogue.Nation.2015__#00-54-17_00-55-28_label_A__0.npy,A
Mission.Impossible.V.Rogue.Nation.2015__#00-54-17_00-55-28_label_A__1.npy,A
Mission.Impossible.V.Rogue.Nation.2015__#00-54-17_00-55-28_label_A__2.npy,A
Mission.Impossible.V.Rogue.Nation.2015__#00-54-17_00-55-28_label_A__3.npy,A
Mission.Impossible.V.Rogue.Nation.2015__#00-54-17_00-55-28_label_A__4.npy,A
Mission.Impossible.V.Rogue.Nation.2015__#00-54-17_00-55-28_label_A__5.npy,A
Mission.Impossible.V.Rogue.Nation.2015__#00-54-17_00-55-28_label_A__6.npy,A
Mission.Impossible.V.Rogue.Nation.2015__#00-54-17_00-55-28_label_A__7.npy,A
Mission.Impossible.V.Rogue.Nation.2015__#00-54-17_00-55-28_label_A__8.npy,A
Mission.Impossible.V.Rogue.Nation.2015__#00-54-17_00-55-28_label_A__9.npy,A
v=8OVQrU3C-Zw__#1_label_A__0.npy,A
v=8OVQrU3C-Zw__#1_label_A__1.npy,A
v=8OVQrU3C-Zw__#1_label_A__2.npy,A
v=8OVQrU3C-Zw__#1_label_A__3.npy,A
v=8OVQrU3C-Zw__#1_label_A__4.npy,A
v=8OVQrU3C-Zw__#1_label_A__5.npy,A
v=8OVQrU3C-Zw__#1_label_A__6.npy,A
v=8OVQrU3C-Zw__#1_label_A__7.npy,A
v=8OVQrU3C-Zw__#1_label_A__8.npy,A
v=8OVQrU3C-Zw__#1_label_A__9.npy,A
v=7qY3sBNMqBQ__#1_label_A__0.npy,A
v=7qY3sBNMqBQ__#1_label_A__1.npy,A
v=7qY3sBNMqBQ__#1_label_A__2.npy,A
v=7qY3sBNMqBQ__#1_label_A__3.npy,A
v=7qY3sBNMqBQ__#1_label_A__4.npy,A
v=7qY3sBNMqBQ__#1_label_A__5.npy,A
v=7qY3sBNMqBQ__#1_label_A__6.npy,A
v=7qY3sBNMqBQ__#1_label_A__7.npy,A
v=7qY3sBNMqBQ__#1_label_A__8.npy,A
v=7qY3sBNMqBQ__#1_label_A__9.npy,A
v=6vuW7zkarfs__#1_label_A__0.npy,A
v=6vuW7zkarfs__#1_label_A__1.npy,A
v=6vuW7zkarfs__#1_label_A__2.npy,A
v=6vuW7zkarfs__#1_label_A__3.npy,A
v=6vuW7zkarfs__#1_label_A__4.npy,A
v=6vuW7zkarfs__#1_label_A__5.npy,A
v=6vuW7zkarfs__#1_label_A__6.npy,A
v=6vuW7zkarfs__#1_label_A__7.npy,A
v=6vuW7zkarfs__#1_label_A__8.npy,A
v=6vuW7zkarfs__#1_label_A__9.npy,A
v=fX6ufOe4oD0__#1_label_A__0.npy,A
v=fX6ufOe4oD0__#1_label_A__1.npy,A
v=fX6ufOe4oD0__#1_label_A__2.npy,A
v=fX6ufOe4oD0__#1_label_A__3.npy,A
v=fX6ufOe4oD0__#1_label_A__4.npy,A
v=fX6ufOe4oD0__#1_label_A__5.npy,A
v=fX6ufOe4oD0__#1_label_A__6.npy,A
v=fX6ufOe4oD0__#1_label_A__7.npy,A
v=fX6ufOe4oD0__#1_label_A__8.npy,A
v=fX6ufOe4oD0__#1_label_A__9.npy,A
Taken.Extended.Cut.2008__#00-11-53_00-12-40_label_A__0.npy,A
Taken.Extended.Cut.2008__#00-11-53_00-12-40_label_A__1.npy,A
Taken.Extended.Cut.2008__#00-11-53_00-12-40_label_A__2.npy,A
Taken.Extended.Cut.2008__#00-11-53_00-12-40_label_A__3.npy,A
Taken.Extended.Cut.2008__#00-11-53_00-12-40_label_A__4.npy,A
Taken.Extended.Cut.2008__#00-11-53_00-12-40_label_A__5.npy,A
Taken.Extended.Cut.2008__#00-11-53_00-12-40_label_A__6.npy,A
Taken.Extended.Cut.2008__#00-11-53_00-12-40_label_A__7.npy,A
Taken.Extended.Cut.2008__#00-11-53_00-12-40_label_A__8.npy,A
Taken.Extended.Cut.2008__#00-11-53_00-12-40_label_A__9.npy,A
Skyfall.2012__#00-31-20_00-32-35_label_A__0.npy,A
Skyfall.2012__#00-31-20_00-32-35_label_A__1.npy,A
Skyfall.2012__#00-31-20_00-32-35_label_A__2.npy,A
Skyfall.2012__#00-31-20_00-32-35_label_A__3.npy,A
Skyfall.2012__#00-31-20_00-32-35_label_A__4.npy,A
Skyfall.2012__#00-31-20_00-32-35_label_A__5.npy,A
Skyfall.2012__#00-31-20_00-32-35_label_A__6.npy,A
Skyfall.2012__#00-31-20_00-32-35_label_A__7.npy,A
Skyfall.2012__#00-31-20_00-32-35_label_A__8.npy,A
Skyfall.2012__#00-31-20_00-32-35_label_A__9.npy,A
v=MlF2d9E0gB4__#1_label_A__0.npy,A
v=MlF2d9E0gB4__#1_label_A__1.npy,A
v=MlF2d9E0gB4__#1_label_A__2.npy,A
v=MlF2d9E0gB4__#1_label_A__3.npy,A
v=MlF2d9E0gB4__#1_label_A__4.npy,A
v=MlF2d9E0gB4__#1_label_A__5.npy,A
v=MlF2d9E0gB4__#1_label_A__6.npy,A
v=MlF2d9E0gB4__#1_label_A__7.npy,A
v=MlF2d9E0gB4__#1_label_A__8.npy,A
v=MlF2d9E0gB4__#1_label_A__9.npy,A
v=qV4YYnXdQCc__#00-09-00_00-12-00_label_A__0.npy,A
v=qV4YYnXdQCc__#00-09-00_00-12-00_label_A__1.npy,A
v=qV4YYnXdQCc__#00-09-00_00-12-00_label_A__2.npy,A
v=qV4YYnXdQCc__#00-09-00_00-12-00_label_A__3.npy,A
v=qV4YYnXdQCc__#00-09-00_00-12-00_label_A__4.npy,A
v=qV4YYnXdQCc__#00-09-00_00-12-00_label_A__5.npy,A
v=qV4YYnXdQCc__#00-09-00_00-12-00_label_A__6.npy,A
v=qV4YYnXdQCc__#00-09-00_00-12-00_label_A__7.npy,A
v=qV4YYnXdQCc__#00-09-00_00-12-00_label_A__8.npy,A
v=qV4YYnXdQCc__#00-09-00_00-12-00_label_A__9.npy,A
The.Secret.Life.of.Walter.Mitty.2013__#00-02-45_00-04-15_label_A__0.npy,A
The.Secret.Life.of.Walter.Mitty.2013__#00-02-45_00-04-15_label_A__1.npy,A
The.Secret.Life.of.Walter.Mitty.2013__#00-02-45_00-04-15_label_A__2.npy,A
The.Secret.Life.of.Walter.Mitty.2013__#00-02-45_00-04-15_label_A__3.npy,A
The.Secret.Life.of.Walter.Mitty.2013__#00-02-45_00-04-15_label_A__4.npy,A
The.Secret.Life.of.Walter.Mitty.2013__#00-02-45_00-04-15_label_A__5.npy,A
The.Secret.Life.of.Walter.Mitty.2013__#00-02-45_00-04-15_label_A__6.npy,A
The.Secret.Life.of.Walter.Mitty.2013__#00-02-45_00-04-15_label_A__7.npy,A
The.Secret.Life.of.Walter.Mitty.2013__#00-02-45_00-04-15_label_A__8.npy,A
The.Secret.Life.of.Walter.Mitty.2013__#00-02-45_00-04-15_label_A__9.npy,A
v=MyM5G7fo7Gg__#00-15-00_00-18-00_label_A__0.npy,A
v=MyM5G7fo7Gg__#00-15-00_00-18-00_label_A__1.npy,A
v=MyM5G7fo7Gg__#00-15-00_00-18-00_label_A__2.npy,A
v=MyM5G7fo7Gg__#00-15-00_00-18-00_label_A__3.npy,A
v=MyM5G7fo7Gg__#00-15-00_00-18-00_label_A__4.npy,A
v=MyM5G7fo7Gg__#00-15-00_00-18-00_label_A__5.npy,A
v=MyM5G7fo7Gg__#00-15-00_00-18-00_label_A__6.npy,A
v=MyM5G7fo7Gg__#00-15-00_00-18-00_label_A__7.npy,A
v=MyM5G7fo7Gg__#00-15-00_00-18-00_label_A__8.npy,A
v=MyM5G7fo7Gg__#00-15-00_00-18-00_label_A__9.npy,A
v=xIJEzQGRql0__#1_label_A__0.npy,A
v=xIJEzQGRql0__#1_label_A__1.npy,A
v=xIJEzQGRql0__#1_label_A__2.npy,A
v=xIJEzQGRql0__#1_label_A__3.npy,A
v=xIJEzQGRql0__#1_label_A__4.npy,A
v=xIJEzQGRql0__#1_label_A__5.npy,A
v=xIJEzQGRql0__#1_label_A__6.npy,A
v=xIJEzQGRql0__#1_label_A__7.npy,A
v=xIJEzQGRql0__#1_label_A__8.npy,A
v=xIJEzQGRql0__#1_label_A__9.npy,A
v=SJjLFVHC4RU__#1_label_A__0.npy,A
v=SJjLFVHC4RU__#1_label_A__1.npy,A
v=SJjLFVHC4RU__#1_label_A__2.npy,A
v=SJjLFVHC4RU__#1_label_A__3.npy,A
v=SJjLFVHC4RU__#1_label_A__4.npy,A
v=SJjLFVHC4RU__#1_label_A__5.npy,A
v=SJjLFVHC4RU__#1_label_A__6.npy,A
v=SJjLFVHC4RU__#1_label_A__7.npy,A
v=SJjLFVHC4RU__#1_label_A__8.npy,A
v=SJjLFVHC4RU__#1_label_A__9.npy,A
Flipped.2010__#00-58-18_01-02-30_label_A__0.npy,A
Flipped.2010__#00-58-18_01-02-30_label_A__1.npy,A
Flipped.2010__#00-58-18_01-02-30_label_A__2.npy,A
Flipped.2010__#00-58-18_01-02-30_label_A__3.npy,A
Flipped.2010__#00-58-18_01-02-30_label_A__4.npy,A
Flipped.2010__#00-58-18_01-02-30_label_A__5.npy,A
Flipped.2010__#00-58-18_01-02-30_label_A__6.npy,A
Flipped.2010__#00-58-18_01-02-30_label_A__7.npy,A
Flipped.2010__#00-58-18_01-02-30_label_A__8.npy,A
Flipped.2010__#00-58-18_01-02-30_label_A__9.npy,A
v=wvB4FN_lIHk__#1_label_A__0.npy,A
v=wvB4FN_lIHk__#1_label_A__1.npy,A
v=wvB4FN_lIHk__#1_label_A__2.npy,A
v=wvB4FN_lIHk__#1_label_A__3.npy,A
v=wvB4FN_lIHk__#1_label_A__4.npy,A
v=wvB4FN_lIHk__#1_label_A__5.npy,A
v=wvB4FN_lIHk__#1_label_A__6.npy,A
v=wvB4FN_lIHk__#1_label_A__7.npy,A
v=wvB4FN_lIHk__#1_label_A__8.npy,A
v=wvB4FN_lIHk__#1_label_A__9.npy,A
v=O143S6bXohw__#1_label_A__0.npy,A
v=O143S6bXohw__#1_label_A__1.npy,A
v=O143S6bXohw__#1_label_A__2.npy,A
v=O143S6bXohw__#1_label_A__3.npy,A
v=O143S6bXohw__#1_label_A__4.npy,A
v=O143S6bXohw__#1_label_A__5.npy,A
v=O143S6bXohw__#1_label_A__6.npy,A
v=O143S6bXohw__#1_label_A__7.npy,A
v=O143S6bXohw__#1_label_A__8.npy,A
v=O143S6bXohw__#1_label_A__9.npy,A
v=KNM8w4kFiB0__#1_label_A__0.npy,A
v=KNM8w4kFiB0__#1_label_A__1.npy,A
v=KNM8w4kFiB0__#1_label_A__2.npy,A
v=KNM8w4kFiB0__#1_label_A__3.npy,A
v=KNM8w4kFiB0__#1_label_A__4.npy,A
v=KNM8w4kFiB0__#1_label_A__5.npy,A
v=KNM8w4kFiB0__#1_label_A__6.npy,A
v=KNM8w4kFiB0__#1_label_A__7.npy,A
v=KNM8w4kFiB0__#1_label_A__8.npy,A
v=KNM8w4kFiB0__#1_label_A__9.npy,A
Rush.Hour.1998.BluRay__#00-51-12_00-53-44_label_A__0.npy,A
Rush.Hour.1998.BluRay__#00-51-12_00-53-44_label_A__1.npy,A
Rush.Hour.1998.BluRay__#00-51-12_00-53-44_label_A__2.npy,A
Rush.Hour.1998.BluRay__#00-51-12_00-53-44_label_A__3.npy,A
Rush.Hour.1998.BluRay__#00-51-12_00-53-44_label_A__4.npy,A
Rush.Hour.1998.BluRay__#00-51-12_00-53-44_label_A__5.npy,A
Rush.Hour.1998.BluRay__#00-51-12_00-53-44_label_A__6.npy,A
Rush.Hour.1998.BluRay__#00-51-12_00-53-44_label_A__7.npy,A
Rush.Hour.1998.BluRay__#00-51-12_00-53-44_label_A__8.npy,A
Rush.Hour.1998.BluRay__#00-51-12_00-53-44_label_A__9.npy,A
Tropa.de.Elite.2.2010__#00-40-41_00-41-40_label_A__0.npy,A
Tropa.de.Elite.2.2010__#00-40-41_00-41-40_label_A__1.npy,A
Tropa.de.Elite.2.2010__#00-40-41_00-41-40_label_A__2.npy,A
Tropa.de.Elite.2.2010__#00-40-41_00-41-40_label_A__3.npy,A
Tropa.de.Elite.2.2010__#00-40-41_00-41-40_label_A__4.npy,A
Tropa.de.Elite.2.2010__#00-40-41_00-41-40_label_A__5.npy,A
Tropa.de.Elite.2.2010__#00-40-41_00-41-40_label_A__6.npy,A
Tropa.de.Elite.2.2010__#00-40-41_00-41-40_label_A__7.npy,A
Tropa.de.Elite.2.2010__#00-40-41_00-41-40_label_A__8.npy,A
Tropa.de.Elite.2.2010__#00-40-41_00-41-40_label_A__9.npy,A
v=PzenE60X0Vo__#1_label_A__0.npy,A
v=PzenE60X0Vo__#1_label_A__1.npy,A
v=PzenE60X0Vo__#1_label_A__2.npy,A
v=PzenE60X0Vo__#1_label_A__3.npy,A
v=PzenE60X0Vo__#1_label_A__4.npy,A
v=PzenE60X0Vo__#1_label_A__5.npy,A
v=PzenE60X0Vo__#1_label_A__6.npy,A
v=PzenE60X0Vo__#1_label_A__7.npy,A
v=PzenE60X0Vo__#1_label_A__8.npy,A
v=PzenE60X0Vo__#1_label_A__9.npy,A
v=Yr41_8QOTF8__#00-30-00_00-33-00_label_A__0.npy,A
v=Yr41_8QOTF8__#00-30-00_00-33-00_label_A__1.npy,A
v=Yr41_8QOTF8__#00-30-00_00-33-00_label_A__2.npy,A
v=Yr41_8QOTF8__#00-30-00_00-33-00_label_A__3.npy,A
v=Yr41_8QOTF8__#00-30-00_00-33-00_label_A__4.npy,A
v=Yr41_8QOTF8__#00-30-00_00-33-00_label_A__5.npy,A
v=Yr41_8QOTF8__#00-30-00_00-33-00_label_A__6.npy,A
v=Yr41_8QOTF8__#00-30-00_00-33-00_label_A__7.npy,A
v=Yr41_8QOTF8__#00-30-00_00-33-00_label_A__8.npy,A
v=Yr41_8QOTF8__#00-30-00_00-33-00_label_A__9.npy,A
v=q2SP66Jb6Cw__#00-36-00_00-42-00_label_A__0.npy,A
v=q2SP66Jb6Cw__#00-36-00_00-42-00_label_A__1.npy,A
v=q2SP66Jb6Cw__#00-36-00_00-42-00_label_A__2.npy,A
v=q2SP66Jb6Cw__#00-36-00_00-42-00_label_A__3.npy,A
v=q2SP66Jb6Cw__#00-36-00_00-42-00_label_A__4.npy,A
v=q2SP66Jb6Cw__#00-36-00_00-42-00_label_A__5.npy,A
v=q2SP66Jb6Cw__#00-36-00_00-42-00_label_A__6.npy,A
v=q2SP66Jb6Cw__#00-36-00_00-42-00_label_A__7.npy,A
v=q2SP66Jb6Cw__#00-36-00_00-42-00_label_A__8.npy,A
v=q2SP66Jb6Cw__#00-36-00_00-42-00_label_A__9.npy,A
v=kqaNUjTR70A__#1_label_A__0.npy,A
v=kqaNUjTR70A__#1_label_A__1.npy,A
v=kqaNUjTR70A__#1_label_A__2.npy,A
v=kqaNUjTR70A__#1_label_A__3.npy,A
v=kqaNUjTR70A__#1_label_A__4.npy,A
v=kqaNUjTR70A__#1_label_A__5.npy,A
v=kqaNUjTR70A__#1_label_A__6.npy,A
v=kqaNUjTR70A__#1_label_A__7.npy,A
v=kqaNUjTR70A__#1_label_A__8.npy,A
v=kqaNUjTR70A__#1_label_A__9.npy,A
v=rHasGCRYSgA__#1_label_A__0.npy,A
v=rHasGCRYSgA__#1_label_A__1.npy,A
v=rHasGCRYSgA__#1_label_A__2.npy,A
v=rHasGCRYSgA__#1_label_A__3.npy,A
v=rHasGCRYSgA__#1_label_A__4.npy,A
v=rHasGCRYSgA__#1_label_A__5.npy,A
v=rHasGCRYSgA__#1_label_A__6.npy,A
v=rHasGCRYSgA__#1_label_A__7.npy,A
v=rHasGCRYSgA__#1_label_A__8.npy,A
v=rHasGCRYSgA__#1_label_A__9.npy,A
v=H9Y5_X1sEEA__#00-39-00_00-42-00_label_A__0.npy,A
v=H9Y5_X1sEEA__#00-39-00_00-42-00_label_A__1.npy,A
v=H9Y5_X1sEEA__#00-39-00_00-42-00_label_A__2.npy,A
v=H9Y5_X1sEEA__#00-39-00_00-42-00_label_A__3.npy,A
v=H9Y5_X1sEEA__#00-39-00_00-42-00_label_A__4.npy,A
v=H9Y5_X1sEEA__#00-39-00_00-42-00_label_A__5.npy,A
v=H9Y5_X1sEEA__#00-39-00_00-42-00_label_A__6.npy,A
v=H9Y5_X1sEEA__#00-39-00_00-42-00_label_A__7.npy,A
v=H9Y5_X1sEEA__#00-39-00_00-42-00_label_A__8.npy,A
v=H9Y5_X1sEEA__#00-39-00_00-42-00_label_A__9.npy,A
v=gGlqujwrhbI__#00-06-00_00-09-00_label_A__0.npy,A
v=gGlqujwrhbI__#00-06-00_00-09-00_label_A__1.npy,A
v=gGlqujwrhbI__#00-06-00_00-09-00_label_A__2.npy,A
v=gGlqujwrhbI__#00-06-00_00-09-00_label_A__3.npy,A
v=gGlqujwrhbI__#00-06-00_00-09-00_label_A__4.npy,A
v=gGlqujwrhbI__#00-06-00_00-09-00_label_A__5.npy,A
v=gGlqujwrhbI__#00-06-00_00-09-00_label_A__6.npy,A
v=gGlqujwrhbI__#00-06-00_00-09-00_label_A__7.npy,A
v=gGlqujwrhbI__#00-06-00_00-09-00_label_A__8.npy,A
v=gGlqujwrhbI__#00-06-00_00-09-00_label_A__9.npy,A
GoldenEye.1995__#00-03-13_00-04-35_label_A__0.npy,A
GoldenEye.1995__#00-03-13_00-04-35_label_A__1.npy,A
GoldenEye.1995__#00-03-13_00-04-35_label_A__2.npy,A
GoldenEye.1995__#00-03-13_00-04-35_label_A__3.npy,A
GoldenEye.1995__#00-03-13_00-04-35_label_A__4.npy,A
GoldenEye.1995__#00-03-13_00-04-35_label_A__5.npy,A
GoldenEye.1995__#00-03-13_00-04-35_label_A__6.npy,A
GoldenEye.1995__#00-03-13_00-04-35_label_A__7.npy,A
GoldenEye.1995__#00-03-13_00-04-35_label_A__8.npy,A
GoldenEye.1995__#00-03-13_00-04-35_label_A__9.npy,A
Your.Name.2016__#00-30-00_00-33-40_label_A__0.npy,A
Your.Name.2016__#00-30-00_00-33-40_label_A__1.npy,A
Your.Name.2016__#00-30-00_00-33-40_label_A__2.npy,A
Your.Name.2016__#00-30-00_00-33-40_label_A__3.npy,A
Your.Name.2016__#00-30-00_00-33-40_label_A__4.npy,A
Your.Name.2016__#00-30-00_00-33-40_label_A__5.npy,A
Your.Name.2016__#00-30-00_00-33-40_label_A__6.npy,A
Your.Name.2016__#00-30-00_00-33-40_label_A__7.npy,A
Your.Name.2016__#00-30-00_00-33-40_label_A__8.npy,A
Your.Name.2016__#00-30-00_00-33-40_label_A__9.npy,A
Tropa.de.Elite.2.2010__#01-16-00_01-19-30_label_A__0.npy,A
Tropa.de.Elite.2.2010__#01-16-00_01-19-30_label_A__1.npy,A
Tropa.de.Elite.2.2010__#01-16-00_01-19-30_label_A__2.npy,A
Tropa.de.Elite.2.2010__#01-16-00_01-19-30_label_A__3.npy,A
Tropa.de.Elite.2.2010__#01-16-00_01-19-30_label_A__4.npy,A
Tropa.de.Elite.2.2010__#01-16-00_01-19-30_label_A__5.npy,A
Tropa.de.Elite.2.2010__#01-16-00_01-19-30_label_A__6.npy,A
Tropa.de.Elite.2.2010__#01-16-00_01-19-30_label_A__7.npy,A
Tropa.de.Elite.2.2010__#01-16-00_01-19-30_label_A__8.npy,A
Tropa.de.Elite.2.2010__#01-16-00_01-19-30_label_A__9.npy,A
v=_d4P8xdrmvQ__#1_label_A__0.npy,A
v=_d4P8xdrmvQ__#1_label_A__1.npy,A
v=_d4P8xdrmvQ__#1_label_A__2.npy,A
v=_d4P8xdrmvQ__#1_label_A__3.npy,A
v=_d4P8xdrmvQ__#1_label_A__4.npy,A
v=_d4P8xdrmvQ__#1_label_A__5.npy,A
v=_d4P8xdrmvQ__#1_label_A__6.npy,A
v=_d4P8xdrmvQ__#1_label_A__7.npy,A
v=_d4P8xdrmvQ__#1_label_A__8.npy,A
v=_d4P8xdrmvQ__#1_label_A__9.npy,A
v=8pkJRBOjgd4__#1_label_A__0.npy,A
v=8pkJRBOjgd4__#1_label_A__1.npy,A
v=8pkJRBOjgd4__#1_label_A__2.npy,A
v=8pkJRBOjgd4__#1_label_A__3.npy,A
v=8pkJRBOjgd4__#1_label_A__4.npy,A
v=8pkJRBOjgd4__#1_label_A__5.npy,A
v=8pkJRBOjgd4__#1_label_A__6.npy,A
v=8pkJRBOjgd4__#1_label_A__7.npy,A
v=8pkJRBOjgd4__#1_label_A__8.npy,A
v=8pkJRBOjgd4__#1_label_A__9.npy,A
v=3ZdoX9iYRuM__#1_label_A__0.npy,A
v=3ZdoX9iYRuM__#1_label_A__1.npy,A
v=3ZdoX9iYRuM__#1_label_A__2.npy,A
v=3ZdoX9iYRuM__#1_label_A__3.npy,A
v=3ZdoX9iYRuM__#1_label_A__4.npy,A
v=3ZdoX9iYRuM__#1_label_A__5.npy,A
v=3ZdoX9iYRuM__#1_label_A__6.npy,A
v=3ZdoX9iYRuM__#1_label_A__7.npy,A
v=3ZdoX9iYRuM__#1_label_A__8.npy,A
v=3ZdoX9iYRuM__#1_label_A__9.npy,A
Before.Sunrise.1995__#00-50-26_00-55-16_label_A__0.npy,A
Before.Sunrise.1995__#00-50-26_00-55-16_label_A__1.npy,A
Before.Sunrise.1995__#00-50-26_00-55-16_label_A__2.npy,A
Before.Sunrise.1995__#00-50-26_00-55-16_label_A__3.npy,A
Before.Sunrise.1995__#00-50-26_00-55-16_label_A__4.npy,A
Before.Sunrise.1995__#00-50-26_00-55-16_label_A__5.npy,A
Before.Sunrise.1995__#00-50-26_00-55-16_label_A__6.npy,A
Before.Sunrise.1995__#00-50-26_00-55-16_label_A__7.npy,A
Before.Sunrise.1995__#00-50-26_00-55-16_label_A__8.npy,A
Before.Sunrise.1995__#00-50-26_00-55-16_label_A__9.npy,A
Young.And.Dangerous.II.1996__#01-27-05_01-28-15_label_A__0.npy,A
Young.And.Dangerous.II.1996__#01-27-05_01-28-15_label_A__1.npy,A
Young.And.Dangerous.II.1996__#01-27-05_01-28-15_label_A__2.npy,A
Young.And.Dangerous.II.1996__#01-27-05_01-28-15_label_A__3.npy,A
Young.And.Dangerous.II.1996__#01-27-05_01-28-15_label_A__4.npy,A
Young.And.Dangerous.II.1996__#01-27-05_01-28-15_label_A__5.npy,A
Young.And.Dangerous.II.1996__#01-27-05_01-28-15_label_A__6.npy,A
Young.And.Dangerous.II.1996__#01-27-05_01-28-15_label_A__7.npy,A
Young.And.Dangerous.II.1996__#01-27-05_01-28-15_label_A__8.npy,A
Young.And.Dangerous.II.1996__#01-27-05_01-28-15_label_A__9.npy,A
v=kHs-1bp1MyM__#1_label_A__0.npy,A
v=kHs-1bp1MyM__#1_label_A__1.npy,A
v=kHs-1bp1MyM__#1_label_A__2.npy,A
v=kHs-1bp1MyM__#1_label_A__3.npy,A
v=kHs-1bp1MyM__#1_label_A__4.npy,A
v=kHs-1bp1MyM__#1_label_A__5.npy,A
v=kHs-1bp1MyM__#1_label_A__6.npy,A
v=kHs-1bp1MyM__#1_label_A__7.npy,A
v=kHs-1bp1MyM__#1_label_A__8.npy,A
v=kHs-1bp1MyM__#1_label_A__9.npy,A
v=enYITYwvPAQ__#00-12-00_00-15-00_label_A__0.npy,A
v=enYITYwvPAQ__#00-12-00_00-15-00_label_A__1.npy,A
v=enYITYwvPAQ__#00-12-00_00-15-00_label_A__2.npy,A
v=enYITYwvPAQ__#00-12-00_00-15-00_label_A__3.npy,A
v=enYITYwvPAQ__#00-12-00_00-15-00_label_A__4.npy,A
v=enYITYwvPAQ__#00-12-00_00-15-00_label_A__5.npy,A
v=enYITYwvPAQ__#00-12-00_00-15-00_label_A__6.npy,A
v=enYITYwvPAQ__#00-12-00_00-15-00_label_A__7.npy,A
v=enYITYwvPAQ__#00-12-00_00-15-00_label_A__8.npy,A
v=enYITYwvPAQ__#00-12-00_00-15-00_label_A__9.npy,A
v=IBsbMYRF068__#1_label_A__0.npy,A
v=IBsbMYRF068__#1_label_A__1.npy,A
v=IBsbMYRF068__#1_label_A__2.npy,A
v=IBsbMYRF068__#1_label_A__3.npy,A
v=IBsbMYRF068__#1_label_A__4.npy,A
v=IBsbMYRF068__#1_label_A__5.npy,A
v=IBsbMYRF068__#1_label_A__6.npy,A
v=IBsbMYRF068__#1_label_A__7.npy,A
v=IBsbMYRF068__#1_label_A__8.npy,A
v=IBsbMYRF068__#1_label_A__9.npy,A
v=VRn8Tc02TbU__#00-06-00_00-09-00_label_A__0.npy,A
v=VRn8Tc02TbU__#00-06-00_00-09-00_label_A__1.npy,A
v=VRn8Tc02TbU__#00-06-00_00-09-00_label_A__2.npy,A
v=VRn8Tc02TbU__#00-06-00_00-09-00_label_A__3.npy,A
v=VRn8Tc02TbU__#00-06-00_00-09-00_label_A__4.npy,A
v=VRn8Tc02TbU__#00-06-00_00-09-00_label_A__5.npy,A
v=VRn8Tc02TbU__#00-06-00_00-09-00_label_A__6.npy,A
v=VRn8Tc02TbU__#00-06-00_00-09-00_label_A__7.npy,A
v=VRn8Tc02TbU__#00-06-00_00-09-00_label_A__8.npy,A
v=VRn8Tc02TbU__#00-06-00_00-09-00_label_A__9.npy,A
Still.Walking.2008__#00-56-40_01-02-02_label_A__0.npy,A
Still.Walking.2008__#00-56-40_01-02-02_label_A__1.npy,A
Still.Walking.2008__#00-56-40_01-02-02_label_A__2.npy,A
Still.Walking.2008__#00-56-40_01-02-02_label_A__3.npy,A
Still.Walking.2008__#00-56-40_01-02-02_label_A__4.npy,A
Still.Walking.2008__#00-56-40_01-02-02_label_A__5.npy,A
Still.Walking.2008__#00-56-40_01-02-02_label_A__6.npy,A
Still.Walking.2008__#00-56-40_01-02-02_label_A__7.npy,A
Still.Walking.2008__#00-56-40_01-02-02_label_A__8.npy,A
Still.Walking.2008__#00-56-40_01-02-02_label_A__9.npy,A
v=ymoIv96o8JU__#1_label_A__0.npy,A
v=ymoIv96o8JU__#1_label_A__1.npy,A
v=ymoIv96o8JU__#1_label_A__2.npy,A
v=ymoIv96o8JU__#1_label_A__3.npy,A
v=ymoIv96o8JU__#1_label_A__4.npy,A
v=ymoIv96o8JU__#1_label_A__5.npy,A
v=ymoIv96o8JU__#1_label_A__6.npy,A
v=ymoIv96o8JU__#1_label_A__7.npy,A
v=ymoIv96o8JU__#1_label_A__8.npy,A
v=ymoIv96o8JU__#1_label_A__9.npy,A
Shoplifters.2018__#00-33-52_00-38-31_label_A__0.npy,A
Shoplifters.2018__#00-33-52_00-38-31_label_A__1.npy,A
Shoplifters.2018__#00-33-52_00-38-31_label_A__2.npy,A
Shoplifters.2018__#00-33-52_00-38-31_label_A__3.npy,A
Shoplifters.2018__#00-33-52_00-38-31_label_A__4.npy,A
Shoplifters.2018__#00-33-52_00-38-31_label_A__5.npy,A
Shoplifters.2018__#00-33-52_00-38-31_label_A__6.npy,A
Shoplifters.2018__#00-33-52_00-38-31_label_A__7.npy,A
Shoplifters.2018__#00-33-52_00-38-31_label_A__8.npy,A
Shoplifters.2018__#00-33-52_00-38-31_label_A__9.npy,A
The.Notebook.2004__#00-50-26_00-55-16_label_A__0.npy,A
The.Notebook.2004__#00-50-26_00-55-16_label_A__1.npy,A
The.Notebook.2004__#00-50-26_00-55-16_label_A__2.npy,A
The.Notebook.2004__#00-50-26_00-55-16_label_A__3.npy,A
The.Notebook.2004__#00-50-26_00-55-16_label_A__4.npy,A
The.Notebook.2004__#00-50-26_00-55-16_label_A__5.npy,A
The.Notebook.2004__#00-50-26_00-55-16_label_A__6.npy,A
The.Notebook.2004__#00-50-26_00-55-16_label_A__7.npy,A
The.Notebook.2004__#00-50-26_00-55-16_label_A__8.npy,A
The.Notebook.2004__#00-50-26_00-55-16_label_A__9.npy,A
Kingsman.The.Golden.Circle.2017__#00-33-32_00-34-34_label_A__0.npy,A
Kingsman.The.Golden.Circle.2017__#00-33-32_00-34-34_label_A__1.npy,A
Kingsman.The.Golden.Circle.2017__#00-33-32_00-34-34_label_A__2.npy,A
Kingsman.The.Golden.Circle.2017__#00-33-32_00-34-34_label_A__3.npy,A
Kingsman.The.Golden.Circle.2017__#00-33-32_00-34-34_label_A__4.npy,A
Kingsman.The.Golden.Circle.2017__#00-33-32_00-34-34_label_A__5.npy,A
Kingsman.The.Golden.Circle.2017__#00-33-32_00-34-34_label_A__6.npy,A
Kingsman.The.Golden.Circle.2017__#00-33-32_00-34-34_label_A__7.npy,A
Kingsman.The.Golden.Circle.2017__#00-33-32_00-34-34_label_A__8.npy,A
Kingsman.The.Golden.Circle.2017__#00-33-32_00-34-34_label_A__9.npy,A
Kill.Bill.Vol.1.2003__#0-46-00_0-48-55_label_A__0.npy,A
Kill.Bill.Vol.1.2003__#0-46-00_0-48-55_label_A__1.npy,A
Kill.Bill.Vol.1.2003__#0-46-00_0-48-55_label_A__2.npy,A
Kill.Bill.Vol.1.2003__#0-46-00_0-48-55_label_A__3.npy,A
Kill.Bill.Vol.1.2003__#0-46-00_0-48-55_label_A__4.npy,A
Kill.Bill.Vol.1.2003__#0-46-00_0-48-55_label_A__5.npy,A
Kill.Bill.Vol.1.2003__#0-46-00_0-48-55_label_A__6.npy,A
Kill.Bill.Vol.1.2003__#0-46-00_0-48-55_label_A__7.npy,A
Kill.Bill.Vol.1.2003__#0-46-00_0-48-55_label_A__8.npy,A
Kill.Bill.Vol.1.2003__#0-46-00_0-48-55_label_A__9.npy,A
v=0vVOXlgHC1U__#00-36-00_00-42-00_label_A__0.npy,A
v=0vVOXlgHC1U__#00-36-00_00-42-00_label_A__1.npy,A
v=0vVOXlgHC1U__#00-36-00_00-42-00_label_A__2.npy,A
v=0vVOXlgHC1U__#00-36-00_00-42-00_label_A__3.npy,A
v=0vVOXlgHC1U__#00-36-00_00-42-00_label_A__4.npy,A
v=0vVOXlgHC1U__#00-36-00_00-42-00_label_A__5.npy,A
v=0vVOXlgHC1U__#00-36-00_00-42-00_label_A__6.npy,A
v=0vVOXlgHC1U__#00-36-00_00-42-00_label_A__7.npy,A
v=0vVOXlgHC1U__#00-36-00_00-42-00_label_A__8.npy,A
v=0vVOXlgHC1U__#00-36-00_00-42-00_label_A__9.npy,A
v=I2w5ACABcvc__#1_label_A__0.npy,A
v=I2w5ACABcvc__#1_label_A__1.npy,A
v=I2w5ACABcvc__#1_label_A__2.npy,A
v=I2w5ACABcvc__#1_label_A__3.npy,A
v=I2w5ACABcvc__#1_label_A__4.npy,A
v=I2w5ACABcvc__#1_label_A__5.npy,A
v=I2w5ACABcvc__#1_label_A__6.npy,A
v=I2w5ACABcvc__#1_label_A__7.npy,A
v=I2w5ACABcvc__#1_label_A__8.npy,A
v=I2w5ACABcvc__#1_label_A__9.npy,A
v=900cEU2L-ng__#1_label_A__0.npy,A
v=900cEU2L-ng__#1_label_A__1.npy,A
v=900cEU2L-ng__#1_label_A__2.npy,A
v=900cEU2L-ng__#1_label_A__3.npy,A
v=900cEU2L-ng__#1_label_A__4.npy,A
v=900cEU2L-ng__#1_label_A__5.npy,A
v=900cEU2L-ng__#1_label_A__6.npy,A
v=900cEU2L-ng__#1_label_A__7.npy,A
v=900cEU2L-ng__#1_label_A__8.npy,A
v=900cEU2L-ng__#1_label_A__9.npy,A
v=07hFujJo-3g__#1_label_A__0.npy,A
v=07hFujJo-3g__#1_label_A__1.npy,A
v=07hFujJo-3g__#1_label_A__2.npy,A
v=07hFujJo-3g__#1_label_A__3.npy,A
v=07hFujJo-3g__#1_label_A__4.npy,A
v=07hFujJo-3g__#1_label_A__5.npy,A
v=07hFujJo-3g__#1_label_A__6.npy,A
v=07hFujJo-3g__#1_label_A__7.npy,A
v=07hFujJo-3g__#1_label_A__8.npy,A
v=07hFujJo-3g__#1_label_A__9.npy,A
v=W1B8Sn2enVM__#1_label_A__0.npy,A
v=W1B8Sn2enVM__#1_label_A__1.npy,A
v=W1B8Sn2enVM__#1_label_A__2.npy,A
v=W1B8Sn2enVM__#1_label_A__3.npy,A
v=W1B8Sn2enVM__#1_label_A__4.npy,A
v=W1B8Sn2enVM__#1_label_A__5.npy,A
v=W1B8Sn2enVM__#1_label_A__6.npy,A
v=W1B8Sn2enVM__#1_label_A__7.npy,A
v=W1B8Sn2enVM__#1_label_A__8.npy,A
v=W1B8Sn2enVM__#1_label_A__9.npy,A
v=7YvFzEgLiMk__#1_label_A__0.npy,A
v=7YvFzEgLiMk__#1_label_A__1.npy,A
v=7YvFzEgLiMk__#1_label_A__2.npy,A
v=7YvFzEgLiMk__#1_label_A__3.npy,A
v=7YvFzEgLiMk__#1_label_A__4.npy,A
v=7YvFzEgLiMk__#1_label_A__5.npy,A
v=7YvFzEgLiMk__#1_label_A__6.npy,A
v=7YvFzEgLiMk__#1_label_A__7.npy,A
v=7YvFzEgLiMk__#1_label_A__8.npy,A
v=7YvFzEgLiMk__#1_label_A__9.npy,A
v=Q3o0ayyWap4__#1_label_A__0.npy,A
v=Q3o0ayyWap4__#1_label_A__1.npy,A
v=Q3o0ayyWap4__#1_label_A__2.npy,A
v=Q3o0ayyWap4__#1_label_A__3.npy,A
v=Q3o0ayyWap4__#1_label_A__4.npy,A
v=Q3o0ayyWap4__#1_label_A__5.npy,A
v=Q3o0ayyWap4__#1_label_A__6.npy,A
v=Q3o0ayyWap4__#1_label_A__7.npy,A
v=Q3o0ayyWap4__#1_label_A__8.npy,A
v=Q3o0ayyWap4__#1_label_A__9.npy,A
v=H1JcEsFU07s__#1_label_A__0.npy,A
v=H1JcEsFU07s__#1_label_A__1.npy,A
v=H1JcEsFU07s__#1_label_A__2.npy,A
v=H1JcEsFU07s__#1_label_A__3.npy,A
v=H1JcEsFU07s__#1_label_A__4.npy,A
v=H1JcEsFU07s__#1_label_A__5.npy,A
v=H1JcEsFU07s__#1_label_A__6.npy,A
v=H1JcEsFU07s__#1_label_A__7.npy,A
v=H1JcEsFU07s__#1_label_A__8.npy,A
v=H1JcEsFU07s__#1_label_A__9.npy,A
Love.Actually.2003__#00-40-52_00-43-31_label_A__0.npy,A
Love.Actually.2003__#00-40-52_00-43-31_label_A__1.npy,A
Love.Actually.2003__#00-40-52_00-43-31_label_A__2.npy,A
Love.Actually.2003__#00-40-52_00-43-31_label_A__3.npy,A
Love.Actually.2003__#00-40-52_00-43-31_label_A__4.npy,A
Love.Actually.2003__#00-40-52_00-43-31_label_A__5.npy,A
Love.Actually.2003__#00-40-52_00-43-31_label_A__6.npy,A
Love.Actually.2003__#00-40-52_00-43-31_label_A__7.npy,A
Love.Actually.2003__#00-40-52_00-43-31_label_A__8.npy,A
Love.Actually.2003__#00-40-52_00-43-31_label_A__9.npy,A
v=gGlqujwrhbI__#00-09-00_00-12-00_label_A__0.npy,A
v=gGlqujwrhbI__#00-09-00_00-12-00_label_A__1.npy,A
v=gGlqujwrhbI__#00-09-00_00-12-00_label_A__2.npy,A
v=gGlqujwrhbI__#00-09-00_00-12-00_label_A__3.npy,A
v=gGlqujwrhbI__#00-09-00_00-12-00_label_A__4.npy,A
v=gGlqujwrhbI__#00-09-00_00-12-00_label_A__5.npy,A
v=gGlqujwrhbI__#00-09-00_00-12-00_label_A__6.npy,A
v=gGlqujwrhbI__#00-09-00_00-12-00_label_A__7.npy,A
v=gGlqujwrhbI__#00-09-00_00-12-00_label_A__8.npy,A
v=gGlqujwrhbI__#00-09-00_00-12-00_label_A__9.npy,A
Still.Walking.2008__#00-33-52_00-38-31_label_A__0.npy,A
Still.Walking.2008__#00-33-52_00-38-31_label_A__1.npy,A
Still.Walking.2008__#00-33-52_00-38-31_label_A__2.npy,A
Still.Walking.2008__#00-33-52_00-38-31_label_A__3.npy,A
Still.Walking.2008__#00-33-52_00-38-31_label_A__4.npy,A
Still.Walking.2008__#00-33-52_00-38-31_label_A__5.npy,A
Still.Walking.2008__#00-33-52_00-38-31_label_A__6.npy,A
Still.Walking.2008__#00-33-52_00-38-31_label_A__7.npy,A
Still.Walking.2008__#00-33-52_00-38-31_label_A__8.npy,A
Still.Walking.2008__#00-33-52_00-38-31_label_A__9.npy,A
v=35KqGNa1FGA__#1_label_A__0.npy,A
v=35KqGNa1FGA__#1_label_A__1.npy,A
v=35KqGNa1FGA__#1_label_A__2.npy,A
v=35KqGNa1FGA__#1_label_A__3.npy,A
v=35KqGNa1FGA__#1_label_A__4.npy,A
v=35KqGNa1FGA__#1_label_A__5.npy,A
v=35KqGNa1FGA__#1_label_A__6.npy,A
v=35KqGNa1FGA__#1_label_A__7.npy,A
v=35KqGNa1FGA__#1_label_A__8.npy,A
v=35KqGNa1FGA__#1_label_A__9.npy,A
The.Notebook.2004__#01-17-00_01-19-40_label_A__0.npy,A
The.Notebook.2004__#01-17-00_01-19-40_label_A__1.npy,A
The.Notebook.2004__#01-17-00_01-19-40_label_A__2.npy,A
The.Notebook.2004__#01-17-00_01-19-40_label_A__3.npy,A
The.Notebook.2004__#01-17-00_01-19-40_label_A__4.npy,A
The.Notebook.2004__#01-17-00_01-19-40_label_A__5.npy,A
The.Notebook.2004__#01-17-00_01-19-40_label_A__6.npy,A
The.Notebook.2004__#01-17-00_01-19-40_label_A__7.npy,A
The.Notebook.2004__#01-17-00_01-19-40_label_A__8.npy,A
The.Notebook.2004__#01-17-00_01-19-40_label_A__9.npy,A
v=SdYFFo_tsfk__#01-06-00_01-12-00_label_A__0.npy,A
v=SdYFFo_tsfk__#01-06-00_01-12-00_label_A__1.npy,A
v=SdYFFo_tsfk__#01-06-00_01-12-00_label_A__2.npy,A
v=SdYFFo_tsfk__#01-06-00_01-12-00_label_A__3.npy,A
v=SdYFFo_tsfk__#01-06-00_01-12-00_label_A__4.npy,A
v=SdYFFo_tsfk__#01-06-00_01-12-00_label_A__5.npy,A
v=SdYFFo_tsfk__#01-06-00_01-12-00_label_A__6.npy,A
v=SdYFFo_tsfk__#01-06-00_01-12-00_label_A__7.npy,A
v=SdYFFo_tsfk__#01-06-00_01-12-00_label_A__8.npy,A
v=SdYFFo_tsfk__#01-06-00_01-12-00_label_A__9.npy,A
The.Attorney.2013__#01-17-00_01-19-40_label_A__0.npy,A
The.Attorney.2013__#01-17-00_01-19-40_label_A__1.npy,A
The.Attorney.2013__#01-17-00_01-19-40_label_A__2.npy,A
The.Attorney.2013__#01-17-00_01-19-40_label_A__3.npy,A
The.Attorney.2013__#01-17-00_01-19-40_label_A__4.npy,A
The.Attorney.2013__#01-17-00_01-19-40_label_A__5.npy,A
The.Attorney.2013__#01-17-00_01-19-40_label_A__6.npy,A
The.Attorney.2013__#01-17-00_01-19-40_label_A__7.npy,A
The.Attorney.2013__#01-17-00_01-19-40_label_A__8.npy,A
The.Attorney.2013__#01-17-00_01-19-40_label_A__9.npy,A
GoldenEye.1995__#00-17-21_00-20-35_label_A__0.npy,A
GoldenEye.1995__#00-17-21_00-20-35_label_A__1.npy,A
GoldenEye.1995__#00-17-21_00-20-35_label_A__2.npy,A
GoldenEye.1995__#00-17-21_00-20-35_label_A__3.npy,A
GoldenEye.1995__#00-17-21_00-20-35_label_A__4.npy,A
GoldenEye.1995__#00-17-21_00-20-35_label_A__5.npy,A
GoldenEye.1995__#00-17-21_00-20-35_label_A__6.npy,A
GoldenEye.1995__#00-17-21_00-20-35_label_A__7.npy,A
GoldenEye.1995__#00-17-21_00-20-35_label_A__8.npy,A
GoldenEye.1995__#00-17-21_00-20-35_label_A__9.npy,A
v=AqFWYZsOgWY__#00-24-00_00-27-00_label_A__0.npy,A
v=AqFWYZsOgWY__#00-24-00_00-27-00_label_A__1.npy,A
v=AqFWYZsOgWY__#00-24-00_00-27-00_label_A__2.npy,A
v=AqFWYZsOgWY__#00-24-00_00-27-00_label_A__3.npy,A
v=AqFWYZsOgWY__#00-24-00_00-27-00_label_A__4.npy,A
v=AqFWYZsOgWY__#00-24-00_00-27-00_label_A__5.npy,A
v=AqFWYZsOgWY__#00-24-00_00-27-00_label_A__6.npy,A
v=AqFWYZsOgWY__#00-24-00_00-27-00_label_A__7.npy,A
v=AqFWYZsOgWY__#00-24-00_00-27-00_label_A__8.npy,A
v=AqFWYZsOgWY__#00-24-00_00-27-00_label_A__9.npy,A
Tropa.de.Elite.2007__#01-06-30_01-08-50_label_A__0.npy,A
Tropa.de.Elite.2007__#01-06-30_01-08-50_label_A__1.npy,A
Tropa.de.Elite.2007__#01-06-30_01-08-50_label_A__2.npy,A
Tropa.de.Elite.2007__#01-06-30_01-08-50_label_A__3.npy,A
Tropa.de.Elite.2007__#01-06-30_01-08-50_label_A__4.npy,A
Tropa.de.Elite.2007__#01-06-30_01-08-50_label_A__5.npy,A
Tropa.de.Elite.2007__#01-06-30_01-08-50_label_A__6.npy,A
Tropa.de.Elite.2007__#01-06-30_01-08-50_label_A__7.npy,A
Tropa.de.Elite.2007__#01-06-30_01-08-50_label_A__8.npy,A
Tropa.de.Elite.2007__#01-06-30_01-08-50_label_A__9.npy,A
v=deECYX55Bno__#1_label_A__0.npy,A
v=deECYX55Bno__#1_label_A__1.npy,A
v=deECYX55Bno__#1_label_A__2.npy,A
v=deECYX55Bno__#1_label_A__3.npy,A
v=deECYX55Bno__#1_label_A__4.npy,A
v=deECYX55Bno__#1_label_A__5.npy,A
v=deECYX55Bno__#1_label_A__6.npy,A
v=deECYX55Bno__#1_label_A__7.npy,A
v=deECYX55Bno__#1_label_A__8.npy,A
v=deECYX55Bno__#1_label_A__9.npy,A
Be.with.You.2018__#01-33-18_01-36-11_label_A__0.npy,A
Be.with.You.2018__#01-33-18_01-36-11_label_A__1.npy,A
Be.with.You.2018__#01-33-18_01-36-11_label_A__2.npy,A
Be.with.You.2018__#01-33-18_01-36-11_label_A__3.npy,A
Be.with.You.2018__#01-33-18_01-36-11_label_A__4.npy,A
Be.with.You.2018__#01-33-18_01-36-11_label_A__5.npy,A
Be.with.You.2018__#01-33-18_01-36-11_label_A__6.npy,A
Be.with.You.2018__#01-33-18_01-36-11_label_A__7.npy,A
Be.with.You.2018__#01-33-18_01-36-11_label_A__8.npy,A
Be.with.You.2018__#01-33-18_01-36-11_label_A__9.npy,A
v=vFPQ_NiDBIU__#02-12-00_02-18-00_label_A__0.npy,A
v=vFPQ_NiDBIU__#02-12-00_02-18-00_label_A__1.npy,A
v=vFPQ_NiDBIU__#02-12-00_02-18-00_label_A__2.npy,A
v=vFPQ_NiDBIU__#02-12-00_02-18-00_label_A__3.npy,A
v=vFPQ_NiDBIU__#02-12-00_02-18-00_label_A__4.npy,A
v=vFPQ_NiDBIU__#02-12-00_02-18-00_label_A__5.npy,A
v=vFPQ_NiDBIU__#02-12-00_02-18-00_label_A__6.npy,A
v=vFPQ_NiDBIU__#02-12-00_02-18-00_label_A__7.npy,A
v=vFPQ_NiDBIU__#02-12-00_02-18-00_label_A__8.npy,A
v=vFPQ_NiDBIU__#02-12-00_02-18-00_label_A__9.npy,A
v=thV8xUWohN4__#1_label_A__0.npy,A
v=thV8xUWohN4__#1_label_A__1.npy,A
v=thV8xUWohN4__#1_label_A__2.npy,A
v=thV8xUWohN4__#1_label_A__3.npy,A
v=thV8xUWohN4__#1_label_A__4.npy,A
v=thV8xUWohN4__#1_label_A__5.npy,A
v=thV8xUWohN4__#1_label_A__6.npy,A
v=thV8xUWohN4__#1_label_A__7.npy,A
v=thV8xUWohN4__#1_label_A__8.npy,A
v=thV8xUWohN4__#1_label_A__9.npy,A
Love.Actually.2003__#01-26-10_01-28-00_label_A__0.npy,A
Love.Actually.2003__#01-26-10_01-28-00_label_A__1.npy,A
Love.Actually.2003__#01-26-10_01-28-00_label_A__2.npy,A
Love.Actually.2003__#01-26-10_01-28-00_label_A__3.npy,A
Love.Actually.2003__#01-26-10_01-28-00_label_A__4.npy,A
Love.Actually.2003__#01-26-10_01-28-00_label_A__5.npy,A
Love.Actually.2003__#01-26-10_01-28-00_label_A__6.npy,A
Love.Actually.2003__#01-26-10_01-28-00_label_A__7.npy,A
Love.Actually.2003__#01-26-10_01-28-00_label_A__8.npy,A
Love.Actually.2003__#01-26-10_01-28-00_label_A__9.npy,A
Bullet.in.the.Head.1990__#01-55-45_01-57-12_label_A__0.npy,A
Bullet.in.the.Head.1990__#01-55-45_01-57-12_label_A__1.npy,A
Bullet.in.the.Head.1990__#01-55-45_01-57-12_label_A__2.npy,A
Bullet.in.the.Head.1990__#01-55-45_01-57-12_label_A__3.npy,A
Bullet.in.the.Head.1990__#01-55-45_01-57-12_label_A__4.npy,A
Bullet.in.the.Head.1990__#01-55-45_01-57-12_label_A__5.npy,A
Bullet.in.the.Head.1990__#01-55-45_01-57-12_label_A__6.npy,A
Bullet.in.the.Head.1990__#01-55-45_01-57-12_label_A__7.npy,A
Bullet.in.the.Head.1990__#01-55-45_01-57-12_label_A__8.npy,A
Bullet.in.the.Head.1990__#01-55-45_01-57-12_label_A__9.npy,A
v=Yr41_8QOTF8__#00-12-00_00-15-00_label_A__0.npy,A
v=Yr41_8QOTF8__#00-12-00_00-15-00_label_A__1.npy,A
v=Yr41_8QOTF8__#00-12-00_00-15-00_label_A__2.npy,A
v=Yr41_8QOTF8__#00-12-00_00-15-00_label_A__3.npy,A
v=Yr41_8QOTF8__#00-12-00_00-15-00_label_A__4.npy,A
v=Yr41_8QOTF8__#00-12-00_00-15-00_label_A__5.npy,A
v=Yr41_8QOTF8__#00-12-00_00-15-00_label_A__6.npy,A
v=Yr41_8QOTF8__#00-12-00_00-15-00_label_A__7.npy,A
v=Yr41_8QOTF8__#00-12-00_00-15-00_label_A__8.npy,A
v=Yr41_8QOTF8__#00-12-00_00-15-00_label_A__9.npy,A
v=o1Ye9f641Rg__#1_label_A__0.npy,A
v=o1Ye9f641Rg__#1_label_A__1.npy,A
v=o1Ye9f641Rg__#1_label_A__2.npy,A
v=o1Ye9f641Rg__#1_label_A__3.npy,A
v=o1Ye9f641Rg__#1_label_A__4.npy,A
v=o1Ye9f641Rg__#1_label_A__5.npy,A
v=o1Ye9f641Rg__#1_label_A__6.npy,A
v=o1Ye9f641Rg__#1_label_A__7.npy,A
v=o1Ye9f641Rg__#1_label_A__8.npy,A
v=o1Ye9f641Rg__#1_label_A__9.npy,A
v=k_BMu4MwItI__#1_label_A__0.npy,A
v=k_BMu4MwItI__#1_label_A__1.npy,A
v=k_BMu4MwItI__#1_label_A__2.npy,A
v=k_BMu4MwItI__#1_label_A__3.npy,A
v=k_BMu4MwItI__#1_label_A__4.npy,A
v=k_BMu4MwItI__#1_label_A__5.npy,A
v=k_BMu4MwItI__#1_label_A__6.npy,A
v=k_BMu4MwItI__#1_label_A__7.npy,A
v=k_BMu4MwItI__#1_label_A__8.npy,A
v=k_BMu4MwItI__#1_label_A__9.npy,A
v=WsxYAwdOgO4__#1_label_A__0.npy,A
v=WsxYAwdOgO4__#1_label_A__1.npy,A
v=WsxYAwdOgO4__#1_label_A__2.npy,A
v=WsxYAwdOgO4__#1_label_A__3.npy,A
v=WsxYAwdOgO4__#1_label_A__4.npy,A
v=WsxYAwdOgO4__#1_label_A__5.npy,A
v=WsxYAwdOgO4__#1_label_A__6.npy,A
v=WsxYAwdOgO4__#1_label_A__7.npy,A
v=WsxYAwdOgO4__#1_label_A__8.npy,A
v=WsxYAwdOgO4__#1_label_A__9.npy,A
v=WkdLbqWLQko__#1_label_A__0.npy,A
v=WkdLbqWLQko__#1_label_A__1.npy,A
v=WkdLbqWLQko__#1_label_A__2.npy,A
v=WkdLbqWLQko__#1_label_A__3.npy,A
v=WkdLbqWLQko__#1_label_A__4.npy,A
v=WkdLbqWLQko__#1_label_A__5.npy,A
v=WkdLbqWLQko__#1_label_A__6.npy,A
v=WkdLbqWLQko__#1_label_A__7.npy,A
v=WkdLbqWLQko__#1_label_A__8.npy,A
v=WkdLbqWLQko__#1_label_A__9.npy,A
v=LNqowctN3cg__#1_label_A__0.npy,A
v=LNqowctN3cg__#1_label_A__1.npy,A
v=LNqowctN3cg__#1_label_A__2.npy,A
v=LNqowctN3cg__#1_label_A__3.npy,A
v=LNqowctN3cg__#1_label_A__4.npy,A
v=LNqowctN3cg__#1_label_A__5.npy,A
v=LNqowctN3cg__#1_label_A__6.npy,A
v=LNqowctN3cg__#1_label_A__7.npy,A
v=LNqowctN3cg__#1_label_A__8.npy,A
v=LNqowctN3cg__#1_label_A__9.npy,A
Young.And.Dangerous.I.1996__#01-38-25_01-38-49_label_A__0.npy,A
Young.And.Dangerous.I.1996__#01-38-25_01-38-49_label_A__1.npy,A
Young.And.Dangerous.I.1996__#01-38-25_01-38-49_label_A__2.npy,A
Young.And.Dangerous.I.1996__#01-38-25_01-38-49_label_A__3.npy,A
Young.And.Dangerous.I.1996__#01-38-25_01-38-49_label_A__4.npy,A
Young.And.Dangerous.I.1996__#01-38-25_01-38-49_label_A__5.npy,A
Young.And.Dangerous.I.1996__#01-38-25_01-38-49_label_A__6.npy,A
Young.And.Dangerous.I.1996__#01-38-25_01-38-49_label_A__7.npy,A
Young.And.Dangerous.I.1996__#01-38-25_01-38-49_label_A__8.npy,A
Young.And.Dangerous.I.1996__#01-38-25_01-38-49_label_A__9.npy,A
v=u5XzhMLqLB8__#1_label_A__0.npy,A
v=u5XzhMLqLB8__#1_label_A__1.npy,A
v=u5XzhMLqLB8__#1_label_A__2.npy,A
v=u5XzhMLqLB8__#1_label_A__3.npy,A
v=u5XzhMLqLB8__#1_label_A__4.npy,A
v=u5XzhMLqLB8__#1_label_A__5.npy,A
v=u5XzhMLqLB8__#1_label_A__6.npy,A
v=u5XzhMLqLB8__#1_label_A__7.npy,A
v=u5XzhMLqLB8__#1_label_A__8.npy,A
v=u5XzhMLqLB8__#1_label_A__9.npy,A
v=fkps18H3SXY__#01-30-00_01-36-00_label_A__0.npy,A
v=fkps18H3SXY__#01-30-00_01-36-00_label_A__1.npy,A
v=fkps18H3SXY__#01-30-00_01-36-00_label_A__2.npy,A
v=fkps18H3SXY__#01-30-00_01-36-00_label_A__3.npy,A
v=fkps18H3SXY__#01-30-00_01-36-00_label_A__4.npy,A
v=fkps18H3SXY__#01-30-00_01-36-00_label_A__5.npy,A
v=fkps18H3SXY__#01-30-00_01-36-00_label_A__6.npy,A
v=fkps18H3SXY__#01-30-00_01-36-00_label_A__7.npy,A
v=fkps18H3SXY__#01-30-00_01-36-00_label_A__8.npy,A
v=fkps18H3SXY__#01-30-00_01-36-00_label_A__9.npy,A
Shoplifters.2018__#01-07-30_01-16-59_label_A__0.npy,A
Shoplifters.2018__#01-07-30_01-16-59_label_A__1.npy,A
Shoplifters.2018__#01-07-30_01-16-59_label_A__2.npy,A
Shoplifters.2018__#01-07-30_01-16-59_label_A__3.npy,A
Shoplifters.2018__#01-07-30_01-16-59_label_A__4.npy,A
Shoplifters.2018__#01-07-30_01-16-59_label_A__5.npy,A
Shoplifters.2018__#01-07-30_01-16-59_label_A__6.npy,A
Shoplifters.2018__#01-07-30_01-16-59_label_A__7.npy,A
Shoplifters.2018__#01-07-30_01-16-59_label_A__8.npy,A
Shoplifters.2018__#01-07-30_01-16-59_label_A__9.npy,A
v=tlFJIG9mTGQ__#00-09-00_00-12-00_label_A__0.npy,A
v=tlFJIG9mTGQ__#00-09-00_00-12-00_label_A__1.npy,A
v=tlFJIG9mTGQ__#00-09-00_00-12-00_label_A__2.npy,A
v=tlFJIG9mTGQ__#00-09-00_00-12-00_label_A__3.npy,A
v=tlFJIG9mTGQ__#00-09-00_00-12-00_label_A__4.npy,A
v=tlFJIG9mTGQ__#00-09-00_00-12-00_label_A__5.npy,A
v=tlFJIG9mTGQ__#00-09-00_00-12-00_label_A__6.npy,A
v=tlFJIG9mTGQ__#00-09-00_00-12-00_label_A__7.npy,A
v=tlFJIG9mTGQ__#00-09-00_00-12-00_label_A__8.npy,A
v=tlFJIG9mTGQ__#00-09-00_00-12-00_label_A__9.npy,A
Casino.Royale.2006__#01-26-36_01-31-36_label_A__0.npy,A
Casino.Royale.2006__#01-26-36_01-31-36_label_A__1.npy,A
Casino.Royale.2006__#01-26-36_01-31-36_label_A__2.npy,A
Casino.Royale.2006__#01-26-36_01-31-36_label_A__3.npy,A
Casino.Royale.2006__#01-26-36_01-31-36_label_A__4.npy,A
Casino.Royale.2006__#01-26-36_01-31-36_label_A__5.npy,A
Casino.Royale.2006__#01-26-36_01-31-36_label_A__6.npy,A
Casino.Royale.2006__#01-26-36_01-31-36_label_A__7.npy,A
Casino.Royale.2006__#01-26-36_01-31-36_label_A__8.npy,A
Casino.Royale.2006__#01-26-36_01-31-36_label_A__9.npy,A
Tropa.de.Elite.2.2010__#00-46-55_00-48-20_label_A__0.npy,A
Tropa.de.Elite.2.2010__#00-46-55_00-48-20_label_A__1.npy,A
Tropa.de.Elite.2.2010__#00-46-55_00-48-20_label_A__2.npy,A
Tropa.de.Elite.2.2010__#00-46-55_00-48-20_label_A__3.npy,A
Tropa.de.Elite.2.2010__#00-46-55_00-48-20_label_A__4.npy,A
Tropa.de.Elite.2.2010__#00-46-55_00-48-20_label_A__5.npy,A
Tropa.de.Elite.2.2010__#00-46-55_00-48-20_label_A__6.npy,A
Tropa.de.Elite.2.2010__#00-46-55_00-48-20_label_A__7.npy,A
Tropa.de.Elite.2.2010__#00-46-55_00-48-20_label_A__8.npy,A
Tropa.de.Elite.2.2010__#00-46-55_00-48-20_label_A__9.npy,A
City.of.God.2002__#01-10-36_01-11-40_label_A__0.npy,A
City.of.God.2002__#01-10-36_01-11-40_label_A__1.npy,A
City.of.God.2002__#01-10-36_01-11-40_label_A__2.npy,A
City.of.God.2002__#01-10-36_01-11-40_label_A__3.npy,A
City.of.God.2002__#01-10-36_01-11-40_label_A__4.npy,A
City.of.God.2002__#01-10-36_01-11-40_label_A__5.npy,A
City.of.God.2002__#01-10-36_01-11-40_label_A__6.npy,A
City.of.God.2002__#01-10-36_01-11-40_label_A__7.npy,A
City.of.God.2002__#01-10-36_01-11-40_label_A__8.npy,A
City.of.God.2002__#01-10-36_01-11-40_label_A__9.npy,A
Bad.Boys.1995__#01-30-37_01-32-44_label_A__0.npy,A
Bad.Boys.1995__#01-30-37_01-32-44_label_A__1.npy,A
Bad.Boys.1995__#01-30-37_01-32-44_label_A__2.npy,A
Bad.Boys.1995__#01-30-37_01-32-44_label_A__3.npy,A
Bad.Boys.1995__#01-30-37_01-32-44_label_A__4.npy,A
Bad.Boys.1995__#01-30-37_01-32-44_label_A__5.npy,A
Bad.Boys.1995__#01-30-37_01-32-44_label_A__6.npy,A
Bad.Boys.1995__#01-30-37_01-32-44_label_A__7.npy,A
Bad.Boys.1995__#01-30-37_01-32-44_label_A__8.npy,A
Bad.Boys.1995__#01-30-37_01-32-44_label_A__9.npy,A
v=kIreUqA1fNA__#1_label_A__0.npy,A
v=kIreUqA1fNA__#1_label_A__1.npy,A
v=kIreUqA1fNA__#1_label_A__2.npy,A
v=kIreUqA1fNA__#1_label_A__3.npy,A
v=kIreUqA1fNA__#1_label_A__4.npy,A
v=kIreUqA1fNA__#1_label_A__5.npy,A
v=kIreUqA1fNA__#1_label_A__6.npy,A
v=kIreUqA1fNA__#1_label_A__7.npy,A
v=kIreUqA1fNA__#1_label_A__8.npy,A
v=kIreUqA1fNA__#1_label_A__9.npy,A
Before.Sunset.2004__#01-07-30_01-09-51_label_A__0.npy,A
Before.Sunset.2004__#01-07-30_01-09-51_label_A__1.npy,A
Before.Sunset.2004__#01-07-30_01-09-51_label_A__2.npy,A
Before.Sunset.2004__#01-07-30_01-09-51_label_A__3.npy,A
Before.Sunset.2004__#01-07-30_01-09-51_label_A__4.npy,A
Before.Sunset.2004__#01-07-30_01-09-51_label_A__5.npy,A
Before.Sunset.2004__#01-07-30_01-09-51_label_A__6.npy,A
Before.Sunset.2004__#01-07-30_01-09-51_label_A__7.npy,A
Before.Sunset.2004__#01-07-30_01-09-51_label_A__8.npy,A
Before.Sunset.2004__#01-07-30_01-09-51_label_A__9.npy,A
v=9LiI6poe3QE__#1_label_A__0.npy,A
v=9LiI6poe3QE__#1_label_A__1.npy,A
v=9LiI6poe3QE__#1_label_A__2.npy,A
v=9LiI6poe3QE__#1_label_A__3.npy,A
v=9LiI6poe3QE__#1_label_A__4.npy,A
v=9LiI6poe3QE__#1_label_A__5.npy,A
v=9LiI6poe3QE__#1_label_A__6.npy,A
v=9LiI6poe3QE__#1_label_A__7.npy,A
v=9LiI6poe3QE__#1_label_A__8.npy,A
v=9LiI6poe3QE__#1_label_A__9.npy,A
Fury.2014__#00-09-04_00-10-42_label_A__0.npy,A
Fury.2014__#00-09-04_00-10-42_label_A__1.npy,A
Fury.2014__#00-09-04_00-10-42_label_A__2.npy,A
Fury.2014__#00-09-04_00-10-42_label_A__3.npy,A
Fury.2014__#00-09-04_00-10-42_label_A__4.npy,A
Fury.2014__#00-09-04_00-10-42_label_A__5.npy,A
Fury.2014__#00-09-04_00-10-42_label_A__6.npy,A
Fury.2014__#00-09-04_00-10-42_label_A__7.npy,A
Fury.2014__#00-09-04_00-10-42_label_A__8.npy,A
Fury.2014__#00-09-04_00-10-42_label_A__9.npy,A
v=vscLBkOSqDU__#1_label_A__0.npy,A
v=vscLBkOSqDU__#1_label_A__1.npy,A
v=vscLBkOSqDU__#1_label_A__2.npy,A
v=vscLBkOSqDU__#1_label_A__3.npy,A
v=vscLBkOSqDU__#1_label_A__4.npy,A
v=vscLBkOSqDU__#1_label_A__5.npy,A
v=vscLBkOSqDU__#1_label_A__6.npy,A
v=vscLBkOSqDU__#1_label_A__7.npy,A
v=vscLBkOSqDU__#1_label_A__8.npy,A
v=vscLBkOSqDU__#1_label_A__9.npy,A
Love.Actually.2003__#00-25-20_00-29-40_label_A__0.npy,A
Love.Actually.2003__#00-25-20_00-29-40_label_A__1.npy,A
Love.Actually.2003__#00-25-20_00-29-40_label_A__2.npy,A
Love.Actually.2003__#00-25-20_00-29-40_label_A__3.npy,A
Love.Actually.2003__#00-25-20_00-29-40_label_A__4.npy,A
Love.Actually.2003__#00-25-20_00-29-40_label_A__5.npy,A
Love.Actually.2003__#00-25-20_00-29-40_label_A__6.npy,A
Love.Actually.2003__#00-25-20_00-29-40_label_A__7.npy,A
Love.Actually.2003__#00-25-20_00-29-40_label_A__8.npy,A
Love.Actually.2003__#00-25-20_00-29-40_label_A__9.npy,A
Deadpool.2.2018__#02-05-32_02-05-55_label_A__0.npy,A
Deadpool.2.2018__#02-05-32_02-05-55_label_A__1.npy,A
Deadpool.2.2018__#02-05-32_02-05-55_label_A__2.npy,A
Deadpool.2.2018__#02-05-32_02-05-55_label_A__3.npy,A
Deadpool.2.2018__#02-05-32_02-05-55_label_A__4.npy,A
Deadpool.2.2018__#02-05-32_02-05-55_label_A__5.npy,A
Deadpool.2.2018__#02-05-32_02-05-55_label_A__6.npy,A
Deadpool.2.2018__#02-05-32_02-05-55_label_A__7.npy,A
Deadpool.2.2018__#02-05-32_02-05-55_label_A__8.npy,A
Deadpool.2.2018__#02-05-32_02-05-55_label_A__9.npy,A
v=cvEJ5WFk2KE__#00-12-00_00-15-00_label_A__0.npy,A
v=cvEJ5WFk2KE__#00-12-00_00-15-00_label_A__1.npy,A
v=cvEJ5WFk2KE__#00-12-00_00-15-00_label_A__2.npy,A
v=cvEJ5WFk2KE__#00-12-00_00-15-00_label_A__3.npy,A
v=cvEJ5WFk2KE__#00-12-00_00-15-00_label_A__4.npy,A
v=cvEJ5WFk2KE__#00-12-00_00-15-00_label_A__5.npy,A
v=cvEJ5WFk2KE__#00-12-00_00-15-00_label_A__6.npy,A
v=cvEJ5WFk2KE__#00-12-00_00-15-00_label_A__7.npy,A
v=cvEJ5WFk2KE__#00-12-00_00-15-00_label_A__8.npy,A
v=cvEJ5WFk2KE__#00-12-00_00-15-00_label_A__9.npy,A
One.Day.2011__#00-35-50_00-40-31_label_A__0.npy,A
One.Day.2011__#00-35-50_00-40-31_label_A__1.npy,A
One.Day.2011__#00-35-50_00-40-31_label_A__2.npy,A
One.Day.2011__#00-35-50_00-40-31_label_A__3.npy,A
One.Day.2011__#00-35-50_00-40-31_label_A__4.npy,A
One.Day.2011__#00-35-50_00-40-31_label_A__5.npy,A
One.Day.2011__#00-35-50_00-40-31_label_A__6.npy,A
One.Day.2011__#00-35-50_00-40-31_label_A__7.npy,A
One.Day.2011__#00-35-50_00-40-31_label_A__8.npy,A
One.Day.2011__#00-35-50_00-40-31_label_A__9.npy,A
Before.Sunset.2004__#01-10-30_01-13-51_label_A__0.npy,A
Before.Sunset.2004__#01-10-30_01-13-51_label_A__1.npy,A
Before.Sunset.2004__#01-10-30_01-13-51_label_A__2.npy,A
Before.Sunset.2004__#01-10-30_01-13-51_label_A__3.npy,A
Before.Sunset.2004__#01-10-30_01-13-51_label_A__4.npy,A
Before.Sunset.2004__#01-10-30_01-13-51_label_A__5.npy,A
Before.Sunset.2004__#01-10-30_01-13-51_label_A__6.npy,A
Before.Sunset.2004__#01-10-30_01-13-51_label_A__7.npy,A
Before.Sunset.2004__#01-10-30_01-13-51_label_A__8.npy,A
Before.Sunset.2004__#01-10-30_01-13-51_label_A__9.npy,A
v=lYIQy0-geiY__#1_label_A__0.npy,A
v=lYIQy0-geiY__#1_label_A__1.npy,A
v=lYIQy0-geiY__#1_label_A__2.npy,A
v=lYIQy0-geiY__#1_label_A__3.npy,A
v=lYIQy0-geiY__#1_label_A__4.npy,A
v=lYIQy0-geiY__#1_label_A__5.npy,A
v=lYIQy0-geiY__#1_label_A__6.npy,A
v=lYIQy0-geiY__#1_label_A__7.npy,A
v=lYIQy0-geiY__#1_label_A__8.npy,A
v=lYIQy0-geiY__#1_label_A__9.npy,A
A.Beautiful.Mind.2001__#01-42-06_01-45-53_label_A__0.npy,A
A.Beautiful.Mind.2001__#01-42-06_01-45-53_label_A__1.npy,A
A.Beautiful.Mind.2001__#01-42-06_01-45-53_label_A__2.npy,A
A.Beautiful.Mind.2001__#01-42-06_01-45-53_label_A__3.npy,A
A.Beautiful.Mind.2001__#01-42-06_01-45-53_label_A__4.npy,A
A.Beautiful.Mind.2001__#01-42-06_01-45-53_label_A__5.npy,A
A.Beautiful.Mind.2001__#01-42-06_01-45-53_label_A__6.npy,A
A.Beautiful.Mind.2001__#01-42-06_01-45-53_label_A__7.npy,A
A.Beautiful.Mind.2001__#01-42-06_01-45-53_label_A__8.npy,A
A.Beautiful.Mind.2001__#01-42-06_01-45-53_label_A__9.npy,A
v=Kt_UHjnR2Tw__#1_label_A__0.npy,A
v=Kt_UHjnR2Tw__#1_label_A__1.npy,A
v=Kt_UHjnR2Tw__#1_label_A__2.npy,A
v=Kt_UHjnR2Tw__#1_label_A__3.npy,A
v=Kt_UHjnR2Tw__#1_label_A__4.npy,A
v=Kt_UHjnR2Tw__#1_label_A__5.npy,A
v=Kt_UHjnR2Tw__#1_label_A__6.npy,A
v=Kt_UHjnR2Tw__#1_label_A__7.npy,A
v=Kt_UHjnR2Tw__#1_label_A__8.npy,A
v=Kt_UHjnR2Tw__#1_label_A__9.npy,A
v=XjRhYP-OXdM__#00-15-00_00-18-00_label_A__0.npy,A
v=XjRhYP-OXdM__#00-15-00_00-18-00_label_A__1.npy,A
v=XjRhYP-OXdM__#00-15-00_00-18-00_label_A__2.npy,A
v=XjRhYP-OXdM__#00-15-00_00-18-00_label_A__3.npy,A
v=XjRhYP-OXdM__#00-15-00_00-18-00_label_A__4.npy,A
v=XjRhYP-OXdM__#00-15-00_00-18-00_label_A__5.npy,A
v=XjRhYP-OXdM__#00-15-00_00-18-00_label_A__6.npy,A
v=XjRhYP-OXdM__#00-15-00_00-18-00_label_A__7.npy,A
v=XjRhYP-OXdM__#00-15-00_00-18-00_label_A__8.npy,A
v=XjRhYP-OXdM__#00-15-00_00-18-00_label_A__9.npy,A
Fast.Five.2011__#00-00-50_00-01-20_label_A__0.npy,A
Fast.Five.2011__#00-00-50_00-01-20_label_A__1.npy,A
Fast.Five.2011__#00-00-50_00-01-20_label_A__2.npy,A
Fast.Five.2011__#00-00-50_00-01-20_label_A__3.npy,A
Fast.Five.2011__#00-00-50_00-01-20_label_A__4.npy,A
Fast.Five.2011__#00-00-50_00-01-20_label_A__5.npy,A
Fast.Five.2011__#00-00-50_00-01-20_label_A__6.npy,A
Fast.Five.2011__#00-00-50_00-01-20_label_A__7.npy,A
Fast.Five.2011__#00-00-50_00-01-20_label_A__8.npy,A
Fast.Five.2011__#00-00-50_00-01-20_label_A__9.npy,A
Fast.Five.2011__#00-26-55_00-28-33_label_A__0.npy,A
Fast.Five.2011__#00-26-55_00-28-33_label_A__1.npy,A
Fast.Five.2011__#00-26-55_00-28-33_label_A__2.npy,A
Fast.Five.2011__#00-26-55_00-28-33_label_A__3.npy,A
Fast.Five.2011__#00-26-55_00-28-33_label_A__4.npy,A
Fast.Five.2011__#00-26-55_00-28-33_label_A__5.npy,A
Fast.Five.2011__#00-26-55_00-28-33_label_A__6.npy,A
Fast.Five.2011__#00-26-55_00-28-33_label_A__7.npy,A
Fast.Five.2011__#00-26-55_00-28-33_label_A__8.npy,A
Fast.Five.2011__#00-26-55_00-28-33_label_A__9.npy,A
v=RwpwkSAvMhU__#1_label_A__0.npy,A
v=RwpwkSAvMhU__#1_label_A__1.npy,A
v=RwpwkSAvMhU__#1_label_A__2.npy,A
v=RwpwkSAvMhU__#1_label_A__3.npy,A
v=RwpwkSAvMhU__#1_label_A__4.npy,A
v=RwpwkSAvMhU__#1_label_A__5.npy,A
v=RwpwkSAvMhU__#1_label_A__6.npy,A
v=RwpwkSAvMhU__#1_label_A__7.npy,A
v=RwpwkSAvMhU__#1_label_A__8.npy,A
v=RwpwkSAvMhU__#1_label_A__9.npy,A
The.Notebook.2004__#00-04-20_00-05-35_label_A__0.npy,A
The.Notebook.2004__#00-04-20_00-05-35_label_A__1.npy,A
The.Notebook.2004__#00-04-20_00-05-35_label_A__2.npy,A
The.Notebook.2004__#00-04-20_00-05-35_label_A__3.npy,A
The.Notebook.2004__#00-04-20_00-05-35_label_A__4.npy,A
The.Notebook.2004__#00-04-20_00-05-35_label_A__5.npy,A
The.Notebook.2004__#00-04-20_00-05-35_label_A__6.npy,A
The.Notebook.2004__#00-04-20_00-05-35_label_A__7.npy,A
The.Notebook.2004__#00-04-20_00-05-35_label_A__8.npy,A
The.Notebook.2004__#00-04-20_00-05-35_label_A__9.npy,A
The.Attorney.2013__#00-17-30_00-19-10_label_A__0.npy,A
The.Attorney.2013__#00-17-30_00-19-10_label_A__1.npy,A
The.Attorney.2013__#00-17-30_00-19-10_label_A__2.npy,A
The.Attorney.2013__#00-17-30_00-19-10_label_A__3.npy,A
The.Attorney.2013__#00-17-30_00-19-10_label_A__4.npy,A
The.Attorney.2013__#00-17-30_00-19-10_label_A__5.npy,A
The.Attorney.2013__#00-17-30_00-19-10_label_A__6.npy,A
The.Attorney.2013__#00-17-30_00-19-10_label_A__7.npy,A
The.Attorney.2013__#00-17-30_00-19-10_label_A__8.npy,A
The.Attorney.2013__#00-17-30_00-19-10_label_A__9.npy,A
v=6AcZvntrYL8__#1_label_A__0.npy,A
v=6AcZvntrYL8__#1_label_A__1.npy,A
v=6AcZvntrYL8__#1_label_A__2.npy,A
v=6AcZvntrYL8__#1_label_A__3.npy,A
v=6AcZvntrYL8__#1_label_A__4.npy,A
v=6AcZvntrYL8__#1_label_A__5.npy,A
v=6AcZvntrYL8__#1_label_A__6.npy,A
v=6AcZvntrYL8__#1_label_A__7.npy,A
v=6AcZvntrYL8__#1_label_A__8.npy,A
v=6AcZvntrYL8__#1_label_A__9.npy,A
v=vsI_pKNcgeQ__#00-03-00_00-06-00_label_A__0.npy,A
v=vsI_pKNcgeQ__#00-03-00_00-06-00_label_A__1.npy,A
v=vsI_pKNcgeQ__#00-03-00_00-06-00_label_A__2.npy,A
v=vsI_pKNcgeQ__#00-03-00_00-06-00_label_A__3.npy,A
v=vsI_pKNcgeQ__#00-03-00_00-06-00_label_A__4.npy,A
v=vsI_pKNcgeQ__#00-03-00_00-06-00_label_A__5.npy,A
v=vsI_pKNcgeQ__#00-03-00_00-06-00_label_A__6.npy,A
v=vsI_pKNcgeQ__#00-03-00_00-06-00_label_A__7.npy,A
v=vsI_pKNcgeQ__#00-03-00_00-06-00_label_A__8.npy,A
v=vsI_pKNcgeQ__#00-03-00_00-06-00_label_A__9.npy,A
Mindhunters.2004__#00-59-00_00-59-47_label_A__0.npy,A
Mindhunters.2004__#00-59-00_00-59-47_label_A__1.npy,A
Mindhunters.2004__#00-59-00_00-59-47_label_A__2.npy,A
Mindhunters.2004__#00-59-00_00-59-47_label_A__3.npy,A
Mindhunters.2004__#00-59-00_00-59-47_label_A__4.npy,A
Mindhunters.2004__#00-59-00_00-59-47_label_A__5.npy,A
Mindhunters.2004__#00-59-00_00-59-47_label_A__6.npy,A
Mindhunters.2004__#00-59-00_00-59-47_label_A__7.npy,A
Mindhunters.2004__#00-59-00_00-59-47_label_A__8.npy,A
Mindhunters.2004__#00-59-00_00-59-47_label_A__9.npy,A
v=fZI47tH5GPs__#1_label_A__0.npy,A
v=fZI47tH5GPs__#1_label_A__1.npy,A
v=fZI47tH5GPs__#1_label_A__2.npy,A
v=fZI47tH5GPs__#1_label_A__3.npy,A
v=fZI47tH5GPs__#1_label_A__4.npy,A
v=fZI47tH5GPs__#1_label_A__5.npy,A
v=fZI47tH5GPs__#1_label_A__6.npy,A
v=fZI47tH5GPs__#1_label_A__7.npy,A
v=fZI47tH5GPs__#1_label_A__8.npy,A
v=fZI47tH5GPs__#1_label_A__9.npy,A
v=WwHp3w9uozU__#1_label_A__0.npy,A
v=WwHp3w9uozU__#1_label_A__1.npy,A
v=WwHp3w9uozU__#1_label_A__2.npy,A
v=WwHp3w9uozU__#1_label_A__3.npy,A
v=WwHp3w9uozU__#1_label_A__4.npy,A
v=WwHp3w9uozU__#1_label_A__5.npy,A
v=WwHp3w9uozU__#1_label_A__6.npy,A
v=WwHp3w9uozU__#1_label_A__7.npy,A
v=WwHp3w9uozU__#1_label_A__8.npy,A
v=WwHp3w9uozU__#1_label_A__9.npy,A
Quantum.Of.Solace.2008__#00-22-53_00-29-20_label_A__0.npy,A
Quantum.Of.Solace.2008__#00-22-53_00-29-20_label_A__1.npy,A
Quantum.Of.Solace.2008__#00-22-53_00-29-20_label_A__2.npy,A
Quantum.Of.Solace.2008__#00-22-53_00-29-20_label_A__3.npy,A
Quantum.Of.Solace.2008__#00-22-53_00-29-20_label_A__4.npy,A
Quantum.Of.Solace.2008__#00-22-53_00-29-20_label_A__5.npy,A
Quantum.Of.Solace.2008__#00-22-53_00-29-20_label_A__6.npy,A
Quantum.Of.Solace.2008__#00-22-53_00-29-20_label_A__7.npy,A
Quantum.Of.Solace.2008__#00-22-53_00-29-20_label_A__8.npy,A
Quantum.Of.Solace.2008__#00-22-53_00-29-20_label_A__9.npy,A
IP.Man.2.2010__#00-29-16_00-30-36_label_A__0.npy,A
IP.Man.2.2010__#00-29-16_00-30-36_label_A__1.npy,A
IP.Man.2.2010__#00-29-16_00-30-36_label_A__2.npy,A
IP.Man.2.2010__#00-29-16_00-30-36_label_A__3.npy,A
IP.Man.2.2010__#00-29-16_00-30-36_label_A__4.npy,A
IP.Man.2.2010__#00-29-16_00-30-36_label_A__5.npy,A
IP.Man.2.2010__#00-29-16_00-30-36_label_A__6.npy,A
IP.Man.2.2010__#00-29-16_00-30-36_label_A__7.npy,A
IP.Man.2.2010__#00-29-16_00-30-36_label_A__8.npy,A
IP.Man.2.2010__#00-29-16_00-30-36_label_A__9.npy,A
Taken.3.2014__#00-49-27_00-50-11_label_A__0.npy,A
Taken.3.2014__#00-49-27_00-50-11_label_A__1.npy,A
Taken.3.2014__#00-49-27_00-50-11_label_A__2.npy,A
Taken.3.2014__#00-49-27_00-50-11_label_A__3.npy,A
Taken.3.2014__#00-49-27_00-50-11_label_A__4.npy,A
Taken.3.2014__#00-49-27_00-50-11_label_A__5.npy,A
Taken.3.2014__#00-49-27_00-50-11_label_A__6.npy,A
Taken.3.2014__#00-49-27_00-50-11_label_A__7.npy,A
Taken.3.2014__#00-49-27_00-50-11_label_A__8.npy,A
Taken.3.2014__#00-49-27_00-50-11_label_A__9.npy,A
v=8teJmzR7Z18__#1_label_A__0.npy,A
v=8teJmzR7Z18__#1_label_A__1.npy,A
v=8teJmzR7Z18__#1_label_A__2.npy,A
v=8teJmzR7Z18__#1_label_A__3.npy,A
v=8teJmzR7Z18__#1_label_A__4.npy,A
v=8teJmzR7Z18__#1_label_A__5.npy,A
v=8teJmzR7Z18__#1_label_A__6.npy,A
v=8teJmzR7Z18__#1_label_A__7.npy,A
v=8teJmzR7Z18__#1_label_A__8.npy,A
v=8teJmzR7Z18__#1_label_A__9.npy,A
Skyfall.2012__#01-45-55_01-48-07_label_A__0.npy,A
Skyfall.2012__#01-45-55_01-48-07_label_A__1.npy,A
Skyfall.2012__#01-45-55_01-48-07_label_A__2.npy,A
Skyfall.2012__#01-45-55_01-48-07_label_A__3.npy,A
Skyfall.2012__#01-45-55_01-48-07_label_A__4.npy,A
Skyfall.2012__#01-45-55_01-48-07_label_A__5.npy,A
Skyfall.2012__#01-45-55_01-48-07_label_A__6.npy,A
Skyfall.2012__#01-45-55_01-48-07_label_A__7.npy,A
Skyfall.2012__#01-45-55_01-48-07_label_A__8.npy,A
Skyfall.2012__#01-45-55_01-48-07_label_A__9.npy,A
The.Intouchables.2011__#01-42-06_01-45-53_label_A__0.npy,A
The.Intouchables.2011__#01-42-06_01-45-53_label_A__1.npy,A
The.Intouchables.2011__#01-42-06_01-45-53_label_A__2.npy,A
The.Intouchables.2011__#01-42-06_01-45-53_label_A__3.npy,A
The.Intouchables.2011__#01-42-06_01-45-53_label_A__4.npy,A
The.Intouchables.2011__#01-42-06_01-45-53_label_A__5.npy,A
The.Intouchables.2011__#01-42-06_01-45-53_label_A__6.npy,A
The.Intouchables.2011__#01-42-06_01-45-53_label_A__7.npy,A
The.Intouchables.2011__#01-42-06_01-45-53_label_A__8.npy,A
The.Intouchables.2011__#01-42-06_01-45-53_label_A__9.npy,A
v=3A07-qclqpk__#1_label_A__0.npy,A
v=3A07-qclqpk__#1_label_A__1.npy,A
v=3A07-qclqpk__#1_label_A__2.npy,A
v=3A07-qclqpk__#1_label_A__3.npy,A
v=3A07-qclqpk__#1_label_A__4.npy,A
v=3A07-qclqpk__#1_label_A__5.npy,A
v=3A07-qclqpk__#1_label_A__6.npy,A
v=3A07-qclqpk__#1_label_A__7.npy,A
v=3A07-qclqpk__#1_label_A__8.npy,A
v=3A07-qclqpk__#1_label_A__9.npy,A
v=usAvzbDq6-c__#00-15-00_00-18-00_label_A__0.npy,A
v=usAvzbDq6-c__#00-15-00_00-18-00_label_A__1.npy,A
v=usAvzbDq6-c__#00-15-00_00-18-00_label_A__2.npy,A
v=usAvzbDq6-c__#00-15-00_00-18-00_label_A__3.npy,A
v=usAvzbDq6-c__#00-15-00_00-18-00_label_A__4.npy,A
v=usAvzbDq6-c__#00-15-00_00-18-00_label_A__5.npy,A
v=usAvzbDq6-c__#00-15-00_00-18-00_label_A__6.npy,A
v=usAvzbDq6-c__#00-15-00_00-18-00_label_A__7.npy,A
v=usAvzbDq6-c__#00-15-00_00-18-00_label_A__8.npy,A
v=usAvzbDq6-c__#00-15-00_00-18-00_label_A__9.npy,A
v=2oUyemslvxw__#1_label_A__0.npy,A
v=2oUyemslvxw__#1_label_A__1.npy,A
v=2oUyemslvxw__#1_label_A__2.npy,A
v=2oUyemslvxw__#1_label_A__3.npy,A
v=2oUyemslvxw__#1_label_A__4.npy,A
v=2oUyemslvxw__#1_label_A__5.npy,A
v=2oUyemslvxw__#1_label_A__6.npy,A
v=2oUyemslvxw__#1_label_A__7.npy,A
v=2oUyemslvxw__#1_label_A__8.npy,A
v=2oUyemslvxw__#1_label_A__9.npy,A
v=Sort1hCMSz8__#1_label_A__0.npy,A
v=Sort1hCMSz8__#1_label_A__1.npy,A
v=Sort1hCMSz8__#1_label_A__2.npy,A
v=Sort1hCMSz8__#1_label_A__3.npy,A
v=Sort1hCMSz8__#1_label_A__4.npy,A
v=Sort1hCMSz8__#1_label_A__5.npy,A
v=Sort1hCMSz8__#1_label_A__6.npy,A
v=Sort1hCMSz8__#1_label_A__7.npy,A
v=Sort1hCMSz8__#1_label_A__8.npy,A
v=Sort1hCMSz8__#1_label_A__9.npy,A
Fast.Furious.6.2013__#00-01-45_00-02-15_label_A__0.npy,A
Fast.Furious.6.2013__#00-01-45_00-02-15_label_A__1.npy,A
Fast.Furious.6.2013__#00-01-45_00-02-15_label_A__2.npy,A
Fast.Furious.6.2013__#00-01-45_00-02-15_label_A__3.npy,A
Fast.Furious.6.2013__#00-01-45_00-02-15_label_A__4.npy,A
Fast.Furious.6.2013__#00-01-45_00-02-15_label_A__5.npy,A
Fast.Furious.6.2013__#00-01-45_00-02-15_label_A__6.npy,A
Fast.Furious.6.2013__#00-01-45_00-02-15_label_A__7.npy,A
Fast.Furious.6.2013__#00-01-45_00-02-15_label_A__8.npy,A
Fast.Furious.6.2013__#00-01-45_00-02-15_label_A__9.npy,A
Love.Death.and.Robots.S01E12__#0-00-40_0-05-00_label_A__0.npy,A
Love.Death.and.Robots.S01E12__#0-00-40_0-05-00_label_A__1.npy,A
Love.Death.and.Robots.S01E12__#0-00-40_0-05-00_label_A__2.npy,A
Love.Death.and.Robots.S01E12__#0-00-40_0-05-00_label_A__3.npy,A
Love.Death.and.Robots.S01E12__#0-00-40_0-05-00_label_A__4.npy,A
Love.Death.and.Robots.S01E12__#0-00-40_0-05-00_label_A__5.npy,A
Love.Death.and.Robots.S01E12__#0-00-40_0-05-00_label_A__6.npy,A
Love.Death.and.Robots.S01E12__#0-00-40_0-05-00_label_A__7.npy,A
Love.Death.and.Robots.S01E12__#0-00-40_0-05-00_label_A__8.npy,A
Love.Death.and.Robots.S01E12__#0-00-40_0-05-00_label_A__9.npy,A
Fury.2014__#00-01-50_00-02-58_label_A__0.npy,A
Fury.2014__#00-01-50_00-02-58_label_A__1.npy,A
Fury.2014__#00-01-50_00-02-58_label_A__2.npy,A
Fury.2014__#00-01-50_00-02-58_label_A__3.npy,A
Fury.2014__#00-01-50_00-02-58_label_A__4.npy,A
Fury.2014__#00-01-50_00-02-58_label_A__5.npy,A
Fury.2014__#00-01-50_00-02-58_label_A__6.npy,A
Fury.2014__#00-01-50_00-02-58_label_A__7.npy,A
Fury.2014__#00-01-50_00-02-58_label_A__8.npy,A
Fury.2014__#00-01-50_00-02-58_label_A__9.npy,A
Good.Will.Hunting.1997__#00-03-00_00-04-05_label_A__0.npy,A
Good.Will.Hunting.1997__#00-03-00_00-04-05_label_A__1.npy,A
Good.Will.Hunting.1997__#00-03-00_00-04-05_label_A__2.npy,A
Good.Will.Hunting.1997__#00-03-00_00-04-05_label_A__3.npy,A
Good.Will.Hunting.1997__#00-03-00_00-04-05_label_A__4.npy,A
Good.Will.Hunting.1997__#00-03-00_00-04-05_label_A__5.npy,A
Good.Will.Hunting.1997__#00-03-00_00-04-05_label_A__6.npy,A
Good.Will.Hunting.1997__#00-03-00_00-04-05_label_A__7.npy,A
Good.Will.Hunting.1997__#00-03-00_00-04-05_label_A__8.npy,A
Good.Will.Hunting.1997__#00-03-00_00-04-05_label_A__9.npy,A
Fast.Furious.6.2013__#00-32-52_00-36-31_label_A__0.npy,A
Fast.Furious.6.2013__#00-32-52_00-36-31_label_A__1.npy,A
Fast.Furious.6.2013__#00-32-52_00-36-31_label_A__2.npy,A
Fast.Furious.6.2013__#00-32-52_00-36-31_label_A__3.npy,A
Fast.Furious.6.2013__#00-32-52_00-36-31_label_A__4.npy,A
Fast.Furious.6.2013__#00-32-52_00-36-31_label_A__5.npy,A
Fast.Furious.6.2013__#00-32-52_00-36-31_label_A__6.npy,A
Fast.Furious.6.2013__#00-32-52_00-36-31_label_A__7.npy,A
Fast.Furious.6.2013__#00-32-52_00-36-31_label_A__8.npy,A
Fast.Furious.6.2013__#00-32-52_00-36-31_label_A__9.npy,A
Fast.Furious.6.2013__#01-10-55_01-14-20_label_A__0.npy,A
Fast.Furious.6.2013__#01-10-55_01-14-20_label_A__1.npy,A
Fast.Furious.6.2013__#01-10-55_01-14-20_label_A__2.npy,A
Fast.Furious.6.2013__#01-10-55_01-14-20_label_A__3.npy,A
Fast.Furious.6.2013__#01-10-55_01-14-20_label_A__4.npy,A
Fast.Furious.6.2013__#01-10-55_01-14-20_label_A__5.npy,A
Fast.Furious.6.2013__#01-10-55_01-14-20_label_A__6.npy,A
Fast.Furious.6.2013__#01-10-55_01-14-20_label_A__7.npy,A
Fast.Furious.6.2013__#01-10-55_01-14-20_label_A__8.npy,A
Fast.Furious.6.2013__#01-10-55_01-14-20_label_A__9.npy,A
v=9HGmhxIZErg__#1_label_A__0.npy,A
v=9HGmhxIZErg__#1_label_A__1.npy,A
v=9HGmhxIZErg__#1_label_A__2.npy,A
v=9HGmhxIZErg__#1_label_A__3.npy,A
v=9HGmhxIZErg__#1_label_A__4.npy,A
v=9HGmhxIZErg__#1_label_A__5.npy,A
v=9HGmhxIZErg__#1_label_A__6.npy,A
v=9HGmhxIZErg__#1_label_A__7.npy,A
v=9HGmhxIZErg__#1_label_A__8.npy,A
v=9HGmhxIZErg__#1_label_A__9.npy,A
v=Yr41_8QOTF8__#00-27-00_00-30-00_label_A__0.npy,A
v=Yr41_8QOTF8__#00-27-00_00-30-00_label_A__1.npy,A
v=Yr41_8QOTF8__#00-27-00_00-30-00_label_A__2.npy,A
v=Yr41_8QOTF8__#00-27-00_00-30-00_label_A__3.npy,A
v=Yr41_8QOTF8__#00-27-00_00-30-00_label_A__4.npy,A
v=Yr41_8QOTF8__#00-27-00_00-30-00_label_A__5.npy,A
v=Yr41_8QOTF8__#00-27-00_00-30-00_label_A__6.npy,A
v=Yr41_8QOTF8__#00-27-00_00-30-00_label_A__7.npy,A
v=Yr41_8QOTF8__#00-27-00_00-30-00_label_A__8.npy,A
v=Yr41_8QOTF8__#00-27-00_00-30-00_label_A__9.npy,A
v=NeAC-MfTZzU__#00-00-00_00-03-00_label_A__0.npy,A
v=NeAC-MfTZzU__#00-00-00_00-03-00_label_A__1.npy,A
v=NeAC-MfTZzU__#00-00-00_00-03-00_label_A__2.npy,A
v=NeAC-MfTZzU__#00-00-00_00-03-00_label_A__3.npy,A
v=NeAC-MfTZzU__#00-00-00_00-03-00_label_A__4.npy,A
v=NeAC-MfTZzU__#00-00-00_00-03-00_label_A__5.npy,A
v=NeAC-MfTZzU__#00-00-00_00-03-00_label_A__6.npy,A
v=NeAC-MfTZzU__#00-00-00_00-03-00_label_A__7.npy,A
v=NeAC-MfTZzU__#00-00-00_00-03-00_label_A__8.npy,A
v=NeAC-MfTZzU__#00-00-00_00-03-00_label_A__9.npy,A
v=jkJ_gJQh2Xo__#1_label_A__0.npy,A
v=jkJ_gJQh2Xo__#1_label_A__1.npy,A
v=jkJ_gJQh2Xo__#1_label_A__2.npy,A
v=jkJ_gJQh2Xo__#1_label_A__3.npy,A
v=jkJ_gJQh2Xo__#1_label_A__4.npy,A
v=jkJ_gJQh2Xo__#1_label_A__5.npy,A
v=jkJ_gJQh2Xo__#1_label_A__6.npy,A
v=jkJ_gJQh2Xo__#1_label_A__7.npy,A
v=jkJ_gJQh2Xo__#1_label_A__8.npy,A
v=jkJ_gJQh2Xo__#1_label_A__9.npy,A
Deadpool.2016__#0-27-11_0-27-48_label_A__0.npy,A
Deadpool.2016__#0-27-11_0-27-48_label_A__1.npy,A
Deadpool.2016__#0-27-11_0-27-48_label_A__2.npy,A
Deadpool.2016__#0-27-11_0-27-48_label_A__3.npy,A
Deadpool.2016__#0-27-11_0-27-48_label_A__4.npy,A
Deadpool.2016__#0-27-11_0-27-48_label_A__5.npy,A
Deadpool.2016__#0-27-11_0-27-48_label_A__6.npy,A
Deadpool.2016__#0-27-11_0-27-48_label_A__7.npy,A
Deadpool.2016__#0-27-11_0-27-48_label_A__8.npy,A
Deadpool.2016__#0-27-11_0-27-48_label_A__9.npy,A
The.Bourne.Ultimatum.2007__#0-07-22_0-09-41_label_A__0.npy,A
The.Bourne.Ultimatum.2007__#0-07-22_0-09-41_label_A__1.npy,A
The.Bourne.Ultimatum.2007__#0-07-22_0-09-41_label_A__2.npy,A
The.Bourne.Ultimatum.2007__#0-07-22_0-09-41_label_A__3.npy,A
The.Bourne.Ultimatum.2007__#0-07-22_0-09-41_label_A__4.npy,A
The.Bourne.Ultimatum.2007__#0-07-22_0-09-41_label_A__5.npy,A
The.Bourne.Ultimatum.2007__#0-07-22_0-09-41_label_A__6.npy,A
The.Bourne.Ultimatum.2007__#0-07-22_0-09-41_label_A__7.npy,A
The.Bourne.Ultimatum.2007__#0-07-22_0-09-41_label_A__8.npy,A
The.Bourne.Ultimatum.2007__#0-07-22_0-09-41_label_A__9.npy,A
Love.Me.If.You.Dare.2003__#00-46-40_00-48-30_label_A__0.npy,A
Love.Me.If.You.Dare.2003__#00-46-40_00-48-30_label_A__1.npy,A
Love.Me.If.You.Dare.2003__#00-46-40_00-48-30_label_A__2.npy,A
Love.Me.If.You.Dare.2003__#00-46-40_00-48-30_label_A__3.npy,A
Love.Me.If.You.Dare.2003__#00-46-40_00-48-30_label_A__4.npy,A
Love.Me.If.You.Dare.2003__#00-46-40_00-48-30_label_A__5.npy,A
Love.Me.If.You.Dare.2003__#00-46-40_00-48-30_label_A__6.npy,A
Love.Me.If.You.Dare.2003__#00-46-40_00-48-30_label_A__7.npy,A
Love.Me.If.You.Dare.2003__#00-46-40_00-48-30_label_A__8.npy,A
Love.Me.If.You.Dare.2003__#00-46-40_00-48-30_label_A__9.npy,A
Hear.Me.2009__#01-39-05_01-46-40_label_A__0.npy,A
Hear.Me.2009__#01-39-05_01-46-40_label_A__1.npy,A
Hear.Me.2009__#01-39-05_01-46-40_label_A__2.npy,A
Hear.Me.2009__#01-39-05_01-46-40_label_A__3.npy,A
Hear.Me.2009__#01-39-05_01-46-40_label_A__4.npy,A
Hear.Me.2009__#01-39-05_01-46-40_label_A__5.npy,A
Hear.Me.2009__#01-39-05_01-46-40_label_A__6.npy,A
Hear.Me.2009__#01-39-05_01-46-40_label_A__7.npy,A
Hear.Me.2009__#01-39-05_01-46-40_label_A__8.npy,A
Hear.Me.2009__#01-39-05_01-46-40_label_A__9.npy,A
v=Xs8fRP0_o8w__#1_label_A__0.npy,A
v=Xs8fRP0_o8w__#1_label_A__1.npy,A
v=Xs8fRP0_o8w__#1_label_A__2.npy,A
v=Xs8fRP0_o8w__#1_label_A__3.npy,A
v=Xs8fRP0_o8w__#1_label_A__4.npy,A
v=Xs8fRP0_o8w__#1_label_A__5.npy,A
v=Xs8fRP0_o8w__#1_label_A__6.npy,A
v=Xs8fRP0_o8w__#1_label_A__7.npy,A
v=Xs8fRP0_o8w__#1_label_A__8.npy,A
v=Xs8fRP0_o8w__#1_label_A__9.npy,A
Hear.Me.2009__#00-25-20_00-29-40_label_A__0.npy,A
Hear.Me.2009__#00-25-20_00-29-40_label_A__1.npy,A
Hear.Me.2009__#00-25-20_00-29-40_label_A__2.npy,A
Hear.Me.2009__#00-25-20_00-29-40_label_A__3.npy,A
Hear.Me.2009__#00-25-20_00-29-40_label_A__4.npy,A
Hear.Me.2009__#00-25-20_00-29-40_label_A__5.npy,A
Hear.Me.2009__#00-25-20_00-29-40_label_A__6.npy,A
Hear.Me.2009__#00-25-20_00-29-40_label_A__7.npy,A
Hear.Me.2009__#00-25-20_00-29-40_label_A__8.npy,A
Hear.Me.2009__#00-25-20_00-29-40_label_A__9.npy,A
v=fkps18H3SXY__#00-48-00_00-54-00_label_A__0.npy,A
v=fkps18H3SXY__#00-48-00_00-54-00_label_A__1.npy,A
v=fkps18H3SXY__#00-48-00_00-54-00_label_A__2.npy,A
v=fkps18H3SXY__#00-48-00_00-54-00_label_A__3.npy,A
v=fkps18H3SXY__#00-48-00_00-54-00_label_A__4.npy,A
v=fkps18H3SXY__#00-48-00_00-54-00_label_A__5.npy,A
v=fkps18H3SXY__#00-48-00_00-54-00_label_A__6.npy,A
v=fkps18H3SXY__#00-48-00_00-54-00_label_A__7.npy,A
v=fkps18H3SXY__#00-48-00_00-54-00_label_A__8.npy,A
v=fkps18H3SXY__#00-48-00_00-54-00_label_A__9.npy,A
v=h4ipBbKKkXY__#1_label_A__0.npy,A
v=h4ipBbKKkXY__#1_label_A__1.npy,A
v=h4ipBbKKkXY__#1_label_A__2.npy,A
v=h4ipBbKKkXY__#1_label_A__3.npy,A
v=h4ipBbKKkXY__#1_label_A__4.npy,A
v=h4ipBbKKkXY__#1_label_A__5.npy,A
v=h4ipBbKKkXY__#1_label_A__6.npy,A
v=h4ipBbKKkXY__#1_label_A__7.npy,A
v=h4ipBbKKkXY__#1_label_A__8.npy,A
v=h4ipBbKKkXY__#1_label_A__9.npy,A
v=Kxr-KoIWoPI__#1_label_A__0.npy,A
v=Kxr-KoIWoPI__#1_label_A__1.npy,A
v=Kxr-KoIWoPI__#1_label_A__2.npy,A
v=Kxr-KoIWoPI__#1_label_A__3.npy,A
v=Kxr-KoIWoPI__#1_label_A__4.npy,A
v=Kxr-KoIWoPI__#1_label_A__5.npy,A
v=Kxr-KoIWoPI__#1_label_A__6.npy,A
v=Kxr-KoIWoPI__#1_label_A__7.npy,A
v=Kxr-KoIWoPI__#1_label_A__8.npy,A
v=Kxr-KoIWoPI__#1_label_A__9.npy,A
v=MyM5G7fo7Gg__#00-03-00_00-06-00_label_A__0.npy,A
v=MyM5G7fo7Gg__#00-03-00_00-06-00_label_A__1.npy,A
v=MyM5G7fo7Gg__#00-03-00_00-06-00_label_A__2.npy,A
v=MyM5G7fo7Gg__#00-03-00_00-06-00_label_A__3.npy,A
v=MyM5G7fo7Gg__#00-03-00_00-06-00_label_A__4.npy,A
v=MyM5G7fo7Gg__#00-03-00_00-06-00_label_A__5.npy,A
v=MyM5G7fo7Gg__#00-03-00_00-06-00_label_A__6.npy,A
v=MyM5G7fo7Gg__#00-03-00_00-06-00_label_A__7.npy,A
v=MyM5G7fo7Gg__#00-03-00_00-06-00_label_A__8.npy,A
v=MyM5G7fo7Gg__#00-03-00_00-06-00_label_A__9.npy,A
Mission.Impossible.V.Rogue.Nation.2015__#01-20-40_01-21-40_label_A__0.npy,A
Mission.Impossible.V.Rogue.Nation.2015__#01-20-40_01-21-40_label_A__1.npy,A
Mission.Impossible.V.Rogue.Nation.2015__#01-20-40_01-21-40_label_A__2.npy,A
Mission.Impossible.V.Rogue.Nation.2015__#01-20-40_01-21-40_label_A__3.npy,A
Mission.Impossible.V.Rogue.Nation.2015__#01-20-40_01-21-40_label_A__4.npy,A
Mission.Impossible.V.Rogue.Nation.2015__#01-20-40_01-21-40_label_A__5.npy,A
Mission.Impossible.V.Rogue.Nation.2015__#01-20-40_01-21-40_label_A__6.npy,A
Mission.Impossible.V.Rogue.Nation.2015__#01-20-40_01-21-40_label_A__7.npy,A
Mission.Impossible.V.Rogue.Nation.2015__#01-20-40_01-21-40_label_A__8.npy,A
Mission.Impossible.V.Rogue.Nation.2015__#01-20-40_01-21-40_label_A__9.npy,A
Quantum.Of.Solace.2008__#01-40-09_01-41-35_label_A__0.npy,A
Quantum.Of.Solace.2008__#01-40-09_01-41-35_label_A__1.npy,A
Quantum.Of.Solace.2008__#01-40-09_01-41-35_label_A__2.npy,A
Quantum.Of.Solace.2008__#01-40-09_01-41-35_label_A__3.npy,A
Quantum.Of.Solace.2008__#01-40-09_01-41-35_label_A__4.npy,A
Quantum.Of.Solace.2008__#01-40-09_01-41-35_label_A__5.npy,A
Quantum.Of.Solace.2008__#01-40-09_01-41-35_label_A__6.npy,A
Quantum.Of.Solace.2008__#01-40-09_01-41-35_label_A__7.npy,A
Quantum.Of.Solace.2008__#01-40-09_01-41-35_label_A__8.npy,A
Quantum.Of.Solace.2008__#01-40-09_01-41-35_label_A__9.npy,A
Black.Hawk.Down.2001__#00-12-00_00-12-31_label_A__0.npy,A
Black.Hawk.Down.2001__#00-12-00_00-12-31_label_A__1.npy,A
Black.Hawk.Down.2001__#00-12-00_00-12-31_label_A__2.npy,A
Black.Hawk.Down.2001__#00-12-00_00-12-31_label_A__3.npy,A
Black.Hawk.Down.2001__#00-12-00_00-12-31_label_A__4.npy,A
Black.Hawk.Down.2001__#00-12-00_00-12-31_label_A__5.npy,A
Black.Hawk.Down.2001__#00-12-00_00-12-31_label_A__6.npy,A
Black.Hawk.Down.2001__#00-12-00_00-12-31_label_A__7.npy,A
Black.Hawk.Down.2001__#00-12-00_00-12-31_label_A__8.npy,A
Black.Hawk.Down.2001__#00-12-00_00-12-31_label_A__9.npy,A
Shoot.Em.Up.2007__#00-12-27_00-13-48_label_A__0.npy,A
Shoot.Em.Up.2007__#00-12-27_00-13-48_label_A__1.npy,A
Shoot.Em.Up.2007__#00-12-27_00-13-48_label_A__2.npy,A
Shoot.Em.Up.2007__#00-12-27_00-13-48_label_A__3.npy,A
Shoot.Em.Up.2007__#00-12-27_00-13-48_label_A__4.npy,A
Shoot.Em.Up.2007__#00-12-27_00-13-48_label_A__5.npy,A
Shoot.Em.Up.2007__#00-12-27_00-13-48_label_A__6.npy,A
Shoot.Em.Up.2007__#00-12-27_00-13-48_label_A__7.npy,A
Shoot.Em.Up.2007__#00-12-27_00-13-48_label_A__8.npy,A
Shoot.Em.Up.2007__#00-12-27_00-13-48_label_A__9.npy,A
v=cvEJ5WFk2KE__#00-21-00_00-24-00_label_A__0.npy,A
v=cvEJ5WFk2KE__#00-21-00_00-24-00_label_A__1.npy,A
v=cvEJ5WFk2KE__#00-21-00_00-24-00_label_A__2.npy,A
v=cvEJ5WFk2KE__#00-21-00_00-24-00_label_A__3.npy,A
v=cvEJ5WFk2KE__#00-21-00_00-24-00_label_A__4.npy,A
v=cvEJ5WFk2KE__#00-21-00_00-24-00_label_A__5.npy,A
v=cvEJ5WFk2KE__#00-21-00_00-24-00_label_A__6.npy,A
v=cvEJ5WFk2KE__#00-21-00_00-24-00_label_A__7.npy,A
v=cvEJ5WFk2KE__#00-21-00_00-24-00_label_A__8.npy,A
v=cvEJ5WFk2KE__#00-21-00_00-24-00_label_A__9.npy,A
v=CWR3UhfYsSA__#1_label_A__0.npy,A
v=CWR3UhfYsSA__#1_label_A__1.npy,A
v=CWR3UhfYsSA__#1_label_A__2.npy,A
v=CWR3UhfYsSA__#1_label_A__3.npy,A
v=CWR3UhfYsSA__#1_label_A__4.npy,A
v=CWR3UhfYsSA__#1_label_A__5.npy,A
v=CWR3UhfYsSA__#1_label_A__6.npy,A
v=CWR3UhfYsSA__#1_label_A__7.npy,A
v=CWR3UhfYsSA__#1_label_A__8.npy,A
v=CWR3UhfYsSA__#1_label_A__9.npy,A
v=I8Na13j54CI__#1_label_A__0.npy,A
v=I8Na13j54CI__#1_label_A__1.npy,A
v=I8Na13j54CI__#1_label_A__2.npy,A
v=I8Na13j54CI__#1_label_A__3.npy,A
v=I8Na13j54CI__#1_label_A__4.npy,A
v=I8Na13j54CI__#1_label_A__5.npy,A
v=I8Na13j54CI__#1_label_A__6.npy,A
v=I8Na13j54CI__#1_label_A__7.npy,A
v=I8Na13j54CI__#1_label_A__8.npy,A
v=I8Na13j54CI__#1_label_A__9.npy,A
City.of.God.2002__#01-27-26_01-28-48_label_A__0.npy,A
City.of.God.2002__#01-27-26_01-28-48_label_A__1.npy,A
City.of.God.2002__#01-27-26_01-28-48_label_A__2.npy,A
City.of.God.2002__#01-27-26_01-28-48_label_A__3.npy,A
City.of.God.2002__#01-27-26_01-28-48_label_A__4.npy,A
City.of.God.2002__#01-27-26_01-28-48_label_A__5.npy,A
City.of.God.2002__#01-27-26_01-28-48_label_A__6.npy,A
City.of.God.2002__#01-27-26_01-28-48_label_A__7.npy,A
City.of.God.2002__#01-27-26_01-28-48_label_A__8.npy,A
City.of.God.2002__#01-27-26_01-28-48_label_A__9.npy,A
Be.with.You.2018__#01-52-20_01-58-00_label_A__0.npy,A
Be.with.You.2018__#01-52-20_01-58-00_label_A__1.npy,A
Be.with.You.2018__#01-52-20_01-58-00_label_A__2.npy,A
Be.with.You.2018__#01-52-20_01-58-00_label_A__3.npy,A
Be.with.You.2018__#01-52-20_01-58-00_label_A__4.npy,A
Be.with.You.2018__#01-52-20_01-58-00_label_A__5.npy,A
Be.with.You.2018__#01-52-20_01-58-00_label_A__6.npy,A
Be.with.You.2018__#01-52-20_01-58-00_label_A__7.npy,A
Be.with.You.2018__#01-52-20_01-58-00_label_A__8.npy,A
Be.with.You.2018__#01-52-20_01-58-00_label_A__9.npy,A
v=8EeTfiBWZzU__#1_label_A__0.npy,A
v=8EeTfiBWZzU__#1_label_A__1.npy,A
v=8EeTfiBWZzU__#1_label_A__2.npy,A
v=8EeTfiBWZzU__#1_label_A__3.npy,A
v=8EeTfiBWZzU__#1_label_A__4.npy,A
v=8EeTfiBWZzU__#1_label_A__5.npy,A
v=8EeTfiBWZzU__#1_label_A__6.npy,A
v=8EeTfiBWZzU__#1_label_A__7.npy,A
v=8EeTfiBWZzU__#1_label_A__8.npy,A
v=8EeTfiBWZzU__#1_label_A__9.npy,A
Before.Sunrise.1995__#01-14-30_01-16-59_label_A__0.npy,A
Before.Sunrise.1995__#01-14-30_01-16-59_label_A__1.npy,A
Before.Sunrise.1995__#01-14-30_01-16-59_label_A__2.npy,A
Before.Sunrise.1995__#01-14-30_01-16-59_label_A__3.npy,A
Before.Sunrise.1995__#01-14-30_01-16-59_label_A__4.npy,A
Before.Sunrise.1995__#01-14-30_01-16-59_label_A__5.npy,A
Before.Sunrise.1995__#01-14-30_01-16-59_label_A__6.npy,A
Before.Sunrise.1995__#01-14-30_01-16-59_label_A__7.npy,A
Before.Sunrise.1995__#01-14-30_01-16-59_label_A__8.npy,A
Before.Sunrise.1995__#01-14-30_01-16-59_label_A__9.npy,A
v=mnIKqIgGclE__#1_label_A__0.npy,A
v=mnIKqIgGclE__#1_label_A__1.npy,A
v=mnIKqIgGclE__#1_label_A__2.npy,A
v=mnIKqIgGclE__#1_label_A__3.npy,A
v=mnIKqIgGclE__#1_label_A__4.npy,A
v=mnIKqIgGclE__#1_label_A__5.npy,A
v=mnIKqIgGclE__#1_label_A__6.npy,A
v=mnIKqIgGclE__#1_label_A__7.npy,A
v=mnIKqIgGclE__#1_label_A__8.npy,A
v=mnIKqIgGclE__#1_label_A__9.npy,A
One.Day.2011__#00-08-55_00-10-50_label_A__0.npy,A
One.Day.2011__#00-08-55_00-10-50_label_A__1.npy,A
One.Day.2011__#00-08-55_00-10-50_label_A__2.npy,A
One.Day.2011__#00-08-55_00-10-50_label_A__3.npy,A
One.Day.2011__#00-08-55_00-10-50_label_A__4.npy,A
One.Day.2011__#00-08-55_00-10-50_label_A__5.npy,A
One.Day.2011__#00-08-55_00-10-50_label_A__6.npy,A
One.Day.2011__#00-08-55_00-10-50_label_A__7.npy,A
One.Day.2011__#00-08-55_00-10-50_label_A__8.npy,A
One.Day.2011__#00-08-55_00-10-50_label_A__9.npy,A
v=H9Y5_X1sEEA__#00-27-00_00-30-00_label_A__0.npy,A
v=H9Y5_X1sEEA__#00-27-00_00-30-00_label_A__1.npy,A
v=H9Y5_X1sEEA__#00-27-00_00-30-00_label_A__2.npy,A
v=H9Y5_X1sEEA__#00-27-00_00-30-00_label_A__3.npy,A
v=H9Y5_X1sEEA__#00-27-00_00-30-00_label_A__4.npy,A
v=H9Y5_X1sEEA__#00-27-00_00-30-00_label_A__5.npy,A
v=H9Y5_X1sEEA__#00-27-00_00-30-00_label_A__6.npy,A
v=H9Y5_X1sEEA__#00-27-00_00-30-00_label_A__7.npy,A
v=H9Y5_X1sEEA__#00-27-00_00-30-00_label_A__8.npy,A
v=H9Y5_X1sEEA__#00-27-00_00-30-00_label_A__9.npy,A
Gladiator.2000__#01-27-58_01-29-40_label_A__0.npy,A
Gladiator.2000__#01-27-58_01-29-40_label_A__1.npy,A
Gladiator.2000__#01-27-58_01-29-40_label_A__2.npy,A
Gladiator.2000__#01-27-58_01-29-40_label_A__3.npy,A
Gladiator.2000__#01-27-58_01-29-40_label_A__4.npy,A
Gladiator.2000__#01-27-58_01-29-40_label_A__5.npy,A
Gladiator.2000__#01-27-58_01-29-40_label_A__6.npy,A
Gladiator.2000__#01-27-58_01-29-40_label_A__7.npy,A
Gladiator.2000__#01-27-58_01-29-40_label_A__8.npy,A
Gladiator.2000__#01-27-58_01-29-40_label_A__9.npy,A
The.World.Is.Not.Enough.1999__#00-04-40_00-06-40_label_A__0.npy,A
The.World.Is.Not.Enough.1999__#00-04-40_00-06-40_label_A__1.npy,A
The.World.Is.Not.Enough.1999__#00-04-40_00-06-40_label_A__2.npy,A
The.World.Is.Not.Enough.1999__#00-04-40_00-06-40_label_A__3.npy,A
The.World.Is.Not.Enough.1999__#00-04-40_00-06-40_label_A__4.npy,A
The.World.Is.Not.Enough.1999__#00-04-40_00-06-40_label_A__5.npy,A
The.World.Is.Not.Enough.1999__#00-04-40_00-06-40_label_A__6.npy,A
The.World.Is.Not.Enough.1999__#00-04-40_00-06-40_label_A__7.npy,A
The.World.Is.Not.Enough.1999__#00-04-40_00-06-40_label_A__8.npy,A
The.World.Is.Not.Enough.1999__#00-04-40_00-06-40_label_A__9.npy,A
Young.And.Dangerous.I.1996__#01-18-19_01-19-39_label_A__0.npy,A
Young.And.Dangerous.I.1996__#01-18-19_01-19-39_label_A__1.npy,A
Young.And.Dangerous.I.1996__#01-18-19_01-19-39_label_A__2.npy,A
Young.And.Dangerous.I.1996__#01-18-19_01-19-39_label_A__3.npy,A
Young.And.Dangerous.I.1996__#01-18-19_01-19-39_label_A__4.npy,A
Young.And.Dangerous.I.1996__#01-18-19_01-19-39_label_A__5.npy,A
Young.And.Dangerous.I.1996__#01-18-19_01-19-39_label_A__6.npy,A
Young.And.Dangerous.I.1996__#01-18-19_01-19-39_label_A__7.npy,A
Young.And.Dangerous.I.1996__#01-18-19_01-19-39_label_A__8.npy,A
Young.And.Dangerous.I.1996__#01-18-19_01-19-39_label_A__9.npy,A
v=-8kHD_Ca2cE__#1_label_A__0.npy,A
v=-8kHD_Ca2cE__#1_label_A__1.npy,A
v=-8kHD_Ca2cE__#1_label_A__2.npy,A
v=-8kHD_Ca2cE__#1_label_A__3.npy,A
v=-8kHD_Ca2cE__#1_label_A__4.npy,A
v=-8kHD_Ca2cE__#1_label_A__5.npy,A
v=-8kHD_Ca2cE__#1_label_A__6.npy,A
v=-8kHD_Ca2cE__#1_label_A__7.npy,A
v=-8kHD_Ca2cE__#1_label_A__8.npy,A
v=-8kHD_Ca2cE__#1_label_A__9.npy,A
v=tCfJ_3DxJgg__#1_label_A__0.npy,A
v=tCfJ_3DxJgg__#1_label_A__1.npy,A
v=tCfJ_3DxJgg__#1_label_A__2.npy,A
v=tCfJ_3DxJgg__#1_label_A__3.npy,A
v=tCfJ_3DxJgg__#1_label_A__4.npy,A
v=tCfJ_3DxJgg__#1_label_A__5.npy,A
v=tCfJ_3DxJgg__#1_label_A__6.npy,A
v=tCfJ_3DxJgg__#1_label_A__7.npy,A
v=tCfJ_3DxJgg__#1_label_A__8.npy,A
v=tCfJ_3DxJgg__#1_label_A__9.npy,A
Shoplifters.2018__#01-39-05_01-46-40_label_A__0.npy,A
Shoplifters.2018__#01-39-05_01-46-40_label_A__1.npy,A
Shoplifters.2018__#01-39-05_01-46-40_label_A__2.npy,A
Shoplifters.2018__#01-39-05_01-46-40_label_A__3.npy,A
Shoplifters.2018__#01-39-05_01-46-40_label_A__4.npy,A
Shoplifters.2018__#01-39-05_01-46-40_label_A__5.npy,A
Shoplifters.2018__#01-39-05_01-46-40_label_A__6.npy,A
Shoplifters.2018__#01-39-05_01-46-40_label_A__7.npy,A
Shoplifters.2018__#01-39-05_01-46-40_label_A__8.npy,A
Shoplifters.2018__#01-39-05_01-46-40_label_A__9.npy,A
Deadpool.2.2018__#0-19-38_0-21-41_label_A__0.npy,A
Deadpool.2.2018__#0-19-38_0-21-41_label_A__1.npy,A
Deadpool.2.2018__#0-19-38_0-21-41_label_A__2.npy,A
Deadpool.2.2018__#0-19-38_0-21-41_label_A__3.npy,A
Deadpool.2.2018__#0-19-38_0-21-41_label_A__4.npy,A
Deadpool.2.2018__#0-19-38_0-21-41_label_A__5.npy,A
Deadpool.2.2018__#0-19-38_0-21-41_label_A__6.npy,A
Deadpool.2.2018__#0-19-38_0-21-41_label_A__7.npy,A
Deadpool.2.2018__#0-19-38_0-21-41_label_A__8.npy,A
Deadpool.2.2018__#0-19-38_0-21-41_label_A__9.npy,A
Bad.Boys.1995__#01-53-29_01-54-33_label_A__0.npy,A
Bad.Boys.1995__#01-53-29_01-54-33_label_A__1.npy,A
Bad.Boys.1995__#01-53-29_01-54-33_label_A__2.npy,A
Bad.Boys.1995__#01-53-29_01-54-33_label_A__3.npy,A
Bad.Boys.1995__#01-53-29_01-54-33_label_A__4.npy,A
Bad.Boys.1995__#01-53-29_01-54-33_label_A__5.npy,A
Bad.Boys.1995__#01-53-29_01-54-33_label_A__6.npy,A
Bad.Boys.1995__#01-53-29_01-54-33_label_A__7.npy,A
Bad.Boys.1995__#01-53-29_01-54-33_label_A__8.npy,A
Bad.Boys.1995__#01-53-29_01-54-33_label_A__9.npy,A
Bad.Boys.II.2003__#00-11-06_00-12-10_label_A__0.npy,A
Bad.Boys.II.2003__#00-11-06_00-12-10_label_A__1.npy,A
Bad.Boys.II.2003__#00-11-06_00-12-10_label_A__2.npy,A
Bad.Boys.II.2003__#00-11-06_00-12-10_label_A__3.npy,A
Bad.Boys.II.2003__#00-11-06_00-12-10_label_A__4.npy,A
Bad.Boys.II.2003__#00-11-06_00-12-10_label_A__5.npy,A
Bad.Boys.II.2003__#00-11-06_00-12-10_label_A__6.npy,A
Bad.Boys.II.2003__#00-11-06_00-12-10_label_A__7.npy,A
Bad.Boys.II.2003__#00-11-06_00-12-10_label_A__8.npy,A
Bad.Boys.II.2003__#00-11-06_00-12-10_label_A__9.npy,A
v=JzrpCC7XmyE__#00-24-00_00-30-00_label_A__0.npy,A
v=JzrpCC7XmyE__#00-24-00_00-30-00_label_A__1.npy,A
v=JzrpCC7XmyE__#00-24-00_00-30-00_label_A__2.npy,A
v=JzrpCC7XmyE__#00-24-00_00-30-00_label_A__3.npy,A
v=JzrpCC7XmyE__#00-24-00_00-30-00_label_A__4.npy,A
v=JzrpCC7XmyE__#00-24-00_00-30-00_label_A__5.npy,A
v=JzrpCC7XmyE__#00-24-00_00-30-00_label_A__6.npy,A
v=JzrpCC7XmyE__#00-24-00_00-30-00_label_A__7.npy,A
v=JzrpCC7XmyE__#00-24-00_00-30-00_label_A__8.npy,A
v=JzrpCC7XmyE__#00-24-00_00-30-00_label_A__9.npy,A
The.Bourne.Identity.2002__#0-07-02_0-08-32_label_A__0.npy,A
The.Bourne.Identity.2002__#0-07-02_0-08-32_label_A__1.npy,A
The.Bourne.Identity.2002__#0-07-02_0-08-32_label_A__2.npy,A
The.Bourne.Identity.2002__#0-07-02_0-08-32_label_A__3.npy,A
The.Bourne.Identity.2002__#0-07-02_0-08-32_label_A__4.npy,A
The.Bourne.Identity.2002__#0-07-02_0-08-32_label_A__5.npy,A
The.Bourne.Identity.2002__#0-07-02_0-08-32_label_A__6.npy,A
The.Bourne.Identity.2002__#0-07-02_0-08-32_label_A__7.npy,A
The.Bourne.Identity.2002__#0-07-02_0-08-32_label_A__8.npy,A
The.Bourne.Identity.2002__#0-07-02_0-08-32_label_A__9.npy,A
v=wYGOmRmZbPs__#1_label_A__0.npy,A
v=wYGOmRmZbPs__#1_label_A__1.npy,A
v=wYGOmRmZbPs__#1_label_A__2.npy,A
v=wYGOmRmZbPs__#1_label_A__3.npy,A
v=wYGOmRmZbPs__#1_label_A__4.npy,A
v=wYGOmRmZbPs__#1_label_A__5.npy,A
v=wYGOmRmZbPs__#1_label_A__6.npy,A
v=wYGOmRmZbPs__#1_label_A__7.npy,A
v=wYGOmRmZbPs__#1_label_A__8.npy,A
v=wYGOmRmZbPs__#1_label_A__9.npy,A
v=hdPTRcsFN5w__#00-15-00_00-17-53_label_A__0.npy,A
v=hdPTRcsFN5w__#00-15-00_00-17-53_label_A__1.npy,A
v=hdPTRcsFN5w__#00-15-00_00-17-53_label_A__2.npy,A
v=hdPTRcsFN5w__#00-15-00_00-17-53_label_A__3.npy,A
v=hdPTRcsFN5w__#00-15-00_00-17-53_label_A__4.npy,A
v=hdPTRcsFN5w__#00-15-00_00-17-53_label_A__5.npy,A
v=hdPTRcsFN5w__#00-15-00_00-17-53_label_A__6.npy,A
v=hdPTRcsFN5w__#00-15-00_00-17-53_label_A__7.npy,A
v=hdPTRcsFN5w__#00-15-00_00-17-53_label_A__8.npy,A
v=hdPTRcsFN5w__#00-15-00_00-17-53_label_A__9.npy,A
v=g6-yFmPcX_o__#1_label_A__0.npy,A
v=g6-yFmPcX_o__#1_label_A__1.npy,A
v=g6-yFmPcX_o__#1_label_A__2.npy,A
v=g6-yFmPcX_o__#1_label_A__3.npy,A
v=g6-yFmPcX_o__#1_label_A__4.npy,A
v=g6-yFmPcX_o__#1_label_A__5.npy,A
v=g6-yFmPcX_o__#1_label_A__6.npy,A
v=g6-yFmPcX_o__#1_label_A__7.npy,A
v=g6-yFmPcX_o__#1_label_A__8.npy,A
v=g6-yFmPcX_o__#1_label_A__9.npy,A
v=gGlqujwrhbI__#00-03-00_00-06-00_label_A__0.npy,A
v=gGlqujwrhbI__#00-03-00_00-06-00_label_A__1.npy,A
v=gGlqujwrhbI__#00-03-00_00-06-00_label_A__2.npy,A
v=gGlqujwrhbI__#00-03-00_00-06-00_label_A__3.npy,A
v=gGlqujwrhbI__#00-03-00_00-06-00_label_A__4.npy,A
v=gGlqujwrhbI__#00-03-00_00-06-00_label_A__5.npy,A
v=gGlqujwrhbI__#00-03-00_00-06-00_label_A__6.npy,A
v=gGlqujwrhbI__#00-03-00_00-06-00_label_A__7.npy,A
v=gGlqujwrhbI__#00-03-00_00-06-00_label_A__8.npy,A
v=gGlqujwrhbI__#00-03-00_00-06-00_label_A__9.npy,A
Your.Name.2016__#01-36-20_01-40-41_label_A__0.npy,A
Your.Name.2016__#01-36-20_01-40-41_label_A__1.npy,A
Your.Name.2016__#01-36-20_01-40-41_label_A__2.npy,A
Your.Name.2016__#01-36-20_01-40-41_label_A__3.npy,A
Your.Name.2016__#01-36-20_01-40-41_label_A__4.npy,A
Your.Name.2016__#01-36-20_01-40-41_label_A__5.npy,A
Your.Name.2016__#01-36-20_01-40-41_label_A__6.npy,A
Your.Name.2016__#01-36-20_01-40-41_label_A__7.npy,A
Your.Name.2016__#01-36-20_01-40-41_label_A__8.npy,A
Your.Name.2016__#01-36-20_01-40-41_label_A__9.npy,A
v=3yCAZWdqX_Y__#1_label_A__0.npy,A
v=3yCAZWdqX_Y__#1_label_A__1.npy,A
v=3yCAZWdqX_Y__#1_label_A__2.npy,A
v=3yCAZWdqX_Y__#1_label_A__3.npy,A
v=3yCAZWdqX_Y__#1_label_A__4.npy,A
v=3yCAZWdqX_Y__#1_label_A__5.npy,A
v=3yCAZWdqX_Y__#1_label_A__6.npy,A
v=3yCAZWdqX_Y__#1_label_A__7.npy,A
v=3yCAZWdqX_Y__#1_label_A__8.npy,A
v=3yCAZWdqX_Y__#1_label_A__9.npy,A
One.Day.2011__#00-06-52_00-08-22_label_A__0.npy,A
One.Day.2011__#00-06-52_00-08-22_label_A__1.npy,A
One.Day.2011__#00-06-52_00-08-22_label_A__2.npy,A
One.Day.2011__#00-06-52_00-08-22_label_A__3.npy,A
One.Day.2011__#00-06-52_00-08-22_label_A__4.npy,A
One.Day.2011__#00-06-52_00-08-22_label_A__5.npy,A
One.Day.2011__#00-06-52_00-08-22_label_A__6.npy,A
One.Day.2011__#00-06-52_00-08-22_label_A__7.npy,A
One.Day.2011__#00-06-52_00-08-22_label_A__8.npy,A
One.Day.2011__#00-06-52_00-08-22_label_A__9.npy,A
v=63q26FQgqjI__#1_label_A__0.npy,A
v=63q26FQgqjI__#1_label_A__1.npy,A
v=63q26FQgqjI__#1_label_A__2.npy,A
v=63q26FQgqjI__#1_label_A__3.npy,A
v=63q26FQgqjI__#1_label_A__4.npy,A
v=63q26FQgqjI__#1_label_A__5.npy,A
v=63q26FQgqjI__#1_label_A__6.npy,A
v=63q26FQgqjI__#1_label_A__7.npy,A
v=63q26FQgqjI__#1_label_A__8.npy,A
v=63q26FQgqjI__#1_label_A__9.npy,A
v=enYITYwvPAQ__#00-15-00_00-18-00_label_A__0.npy,A
v=enYITYwvPAQ__#00-15-00_00-18-00_label_A__1.npy,A
v=enYITYwvPAQ__#00-15-00_00-18-00_label_A__2.npy,A
v=enYITYwvPAQ__#00-15-00_00-18-00_label_A__3.npy,A
v=enYITYwvPAQ__#00-15-00_00-18-00_label_A__4.npy,A
v=enYITYwvPAQ__#00-15-00_00-18-00_label_A__5.npy,A
v=enYITYwvPAQ__#00-15-00_00-18-00_label_A__6.npy,A
v=enYITYwvPAQ__#00-15-00_00-18-00_label_A__7.npy,A
v=enYITYwvPAQ__#00-15-00_00-18-00_label_A__8.npy,A
v=enYITYwvPAQ__#00-15-00_00-18-00_label_A__9.npy,A
v=rLVR4f7GyQo__#1_label_A__0.npy,A
v=rLVR4f7GyQo__#1_label_A__1.npy,A
v=rLVR4f7GyQo__#1_label_A__2.npy,A
v=rLVR4f7GyQo__#1_label_A__3.npy,A
v=rLVR4f7GyQo__#1_label_A__4.npy,A
v=rLVR4f7GyQo__#1_label_A__5.npy,A
v=rLVR4f7GyQo__#1_label_A__6.npy,A
v=rLVR4f7GyQo__#1_label_A__7.npy,A
v=rLVR4f7GyQo__#1_label_A__8.npy,A
v=rLVR4f7GyQo__#1_label_A__9.npy,A
Quantum.Of.Solace.2008__#00-56-59_00-58-54_label_A__0.npy,A
Quantum.Of.Solace.2008__#00-56-59_00-58-54_label_A__1.npy,A
Quantum.Of.Solace.2008__#00-56-59_00-58-54_label_A__2.npy,A
Quantum.Of.Solace.2008__#00-56-59_00-58-54_label_A__3.npy,A
Quantum.Of.Solace.2008__#00-56-59_00-58-54_label_A__4.npy,A
Quantum.Of.Solace.2008__#00-56-59_00-58-54_label_A__5.npy,A
Quantum.Of.Solace.2008__#00-56-59_00-58-54_label_A__6.npy,A
Quantum.Of.Solace.2008__#00-56-59_00-58-54_label_A__7.npy,A
Quantum.Of.Solace.2008__#00-56-59_00-58-54_label_A__8.npy,A
Quantum.Of.Solace.2008__#00-56-59_00-58-54_label_A__9.npy,A
v=0vVOXlgHC1U__#00-18-00_00-24-00_label_A__0.npy,A
v=0vVOXlgHC1U__#00-18-00_00-24-00_label_A__1.npy,A
v=0vVOXlgHC1U__#00-18-00_00-24-00_label_A__2.npy,A
v=0vVOXlgHC1U__#00-18-00_00-24-00_label_A__3.npy,A
v=0vVOXlgHC1U__#00-18-00_00-24-00_label_A__4.npy,A
v=0vVOXlgHC1U__#00-18-00_00-24-00_label_A__5.npy,A
v=0vVOXlgHC1U__#00-18-00_00-24-00_label_A__6.npy,A
v=0vVOXlgHC1U__#00-18-00_00-24-00_label_A__7.npy,A
v=0vVOXlgHC1U__#00-18-00_00-24-00_label_A__8.npy,A
v=0vVOXlgHC1U__#00-18-00_00-24-00_label_A__9.npy,A
Before.Sunset.2004__#00-50-26_00-55-16_label_A__0.npy,A
Before.Sunset.2004__#00-50-26_00-55-16_label_A__1.npy,A
Before.Sunset.2004__#00-50-26_00-55-16_label_A__2.npy,A
Before.Sunset.2004__#00-50-26_00-55-16_label_A__3.npy,A
Before.Sunset.2004__#00-50-26_00-55-16_label_A__4.npy,A
Before.Sunset.2004__#00-50-26_00-55-16_label_A__5.npy,A
Before.Sunset.2004__#00-50-26_00-55-16_label_A__6.npy,A
Before.Sunset.2004__#00-50-26_00-55-16_label_A__7.npy,A
Before.Sunset.2004__#00-50-26_00-55-16_label_A__8.npy,A
Before.Sunset.2004__#00-50-26_00-55-16_label_A__9.npy,A
One.Day.2011__#01-38-56_01-41-14_label_A__0.npy,A
One.Day.2011__#01-38-56_01-41-14_label_A__1.npy,A
One.Day.2011__#01-38-56_01-41-14_label_A__2.npy,A
One.Day.2011__#01-38-56_01-41-14_label_A__3.npy,A
One.Day.2011__#01-38-56_01-41-14_label_A__4.npy,A
One.Day.2011__#01-38-56_01-41-14_label_A__5.npy,A
One.Day.2011__#01-38-56_01-41-14_label_A__6.npy,A
One.Day.2011__#01-38-56_01-41-14_label_A__7.npy,A
One.Day.2011__#01-38-56_01-41-14_label_A__8.npy,A
One.Day.2011__#01-38-56_01-41-14_label_A__9.npy,A
v=XAZIC6RlSXs__#1_label_A__0.npy,A
v=XAZIC6RlSXs__#1_label_A__1.npy,A
v=XAZIC6RlSXs__#1_label_A__2.npy,A
v=XAZIC6RlSXs__#1_label_A__3.npy,A
v=XAZIC6RlSXs__#1_label_A__4.npy,A
v=XAZIC6RlSXs__#1_label_A__5.npy,A
v=XAZIC6RlSXs__#1_label_A__6.npy,A
v=XAZIC6RlSXs__#1_label_A__7.npy,A
v=XAZIC6RlSXs__#1_label_A__8.npy,A
v=XAZIC6RlSXs__#1_label_A__9.npy,A
v=gRQJy3KK1J4__#1_label_A__0.npy,A
v=gRQJy3KK1J4__#1_label_A__1.npy,A
v=gRQJy3KK1J4__#1_label_A__2.npy,A
v=gRQJy3KK1J4__#1_label_A__3.npy,A
v=gRQJy3KK1J4__#1_label_A__4.npy,A
v=gRQJy3KK1J4__#1_label_A__5.npy,A
v=gRQJy3KK1J4__#1_label_A__6.npy,A
v=gRQJy3KK1J4__#1_label_A__7.npy,A
v=gRQJy3KK1J4__#1_label_A__8.npy,A
v=gRQJy3KK1J4__#1_label_A__9.npy,A
v=ZQqg2i6BXEQ__#1_label_A__0.npy,A
v=ZQqg2i6BXEQ__#1_label_A__1.npy,A
v=ZQqg2i6BXEQ__#1_label_A__2.npy,A
v=ZQqg2i6BXEQ__#1_label_A__3.npy,A
v=ZQqg2i6BXEQ__#1_label_A__4.npy,A
v=ZQqg2i6BXEQ__#1_label_A__5.npy,A
v=ZQqg2i6BXEQ__#1_label_A__6.npy,A
v=ZQqg2i6BXEQ__#1_label_A__7.npy,A
v=ZQqg2i6BXEQ__#1_label_A__8.npy,A
v=ZQqg2i6BXEQ__#1_label_A__9.npy,A
v=fkps18H3SXY__#02-18-00_02-24-00_label_A__0.npy,A
v=fkps18H3SXY__#02-18-00_02-24-00_label_A__1.npy,A
v=fkps18H3SXY__#02-18-00_02-24-00_label_A__2.npy,A
v=fkps18H3SXY__#02-18-00_02-24-00_label_A__3.npy,A
v=fkps18H3SXY__#02-18-00_02-24-00_label_A__4.npy,A
v=fkps18H3SXY__#02-18-00_02-24-00_label_A__5.npy,A
v=fkps18H3SXY__#02-18-00_02-24-00_label_A__6.npy,A
v=fkps18H3SXY__#02-18-00_02-24-00_label_A__7.npy,A
v=fkps18H3SXY__#02-18-00_02-24-00_label_A__8.npy,A
v=fkps18H3SXY__#02-18-00_02-24-00_label_A__9.npy,A
v=yTThyQPoXxY__#1_label_A__0.npy,A
v=yTThyQPoXxY__#1_label_A__1.npy,A
v=yTThyQPoXxY__#1_label_A__2.npy,A
v=yTThyQPoXxY__#1_label_A__3.npy,A
v=yTThyQPoXxY__#1_label_A__4.npy,A
v=yTThyQPoXxY__#1_label_A__5.npy,A
v=yTThyQPoXxY__#1_label_A__6.npy,A
v=yTThyQPoXxY__#1_label_A__7.npy,A
v=yTThyQPoXxY__#1_label_A__8.npy,A
v=yTThyQPoXxY__#1_label_A__9.npy,A
v=DJTuDVJrhWA__#1_label_A__0.npy,A
v=DJTuDVJrhWA__#1_label_A__1.npy,A
v=DJTuDVJrhWA__#1_label_A__2.npy,A
v=DJTuDVJrhWA__#1_label_A__3.npy,A
v=DJTuDVJrhWA__#1_label_A__4.npy,A
v=DJTuDVJrhWA__#1_label_A__5.npy,A
v=DJTuDVJrhWA__#1_label_A__6.npy,A
v=DJTuDVJrhWA__#1_label_A__7.npy,A
v=DJTuDVJrhWA__#1_label_A__8.npy,A
v=DJTuDVJrhWA__#1_label_A__9.npy,A
Saving.Private.Ryan.1998__#01-00-44_01-03-44_label_A__0.npy,A
Saving.Private.Ryan.1998__#01-00-44_01-03-44_label_A__1.npy,A
Saving.Private.Ryan.1998__#01-00-44_01-03-44_label_A__2.npy,A
Saving.Private.Ryan.1998__#01-00-44_01-03-44_label_A__3.npy,A
Saving.Private.Ryan.1998__#01-00-44_01-03-44_label_A__4.npy,A
Saving.Private.Ryan.1998__#01-00-44_01-03-44_label_A__5.npy,A
Saving.Private.Ryan.1998__#01-00-44_01-03-44_label_A__6.npy,A
Saving.Private.Ryan.1998__#01-00-44_01-03-44_label_A__7.npy,A
Saving.Private.Ryan.1998__#01-00-44_01-03-44_label_A__8.npy,A
Saving.Private.Ryan.1998__#01-00-44_01-03-44_label_A__9.npy,A
Taken.3.2014__#01-46-54_01-48-38_label_A__0.npy,A
Taken.3.2014__#01-46-54_01-48-38_label_A__1.npy,A
Taken.3.2014__#01-46-54_01-48-38_label_A__2.npy,A
Taken.3.2014__#01-46-54_01-48-38_label_A__3.npy,A
Taken.3.2014__#01-46-54_01-48-38_label_A__4.npy,A
Taken.3.2014__#01-46-54_01-48-38_label_A__5.npy,A
Taken.3.2014__#01-46-54_01-48-38_label_A__6.npy,A
Taken.3.2014__#01-46-54_01-48-38_label_A__7.npy,A
Taken.3.2014__#01-46-54_01-48-38_label_A__8.npy,A
Taken.3.2014__#01-46-54_01-48-38_label_A__9.npy,A
v=ESpmLUsfkZM__#1_label_A__0.npy,A
v=ESpmLUsfkZM__#1_label_A__1.npy,A
v=ESpmLUsfkZM__#1_label_A__2.npy,A
v=ESpmLUsfkZM__#1_label_A__3.npy,A
v=ESpmLUsfkZM__#1_label_A__4.npy,A
v=ESpmLUsfkZM__#1_label_A__5.npy,A
v=ESpmLUsfkZM__#1_label_A__6.npy,A
v=ESpmLUsfkZM__#1_label_A__7.npy,A
v=ESpmLUsfkZM__#1_label_A__8.npy,A
v=ESpmLUsfkZM__#1_label_A__9.npy,A
v=0k7z2syu-4g__#1_label_A__0.npy,A
v=0k7z2syu-4g__#1_label_A__1.npy,A
v=0k7z2syu-4g__#1_label_A__2.npy,A
v=0k7z2syu-4g__#1_label_A__3.npy,A
v=0k7z2syu-4g__#1_label_A__4.npy,A
v=0k7z2syu-4g__#1_label_A__5.npy,A
v=0k7z2syu-4g__#1_label_A__6.npy,A
v=0k7z2syu-4g__#1_label_A__7.npy,A
v=0k7z2syu-4g__#1_label_A__8.npy,A
v=0k7z2syu-4g__#1_label_A__9.npy,A
v=ycA-QD9IOpE__#1_label_A__0.npy,A
v=ycA-QD9IOpE__#1_label_A__1.npy,A
v=ycA-QD9IOpE__#1_label_A__2.npy,A
v=ycA-QD9IOpE__#1_label_A__3.npy,A
v=ycA-QD9IOpE__#1_label_A__4.npy,A
v=ycA-QD9IOpE__#1_label_A__5.npy,A
v=ycA-QD9IOpE__#1_label_A__6.npy,A
v=ycA-QD9IOpE__#1_label_A__7.npy,A
v=ycA-QD9IOpE__#1_label_A__8.npy,A
v=ycA-QD9IOpE__#1_label_A__9.npy,A
v=H9Y5_X1sEEA__#00-06-00_00-09-00_label_A__0.npy,A
v=H9Y5_X1sEEA__#00-06-00_00-09-00_label_A__1.npy,A
v=H9Y5_X1sEEA__#00-06-00_00-09-00_label_A__2.npy,A
v=H9Y5_X1sEEA__#00-06-00_00-09-00_label_A__3.npy,A
v=H9Y5_X1sEEA__#00-06-00_00-09-00_label_A__4.npy,A
v=H9Y5_X1sEEA__#00-06-00_00-09-00_label_A__5.npy,A
v=H9Y5_X1sEEA__#00-06-00_00-09-00_label_A__6.npy,A
v=H9Y5_X1sEEA__#00-06-00_00-09-00_label_A__7.npy,A
v=H9Y5_X1sEEA__#00-06-00_00-09-00_label_A__8.npy,A
v=H9Y5_X1sEEA__#00-06-00_00-09-00_label_A__9.npy,A
Mission.Impossible.V.Rogue.Nation.2015__#00-10-50_00-11-50_label_A__0.npy,A
Mission.Impossible.V.Rogue.Nation.2015__#00-10-50_00-11-50_label_A__1.npy,A
Mission.Impossible.V.Rogue.Nation.2015__#00-10-50_00-11-50_label_A__2.npy,A
Mission.Impossible.V.Rogue.Nation.2015__#00-10-50_00-11-50_label_A__3.npy,A
Mission.Impossible.V.Rogue.Nation.2015__#00-10-50_00-11-50_label_A__4.npy,A
Mission.Impossible.V.Rogue.Nation.2015__#00-10-50_00-11-50_label_A__5.npy,A
Mission.Impossible.V.Rogue.Nation.2015__#00-10-50_00-11-50_label_A__6.npy,A
Mission.Impossible.V.Rogue.Nation.2015__#00-10-50_00-11-50_label_A__7.npy,A
Mission.Impossible.V.Rogue.Nation.2015__#00-10-50_00-11-50_label_A__8.npy,A
Mission.Impossible.V.Rogue.Nation.2015__#00-10-50_00-11-50_label_A__9.npy,A
Yellow.Sea.2010__#00-13-00_00-14-07_label_A__0.npy,A
Yellow.Sea.2010__#00-13-00_00-14-07_label_A__1.npy,A
Yellow.Sea.2010__#00-13-00_00-14-07_label_A__2.npy,A
Yellow.Sea.2010__#00-13-00_00-14-07_label_A__3.npy,A
Yellow.Sea.2010__#00-13-00_00-14-07_label_A__4.npy,A
Yellow.Sea.2010__#00-13-00_00-14-07_label_A__5.npy,A
Yellow.Sea.2010__#00-13-00_00-14-07_label_A__6.npy,A
Yellow.Sea.2010__#00-13-00_00-14-07_label_A__7.npy,A
Yellow.Sea.2010__#00-13-00_00-14-07_label_A__8.npy,A
Yellow.Sea.2010__#00-13-00_00-14-07_label_A__9.npy,A
v=L8BrpH-2py0__#1_label_A__0.npy,A
v=L8BrpH-2py0__#1_label_A__1.npy,A
v=L8BrpH-2py0__#1_label_A__2.npy,A
v=L8BrpH-2py0__#1_label_A__3.npy,A
v=L8BrpH-2py0__#1_label_A__4.npy,A
v=L8BrpH-2py0__#1_label_A__5.npy,A
v=L8BrpH-2py0__#1_label_A__6.npy,A
v=L8BrpH-2py0__#1_label_A__7.npy,A
v=L8BrpH-2py0__#1_label_A__8.npy,A
v=L8BrpH-2py0__#1_label_A__9.npy,A
The.Intouchables.2011__#00-56-40_00-58-00_label_A__0.npy,A
The.Intouchables.2011__#00-56-40_00-58-00_label_A__1.npy,A
The.Intouchables.2011__#00-56-40_00-58-00_label_A__2.npy,A
The.Intouchables.2011__#00-56-40_00-58-00_label_A__3.npy,A
The.Intouchables.2011__#00-56-40_00-58-00_label_A__4.npy,A
The.Intouchables.2011__#00-56-40_00-58-00_label_A__5.npy,A
The.Intouchables.2011__#00-56-40_00-58-00_label_A__6.npy,A
The.Intouchables.2011__#00-56-40_00-58-00_label_A__7.npy,A
The.Intouchables.2011__#00-56-40_00-58-00_label_A__8.npy,A
The.Intouchables.2011__#00-56-40_00-58-00_label_A__9.npy,A
v=8J7jDfSBH0U__#1_label_A__0.npy,A
v=8J7jDfSBH0U__#1_label_A__1.npy,A
v=8J7jDfSBH0U__#1_label_A__2.npy,A
v=8J7jDfSBH0U__#1_label_A__3.npy,A
v=8J7jDfSBH0U__#1_label_A__4.npy,A
v=8J7jDfSBH0U__#1_label_A__5.npy,A
v=8J7jDfSBH0U__#1_label_A__6.npy,A
v=8J7jDfSBH0U__#1_label_A__7.npy,A
v=8J7jDfSBH0U__#1_label_A__8.npy,A
v=8J7jDfSBH0U__#1_label_A__9.npy,A
The.Notebook.2004__#00-05-52_00-08-22_label_A__0.npy,A
The.Notebook.2004__#00-05-52_00-08-22_label_A__1.npy,A
The.Notebook.2004__#00-05-52_00-08-22_label_A__2.npy,A
The.Notebook.2004__#00-05-52_00-08-22_label_A__3.npy,A
The.Notebook.2004__#00-05-52_00-08-22_label_A__4.npy,A
The.Notebook.2004__#00-05-52_00-08-22_label_A__5.npy,A
The.Notebook.2004__#00-05-52_00-08-22_label_A__6.npy,A
The.Notebook.2004__#00-05-52_00-08-22_label_A__7.npy,A
The.Notebook.2004__#00-05-52_00-08-22_label_A__8.npy,A
The.Notebook.2004__#00-05-52_00-08-22_label_A__9.npy,A
v=H2AYOJ2K8MU__#1_label_A__0.npy,A
v=H2AYOJ2K8MU__#1_label_A__1.npy,A
v=H2AYOJ2K8MU__#1_label_A__2.npy,A
v=H2AYOJ2K8MU__#1_label_A__3.npy,A
v=H2AYOJ2K8MU__#1_label_A__4.npy,A
v=H2AYOJ2K8MU__#1_label_A__5.npy,A
v=H2AYOJ2K8MU__#1_label_A__6.npy,A
v=H2AYOJ2K8MU__#1_label_A__7.npy,A
v=H2AYOJ2K8MU__#1_label_A__8.npy,A
v=H2AYOJ2K8MU__#1_label_A__9.npy,A
About.Time.2013__#01-30-25_01-33-56_label_A__0.npy,A
About.Time.2013__#01-30-25_01-33-56_label_A__1.npy,A
About.Time.2013__#01-30-25_01-33-56_label_A__2.npy,A
About.Time.2013__#01-30-25_01-33-56_label_A__3.npy,A
About.Time.2013__#01-30-25_01-33-56_label_A__4.npy,A
About.Time.2013__#01-30-25_01-33-56_label_A__5.npy,A
About.Time.2013__#01-30-25_01-33-56_label_A__6.npy,A
About.Time.2013__#01-30-25_01-33-56_label_A__7.npy,A
About.Time.2013__#01-30-25_01-33-56_label_A__8.npy,A
About.Time.2013__#01-30-25_01-33-56_label_A__9.npy,A
v=Ctn1qlkGL-M__#1_label_A__0.npy,A
v=Ctn1qlkGL-M__#1_label_A__1.npy,A
v=Ctn1qlkGL-M__#1_label_A__2.npy,A
v=Ctn1qlkGL-M__#1_label_A__3.npy,A
v=Ctn1qlkGL-M__#1_label_A__4.npy,A
v=Ctn1qlkGL-M__#1_label_A__5.npy,A
v=Ctn1qlkGL-M__#1_label_A__6.npy,A
v=Ctn1qlkGL-M__#1_label_A__7.npy,A
v=Ctn1qlkGL-M__#1_label_A__8.npy,A
v=Ctn1qlkGL-M__#1_label_A__9.npy,A
v=HRtVx13cUy4__#1_label_A__0.npy,A
v=HRtVx13cUy4__#1_label_A__1.npy,A
v=HRtVx13cUy4__#1_label_A__2.npy,A
v=HRtVx13cUy4__#1_label_A__3.npy,A
v=HRtVx13cUy4__#1_label_A__4.npy,A
v=HRtVx13cUy4__#1_label_A__5.npy,A
v=HRtVx13cUy4__#1_label_A__6.npy,A
v=HRtVx13cUy4__#1_label_A__7.npy,A
v=HRtVx13cUy4__#1_label_A__8.npy,A
v=HRtVx13cUy4__#1_label_A__9.npy,A
v=mDLCd70iTeE__#1_label_A__0.npy,A
v=mDLCd70iTeE__#1_label_A__1.npy,A
v=mDLCd70iTeE__#1_label_A__2.npy,A
v=mDLCd70iTeE__#1_label_A__3.npy,A
v=mDLCd70iTeE__#1_label_A__4.npy,A
v=mDLCd70iTeE__#1_label_A__5.npy,A
v=mDLCd70iTeE__#1_label_A__6.npy,A
v=mDLCd70iTeE__#1_label_A__7.npy,A
v=mDLCd70iTeE__#1_label_A__8.npy,A
v=mDLCd70iTeE__#1_label_A__9.npy,A
v=b1XGPvbWn0A__#1_label_A__0.npy,A
v=b1XGPvbWn0A__#1_label_A__1.npy,A
v=b1XGPvbWn0A__#1_label_A__2.npy,A
v=b1XGPvbWn0A__#1_label_A__3.npy,A
v=b1XGPvbWn0A__#1_label_A__4.npy,A
v=b1XGPvbWn0A__#1_label_A__5.npy,A
v=b1XGPvbWn0A__#1_label_A__6.npy,A
v=b1XGPvbWn0A__#1_label_A__7.npy,A
v=b1XGPvbWn0A__#1_label_A__8.npy,A
v=b1XGPvbWn0A__#1_label_A__9.npy,A
v=fkps18H3SXY__#00-12-00_00-18-00_label_A__0.npy,A
v=fkps18H3SXY__#00-12-00_00-18-00_label_A__1.npy,A
v=fkps18H3SXY__#00-12-00_00-18-00_label_A__2.npy,A
v=fkps18H3SXY__#00-12-00_00-18-00_label_A__3.npy,A
v=fkps18H3SXY__#00-12-00_00-18-00_label_A__4.npy,A
v=fkps18H3SXY__#00-12-00_00-18-00_label_A__5.npy,A
v=fkps18H3SXY__#00-12-00_00-18-00_label_A__6.npy,A
v=fkps18H3SXY__#00-12-00_00-18-00_label_A__7.npy,A
v=fkps18H3SXY__#00-12-00_00-18-00_label_A__8.npy,A
v=fkps18H3SXY__#00-12-00_00-18-00_label_A__9.npy,A
Ip.Man.3.2015__#01-11-30_01-11-54_label_A__0.npy,A
Ip.Man.3.2015__#01-11-30_01-11-54_label_A__1.npy,A
Ip.Man.3.2015__#01-11-30_01-11-54_label_A__2.npy,A
Ip.Man.3.2015__#01-11-30_01-11-54_label_A__3.npy,A
Ip.Man.3.2015__#01-11-30_01-11-54_label_A__4.npy,A
Ip.Man.3.2015__#01-11-30_01-11-54_label_A__5.npy,A
Ip.Man.3.2015__#01-11-30_01-11-54_label_A__6.npy,A
Ip.Man.3.2015__#01-11-30_01-11-54_label_A__7.npy,A
Ip.Man.3.2015__#01-11-30_01-11-54_label_A__8.npy,A
Ip.Man.3.2015__#01-11-30_01-11-54_label_A__9.npy,A
The.Bourne.Legacy.2012__#0-05-22_0-06-49_label_A__0.npy,A
The.Bourne.Legacy.2012__#0-05-22_0-06-49_label_A__1.npy,A
The.Bourne.Legacy.2012__#0-05-22_0-06-49_label_A__2.npy,A
The.Bourne.Legacy.2012__#0-05-22_0-06-49_label_A__3.npy,A
The.Bourne.Legacy.2012__#0-05-22_0-06-49_label_A__4.npy,A
The.Bourne.Legacy.2012__#0-05-22_0-06-49_label_A__5.npy,A
The.Bourne.Legacy.2012__#0-05-22_0-06-49_label_A__6.npy,A
The.Bourne.Legacy.2012__#0-05-22_0-06-49_label_A__7.npy,A
The.Bourne.Legacy.2012__#0-05-22_0-06-49_label_A__8.npy,A
The.Bourne.Legacy.2012__#0-05-22_0-06-49_label_A__9.npy,A
v=Gd3yxvp4Dd4__#1_label_A__0.npy,A
v=Gd3yxvp4Dd4__#1_label_A__1.npy,A
v=Gd3yxvp4Dd4__#1_label_A__2.npy,A
v=Gd3yxvp4Dd4__#1_label_A__3.npy,A
v=Gd3yxvp4Dd4__#1_label_A__4.npy,A
v=Gd3yxvp4Dd4__#1_label_A__5.npy,A
v=Gd3yxvp4Dd4__#1_label_A__6.npy,A
v=Gd3yxvp4Dd4__#1_label_A__7.npy,A
v=Gd3yxvp4Dd4__#1_label_A__8.npy,A
v=Gd3yxvp4Dd4__#1_label_A__9.npy,A
Still.Walking.2008__#00-17-30_00-19-10_label_A__0.npy,A
Still.Walking.2008__#00-17-30_00-19-10_label_A__1.npy,A
Still.Walking.2008__#00-17-30_00-19-10_label_A__2.npy,A
Still.Walking.2008__#00-17-30_00-19-10_label_A__3.npy,A
Still.Walking.2008__#00-17-30_00-19-10_label_A__4.npy,A
Still.Walking.2008__#00-17-30_00-19-10_label_A__5.npy,A
Still.Walking.2008__#00-17-30_00-19-10_label_A__6.npy,A
Still.Walking.2008__#00-17-30_00-19-10_label_A__7.npy,A
Still.Walking.2008__#00-17-30_00-19-10_label_A__8.npy,A
Still.Walking.2008__#00-17-30_00-19-10_label_A__9.npy,A
Still.Walking.2008__#00-01-45_00-02-15_label_A__0.npy,A
Still.Walking.2008__#00-01-45_00-02-15_label_A__1.npy,A
Still.Walking.2008__#00-01-45_00-02-15_label_A__2.npy,A
Still.Walking.2008__#00-01-45_00-02-15_label_A__3.npy,A
Still.Walking.2008__#00-01-45_00-02-15_label_A__4.npy,A
Still.Walking.2008__#00-01-45_00-02-15_label_A__5.npy,A
Still.Walking.2008__#00-01-45_00-02-15_label_A__6.npy,A
Still.Walking.2008__#00-01-45_00-02-15_label_A__7.npy,A
Still.Walking.2008__#00-01-45_00-02-15_label_A__8.npy,A
Still.Walking.2008__#00-01-45_00-02-15_label_A__9.npy,A
v=tNG62fULYgI__#1_label_A__0.npy,A
v=tNG62fULYgI__#1_label_A__1.npy,A
v=tNG62fULYgI__#1_label_A__2.npy,A
v=tNG62fULYgI__#1_label_A__3.npy,A
v=tNG62fULYgI__#1_label_A__4.npy,A
v=tNG62fULYgI__#1_label_A__5.npy,A
v=tNG62fULYgI__#1_label_A__6.npy,A
v=tNG62fULYgI__#1_label_A__7.npy,A
v=tNG62fULYgI__#1_label_A__8.npy,A
v=tNG62fULYgI__#1_label_A__9.npy,A
Sin.City.2005__#01-56-49_01-57-35_label_A__0.npy,A
Sin.City.2005__#01-56-49_01-57-35_label_A__1.npy,A
Sin.City.2005__#01-56-49_01-57-35_label_A__2.npy,A
Sin.City.2005__#01-56-49_01-57-35_label_A__3.npy,A
Sin.City.2005__#01-56-49_01-57-35_label_A__4.npy,A
Sin.City.2005__#01-56-49_01-57-35_label_A__5.npy,A
Sin.City.2005__#01-56-49_01-57-35_label_A__6.npy,A
Sin.City.2005__#01-56-49_01-57-35_label_A__7.npy,A
Sin.City.2005__#01-56-49_01-57-35_label_A__8.npy,A
Sin.City.2005__#01-56-49_01-57-35_label_A__9.npy,A
Saving.Private.Ryan.1998__#00-41-55_00-45-45_label_A__0.npy,A
Saving.Private.Ryan.1998__#00-41-55_00-45-45_label_A__1.npy,A
Saving.Private.Ryan.1998__#00-41-55_00-45-45_label_A__2.npy,A
Saving.Private.Ryan.1998__#00-41-55_00-45-45_label_A__3.npy,A
Saving.Private.Ryan.1998__#00-41-55_00-45-45_label_A__4.npy,A
Saving.Private.Ryan.1998__#00-41-55_00-45-45_label_A__5.npy,A
Saving.Private.Ryan.1998__#00-41-55_00-45-45_label_A__6.npy,A
Saving.Private.Ryan.1998__#00-41-55_00-45-45_label_A__7.npy,A
Saving.Private.Ryan.1998__#00-41-55_00-45-45_label_A__8.npy,A
Saving.Private.Ryan.1998__#00-41-55_00-45-45_label_A__9.npy,A
Yellow.Sea.2010__#00-58-52_00-59-53_label_A__0.npy,A
Yellow.Sea.2010__#00-58-52_00-59-53_label_A__1.npy,A
Yellow.Sea.2010__#00-58-52_00-59-53_label_A__2.npy,A
Yellow.Sea.2010__#00-58-52_00-59-53_label_A__3.npy,A
Yellow.Sea.2010__#00-58-52_00-59-53_label_A__4.npy,A
Yellow.Sea.2010__#00-58-52_00-59-53_label_A__5.npy,A
Yellow.Sea.2010__#00-58-52_00-59-53_label_A__6.npy,A
Yellow.Sea.2010__#00-58-52_00-59-53_label_A__7.npy,A
Yellow.Sea.2010__#00-58-52_00-59-53_label_A__8.npy,A
Yellow.Sea.2010__#00-58-52_00-59-53_label_A__9.npy,A
v=kFisGc754_4__#1_label_A__0.npy,A
v=kFisGc754_4__#1_label_A__1.npy,A
v=kFisGc754_4__#1_label_A__2.npy,A
v=kFisGc754_4__#1_label_A__3.npy,A
v=kFisGc754_4__#1_label_A__4.npy,A
v=kFisGc754_4__#1_label_A__5.npy,A
v=kFisGc754_4__#1_label_A__6.npy,A
v=kFisGc754_4__#1_label_A__7.npy,A
v=kFisGc754_4__#1_label_A__8.npy,A
v=kFisGc754_4__#1_label_A__9.npy,A
v=L6jBRXYn5JU__#1_label_A__0.npy,A
v=L6jBRXYn5JU__#1_label_A__1.npy,A
v=L6jBRXYn5JU__#1_label_A__2.npy,A
v=L6jBRXYn5JU__#1_label_A__3.npy,A
v=L6jBRXYn5JU__#1_label_A__4.npy,A
v=L6jBRXYn5JU__#1_label_A__5.npy,A
v=L6jBRXYn5JU__#1_label_A__6.npy,A
v=L6jBRXYn5JU__#1_label_A__7.npy,A
v=L6jBRXYn5JU__#1_label_A__8.npy,A
v=L6jBRXYn5JU__#1_label_A__9.npy,A
Election.2005__#00-15-23_00-17-02_label_A__0.npy,A
Election.2005__#00-15-23_00-17-02_label_A__1.npy,A
Election.2005__#00-15-23_00-17-02_label_A__2.npy,A
Election.2005__#00-15-23_00-17-02_label_A__3.npy,A
Election.2005__#00-15-23_00-17-02_label_A__4.npy,A
Election.2005__#00-15-23_00-17-02_label_A__5.npy,A
Election.2005__#00-15-23_00-17-02_label_A__6.npy,A
Election.2005__#00-15-23_00-17-02_label_A__7.npy,A
Election.2005__#00-15-23_00-17-02_label_A__8.npy,A
Election.2005__#00-15-23_00-17-02_label_A__9.npy,A
Operation.Red.Sea.2018__#0-23-37_0-24-25_label_A__0.npy,A
Operation.Red.Sea.2018__#0-23-37_0-24-25_label_A__1.npy,A
Operation.Red.Sea.2018__#0-23-37_0-24-25_label_A__2.npy,A
Operation.Red.Sea.2018__#0-23-37_0-24-25_label_A__3.npy,A
Operation.Red.Sea.2018__#0-23-37_0-24-25_label_A__4.npy,A
Operation.Red.Sea.2018__#0-23-37_0-24-25_label_A__5.npy,A
Operation.Red.Sea.2018__#0-23-37_0-24-25_label_A__6.npy,A
Operation.Red.Sea.2018__#0-23-37_0-24-25_label_A__7.npy,A
Operation.Red.Sea.2018__#0-23-37_0-24-25_label_A__8.npy,A
Operation.Red.Sea.2018__#0-23-37_0-24-25_label_A__9.npy,A
GoldenEye.1995__#01-52-20_01-53-15_label_A__0.npy,A
GoldenEye.1995__#01-52-20_01-53-15_label_A__1.npy,A
GoldenEye.1995__#01-52-20_01-53-15_label_A__2.npy,A
GoldenEye.1995__#01-52-20_01-53-15_label_A__3.npy,A
GoldenEye.1995__#01-52-20_01-53-15_label_A__4.npy,A
GoldenEye.1995__#01-52-20_01-53-15_label_A__5.npy,A
GoldenEye.1995__#01-52-20_01-53-15_label_A__6.npy,A
GoldenEye.1995__#01-52-20_01-53-15_label_A__7.npy,A
GoldenEye.1995__#01-52-20_01-53-15_label_A__8.npy,A
GoldenEye.1995__#01-52-20_01-53-15_label_A__9.npy,A
One.Day.2011__#01-14-30_01-16-59_label_A__0.npy,A
One.Day.2011__#01-14-30_01-16-59_label_A__1.npy,A
One.Day.2011__#01-14-30_01-16-59_label_A__2.npy,A
One.Day.2011__#01-14-30_01-16-59_label_A__3.npy,A
One.Day.2011__#01-14-30_01-16-59_label_A__4.npy,A
One.Day.2011__#01-14-30_01-16-59_label_A__5.npy,A
One.Day.2011__#01-14-30_01-16-59_label_A__6.npy,A
One.Day.2011__#01-14-30_01-16-59_label_A__7.npy,A
One.Day.2011__#01-14-30_01-16-59_label_A__8.npy,A
One.Day.2011__#01-14-30_01-16-59_label_A__9.npy,A
The.Notebook.2004__#01-34-18_01-38-11_label_A__0.npy,A
The.Notebook.2004__#01-34-18_01-38-11_label_A__1.npy,A
The.Notebook.2004__#01-34-18_01-38-11_label_A__2.npy,A
The.Notebook.2004__#01-34-18_01-38-11_label_A__3.npy,A
The.Notebook.2004__#01-34-18_01-38-11_label_A__4.npy,A
The.Notebook.2004__#01-34-18_01-38-11_label_A__5.npy,A
The.Notebook.2004__#01-34-18_01-38-11_label_A__6.npy,A
The.Notebook.2004__#01-34-18_01-38-11_label_A__7.npy,A
The.Notebook.2004__#01-34-18_01-38-11_label_A__8.npy,A
The.Notebook.2004__#01-34-18_01-38-11_label_A__9.npy,A
v=KynxN8-XmDo__#1_label_A__0.npy,A
v=KynxN8-XmDo__#1_label_A__1.npy,A
v=KynxN8-XmDo__#1_label_A__2.npy,A
v=KynxN8-XmDo__#1_label_A__3.npy,A
v=KynxN8-XmDo__#1_label_A__4.npy,A
v=KynxN8-XmDo__#1_label_A__5.npy,A
v=KynxN8-XmDo__#1_label_A__6.npy,A
v=KynxN8-XmDo__#1_label_A__7.npy,A
v=KynxN8-XmDo__#1_label_A__8.npy,A
v=KynxN8-XmDo__#1_label_A__9.npy,A
Jason.Bourne.2016__#0-10-26_0-12-34_label_A__0.npy,A
Jason.Bourne.2016__#0-10-26_0-12-34_label_A__1.npy,A
Jason.Bourne.2016__#0-10-26_0-12-34_label_A__2.npy,A
Jason.Bourne.2016__#0-10-26_0-12-34_label_A__3.npy,A
Jason.Bourne.2016__#0-10-26_0-12-34_label_A__4.npy,A
Jason.Bourne.2016__#0-10-26_0-12-34_label_A__5.npy,A
Jason.Bourne.2016__#0-10-26_0-12-34_label_A__6.npy,A
Jason.Bourne.2016__#0-10-26_0-12-34_label_A__7.npy,A
Jason.Bourne.2016__#0-10-26_0-12-34_label_A__8.npy,A
Jason.Bourne.2016__#0-10-26_0-12-34_label_A__9.npy,A
One.Day.2011__#01-07-50_01-14-05_label_A__0.npy,A
One.Day.2011__#01-07-50_01-14-05_label_A__1.npy,A
One.Day.2011__#01-07-50_01-14-05_label_A__2.npy,A
One.Day.2011__#01-07-50_01-14-05_label_A__3.npy,A
One.Day.2011__#01-07-50_01-14-05_label_A__4.npy,A
One.Day.2011__#01-07-50_01-14-05_label_A__5.npy,A
One.Day.2011__#01-07-50_01-14-05_label_A__6.npy,A
One.Day.2011__#01-07-50_01-14-05_label_A__7.npy,A
One.Day.2011__#01-07-50_01-14-05_label_A__8.npy,A
One.Day.2011__#01-07-50_01-14-05_label_A__9.npy,A
v=F2J5_arXXFs__#1_label_A__0.npy,A
v=F2J5_arXXFs__#1_label_A__1.npy,A
v=F2J5_arXXFs__#1_label_A__2.npy,A
v=F2J5_arXXFs__#1_label_A__3.npy,A
v=F2J5_arXXFs__#1_label_A__4.npy,A
v=F2J5_arXXFs__#1_label_A__5.npy,A
v=F2J5_arXXFs__#1_label_A__6.npy,A
v=F2J5_arXXFs__#1_label_A__7.npy,A
v=F2J5_arXXFs__#1_label_A__8.npy,A
v=F2J5_arXXFs__#1_label_A__9.npy,A
wangted.2008__#0-02-22_0-03-56_label_A__0.npy,A
wangted.2008__#0-02-22_0-03-56_label_A__1.npy,A
wangted.2008__#0-02-22_0-03-56_label_A__2.npy,A
wangted.2008__#0-02-22_0-03-56_label_A__3.npy,A
wangted.2008__#0-02-22_0-03-56_label_A__4.npy,A
wangted.2008__#0-02-22_0-03-56_label_A__5.npy,A
wangted.2008__#0-02-22_0-03-56_label_A__6.npy,A
wangted.2008__#0-02-22_0-03-56_label_A__7.npy,A
wangted.2008__#0-02-22_0-03-56_label_A__8.npy,A
wangted.2008__#0-02-22_0-03-56_label_A__9.npy,A
Good.Will.Hunting.1997__#00-04-20_00-05-35_label_A__0.npy,A
Good.Will.Hunting.1997__#00-04-20_00-05-35_label_A__1.npy,A
Good.Will.Hunting.1997__#00-04-20_00-05-35_label_A__2.npy,A
Good.Will.Hunting.1997__#00-04-20_00-05-35_label_A__3.npy,A
Good.Will.Hunting.1997__#00-04-20_00-05-35_label_A__4.npy,A
Good.Will.Hunting.1997__#00-04-20_00-05-35_label_A__5.npy,A
Good.Will.Hunting.1997__#00-04-20_00-05-35_label_A__6.npy,A
Good.Will.Hunting.1997__#00-04-20_00-05-35_label_A__7.npy,A
Good.Will.Hunting.1997__#00-04-20_00-05-35_label_A__8.npy,A
Good.Will.Hunting.1997__#00-04-20_00-05-35_label_A__9.npy,A
Rush.Hour.3.2007.BluRay__#01-21-29_01-22-07_label_A__0.npy,A
Rush.Hour.3.2007.BluRay__#01-21-29_01-22-07_label_A__1.npy,A
Rush.Hour.3.2007.BluRay__#01-21-29_01-22-07_label_A__2.npy,A
Rush.Hour.3.2007.BluRay__#01-21-29_01-22-07_label_A__3.npy,A
Rush.Hour.3.2007.BluRay__#01-21-29_01-22-07_label_A__4.npy,A
Rush.Hour.3.2007.BluRay__#01-21-29_01-22-07_label_A__5.npy,A
Rush.Hour.3.2007.BluRay__#01-21-29_01-22-07_label_A__6.npy,A
Rush.Hour.3.2007.BluRay__#01-21-29_01-22-07_label_A__7.npy,A
Rush.Hour.3.2007.BluRay__#01-21-29_01-22-07_label_A__8.npy,A
Rush.Hour.3.2007.BluRay__#01-21-29_01-22-07_label_A__9.npy,A
GoldenEye.1995__#00-28-54_00-31-08_label_A__0.npy,A
GoldenEye.1995__#00-28-54_00-31-08_label_A__1.npy,A
GoldenEye.1995__#00-28-54_00-31-08_label_A__2.npy,A
GoldenEye.1995__#00-28-54_00-31-08_label_A__3.npy,A
GoldenEye.1995__#00-28-54_00-31-08_label_A__4.npy,A
GoldenEye.1995__#00-28-54_00-31-08_label_A__5.npy,A
GoldenEye.1995__#00-28-54_00-31-08_label_A__6.npy,A
GoldenEye.1995__#00-28-54_00-31-08_label_A__7.npy,A
GoldenEye.1995__#00-28-54_00-31-08_label_A__8.npy,A
GoldenEye.1995__#00-28-54_00-31-08_label_A__9.npy,A
v=8RRnCEaQrqE__#1_label_A__0.npy,A
v=8RRnCEaQrqE__#1_label_A__1.npy,A
v=8RRnCEaQrqE__#1_label_A__2.npy,A
v=8RRnCEaQrqE__#1_label_A__3.npy,A
v=8RRnCEaQrqE__#1_label_A__4.npy,A
v=8RRnCEaQrqE__#1_label_A__5.npy,A
v=8RRnCEaQrqE__#1_label_A__6.npy,A
v=8RRnCEaQrqE__#1_label_A__7.npy,A
v=8RRnCEaQrqE__#1_label_A__8.npy,A
v=8RRnCEaQrqE__#1_label_A__9.npy,A
Mission.Impossible.Fallout.2018__#00-42-06_00-44-09_label_A__0.npy,A
Mission.Impossible.Fallout.2018__#00-42-06_00-44-09_label_A__1.npy,A
Mission.Impossible.Fallout.2018__#00-42-06_00-44-09_label_A__2.npy,A
Mission.Impossible.Fallout.2018__#00-42-06_00-44-09_label_A__3.npy,A
Mission.Impossible.Fallout.2018__#00-42-06_00-44-09_label_A__4.npy,A
Mission.Impossible.Fallout.2018__#00-42-06_00-44-09_label_A__5.npy,A
Mission.Impossible.Fallout.2018__#00-42-06_00-44-09_label_A__6.npy,A
Mission.Impossible.Fallout.2018__#00-42-06_00-44-09_label_A__7.npy,A
Mission.Impossible.Fallout.2018__#00-42-06_00-44-09_label_A__8.npy,A
Mission.Impossible.Fallout.2018__#00-42-06_00-44-09_label_A__9.npy,A
v=C5UX5hanMsQ__#1_label_A__0.npy,A
v=C5UX5hanMsQ__#1_label_A__1.npy,A
v=C5UX5hanMsQ__#1_label_A__2.npy,A
v=C5UX5hanMsQ__#1_label_A__3.npy,A
v=C5UX5hanMsQ__#1_label_A__4.npy,A
v=C5UX5hanMsQ__#1_label_A__5.npy,A
v=C5UX5hanMsQ__#1_label_A__6.npy,A
v=C5UX5hanMsQ__#1_label_A__7.npy,A
v=C5UX5hanMsQ__#1_label_A__8.npy,A
v=C5UX5hanMsQ__#1_label_A__9.npy,A
Election.2005__#01-05-37_01-07-06_label_A__0.npy,A
Election.2005__#01-05-37_01-07-06_label_A__1.npy,A
Election.2005__#01-05-37_01-07-06_label_A__2.npy,A
Election.2005__#01-05-37_01-07-06_label_A__3.npy,A
Election.2005__#01-05-37_01-07-06_label_A__4.npy,A
Election.2005__#01-05-37_01-07-06_label_A__5.npy,A
Election.2005__#01-05-37_01-07-06_label_A__6.npy,A
Election.2005__#01-05-37_01-07-06_label_A__7.npy,A
Election.2005__#01-05-37_01-07-06_label_A__8.npy,A
Election.2005__#01-05-37_01-07-06_label_A__9.npy,A
v=98eCg7EiSgg__#1_label_A__0.npy,A
v=98eCg7EiSgg__#1_label_A__1.npy,A
v=98eCg7EiSgg__#1_label_A__2.npy,A
v=98eCg7EiSgg__#1_label_A__3.npy,A
v=98eCg7EiSgg__#1_label_A__4.npy,A
v=98eCg7EiSgg__#1_label_A__5.npy,A
v=98eCg7EiSgg__#1_label_A__6.npy,A
v=98eCg7EiSgg__#1_label_A__7.npy,A
v=98eCg7EiSgg__#1_label_A__8.npy,A
v=98eCg7EiSgg__#1_label_A__9.npy,A
v=2lXh2n0aPyw__#1_label_A__0.npy,A
v=2lXh2n0aPyw__#1_label_A__1.npy,A
v=2lXh2n0aPyw__#1_label_A__2.npy,A
v=2lXh2n0aPyw__#1_label_A__3.npy,A
v=2lXh2n0aPyw__#1_label_A__4.npy,A
v=2lXh2n0aPyw__#1_label_A__5.npy,A
v=2lXh2n0aPyw__#1_label_A__6.npy,A
v=2lXh2n0aPyw__#1_label_A__7.npy,A
v=2lXh2n0aPyw__#1_label_A__8.npy,A
v=2lXh2n0aPyw__#1_label_A__9.npy,A
Taken.Extended.Cut.2008__#01-07-00_01-07-45_label_A__0.npy,A
Taken.Extended.Cut.2008__#01-07-00_01-07-45_label_A__1.npy,A
Taken.Extended.Cut.2008__#01-07-00_01-07-45_label_A__2.npy,A
Taken.Extended.Cut.2008__#01-07-00_01-07-45_label_A__3.npy,A
Taken.Extended.Cut.2008__#01-07-00_01-07-45_label_A__4.npy,A
Taken.Extended.Cut.2008__#01-07-00_01-07-45_label_A__5.npy,A
Taken.Extended.Cut.2008__#01-07-00_01-07-45_label_A__6.npy,A
Taken.Extended.Cut.2008__#01-07-00_01-07-45_label_A__7.npy,A
Taken.Extended.Cut.2008__#01-07-00_01-07-45_label_A__8.npy,A
Taken.Extended.Cut.2008__#01-07-00_01-07-45_label_A__9.npy,A
New.Kids.Turbo.2010__#00-14-30_00-15-30_label_A__0.npy,A
New.Kids.Turbo.2010__#00-14-30_00-15-30_label_A__1.npy,A
New.Kids.Turbo.2010__#00-14-30_00-15-30_label_A__2.npy,A
New.Kids.Turbo.2010__#00-14-30_00-15-30_label_A__3.npy,A
New.Kids.Turbo.2010__#00-14-30_00-15-30_label_A__4.npy,A
New.Kids.Turbo.2010__#00-14-30_00-15-30_label_A__5.npy,A
New.Kids.Turbo.2010__#00-14-30_00-15-30_label_A__6.npy,A
New.Kids.Turbo.2010__#00-14-30_00-15-30_label_A__7.npy,A
New.Kids.Turbo.2010__#00-14-30_00-15-30_label_A__8.npy,A
New.Kids.Turbo.2010__#00-14-30_00-15-30_label_A__9.npy,A
v=vFPQ_NiDBIU__#00-36-00_00-42-00_label_A__0.npy,A
v=vFPQ_NiDBIU__#00-36-00_00-42-00_label_A__1.npy,A
v=vFPQ_NiDBIU__#00-36-00_00-42-00_label_A__2.npy,A
v=vFPQ_NiDBIU__#00-36-00_00-42-00_label_A__3.npy,A
v=vFPQ_NiDBIU__#00-36-00_00-42-00_label_A__4.npy,A
v=vFPQ_NiDBIU__#00-36-00_00-42-00_label_A__5.npy,A
v=vFPQ_NiDBIU__#00-36-00_00-42-00_label_A__6.npy,A
v=vFPQ_NiDBIU__#00-36-00_00-42-00_label_A__7.npy,A
v=vFPQ_NiDBIU__#00-36-00_00-42-00_label_A__8.npy,A
v=vFPQ_NiDBIU__#00-36-00_00-42-00_label_A__9.npy,A
Fast.Furious.6.2013__#00-30-50_00-32-31_label_A__0.npy,A
Fast.Furious.6.2013__#00-30-50_00-32-31_label_A__1.npy,A
Fast.Furious.6.2013__#00-30-50_00-32-31_label_A__2.npy,A
Fast.Furious.6.2013__#00-30-50_00-32-31_label_A__3.npy,A
Fast.Furious.6.2013__#00-30-50_00-32-31_label_A__4.npy,A
Fast.Furious.6.2013__#00-30-50_00-32-31_label_A__5.npy,A
Fast.Furious.6.2013__#00-30-50_00-32-31_label_A__6.npy,A
Fast.Furious.6.2013__#00-30-50_00-32-31_label_A__7.npy,A
Fast.Furious.6.2013__#00-30-50_00-32-31_label_A__8.npy,A
Fast.Furious.6.2013__#00-30-50_00-32-31_label_A__9.npy,A
v=c0GlCjZbVzk__#1_label_A__0.npy,A
v=c0GlCjZbVzk__#1_label_A__1.npy,A
v=c0GlCjZbVzk__#1_label_A__2.npy,A
v=c0GlCjZbVzk__#1_label_A__3.npy,A
v=c0GlCjZbVzk__#1_label_A__4.npy,A
v=c0GlCjZbVzk__#1_label_A__5.npy,A
v=c0GlCjZbVzk__#1_label_A__6.npy,A
v=c0GlCjZbVzk__#1_label_A__7.npy,A
v=c0GlCjZbVzk__#1_label_A__8.npy,A
v=c0GlCjZbVzk__#1_label_A__9.npy,A
Mission.Impossible.III.2006__#01-56-50_01-58-50_label_A__0.npy,A
Mission.Impossible.III.2006__#01-56-50_01-58-50_label_A__1.npy,A
Mission.Impossible.III.2006__#01-56-50_01-58-50_label_A__2.npy,A
Mission.Impossible.III.2006__#01-56-50_01-58-50_label_A__3.npy,A
Mission.Impossible.III.2006__#01-56-50_01-58-50_label_A__4.npy,A
Mission.Impossible.III.2006__#01-56-50_01-58-50_label_A__5.npy,A
Mission.Impossible.III.2006__#01-56-50_01-58-50_label_A__6.npy,A
Mission.Impossible.III.2006__#01-56-50_01-58-50_label_A__7.npy,A
Mission.Impossible.III.2006__#01-56-50_01-58-50_label_A__8.npy,A
Mission.Impossible.III.2006__#01-56-50_01-58-50_label_A__9.npy,A
The.Intouchables.2011__#00-49-48_00-51-12_label_A__0.npy,A
The.Intouchables.2011__#00-49-48_00-51-12_label_A__1.npy,A
The.Intouchables.2011__#00-49-48_00-51-12_label_A__2.npy,A
The.Intouchables.2011__#00-49-48_00-51-12_label_A__3.npy,A
The.Intouchables.2011__#00-49-48_00-51-12_label_A__4.npy,A
The.Intouchables.2011__#00-49-48_00-51-12_label_A__5.npy,A
The.Intouchables.2011__#00-49-48_00-51-12_label_A__6.npy,A
The.Intouchables.2011__#00-49-48_00-51-12_label_A__7.npy,A
The.Intouchables.2011__#00-49-48_00-51-12_label_A__8.npy,A
The.Intouchables.2011__#00-49-48_00-51-12_label_A__9.npy,A
A.Beautiful.Mind.2001__#00-23-50_00-24-31_label_A__0.npy,A
A.Beautiful.Mind.2001__#00-23-50_00-24-31_label_A__1.npy,A
A.Beautiful.Mind.2001__#00-23-50_00-24-31_label_A__2.npy,A
A.Beautiful.Mind.2001__#00-23-50_00-24-31_label_A__3.npy,A
A.Beautiful.Mind.2001__#00-23-50_00-24-31_label_A__4.npy,A
A.Beautiful.Mind.2001__#00-23-50_00-24-31_label_A__5.npy,A
A.Beautiful.Mind.2001__#00-23-50_00-24-31_label_A__6.npy,A
A.Beautiful.Mind.2001__#00-23-50_00-24-31_label_A__7.npy,A
A.Beautiful.Mind.2001__#00-23-50_00-24-31_label_A__8.npy,A
A.Beautiful.Mind.2001__#00-23-50_00-24-31_label_A__9.npy,A
v=XjRhYP-OXdM__#00-09-00_00-12-00_label_A__0.npy,A
v=XjRhYP-OXdM__#00-09-00_00-12-00_label_A__1.npy,A
v=XjRhYP-OXdM__#00-09-00_00-12-00_label_A__2.npy,A
v=XjRhYP-OXdM__#00-09-00_00-12-00_label_A__3.npy,A
v=XjRhYP-OXdM__#00-09-00_00-12-00_label_A__4.npy,A
v=XjRhYP-OXdM__#00-09-00_00-12-00_label_A__5.npy,A
v=XjRhYP-OXdM__#00-09-00_00-12-00_label_A__6.npy,A
v=XjRhYP-OXdM__#00-09-00_00-12-00_label_A__7.npy,A
v=XjRhYP-OXdM__#00-09-00_00-12-00_label_A__8.npy,A
v=XjRhYP-OXdM__#00-09-00_00-12-00_label_A__9.npy,A
v=5yOKW0R7qhg__#1_label_A__0.npy,A
v=5yOKW0R7qhg__#1_label_A__1.npy,A
v=5yOKW0R7qhg__#1_label_A__2.npy,A
v=5yOKW0R7qhg__#1_label_A__3.npy,A
v=5yOKW0R7qhg__#1_label_A__4.npy,A
v=5yOKW0R7qhg__#1_label_A__5.npy,A
v=5yOKW0R7qhg__#1_label_A__6.npy,A
v=5yOKW0R7qhg__#1_label_A__7.npy,A
v=5yOKW0R7qhg__#1_label_A__8.npy,A
v=5yOKW0R7qhg__#1_label_A__9.npy,A
v=GgXLASW-bpg__#1_label_A__0.npy,A
v=GgXLASW-bpg__#1_label_A__1.npy,A
v=GgXLASW-bpg__#1_label_A__2.npy,A
v=GgXLASW-bpg__#1_label_A__3.npy,A
v=GgXLASW-bpg__#1_label_A__4.npy,A
v=GgXLASW-bpg__#1_label_A__5.npy,A
v=GgXLASW-bpg__#1_label_A__6.npy,A
v=GgXLASW-bpg__#1_label_A__7.npy,A
v=GgXLASW-bpg__#1_label_A__8.npy,A
v=GgXLASW-bpg__#1_label_A__9.npy,A
Fast.Five.2011__#00-23-05_00-24-44_label_A__0.npy,A
Fast.Five.2011__#00-23-05_00-24-44_label_A__1.npy,A
Fast.Five.2011__#00-23-05_00-24-44_label_A__2.npy,A
Fast.Five.2011__#00-23-05_00-24-44_label_A__3.npy,A
Fast.Five.2011__#00-23-05_00-24-44_label_A__4.npy,A
Fast.Five.2011__#00-23-05_00-24-44_label_A__5.npy,A
Fast.Five.2011__#00-23-05_00-24-44_label_A__6.npy,A
Fast.Five.2011__#00-23-05_00-24-44_label_A__7.npy,A
Fast.Five.2011__#00-23-05_00-24-44_label_A__8.npy,A
Fast.Five.2011__#00-23-05_00-24-44_label_A__9.npy,A
The.Notebook.2004__#00-45-40_00-47-30_label_A__0.npy,A
The.Notebook.2004__#00-45-40_00-47-30_label_A__1.npy,A
The.Notebook.2004__#00-45-40_00-47-30_label_A__2.npy,A
The.Notebook.2004__#00-45-40_00-47-30_label_A__3.npy,A
The.Notebook.2004__#00-45-40_00-47-30_label_A__4.npy,A
The.Notebook.2004__#00-45-40_00-47-30_label_A__5.npy,A
The.Notebook.2004__#00-45-40_00-47-30_label_A__6.npy,A
The.Notebook.2004__#00-45-40_00-47-30_label_A__7.npy,A
The.Notebook.2004__#00-45-40_00-47-30_label_A__8.npy,A
The.Notebook.2004__#00-45-40_00-47-30_label_A__9.npy,A
v=UQ9jjX_4ywU__#1_label_A__0.npy,A
v=UQ9jjX_4ywU__#1_label_A__1.npy,A
v=UQ9jjX_4ywU__#1_label_A__2.npy,A
v=UQ9jjX_4ywU__#1_label_A__3.npy,A
v=UQ9jjX_4ywU__#1_label_A__4.npy,A
v=UQ9jjX_4ywU__#1_label_A__5.npy,A
v=UQ9jjX_4ywU__#1_label_A__6.npy,A
v=UQ9jjX_4ywU__#1_label_A__7.npy,A
v=UQ9jjX_4ywU__#1_label_A__8.npy,A
v=UQ9jjX_4ywU__#1_label_A__9.npy,A
The.World.Is.Not.Enough.1999__#00-17-50_00-19-00_label_A__0.npy,A
The.World.Is.Not.Enough.1999__#00-17-50_00-19-00_label_A__1.npy,A
The.World.Is.Not.Enough.1999__#00-17-50_00-19-00_label_A__2.npy,A
The.World.Is.Not.Enough.1999__#00-17-50_00-19-00_label_A__3.npy,A
The.World.Is.Not.Enough.1999__#00-17-50_00-19-00_label_A__4.npy,A
The.World.Is.Not.Enough.1999__#00-17-50_00-19-00_label_A__5.npy,A
The.World.Is.Not.Enough.1999__#00-17-50_00-19-00_label_A__6.npy,A
The.World.Is.Not.Enough.1999__#00-17-50_00-19-00_label_A__7.npy,A
The.World.Is.Not.Enough.1999__#00-17-50_00-19-00_label_A__8.npy,A
The.World.Is.Not.Enough.1999__#00-17-50_00-19-00_label_A__9.npy,A
New.Kids.Turbo.2010__#00-32-58_00-33-59_label_A__0.npy,A
New.Kids.Turbo.2010__#00-32-58_00-33-59_label_A__1.npy,A
New.Kids.Turbo.2010__#00-32-58_00-33-59_label_A__2.npy,A
New.Kids.Turbo.2010__#00-32-58_00-33-59_label_A__3.npy,A
New.Kids.Turbo.2010__#00-32-58_00-33-59_label_A__4.npy,A
New.Kids.Turbo.2010__#00-32-58_00-33-59_label_A__5.npy,A
New.Kids.Turbo.2010__#00-32-58_00-33-59_label_A__6.npy,A
New.Kids.Turbo.2010__#00-32-58_00-33-59_label_A__7.npy,A
New.Kids.Turbo.2010__#00-32-58_00-33-59_label_A__8.npy,A
New.Kids.Turbo.2010__#00-32-58_00-33-59_label_A__9.npy,A
v=JzrpCC7XmyE__#01-24-00_01-30-00_label_A__0.npy,A
v=JzrpCC7XmyE__#01-24-00_01-30-00_label_A__1.npy,A
v=JzrpCC7XmyE__#01-24-00_01-30-00_label_A__2.npy,A
v=JzrpCC7XmyE__#01-24-00_01-30-00_label_A__3.npy,A
v=JzrpCC7XmyE__#01-24-00_01-30-00_label_A__4.npy,A
v=JzrpCC7XmyE__#01-24-00_01-30-00_label_A__5.npy,A
v=JzrpCC7XmyE__#01-24-00_01-30-00_label_A__6.npy,A
v=JzrpCC7XmyE__#01-24-00_01-30-00_label_A__7.npy,A
v=JzrpCC7XmyE__#01-24-00_01-30-00_label_A__8.npy,A
v=JzrpCC7XmyE__#01-24-00_01-30-00_label_A__9.npy,A
v=64zaMwzuZBo__#1_label_A__0.npy,A
v=64zaMwzuZBo__#1_label_A__1.npy,A
v=64zaMwzuZBo__#1_label_A__2.npy,A
v=64zaMwzuZBo__#1_label_A__3.npy,A
v=64zaMwzuZBo__#1_label_A__4.npy,A
v=64zaMwzuZBo__#1_label_A__5.npy,A
v=64zaMwzuZBo__#1_label_A__6.npy,A
v=64zaMwzuZBo__#1_label_A__7.npy,A
v=64zaMwzuZBo__#1_label_A__8.npy,A
v=64zaMwzuZBo__#1_label_A__9.npy,A
v=hwgsrGRXxAo__#1_label_A__0.npy,A
v=hwgsrGRXxAo__#1_label_A__1.npy,A
v=hwgsrGRXxAo__#1_label_A__2.npy,A
v=hwgsrGRXxAo__#1_label_A__3.npy,A
v=hwgsrGRXxAo__#1_label_A__4.npy,A
v=hwgsrGRXxAo__#1_label_A__5.npy,A
v=hwgsrGRXxAo__#1_label_A__6.npy,A
v=hwgsrGRXxAo__#1_label_A__7.npy,A
v=hwgsrGRXxAo__#1_label_A__8.npy,A
v=hwgsrGRXxAo__#1_label_A__9.npy,A
The.Pursuit.of.Happyness.2006__#00-11-00_00-15-08_label_A__0.npy,A
The.Pursuit.of.Happyness.2006__#00-11-00_00-15-08_label_A__1.npy,A
The.Pursuit.of.Happyness.2006__#00-11-00_00-15-08_label_A__2.npy,A
The.Pursuit.of.Happyness.2006__#00-11-00_00-15-08_label_A__3.npy,A
The.Pursuit.of.Happyness.2006__#00-11-00_00-15-08_label_A__4.npy,A
The.Pursuit.of.Happyness.2006__#00-11-00_00-15-08_label_A__5.npy,A
The.Pursuit.of.Happyness.2006__#00-11-00_00-15-08_label_A__6.npy,A
The.Pursuit.of.Happyness.2006__#00-11-00_00-15-08_label_A__7.npy,A
The.Pursuit.of.Happyness.2006__#00-11-00_00-15-08_label_A__8.npy,A
The.Pursuit.of.Happyness.2006__#00-11-00_00-15-08_label_A__9.npy,A
v=JWm6LfFFRB4__#1_label_A__0.npy,A
v=JWm6LfFFRB4__#1_label_A__1.npy,A
v=JWm6LfFFRB4__#1_label_A__2.npy,A
v=JWm6LfFFRB4__#1_label_A__3.npy,A
v=JWm6LfFFRB4__#1_label_A__4.npy,A
v=JWm6LfFFRB4__#1_label_A__5.npy,A
v=JWm6LfFFRB4__#1_label_A__6.npy,A
v=JWm6LfFFRB4__#1_label_A__7.npy,A
v=JWm6LfFFRB4__#1_label_A__8.npy,A
v=JWm6LfFFRB4__#1_label_A__9.npy,A
v=oE2Noy7Sz-E__#1_label_A__0.npy,A
v=oE2Noy7Sz-E__#1_label_A__1.npy,A
v=oE2Noy7Sz-E__#1_label_A__2.npy,A
v=oE2Noy7Sz-E__#1_label_A__3.npy,A
v=oE2Noy7Sz-E__#1_label_A__4.npy,A
v=oE2Noy7Sz-E__#1_label_A__5.npy,A
v=oE2Noy7Sz-E__#1_label_A__6.npy,A
v=oE2Noy7Sz-E__#1_label_A__7.npy,A
v=oE2Noy7Sz-E__#1_label_A__8.npy,A
v=oE2Noy7Sz-E__#1_label_A__9.npy,A
Shoplifters.2018__#00-40-52_00-42-31_label_A__0.npy,A
Shoplifters.2018__#00-40-52_00-42-31_label_A__1.npy,A
Shoplifters.2018__#00-40-52_00-42-31_label_A__2.npy,A
Shoplifters.2018__#00-40-52_00-42-31_label_A__3.npy,A
Shoplifters.2018__#00-40-52_00-42-31_label_A__4.npy,A
Shoplifters.2018__#00-40-52_00-42-31_label_A__5.npy,A
Shoplifters.2018__#00-40-52_00-42-31_label_A__6.npy,A
Shoplifters.2018__#00-40-52_00-42-31_label_A__7.npy,A
Shoplifters.2018__#00-40-52_00-42-31_label_A__8.npy,A
Shoplifters.2018__#00-40-52_00-42-31_label_A__9.npy,A
v=tiSOop4VlSg__#1_label_A__0.npy,A
v=tiSOop4VlSg__#1_label_A__1.npy,A
v=tiSOop4VlSg__#1_label_A__2.npy,A
v=tiSOop4VlSg__#1_label_A__3.npy,A
v=tiSOop4VlSg__#1_label_A__4.npy,A
v=tiSOop4VlSg__#1_label_A__5.npy,A
v=tiSOop4VlSg__#1_label_A__6.npy,A
v=tiSOop4VlSg__#1_label_A__7.npy,A
v=tiSOop4VlSg__#1_label_A__8.npy,A
v=tiSOop4VlSg__#1_label_A__9.npy,A
v=6R5hQkU83p4__#1_label_A__0.npy,A
v=6R5hQkU83p4__#1_label_A__1.npy,A
v=6R5hQkU83p4__#1_label_A__2.npy,A
v=6R5hQkU83p4__#1_label_A__3.npy,A
v=6R5hQkU83p4__#1_label_A__4.npy,A
v=6R5hQkU83p4__#1_label_A__5.npy,A
v=6R5hQkU83p4__#1_label_A__6.npy,A
v=6R5hQkU83p4__#1_label_A__7.npy,A
v=6R5hQkU83p4__#1_label_A__8.npy,A
v=6R5hQkU83p4__#1_label_A__9.npy,A
v=fy_tvIix_iY__#1_label_A__0.npy,A
v=fy_tvIix_iY__#1_label_A__1.npy,A
v=fy_tvIix_iY__#1_label_A__2.npy,A
v=fy_tvIix_iY__#1_label_A__3.npy,A
v=fy_tvIix_iY__#1_label_A__4.npy,A
v=fy_tvIix_iY__#1_label_A__5.npy,A
v=fy_tvIix_iY__#1_label_A__6.npy,A
v=fy_tvIix_iY__#1_label_A__7.npy,A
v=fy_tvIix_iY__#1_label_A__8.npy,A
v=fy_tvIix_iY__#1_label_A__9.npy,A
v=PgLDwRrMv8c__#1_label_A__0.npy,A
v=PgLDwRrMv8c__#1_label_A__1.npy,A
v=PgLDwRrMv8c__#1_label_A__2.npy,A
v=PgLDwRrMv8c__#1_label_A__3.npy,A
v=PgLDwRrMv8c__#1_label_A__4.npy,A
v=PgLDwRrMv8c__#1_label_A__5.npy,A
v=PgLDwRrMv8c__#1_label_A__6.npy,A
v=PgLDwRrMv8c__#1_label_A__7.npy,A
v=PgLDwRrMv8c__#1_label_A__8.npy,A
v=PgLDwRrMv8c__#1_label_A__9.npy,A
v=ba4YbfByJfg__#1_label_A__0.npy,A
v=ba4YbfByJfg__#1_label_A__1.npy,A
v=ba4YbfByJfg__#1_label_A__2.npy,A
v=ba4YbfByJfg__#1_label_A__3.npy,A
v=ba4YbfByJfg__#1_label_A__4.npy,A
v=ba4YbfByJfg__#1_label_A__5.npy,A
v=ba4YbfByJfg__#1_label_A__6.npy,A
v=ba4YbfByJfg__#1_label_A__7.npy,A
v=ba4YbfByJfg__#1_label_A__8.npy,A
v=ba4YbfByJfg__#1_label_A__9.npy,A
Gladiator.2000__#01-02-57_01-04-54_label_A__0.npy,A
Gladiator.2000__#01-02-57_01-04-54_label_A__1.npy,A
Gladiator.2000__#01-02-57_01-04-54_label_A__2.npy,A
Gladiator.2000__#01-02-57_01-04-54_label_A__3.npy,A
Gladiator.2000__#01-02-57_01-04-54_label_A__4.npy,A
Gladiator.2000__#01-02-57_01-04-54_label_A__5.npy,A
Gladiator.2000__#01-02-57_01-04-54_label_A__6.npy,A
Gladiator.2000__#01-02-57_01-04-54_label_A__7.npy,A
Gladiator.2000__#01-02-57_01-04-54_label_A__8.npy,A
Gladiator.2000__#01-02-57_01-04-54_label_A__9.npy,A
v=x-Cgkgj5KR0__#00-12-00_00-15-00_label_A__0.npy,A
v=x-Cgkgj5KR0__#00-12-00_00-15-00_label_A__1.npy,A
v=x-Cgkgj5KR0__#00-12-00_00-15-00_label_A__2.npy,A
v=x-Cgkgj5KR0__#00-12-00_00-15-00_label_A__3.npy,A
v=x-Cgkgj5KR0__#00-12-00_00-15-00_label_A__4.npy,A
v=x-Cgkgj5KR0__#00-12-00_00-15-00_label_A__5.npy,A
v=x-Cgkgj5KR0__#00-12-00_00-15-00_label_A__6.npy,A
v=x-Cgkgj5KR0__#00-12-00_00-15-00_label_A__7.npy,A
v=x-Cgkgj5KR0__#00-12-00_00-15-00_label_A__8.npy,A
v=x-Cgkgj5KR0__#00-12-00_00-15-00_label_A__9.npy,A
Flipped.2010__#01-17-03_01-20-51_label_A__0.npy,A
Flipped.2010__#01-17-03_01-20-51_label_A__1.npy,A
Flipped.2010__#01-17-03_01-20-51_label_A__2.npy,A
Flipped.2010__#01-17-03_01-20-51_label_A__3.npy,A
Flipped.2010__#01-17-03_01-20-51_label_A__4.npy,A
Flipped.2010__#01-17-03_01-20-51_label_A__5.npy,A
Flipped.2010__#01-17-03_01-20-51_label_A__6.npy,A
Flipped.2010__#01-17-03_01-20-51_label_A__7.npy,A
Flipped.2010__#01-17-03_01-20-51_label_A__8.npy,A
Flipped.2010__#01-17-03_01-20-51_label_A__9.npy,A
v=tqDD7xMCjOI__#1_label_A__0.npy,A
v=tqDD7xMCjOI__#1_label_A__1.npy,A
v=tqDD7xMCjOI__#1_label_A__2.npy,A
v=tqDD7xMCjOI__#1_label_A__3.npy,A
v=tqDD7xMCjOI__#1_label_A__4.npy,A
v=tqDD7xMCjOI__#1_label_A__5.npy,A
v=tqDD7xMCjOI__#1_label_A__6.npy,A
v=tqDD7xMCjOI__#1_label_A__7.npy,A
v=tqDD7xMCjOI__#1_label_A__8.npy,A
v=tqDD7xMCjOI__#1_label_A__9.npy,A
Shoplifters.2018__#01-30-25_01-33-56_label_A__0.npy,A
Shoplifters.2018__#01-30-25_01-33-56_label_A__1.npy,A
Shoplifters.2018__#01-30-25_01-33-56_label_A__2.npy,A
Shoplifters.2018__#01-30-25_01-33-56_label_A__3.npy,A
Shoplifters.2018__#01-30-25_01-33-56_label_A__4.npy,A
Shoplifters.2018__#01-30-25_01-33-56_label_A__5.npy,A
Shoplifters.2018__#01-30-25_01-33-56_label_A__6.npy,A
Shoplifters.2018__#01-30-25_01-33-56_label_A__7.npy,A
Shoplifters.2018__#01-30-25_01-33-56_label_A__8.npy,A
Shoplifters.2018__#01-30-25_01-33-56_label_A__9.npy,A
v=yhv3bjNJb9Q__#1_label_A__0.npy,A
v=yhv3bjNJb9Q__#1_label_A__1.npy,A
v=yhv3bjNJb9Q__#1_label_A__2.npy,A
v=yhv3bjNJb9Q__#1_label_A__3.npy,A
v=yhv3bjNJb9Q__#1_label_A__4.npy,A
v=yhv3bjNJb9Q__#1_label_A__5.npy,A
v=yhv3bjNJb9Q__#1_label_A__6.npy,A
v=yhv3bjNJb9Q__#1_label_A__7.npy,A
v=yhv3bjNJb9Q__#1_label_A__8.npy,A
v=yhv3bjNJb9Q__#1_label_A__9.npy,A
v=Fxo9-8FKfX4__#1_label_A__0.npy,A
v=Fxo9-8FKfX4__#1_label_A__1.npy,A
v=Fxo9-8FKfX4__#1_label_A__2.npy,A
v=Fxo9-8FKfX4__#1_label_A__3.npy,A
v=Fxo9-8FKfX4__#1_label_A__4.npy,A
v=Fxo9-8FKfX4__#1_label_A__5.npy,A
v=Fxo9-8FKfX4__#1_label_A__6.npy,A
v=Fxo9-8FKfX4__#1_label_A__7.npy,A
v=Fxo9-8FKfX4__#1_label_A__8.npy,A
v=Fxo9-8FKfX4__#1_label_A__9.npy,A
God.Bless.America.2011__#00-54-15_00-56-05_label_A__0.npy,A
God.Bless.America.2011__#00-54-15_00-56-05_label_A__1.npy,A
God.Bless.America.2011__#00-54-15_00-56-05_label_A__2.npy,A
God.Bless.America.2011__#00-54-15_00-56-05_label_A__3.npy,A
God.Bless.America.2011__#00-54-15_00-56-05_label_A__4.npy,A
God.Bless.America.2011__#00-54-15_00-56-05_label_A__5.npy,A
God.Bless.America.2011__#00-54-15_00-56-05_label_A__6.npy,A
God.Bless.America.2011__#00-54-15_00-56-05_label_A__7.npy,A
God.Bless.America.2011__#00-54-15_00-56-05_label_A__8.npy,A
God.Bless.America.2011__#00-54-15_00-56-05_label_A__9.npy,A
v=R_HoYB_fRps__#1_label_A__0.npy,A
v=R_HoYB_fRps__#1_label_A__1.npy,A
v=R_HoYB_fRps__#1_label_A__2.npy,A
v=R_HoYB_fRps__#1_label_A__3.npy,A
v=R_HoYB_fRps__#1_label_A__4.npy,A
v=R_HoYB_fRps__#1_label_A__5.npy,A
v=R_HoYB_fRps__#1_label_A__6.npy,A
v=R_HoYB_fRps__#1_label_A__7.npy,A
v=R_HoYB_fRps__#1_label_A__8.npy,A
v=R_HoYB_fRps__#1_label_A__9.npy,A
v=ahbIYYT_8rQ__#1_label_A__0.npy,A
v=ahbIYYT_8rQ__#1_label_A__1.npy,A
v=ahbIYYT_8rQ__#1_label_A__2.npy,A
v=ahbIYYT_8rQ__#1_label_A__3.npy,A
v=ahbIYYT_8rQ__#1_label_A__4.npy,A
v=ahbIYYT_8rQ__#1_label_A__5.npy,A
v=ahbIYYT_8rQ__#1_label_A__6.npy,A
v=ahbIYYT_8rQ__#1_label_A__7.npy,A
v=ahbIYYT_8rQ__#1_label_A__8.npy,A
v=ahbIYYT_8rQ__#1_label_A__9.npy,A
Good.Will.Hunting.1997__#00-35-50_00-40-31_label_A__0.npy,A
Good.Will.Hunting.1997__#00-35-50_00-40-31_label_A__1.npy,A
Good.Will.Hunting.1997__#00-35-50_00-40-31_label_A__2.npy,A
Good.Will.Hunting.1997__#00-35-50_00-40-31_label_A__3.npy,A
Good.Will.Hunting.1997__#00-35-50_00-40-31_label_A__4.npy,A
Good.Will.Hunting.1997__#00-35-50_00-40-31_label_A__5.npy,A
Good.Will.Hunting.1997__#00-35-50_00-40-31_label_A__6.npy,A
Good.Will.Hunting.1997__#00-35-50_00-40-31_label_A__7.npy,A
Good.Will.Hunting.1997__#00-35-50_00-40-31_label_A__8.npy,A
Good.Will.Hunting.1997__#00-35-50_00-40-31_label_A__9.npy,A
v=2r82UgDpw04__#1_label_A__0.npy,A
v=2r82UgDpw04__#1_label_A__1.npy,A
v=2r82UgDpw04__#1_label_A__2.npy,A
v=2r82UgDpw04__#1_label_A__3.npy,A
v=2r82UgDpw04__#1_label_A__4.npy,A
v=2r82UgDpw04__#1_label_A__5.npy,A
v=2r82UgDpw04__#1_label_A__6.npy,A
v=2r82UgDpw04__#1_label_A__7.npy,A
v=2r82UgDpw04__#1_label_A__8.npy,A
v=2r82UgDpw04__#1_label_A__9.npy,A
Taken.2.UNRATED.EXTENDED.2012__#01-31-05_01-31-58_label_A__0.npy,A
Taken.2.UNRATED.EXTENDED.2012__#01-31-05_01-31-58_label_A__1.npy,A
Taken.2.UNRATED.EXTENDED.2012__#01-31-05_01-31-58_label_A__2.npy,A
Taken.2.UNRATED.EXTENDED.2012__#01-31-05_01-31-58_label_A__3.npy,A
Taken.2.UNRATED.EXTENDED.2012__#01-31-05_01-31-58_label_A__4.npy,A
Taken.2.UNRATED.EXTENDED.2012__#01-31-05_01-31-58_label_A__5.npy,A
Taken.2.UNRATED.EXTENDED.2012__#01-31-05_01-31-58_label_A__6.npy,A
Taken.2.UNRATED.EXTENDED.2012__#01-31-05_01-31-58_label_A__7.npy,A
Taken.2.UNRATED.EXTENDED.2012__#01-31-05_01-31-58_label_A__8.npy,A
Taken.2.UNRATED.EXTENDED.2012__#01-31-05_01-31-58_label_A__9.npy,A
The.Notebook.2004__#00-58-18_01-02-30_label_A__0.npy,A
The.Notebook.2004__#00-58-18_01-02-30_label_A__1.npy,A
The.Notebook.2004__#00-58-18_01-02-30_label_A__2.npy,A
The.Notebook.2004__#00-58-18_01-02-30_label_A__3.npy,A
The.Notebook.2004__#00-58-18_01-02-30_label_A__4.npy,A
The.Notebook.2004__#00-58-18_01-02-30_label_A__5.npy,A
The.Notebook.2004__#00-58-18_01-02-30_label_A__6.npy,A
The.Notebook.2004__#00-58-18_01-02-30_label_A__7.npy,A
The.Notebook.2004__#00-58-18_01-02-30_label_A__8.npy,A
The.Notebook.2004__#00-58-18_01-02-30_label_A__9.npy,A
Mission.Impossible.Fallout.2018__#00-00-37_00-01-23_label_A__0.npy,A
Mission.Impossible.Fallout.2018__#00-00-37_00-01-23_label_A__1.npy,A
Mission.Impossible.Fallout.2018__#00-00-37_00-01-23_label_A__2.npy,A
Mission.Impossible.Fallout.2018__#00-00-37_00-01-23_label_A__3.npy,A
Mission.Impossible.Fallout.2018__#00-00-37_00-01-23_label_A__4.npy,A
Mission.Impossible.Fallout.2018__#00-00-37_00-01-23_label_A__5.npy,A
Mission.Impossible.Fallout.2018__#00-00-37_00-01-23_label_A__6.npy,A
Mission.Impossible.Fallout.2018__#00-00-37_00-01-23_label_A__7.npy,A
Mission.Impossible.Fallout.2018__#00-00-37_00-01-23_label_A__8.npy,A
Mission.Impossible.Fallout.2018__#00-00-37_00-01-23_label_A__9.npy,A
GoldenEye.1995__#02-05-18_02-06-13_label_A__0.npy,A
GoldenEye.1995__#02-05-18_02-06-13_label_A__1.npy,A
GoldenEye.1995__#02-05-18_02-06-13_label_A__2.npy,A
GoldenEye.1995__#02-05-18_02-06-13_label_A__3.npy,A
GoldenEye.1995__#02-05-18_02-06-13_label_A__4.npy,A
GoldenEye.1995__#02-05-18_02-06-13_label_A__5.npy,A
GoldenEye.1995__#02-05-18_02-06-13_label_A__6.npy,A
GoldenEye.1995__#02-05-18_02-06-13_label_A__7.npy,A
GoldenEye.1995__#02-05-18_02-06-13_label_A__8.npy,A
GoldenEye.1995__#02-05-18_02-06-13_label_A__9.npy,A
v=uFJpq8S99bM__#1_label_A__0.npy,A
v=uFJpq8S99bM__#1_label_A__1.npy,A
v=uFJpq8S99bM__#1_label_A__2.npy,A
v=uFJpq8S99bM__#1_label_A__3.npy,A
v=uFJpq8S99bM__#1_label_A__4.npy,A
v=uFJpq8S99bM__#1_label_A__5.npy,A
v=uFJpq8S99bM__#1_label_A__6.npy,A
v=uFJpq8S99bM__#1_label_A__7.npy,A
v=uFJpq8S99bM__#1_label_A__8.npy,A
v=uFJpq8S99bM__#1_label_A__9.npy,A
v=XtogC6upSJg__#1_label_A__0.npy,A
v=XtogC6upSJg__#1_label_A__1.npy,A
v=XtogC6upSJg__#1_label_A__2.npy,A
v=XtogC6upSJg__#1_label_A__3.npy,A
v=XtogC6upSJg__#1_label_A__4.npy,A
v=XtogC6upSJg__#1_label_A__5.npy,A
v=XtogC6upSJg__#1_label_A__6.npy,A
v=XtogC6upSJg__#1_label_A__7.npy,A
v=XtogC6upSJg__#1_label_A__8.npy,A
v=XtogC6upSJg__#1_label_A__9.npy,A
v=w4IMts5VN3k__#1_label_A__0.npy,A
v=w4IMts5VN3k__#1_label_A__1.npy,A
v=w4IMts5VN3k__#1_label_A__2.npy,A
v=w4IMts5VN3k__#1_label_A__3.npy,A
v=w4IMts5VN3k__#1_label_A__4.npy,A
v=w4IMts5VN3k__#1_label_A__5.npy,A
v=w4IMts5VN3k__#1_label_A__6.npy,A
v=w4IMts5VN3k__#1_label_A__7.npy,A
v=w4IMts5VN3k__#1_label_A__8.npy,A
v=w4IMts5VN3k__#1_label_A__9.npy,A
v=XWbY5jdJnHg__#1_label_A__0.npy,A
v=XWbY5jdJnHg__#1_label_A__1.npy,A
v=XWbY5jdJnHg__#1_label_A__2.npy,A
v=XWbY5jdJnHg__#1_label_A__3.npy,A
v=XWbY5jdJnHg__#1_label_A__4.npy,A
v=XWbY5jdJnHg__#1_label_A__5.npy,A
v=XWbY5jdJnHg__#1_label_A__6.npy,A
v=XWbY5jdJnHg__#1_label_A__7.npy,A
v=XWbY5jdJnHg__#1_label_A__8.npy,A
v=XWbY5jdJnHg__#1_label_A__9.npy,A
v=lSqZzdpCFPY__#1_label_A__0.npy,A
v=lSqZzdpCFPY__#1_label_A__1.npy,A
v=lSqZzdpCFPY__#1_label_A__2.npy,A
v=lSqZzdpCFPY__#1_label_A__3.npy,A
v=lSqZzdpCFPY__#1_label_A__4.npy,A
v=lSqZzdpCFPY__#1_label_A__5.npy,A
v=lSqZzdpCFPY__#1_label_A__6.npy,A
v=lSqZzdpCFPY__#1_label_A__7.npy,A
v=lSqZzdpCFPY__#1_label_A__8.npy,A
v=lSqZzdpCFPY__#1_label_A__9.npy,A
v=FRNniUp7e3Q__#1_label_A__0.npy,A
v=FRNniUp7e3Q__#1_label_A__1.npy,A
v=FRNniUp7e3Q__#1_label_A__2.npy,A
v=FRNniUp7e3Q__#1_label_A__3.npy,A
v=FRNniUp7e3Q__#1_label_A__4.npy,A
v=FRNniUp7e3Q__#1_label_A__5.npy,A
v=FRNniUp7e3Q__#1_label_A__6.npy,A
v=FRNniUp7e3Q__#1_label_A__7.npy,A
v=FRNniUp7e3Q__#1_label_A__8.npy,A
v=FRNniUp7e3Q__#1_label_A__9.npy,A
v=QZ99HG1YuEE__#1_label_A__0.npy,A
v=QZ99HG1YuEE__#1_label_A__1.npy,A
v=QZ99HG1YuEE__#1_label_A__2.npy,A
v=QZ99HG1YuEE__#1_label_A__3.npy,A
v=QZ99HG1YuEE__#1_label_A__4.npy,A
v=QZ99HG1YuEE__#1_label_A__5.npy,A
v=QZ99HG1YuEE__#1_label_A__6.npy,A
v=QZ99HG1YuEE__#1_label_A__7.npy,A
v=QZ99HG1YuEE__#1_label_A__8.npy,A
v=QZ99HG1YuEE__#1_label_A__9.npy,A
Fast.Five.2011__#00-35-08_00-36-50_label_A__0.npy,A
Fast.Five.2011__#00-35-08_00-36-50_label_A__1.npy,A
Fast.Five.2011__#00-35-08_00-36-50_label_A__2.npy,A
Fast.Five.2011__#00-35-08_00-36-50_label_A__3.npy,A
Fast.Five.2011__#00-35-08_00-36-50_label_A__4.npy,A
Fast.Five.2011__#00-35-08_00-36-50_label_A__5.npy,A
Fast.Five.2011__#00-35-08_00-36-50_label_A__6.npy,A
Fast.Five.2011__#00-35-08_00-36-50_label_A__7.npy,A
Fast.Five.2011__#00-35-08_00-36-50_label_A__8.npy,A
Fast.Five.2011__#00-35-08_00-36-50_label_A__9.npy,A
v=yZ2wlTAN49g__#00-00-00_00-03-00_label_A__0.npy,A
v=yZ2wlTAN49g__#00-00-00_00-03-00_label_A__1.npy,A
v=yZ2wlTAN49g__#00-00-00_00-03-00_label_A__2.npy,A
v=yZ2wlTAN49g__#00-00-00_00-03-00_label_A__3.npy,A
v=yZ2wlTAN49g__#00-00-00_00-03-00_label_A__4.npy,A
v=yZ2wlTAN49g__#00-00-00_00-03-00_label_A__5.npy,A
v=yZ2wlTAN49g__#00-00-00_00-03-00_label_A__6.npy,A
v=yZ2wlTAN49g__#00-00-00_00-03-00_label_A__7.npy,A
v=yZ2wlTAN49g__#00-00-00_00-03-00_label_A__8.npy,A
v=yZ2wlTAN49g__#00-00-00_00-03-00_label_A__9.npy,A
v=7lqJYZhVzPE__#1_label_A__0.npy,A
v=7lqJYZhVzPE__#1_label_A__1.npy,A
v=7lqJYZhVzPE__#1_label_A__2.npy,A
v=7lqJYZhVzPE__#1_label_A__3.npy,A
v=7lqJYZhVzPE__#1_label_A__4.npy,A
v=7lqJYZhVzPE__#1_label_A__5.npy,A
v=7lqJYZhVzPE__#1_label_A__6.npy,A
v=7lqJYZhVzPE__#1_label_A__7.npy,A
v=7lqJYZhVzPE__#1_label_A__8.npy,A
v=7lqJYZhVzPE__#1_label_A__9.npy,A
v=6Jr-XTGY81E__#1_label_A__0.npy,A
v=6Jr-XTGY81E__#1_label_A__1.npy,A
v=6Jr-XTGY81E__#1_label_A__2.npy,A
v=6Jr-XTGY81E__#1_label_A__3.npy,A
v=6Jr-XTGY81E__#1_label_A__4.npy,A
v=6Jr-XTGY81E__#1_label_A__5.npy,A
v=6Jr-XTGY81E__#1_label_A__6.npy,A
v=6Jr-XTGY81E__#1_label_A__7.npy,A
v=6Jr-XTGY81E__#1_label_A__8.npy,A
v=6Jr-XTGY81E__#1_label_A__9.npy,A
Tropa.de.Elite.2007__#00-49-05_00-50-05_label_A__0.npy,A
Tropa.de.Elite.2007__#00-49-05_00-50-05_label_A__1.npy,A
Tropa.de.Elite.2007__#00-49-05_00-50-05_label_A__2.npy,A
Tropa.de.Elite.2007__#00-49-05_00-50-05_label_A__3.npy,A
Tropa.de.Elite.2007__#00-49-05_00-50-05_label_A__4.npy,A
Tropa.de.Elite.2007__#00-49-05_00-50-05_label_A__5.npy,A
Tropa.de.Elite.2007__#00-49-05_00-50-05_label_A__6.npy,A
Tropa.de.Elite.2007__#00-49-05_00-50-05_label_A__7.npy,A
Tropa.de.Elite.2007__#00-49-05_00-50-05_label_A__8.npy,A
Tropa.de.Elite.2007__#00-49-05_00-50-05_label_A__9.npy,A
v=H9Y5_X1sEEA__#00-18-00_00-21-00_label_A__0.npy,A
v=H9Y5_X1sEEA__#00-18-00_00-21-00_label_A__1.npy,A
v=H9Y5_X1sEEA__#00-18-00_00-21-00_label_A__2.npy,A
v=H9Y5_X1sEEA__#00-18-00_00-21-00_label_A__3.npy,A
v=H9Y5_X1sEEA__#00-18-00_00-21-00_label_A__4.npy,A
v=H9Y5_X1sEEA__#00-18-00_00-21-00_label_A__5.npy,A
v=H9Y5_X1sEEA__#00-18-00_00-21-00_label_A__6.npy,A
v=H9Y5_X1sEEA__#00-18-00_00-21-00_label_A__7.npy,A
v=H9Y5_X1sEEA__#00-18-00_00-21-00_label_A__8.npy,A
v=H9Y5_X1sEEA__#00-18-00_00-21-00_label_A__9.npy,A
v=liExsNrsF_o__#1_label_A__0.npy,A
v=liExsNrsF_o__#1_label_A__1.npy,A
v=liExsNrsF_o__#1_label_A__2.npy,A
v=liExsNrsF_o__#1_label_A__3.npy,A
v=liExsNrsF_o__#1_label_A__4.npy,A
v=liExsNrsF_o__#1_label_A__5.npy,A
v=liExsNrsF_o__#1_label_A__6.npy,A
v=liExsNrsF_o__#1_label_A__7.npy,A
v=liExsNrsF_o__#1_label_A__8.npy,A
v=liExsNrsF_o__#1_label_A__9.npy,A
v=lT_4Z0i2ld0__#1_label_A__0.npy,A
v=lT_4Z0i2ld0__#1_label_A__1.npy,A
v=lT_4Z0i2ld0__#1_label_A__2.npy,A
v=lT_4Z0i2ld0__#1_label_A__3.npy,A
v=lT_4Z0i2ld0__#1_label_A__4.npy,A
v=lT_4Z0i2ld0__#1_label_A__5.npy,A
v=lT_4Z0i2ld0__#1_label_A__6.npy,A
v=lT_4Z0i2ld0__#1_label_A__7.npy,A
v=lT_4Z0i2ld0__#1_label_A__8.npy,A
v=lT_4Z0i2ld0__#1_label_A__9.npy,A
Love.Death.and.Robots.S01E04__#00-03-55_00-04-30_label_A__0.npy,A
Love.Death.and.Robots.S01E04__#00-03-55_00-04-30_label_A__1.npy,A
Love.Death.and.Robots.S01E04__#00-03-55_00-04-30_label_A__2.npy,A
Love.Death.and.Robots.S01E04__#00-03-55_00-04-30_label_A__3.npy,A
Love.Death.and.Robots.S01E04__#00-03-55_00-04-30_label_A__4.npy,A
Love.Death.and.Robots.S01E04__#00-03-55_00-04-30_label_A__5.npy,A
Love.Death.and.Robots.S01E04__#00-03-55_00-04-30_label_A__6.npy,A
Love.Death.and.Robots.S01E04__#00-03-55_00-04-30_label_A__7.npy,A
Love.Death.and.Robots.S01E04__#00-03-55_00-04-30_label_A__8.npy,A
Love.Death.and.Robots.S01E04__#00-03-55_00-04-30_label_A__9.npy,A
The.Bourne.Identity.2002__#0-05-58_0-06-25_label_A__0.npy,A
The.Bourne.Identity.2002__#0-05-58_0-06-25_label_A__1.npy,A
The.Bourne.Identity.2002__#0-05-58_0-06-25_label_A__2.npy,A
The.Bourne.Identity.2002__#0-05-58_0-06-25_label_A__3.npy,A
The.Bourne.Identity.2002__#0-05-58_0-06-25_label_A__4.npy,A
The.Bourne.Identity.2002__#0-05-58_0-06-25_label_A__5.npy,A
The.Bourne.Identity.2002__#0-05-58_0-06-25_label_A__6.npy,A
The.Bourne.Identity.2002__#0-05-58_0-06-25_label_A__7.npy,A
The.Bourne.Identity.2002__#0-05-58_0-06-25_label_A__8.npy,A
The.Bourne.Identity.2002__#0-05-58_0-06-25_label_A__9.npy,A
v=cMhNmjxGWHA__#1_label_A__0.npy,A
v=cMhNmjxGWHA__#1_label_A__1.npy,A
v=cMhNmjxGWHA__#1_label_A__2.npy,A
v=cMhNmjxGWHA__#1_label_A__3.npy,A
v=cMhNmjxGWHA__#1_label_A__4.npy,A
v=cMhNmjxGWHA__#1_label_A__5.npy,A
v=cMhNmjxGWHA__#1_label_A__6.npy,A
v=cMhNmjxGWHA__#1_label_A__7.npy,A
v=cMhNmjxGWHA__#1_label_A__8.npy,A
v=cMhNmjxGWHA__#1_label_A__9.npy,A
The.Secret.Life.of.Walter.Mitty.2013__#01-20-00_01-22-08_label_A__0.npy,A
The.Secret.Life.of.Walter.Mitty.2013__#01-20-00_01-22-08_label_A__1.npy,A
The.Secret.Life.of.Walter.Mitty.2013__#01-20-00_01-22-08_label_A__2.npy,A
The.Secret.Life.of.Walter.Mitty.2013__#01-20-00_01-22-08_label_A__3.npy,A
The.Secret.Life.of.Walter.Mitty.2013__#01-20-00_01-22-08_label_A__4.npy,A
The.Secret.Life.of.Walter.Mitty.2013__#01-20-00_01-22-08_label_A__5.npy,A
The.Secret.Life.of.Walter.Mitty.2013__#01-20-00_01-22-08_label_A__6.npy,A
The.Secret.Life.of.Walter.Mitty.2013__#01-20-00_01-22-08_label_A__7.npy,A
The.Secret.Life.of.Walter.Mitty.2013__#01-20-00_01-22-08_label_A__8.npy,A
The.Secret.Life.of.Walter.Mitty.2013__#01-20-00_01-22-08_label_A__9.npy,A
v=SdYFFo_tsfk__#01-42-00_01-48-00_label_A__0.npy,A
v=SdYFFo_tsfk__#01-42-00_01-48-00_label_A__1.npy,A
v=SdYFFo_tsfk__#01-42-00_01-48-00_label_A__2.npy,A
v=SdYFFo_tsfk__#01-42-00_01-48-00_label_A__3.npy,A
v=SdYFFo_tsfk__#01-42-00_01-48-00_label_A__4.npy,A
v=SdYFFo_tsfk__#01-42-00_01-48-00_label_A__5.npy,A
v=SdYFFo_tsfk__#01-42-00_01-48-00_label_A__6.npy,A
v=SdYFFo_tsfk__#01-42-00_01-48-00_label_A__7.npy,A
v=SdYFFo_tsfk__#01-42-00_01-48-00_label_A__8.npy,A
v=SdYFFo_tsfk__#01-42-00_01-48-00_label_A__9.npy,A
Before.Sunrise.1995__#00-25-20_00-29-20_label_A__0.npy,A
Before.Sunrise.1995__#00-25-20_00-29-20_label_A__1.npy,A
Before.Sunrise.1995__#00-25-20_00-29-20_label_A__2.npy,A
Before.Sunrise.1995__#00-25-20_00-29-20_label_A__3.npy,A
Before.Sunrise.1995__#00-25-20_00-29-20_label_A__4.npy,A
Before.Sunrise.1995__#00-25-20_00-29-20_label_A__5.npy,A
Before.Sunrise.1995__#00-25-20_00-29-20_label_A__6.npy,A
Before.Sunrise.1995__#00-25-20_00-29-20_label_A__7.npy,A
Before.Sunrise.1995__#00-25-20_00-29-20_label_A__8.npy,A
Before.Sunrise.1995__#00-25-20_00-29-20_label_A__9.npy,A
v=jAvOGTD7_pU__#00-00-00_00-03-00_label_A__0.npy,A
v=jAvOGTD7_pU__#00-00-00_00-03-00_label_A__1.npy,A
v=jAvOGTD7_pU__#00-00-00_00-03-00_label_A__2.npy,A
v=jAvOGTD7_pU__#00-00-00_00-03-00_label_A__3.npy,A
v=jAvOGTD7_pU__#00-00-00_00-03-00_label_A__4.npy,A
v=jAvOGTD7_pU__#00-00-00_00-03-00_label_A__5.npy,A
v=jAvOGTD7_pU__#00-00-00_00-03-00_label_A__6.npy,A
v=jAvOGTD7_pU__#00-00-00_00-03-00_label_A__7.npy,A
v=jAvOGTD7_pU__#00-00-00_00-03-00_label_A__8.npy,A
v=jAvOGTD7_pU__#00-00-00_00-03-00_label_A__9.npy,A
v=fkps18H3SXY__#02-00-00_02-06-00_label_A__0.npy,A
v=fkps18H3SXY__#02-00-00_02-06-00_label_A__1.npy,A
v=fkps18H3SXY__#02-00-00_02-06-00_label_A__2.npy,A
v=fkps18H3SXY__#02-00-00_02-06-00_label_A__3.npy,A
v=fkps18H3SXY__#02-00-00_02-06-00_label_A__4.npy,A
v=fkps18H3SXY__#02-00-00_02-06-00_label_A__5.npy,A
v=fkps18H3SXY__#02-00-00_02-06-00_label_A__6.npy,A
v=fkps18H3SXY__#02-00-00_02-06-00_label_A__7.npy,A
v=fkps18H3SXY__#02-00-00_02-06-00_label_A__8.npy,A
v=fkps18H3SXY__#02-00-00_02-06-00_label_A__9.npy,A
wangted.2008__#0-07-05_0-08-59_label_A__0.npy,A
wangted.2008__#0-07-05_0-08-59_label_A__1.npy,A
wangted.2008__#0-07-05_0-08-59_label_A__2.npy,A
wangted.2008__#0-07-05_0-08-59_label_A__3.npy,A
wangted.2008__#0-07-05_0-08-59_label_A__4.npy,A
wangted.2008__#0-07-05_0-08-59_label_A__5.npy,A
wangted.2008__#0-07-05_0-08-59_label_A__6.npy,A
wangted.2008__#0-07-05_0-08-59_label_A__7.npy,A
wangted.2008__#0-07-05_0-08-59_label_A__8.npy,A
wangted.2008__#0-07-05_0-08-59_label_A__9.npy,A
v=OR0SFVEfXgk__#1_label_A__0.npy,A
v=OR0SFVEfXgk__#1_label_A__1.npy,A
v=OR0SFVEfXgk__#1_label_A__2.npy,A
v=OR0SFVEfXgk__#1_label_A__3.npy,A
v=OR0SFVEfXgk__#1_label_A__4.npy,A
v=OR0SFVEfXgk__#1_label_A__5.npy,A
v=OR0SFVEfXgk__#1_label_A__6.npy,A
v=OR0SFVEfXgk__#1_label_A__7.npy,A
v=OR0SFVEfXgk__#1_label_A__8.npy,A
v=OR0SFVEfXgk__#1_label_A__9.npy,A
v=vW34Es48fcs__#1_label_A__0.npy,A
v=vW34Es48fcs__#1_label_A__1.npy,A
v=vW34Es48fcs__#1_label_A__2.npy,A
v=vW34Es48fcs__#1_label_A__3.npy,A
v=vW34Es48fcs__#1_label_A__4.npy,A
v=vW34Es48fcs__#1_label_A__5.npy,A
v=vW34Es48fcs__#1_label_A__6.npy,A
v=vW34Es48fcs__#1_label_A__7.npy,A
v=vW34Es48fcs__#1_label_A__8.npy,A
v=vW34Es48fcs__#1_label_A__9.npy,A
v=cvEJ5WFk2KE__#00-18-00_00-21-00_label_A__0.npy,A
v=cvEJ5WFk2KE__#00-18-00_00-21-00_label_A__1.npy,A
v=cvEJ5WFk2KE__#00-18-00_00-21-00_label_A__2.npy,A
v=cvEJ5WFk2KE__#00-18-00_00-21-00_label_A__3.npy,A
v=cvEJ5WFk2KE__#00-18-00_00-21-00_label_A__4.npy,A
v=cvEJ5WFk2KE__#00-18-00_00-21-00_label_A__5.npy,A
v=cvEJ5WFk2KE__#00-18-00_00-21-00_label_A__6.npy,A
v=cvEJ5WFk2KE__#00-18-00_00-21-00_label_A__7.npy,A
v=cvEJ5WFk2KE__#00-18-00_00-21-00_label_A__8.npy,A
v=cvEJ5WFk2KE__#00-18-00_00-21-00_label_A__9.npy,A
v=XjRhYP-OXdM__#00-03-00_00-06-00_label_A__0.npy,A
v=XjRhYP-OXdM__#00-03-00_00-06-00_label_A__1.npy,A
v=XjRhYP-OXdM__#00-03-00_00-06-00_label_A__2.npy,A
v=XjRhYP-OXdM__#00-03-00_00-06-00_label_A__3.npy,A
v=XjRhYP-OXdM__#00-03-00_00-06-00_label_A__4.npy,A
v=XjRhYP-OXdM__#00-03-00_00-06-00_label_A__5.npy,A
v=XjRhYP-OXdM__#00-03-00_00-06-00_label_A__6.npy,A
v=XjRhYP-OXdM__#00-03-00_00-06-00_label_A__7.npy,A
v=XjRhYP-OXdM__#00-03-00_00-06-00_label_A__8.npy,A
v=XjRhYP-OXdM__#00-03-00_00-06-00_label_A__9.npy,A
v=0vVOXlgHC1U__#00-54-00_01-00-00_label_A__0.npy,A
v=0vVOXlgHC1U__#00-54-00_01-00-00_label_A__1.npy,A
v=0vVOXlgHC1U__#00-54-00_01-00-00_label_A__2.npy,A
v=0vVOXlgHC1U__#00-54-00_01-00-00_label_A__3.npy,A
v=0vVOXlgHC1U__#00-54-00_01-00-00_label_A__4.npy,A
v=0vVOXlgHC1U__#00-54-00_01-00-00_label_A__5.npy,A
v=0vVOXlgHC1U__#00-54-00_01-00-00_label_A__6.npy,A
v=0vVOXlgHC1U__#00-54-00_01-00-00_label_A__7.npy,A
v=0vVOXlgHC1U__#00-54-00_01-00-00_label_A__8.npy,A
v=0vVOXlgHC1U__#00-54-00_01-00-00_label_A__9.npy,A
v=Yr41_8QOTF8__#00-15-00_00-18-00_label_A__0.npy,A
v=Yr41_8QOTF8__#00-15-00_00-18-00_label_A__1.npy,A
v=Yr41_8QOTF8__#00-15-00_00-18-00_label_A__2.npy,A
v=Yr41_8QOTF8__#00-15-00_00-18-00_label_A__3.npy,A
v=Yr41_8QOTF8__#00-15-00_00-18-00_label_A__4.npy,A
v=Yr41_8QOTF8__#00-15-00_00-18-00_label_A__5.npy,A
v=Yr41_8QOTF8__#00-15-00_00-18-00_label_A__6.npy,A
v=Yr41_8QOTF8__#00-15-00_00-18-00_label_A__7.npy,A
v=Yr41_8QOTF8__#00-15-00_00-18-00_label_A__8.npy,A
v=Yr41_8QOTF8__#00-15-00_00-18-00_label_A__9.npy,A
The.Attorney.2013__#00-56-40_01-01-02_label_A__0.npy,A
The.Attorney.2013__#00-56-40_01-01-02_label_A__1.npy,A
The.Attorney.2013__#00-56-40_01-01-02_label_A__2.npy,A
The.Attorney.2013__#00-56-40_01-01-02_label_A__3.npy,A
The.Attorney.2013__#00-56-40_01-01-02_label_A__4.npy,A
The.Attorney.2013__#00-56-40_01-01-02_label_A__5.npy,A
The.Attorney.2013__#00-56-40_01-01-02_label_A__6.npy,A
The.Attorney.2013__#00-56-40_01-01-02_label_A__7.npy,A
The.Attorney.2013__#00-56-40_01-01-02_label_A__8.npy,A
The.Attorney.2013__#00-56-40_01-01-02_label_A__9.npy,A
v=Dt2dDJpaQNU__#1_label_A__0.npy,A
v=Dt2dDJpaQNU__#1_label_A__1.npy,A
v=Dt2dDJpaQNU__#1_label_A__2.npy,A
v=Dt2dDJpaQNU__#1_label_A__3.npy,A
v=Dt2dDJpaQNU__#1_label_A__4.npy,A
v=Dt2dDJpaQNU__#1_label_A__5.npy,A
v=Dt2dDJpaQNU__#1_label_A__6.npy,A
v=Dt2dDJpaQNU__#1_label_A__7.npy,A
v=Dt2dDJpaQNU__#1_label_A__8.npy,A
v=Dt2dDJpaQNU__#1_label_A__9.npy,A
v=OkKRRBtGrow__#1_label_A__0.npy,A
v=OkKRRBtGrow__#1_label_A__1.npy,A
v=OkKRRBtGrow__#1_label_A__2.npy,A
v=OkKRRBtGrow__#1_label_A__3.npy,A
v=OkKRRBtGrow__#1_label_A__4.npy,A
v=OkKRRBtGrow__#1_label_A__5.npy,A
v=OkKRRBtGrow__#1_label_A__6.npy,A
v=OkKRRBtGrow__#1_label_A__7.npy,A
v=OkKRRBtGrow__#1_label_A__8.npy,A
v=OkKRRBtGrow__#1_label_A__9.npy,A
Be.with.You.2018__#00-32-07_00-36-45_label_A__0.npy,A
Be.with.You.2018__#00-32-07_00-36-45_label_A__1.npy,A
Be.with.You.2018__#00-32-07_00-36-45_label_A__2.npy,A
Be.with.You.2018__#00-32-07_00-36-45_label_A__3.npy,A
Be.with.You.2018__#00-32-07_00-36-45_label_A__4.npy,A
Be.with.You.2018__#00-32-07_00-36-45_label_A__5.npy,A
Be.with.You.2018__#00-32-07_00-36-45_label_A__6.npy,A
Be.with.You.2018__#00-32-07_00-36-45_label_A__7.npy,A
Be.with.You.2018__#00-32-07_00-36-45_label_A__8.npy,A
Be.with.You.2018__#00-32-07_00-36-45_label_A__9.npy,A
Kill.Bill.Vol.1.2003__#00-32-20_00-34-20_label_A__0.npy,A
Kill.Bill.Vol.1.2003__#00-32-20_00-34-20_label_A__1.npy,A
Kill.Bill.Vol.1.2003__#00-32-20_00-34-20_label_A__2.npy,A
Kill.Bill.Vol.1.2003__#00-32-20_00-34-20_label_A__3.npy,A
Kill.Bill.Vol.1.2003__#00-32-20_00-34-20_label_A__4.npy,A
Kill.Bill.Vol.1.2003__#00-32-20_00-34-20_label_A__5.npy,A
Kill.Bill.Vol.1.2003__#00-32-20_00-34-20_label_A__6.npy,A
Kill.Bill.Vol.1.2003__#00-32-20_00-34-20_label_A__7.npy,A
Kill.Bill.Vol.1.2003__#00-32-20_00-34-20_label_A__8.npy,A
Kill.Bill.Vol.1.2003__#00-32-20_00-34-20_label_A__9.npy,A
v=U6GNhmLnjWU__#1_label_A__0.npy,A
v=U6GNhmLnjWU__#1_label_A__1.npy,A
v=U6GNhmLnjWU__#1_label_A__2.npy,A
v=U6GNhmLnjWU__#1_label_A__3.npy,A
v=U6GNhmLnjWU__#1_label_A__4.npy,A
v=U6GNhmLnjWU__#1_label_A__5.npy,A
v=U6GNhmLnjWU__#1_label_A__6.npy,A
v=U6GNhmLnjWU__#1_label_A__7.npy,A
v=U6GNhmLnjWU__#1_label_A__8.npy,A
v=U6GNhmLnjWU__#1_label_A__9.npy,A
Ip.Man.3.2015__#00-29-44_00-31-40_label_A__0.npy,A
Ip.Man.3.2015__#00-29-44_00-31-40_label_A__1.npy,A
Ip.Man.3.2015__#00-29-44_00-31-40_label_A__2.npy,A
Ip.Man.3.2015__#00-29-44_00-31-40_label_A__3.npy,A
Ip.Man.3.2015__#00-29-44_00-31-40_label_A__4.npy,A
Ip.Man.3.2015__#00-29-44_00-31-40_label_A__5.npy,A
Ip.Man.3.2015__#00-29-44_00-31-40_label_A__6.npy,A
Ip.Man.3.2015__#00-29-44_00-31-40_label_A__7.npy,A
Ip.Man.3.2015__#00-29-44_00-31-40_label_A__8.npy,A
Ip.Man.3.2015__#00-29-44_00-31-40_label_A__9.npy,A
v=J24IP08SeXw__#1_label_A__0.npy,A
v=J24IP08SeXw__#1_label_A__1.npy,A
v=J24IP08SeXw__#1_label_A__2.npy,A
v=J24IP08SeXw__#1_label_A__3.npy,A
v=J24IP08SeXw__#1_label_A__4.npy,A
v=J24IP08SeXw__#1_label_A__5.npy,A
v=J24IP08SeXw__#1_label_A__6.npy,A
v=J24IP08SeXw__#1_label_A__7.npy,A
v=J24IP08SeXw__#1_label_A__8.npy,A
v=J24IP08SeXw__#1_label_A__9.npy,A
Casino.Royale.2006__#01-05-46_01-17-09_label_A__0.npy,A
Casino.Royale.2006__#01-05-46_01-17-09_label_A__1.npy,A
Casino.Royale.2006__#01-05-46_01-17-09_label_A__2.npy,A
Casino.Royale.2006__#01-05-46_01-17-09_label_A__3.npy,A
Casino.Royale.2006__#01-05-46_01-17-09_label_A__4.npy,A
Casino.Royale.2006__#01-05-46_01-17-09_label_A__5.npy,A
Casino.Royale.2006__#01-05-46_01-17-09_label_A__6.npy,A
Casino.Royale.2006__#01-05-46_01-17-09_label_A__7.npy,A
Casino.Royale.2006__#01-05-46_01-17-09_label_A__8.npy,A
Casino.Royale.2006__#01-05-46_01-17-09_label_A__9.npy,A
The.Pursuit.of.Happyness.2006__#00-02-45_00-04-15_label_A__0.npy,A
The.Pursuit.of.Happyness.2006__#00-02-45_00-04-15_label_A__1.npy,A
The.Pursuit.of.Happyness.2006__#00-02-45_00-04-15_label_A__2.npy,A
The.Pursuit.of.Happyness.2006__#00-02-45_00-04-15_label_A__3.npy,A
The.Pursuit.of.Happyness.2006__#00-02-45_00-04-15_label_A__4.npy,A
The.Pursuit.of.Happyness.2006__#00-02-45_00-04-15_label_A__5.npy,A
The.Pursuit.of.Happyness.2006__#00-02-45_00-04-15_label_A__6.npy,A
The.Pursuit.of.Happyness.2006__#00-02-45_00-04-15_label_A__7.npy,A
The.Pursuit.of.Happyness.2006__#00-02-45_00-04-15_label_A__8.npy,A
The.Pursuit.of.Happyness.2006__#00-02-45_00-04-15_label_A__9.npy,A
Taken.2.UNRATED.EXTENDED.2012__#00-05-10_00-06-20_label_A__0.npy,A
Taken.2.UNRATED.EXTENDED.2012__#00-05-10_00-06-20_label_A__1.npy,A
Taken.2.UNRATED.EXTENDED.2012__#00-05-10_00-06-20_label_A__2.npy,A
Taken.2.UNRATED.EXTENDED.2012__#00-05-10_00-06-20_label_A__3.npy,A
Taken.2.UNRATED.EXTENDED.2012__#00-05-10_00-06-20_label_A__4.npy,A
Taken.2.UNRATED.EXTENDED.2012__#00-05-10_00-06-20_label_A__5.npy,A
Taken.2.UNRATED.EXTENDED.2012__#00-05-10_00-06-20_label_A__6.npy,A
Taken.2.UNRATED.EXTENDED.2012__#00-05-10_00-06-20_label_A__7.npy,A
Taken.2.UNRATED.EXTENDED.2012__#00-05-10_00-06-20_label_A__8.npy,A
Taken.2.UNRATED.EXTENDED.2012__#00-05-10_00-06-20_label_A__9.npy,A
v=KfNg0Fx1D54__#1_label_A__0.npy,A
v=KfNg0Fx1D54__#1_label_A__1.npy,A
v=KfNg0Fx1D54__#1_label_A__2.npy,A
v=KfNg0Fx1D54__#1_label_A__3.npy,A
v=KfNg0Fx1D54__#1_label_A__4.npy,A
v=KfNg0Fx1D54__#1_label_A__5.npy,A
v=KfNg0Fx1D54__#1_label_A__6.npy,A
v=KfNg0Fx1D54__#1_label_A__7.npy,A
v=KfNg0Fx1D54__#1_label_A__8.npy,A
v=KfNg0Fx1D54__#1_label_A__9.npy,A
v=6BKWQCVkTKw__#1_label_A__0.npy,A
v=6BKWQCVkTKw__#1_label_A__1.npy,A
v=6BKWQCVkTKw__#1_label_A__2.npy,A
v=6BKWQCVkTKw__#1_label_A__3.npy,A
v=6BKWQCVkTKw__#1_label_A__4.npy,A
v=6BKWQCVkTKw__#1_label_A__5.npy,A
v=6BKWQCVkTKw__#1_label_A__6.npy,A
v=6BKWQCVkTKw__#1_label_A__7.npy,A
v=6BKWQCVkTKw__#1_label_A__8.npy,A
v=6BKWQCVkTKw__#1_label_A__9.npy,A
The.Attorney.2013__#00-20-35_00-23-06_label_A__0.npy,A
The.Attorney.2013__#00-20-35_00-23-06_label_A__1.npy,A
The.Attorney.2013__#00-20-35_00-23-06_label_A__2.npy,A
The.Attorney.2013__#00-20-35_00-23-06_label_A__3.npy,A
The.Attorney.2013__#00-20-35_00-23-06_label_A__4.npy,A
The.Attorney.2013__#00-20-35_00-23-06_label_A__5.npy,A
The.Attorney.2013__#00-20-35_00-23-06_label_A__6.npy,A
The.Attorney.2013__#00-20-35_00-23-06_label_A__7.npy,A
The.Attorney.2013__#00-20-35_00-23-06_label_A__8.npy,A
The.Attorney.2013__#00-20-35_00-23-06_label_A__9.npy,A
Jason.Bourne.2016__#0-38-40_0-40-00_label_A__0.npy,A
Jason.Bourne.2016__#0-38-40_0-40-00_label_A__1.npy,A
Jason.Bourne.2016__#0-38-40_0-40-00_label_A__2.npy,A
Jason.Bourne.2016__#0-38-40_0-40-00_label_A__3.npy,A
Jason.Bourne.2016__#0-38-40_0-40-00_label_A__4.npy,A
Jason.Bourne.2016__#0-38-40_0-40-00_label_A__5.npy,A
Jason.Bourne.2016__#0-38-40_0-40-00_label_A__6.npy,A
Jason.Bourne.2016__#0-38-40_0-40-00_label_A__7.npy,A
Jason.Bourne.2016__#0-38-40_0-40-00_label_A__8.npy,A
Jason.Bourne.2016__#0-38-40_0-40-00_label_A__9.npy,A
Mission.Impossible.III.2006__#00-42-45_00-42-55_label_A__0.npy,A
Mission.Impossible.III.2006__#00-42-45_00-42-55_label_A__1.npy,A
Mission.Impossible.III.2006__#00-42-45_00-42-55_label_A__2.npy,A
Mission.Impossible.III.2006__#00-42-45_00-42-55_label_A__3.npy,A
Mission.Impossible.III.2006__#00-42-45_00-42-55_label_A__4.npy,A
Mission.Impossible.III.2006__#00-42-45_00-42-55_label_A__5.npy,A
Mission.Impossible.III.2006__#00-42-45_00-42-55_label_A__6.npy,A
Mission.Impossible.III.2006__#00-42-45_00-42-55_label_A__7.npy,A
Mission.Impossible.III.2006__#00-42-45_00-42-55_label_A__8.npy,A
Mission.Impossible.III.2006__#00-42-45_00-42-55_label_A__9.npy,A
About.Time.2013__#01-34-18_01-38-11_label_A__0.npy,A
About.Time.2013__#01-34-18_01-38-11_label_A__1.npy,A
About.Time.2013__#01-34-18_01-38-11_label_A__2.npy,A
About.Time.2013__#01-34-18_01-38-11_label_A__3.npy,A
About.Time.2013__#01-34-18_01-38-11_label_A__4.npy,A
About.Time.2013__#01-34-18_01-38-11_label_A__5.npy,A
About.Time.2013__#01-34-18_01-38-11_label_A__6.npy,A
About.Time.2013__#01-34-18_01-38-11_label_A__7.npy,A
About.Time.2013__#01-34-18_01-38-11_label_A__8.npy,A
About.Time.2013__#01-34-18_01-38-11_label_A__9.npy,A
wangted.2008__#0-12-07_0-14-01_label_A__0.npy,A
wangted.2008__#0-12-07_0-14-01_label_A__1.npy,A
wangted.2008__#0-12-07_0-14-01_label_A__2.npy,A
wangted.2008__#0-12-07_0-14-01_label_A__3.npy,A
wangted.2008__#0-12-07_0-14-01_label_A__4.npy,A
wangted.2008__#0-12-07_0-14-01_label_A__5.npy,A
wangted.2008__#0-12-07_0-14-01_label_A__6.npy,A
wangted.2008__#0-12-07_0-14-01_label_A__7.npy,A
wangted.2008__#0-12-07_0-14-01_label_A__8.npy,A
wangted.2008__#0-12-07_0-14-01_label_A__9.npy,A
v=Jw8nhzDE57c__#1_label_A__0.npy,A
v=Jw8nhzDE57c__#1_label_A__1.npy,A
v=Jw8nhzDE57c__#1_label_A__2.npy,A
v=Jw8nhzDE57c__#1_label_A__3.npy,A
v=Jw8nhzDE57c__#1_label_A__4.npy,A
v=Jw8nhzDE57c__#1_label_A__5.npy,A
v=Jw8nhzDE57c__#1_label_A__6.npy,A
v=Jw8nhzDE57c__#1_label_A__7.npy,A
v=Jw8nhzDE57c__#1_label_A__8.npy,A
v=Jw8nhzDE57c__#1_label_A__9.npy,A
City.of.God.2002__#01-02-36_01-04-02_label_A__0.npy,A
City.of.God.2002__#01-02-36_01-04-02_label_A__1.npy,A
City.of.God.2002__#01-02-36_01-04-02_label_A__2.npy,A
City.of.God.2002__#01-02-36_01-04-02_label_A__3.npy,A
City.of.God.2002__#01-02-36_01-04-02_label_A__4.npy,A
City.of.God.2002__#01-02-36_01-04-02_label_A__5.npy,A
City.of.God.2002__#01-02-36_01-04-02_label_A__6.npy,A
City.of.God.2002__#01-02-36_01-04-02_label_A__7.npy,A
City.of.God.2002__#01-02-36_01-04-02_label_A__8.npy,A
City.of.God.2002__#01-02-36_01-04-02_label_A__9.npy,A
v=fkps18H3SXY__#00-42-00_00-48-00_label_A__0.npy,A
v=fkps18H3SXY__#00-42-00_00-48-00_label_A__1.npy,A
v=fkps18H3SXY__#00-42-00_00-48-00_label_A__2.npy,A
v=fkps18H3SXY__#00-42-00_00-48-00_label_A__3.npy,A
v=fkps18H3SXY__#00-42-00_00-48-00_label_A__4.npy,A
v=fkps18H3SXY__#00-42-00_00-48-00_label_A__5.npy,A
v=fkps18H3SXY__#00-42-00_00-48-00_label_A__6.npy,A
v=fkps18H3SXY__#00-42-00_00-48-00_label_A__7.npy,A
v=fkps18H3SXY__#00-42-00_00-48-00_label_A__8.npy,A
v=fkps18H3SXY__#00-42-00_00-48-00_label_A__9.npy,A
v=cvEJ5WFk2KE__#00-24-00_00-27-00_label_A__0.npy,A
v=cvEJ5WFk2KE__#00-24-00_00-27-00_label_A__1.npy,A
v=cvEJ5WFk2KE__#00-24-00_00-27-00_label_A__2.npy,A
v=cvEJ5WFk2KE__#00-24-00_00-27-00_label_A__3.npy,A
v=cvEJ5WFk2KE__#00-24-00_00-27-00_label_A__4.npy,A
v=cvEJ5WFk2KE__#00-24-00_00-27-00_label_A__5.npy,A
v=cvEJ5WFk2KE__#00-24-00_00-27-00_label_A__6.npy,A
v=cvEJ5WFk2KE__#00-24-00_00-27-00_label_A__7.npy,A
v=cvEJ5WFk2KE__#00-24-00_00-27-00_label_A__8.npy,A
v=cvEJ5WFk2KE__#00-24-00_00-27-00_label_A__9.npy,A
wangted.2008__#0-22-01_0-22-31_label_A__0.npy,A
wangted.2008__#0-22-01_0-22-31_label_A__1.npy,A
wangted.2008__#0-22-01_0-22-31_label_A__2.npy,A
wangted.2008__#0-22-01_0-22-31_label_A__3.npy,A
wangted.2008__#0-22-01_0-22-31_label_A__4.npy,A
wangted.2008__#0-22-01_0-22-31_label_A__5.npy,A
wangted.2008__#0-22-01_0-22-31_label_A__6.npy,A
wangted.2008__#0-22-01_0-22-31_label_A__7.npy,A
wangted.2008__#0-22-01_0-22-31_label_A__8.npy,A
wangted.2008__#0-22-01_0-22-31_label_A__9.npy,A
Rush.Hour.1998.BluRay__#00-20-03_00-22-55_label_A__0.npy,A
Rush.Hour.1998.BluRay__#00-20-03_00-22-55_label_A__1.npy,A
Rush.Hour.1998.BluRay__#00-20-03_00-22-55_label_A__2.npy,A
Rush.Hour.1998.BluRay__#00-20-03_00-22-55_label_A__3.npy,A
Rush.Hour.1998.BluRay__#00-20-03_00-22-55_label_A__4.npy,A
Rush.Hour.1998.BluRay__#00-20-03_00-22-55_label_A__5.npy,A
Rush.Hour.1998.BluRay__#00-20-03_00-22-55_label_A__6.npy,A
Rush.Hour.1998.BluRay__#00-20-03_00-22-55_label_A__7.npy,A
Rush.Hour.1998.BluRay__#00-20-03_00-22-55_label_A__8.npy,A
Rush.Hour.1998.BluRay__#00-20-03_00-22-55_label_A__9.npy,A
v=yE8sbxP4SfM__#1_label_A__0.npy,A
v=yE8sbxP4SfM__#1_label_A__1.npy,A
v=yE8sbxP4SfM__#1_label_A__2.npy,A
v=yE8sbxP4SfM__#1_label_A__3.npy,A
v=yE8sbxP4SfM__#1_label_A__4.npy,A
v=yE8sbxP4SfM__#1_label_A__5.npy,A
v=yE8sbxP4SfM__#1_label_A__6.npy,A
v=yE8sbxP4SfM__#1_label_A__7.npy,A
v=yE8sbxP4SfM__#1_label_A__8.npy,A
v=yE8sbxP4SfM__#1_label_A__9.npy,A
v=I9qAzdV9AmU__#1_label_A__0.npy,A
v=I9qAzdV9AmU__#1_label_A__1.npy,A
v=I9qAzdV9AmU__#1_label_A__2.npy,A
v=I9qAzdV9AmU__#1_label_A__3.npy,A
v=I9qAzdV9AmU__#1_label_A__4.npy,A
v=I9qAzdV9AmU__#1_label_A__5.npy,A
v=I9qAzdV9AmU__#1_label_A__6.npy,A
v=I9qAzdV9AmU__#1_label_A__7.npy,A
v=I9qAzdV9AmU__#1_label_A__8.npy,A
v=I9qAzdV9AmU__#1_label_A__9.npy,A
Bullet.in.the.Head.1990__#00-11-50_00-12-33_label_A__0.npy,A
Bullet.in.the.Head.1990__#00-11-50_00-12-33_label_A__1.npy,A
Bullet.in.the.Head.1990__#00-11-50_00-12-33_label_A__2.npy,A
Bullet.in.the.Head.1990__#00-11-50_00-12-33_label_A__3.npy,A
Bullet.in.the.Head.1990__#00-11-50_00-12-33_label_A__4.npy,A
Bullet.in.the.Head.1990__#00-11-50_00-12-33_label_A__5.npy,A
Bullet.in.the.Head.1990__#00-11-50_00-12-33_label_A__6.npy,A
Bullet.in.the.Head.1990__#00-11-50_00-12-33_label_A__7.npy,A
Bullet.in.the.Head.1990__#00-11-50_00-12-33_label_A__8.npy,A
Bullet.in.the.Head.1990__#00-11-50_00-12-33_label_A__9.npy,A
v=jAvOGTD7_pU__#00-03-00_00-06-00_label_A__0.npy,A
v=jAvOGTD7_pU__#00-03-00_00-06-00_label_A__1.npy,A
v=jAvOGTD7_pU__#00-03-00_00-06-00_label_A__2.npy,A
v=jAvOGTD7_pU__#00-03-00_00-06-00_label_A__3.npy,A
v=jAvOGTD7_pU__#00-03-00_00-06-00_label_A__4.npy,A
v=jAvOGTD7_pU__#00-03-00_00-06-00_label_A__5.npy,A
v=jAvOGTD7_pU__#00-03-00_00-06-00_label_A__6.npy,A
v=jAvOGTD7_pU__#00-03-00_00-06-00_label_A__7.npy,A
v=jAvOGTD7_pU__#00-03-00_00-06-00_label_A__8.npy,A
v=jAvOGTD7_pU__#00-03-00_00-06-00_label_A__9.npy,A
Mission.Impossible.II.2000__#00-45-41_00-48-20_label_A__0.npy,A
Mission.Impossible.II.2000__#00-45-41_00-48-20_label_A__1.npy,A
Mission.Impossible.II.2000__#00-45-41_00-48-20_label_A__2.npy,A
Mission.Impossible.II.2000__#00-45-41_00-48-20_label_A__3.npy,A
Mission.Impossible.II.2000__#00-45-41_00-48-20_label_A__4.npy,A
Mission.Impossible.II.2000__#00-45-41_00-48-20_label_A__5.npy,A
Mission.Impossible.II.2000__#00-45-41_00-48-20_label_A__6.npy,A
Mission.Impossible.II.2000__#00-45-41_00-48-20_label_A__7.npy,A
Mission.Impossible.II.2000__#00-45-41_00-48-20_label_A__8.npy,A
Mission.Impossible.II.2000__#00-45-41_00-48-20_label_A__9.npy,A
v=eAgqJnO3kr8__#00-36-00_00-42-00_label_A__0.npy,A
v=eAgqJnO3kr8__#00-36-00_00-42-00_label_A__1.npy,A
v=eAgqJnO3kr8__#00-36-00_00-42-00_label_A__2.npy,A
v=eAgqJnO3kr8__#00-36-00_00-42-00_label_A__3.npy,A
v=eAgqJnO3kr8__#00-36-00_00-42-00_label_A__4.npy,A
v=eAgqJnO3kr8__#00-36-00_00-42-00_label_A__5.npy,A
v=eAgqJnO3kr8__#00-36-00_00-42-00_label_A__6.npy,A
v=eAgqJnO3kr8__#00-36-00_00-42-00_label_A__7.npy,A
v=eAgqJnO3kr8__#00-36-00_00-42-00_label_A__8.npy,A
v=eAgqJnO3kr8__#00-36-00_00-42-00_label_A__9.npy,A
v=14oeLr6xkC8__#1_label_A__0.npy,A
v=14oeLr6xkC8__#1_label_A__1.npy,A
v=14oeLr6xkC8__#1_label_A__2.npy,A
v=14oeLr6xkC8__#1_label_A__3.npy,A
v=14oeLr6xkC8__#1_label_A__4.npy,A
v=14oeLr6xkC8__#1_label_A__5.npy,A
v=14oeLr6xkC8__#1_label_A__6.npy,A
v=14oeLr6xkC8__#1_label_A__7.npy,A
v=14oeLr6xkC8__#1_label_A__8.npy,A
v=14oeLr6xkC8__#1_label_A__9.npy,A
v=5TPecJ1aUs8__#1_label_A__0.npy,A
v=5TPecJ1aUs8__#1_label_A__1.npy,A
v=5TPecJ1aUs8__#1_label_A__2.npy,A
v=5TPecJ1aUs8__#1_label_A__3.npy,A
v=5TPecJ1aUs8__#1_label_A__4.npy,A
v=5TPecJ1aUs8__#1_label_A__5.npy,A
v=5TPecJ1aUs8__#1_label_A__6.npy,A
v=5TPecJ1aUs8__#1_label_A__7.npy,A
v=5TPecJ1aUs8__#1_label_A__8.npy,A
v=5TPecJ1aUs8__#1_label_A__9.npy,A
GoldenEye.1995__#00-49-11_00-50-25_label_A__0.npy,A
GoldenEye.1995__#00-49-11_00-50-25_label_A__1.npy,A
GoldenEye.1995__#00-49-11_00-50-25_label_A__2.npy,A
GoldenEye.1995__#00-49-11_00-50-25_label_A__3.npy,A
GoldenEye.1995__#00-49-11_00-50-25_label_A__4.npy,A
GoldenEye.1995__#00-49-11_00-50-25_label_A__5.npy,A
GoldenEye.1995__#00-49-11_00-50-25_label_A__6.npy,A
GoldenEye.1995__#00-49-11_00-50-25_label_A__7.npy,A
GoldenEye.1995__#00-49-11_00-50-25_label_A__8.npy,A
GoldenEye.1995__#00-49-11_00-50-25_label_A__9.npy,A
Fury.2014__#00-27-12_00-28-42_label_A__0.npy,A
Fury.2014__#00-27-12_00-28-42_label_A__1.npy,A
Fury.2014__#00-27-12_00-28-42_label_A__2.npy,A
Fury.2014__#00-27-12_00-28-42_label_A__3.npy,A
Fury.2014__#00-27-12_00-28-42_label_A__4.npy,A
Fury.2014__#00-27-12_00-28-42_label_A__5.npy,A
Fury.2014__#00-27-12_00-28-42_label_A__6.npy,A
Fury.2014__#00-27-12_00-28-42_label_A__7.npy,A
Fury.2014__#00-27-12_00-28-42_label_A__8.npy,A
Fury.2014__#00-27-12_00-28-42_label_A__9.npy,A
About.Time.2013__#01-50-20_01-56-30_label_A__0.npy,A
About.Time.2013__#01-50-20_01-56-30_label_A__1.npy,A
About.Time.2013__#01-50-20_01-56-30_label_A__2.npy,A
About.Time.2013__#01-50-20_01-56-30_label_A__3.npy,A
About.Time.2013__#01-50-20_01-56-30_label_A__4.npy,A
About.Time.2013__#01-50-20_01-56-30_label_A__5.npy,A
About.Time.2013__#01-50-20_01-56-30_label_A__6.npy,A
About.Time.2013__#01-50-20_01-56-30_label_A__7.npy,A
About.Time.2013__#01-50-20_01-56-30_label_A__8.npy,A
About.Time.2013__#01-50-20_01-56-30_label_A__9.npy,A
v=Ja6m-BBGKMk__#1_label_A__0.npy,A
v=Ja6m-BBGKMk__#1_label_A__1.npy,A
v=Ja6m-BBGKMk__#1_label_A__2.npy,A
v=Ja6m-BBGKMk__#1_label_A__3.npy,A
v=Ja6m-BBGKMk__#1_label_A__4.npy,A
v=Ja6m-BBGKMk__#1_label_A__5.npy,A
v=Ja6m-BBGKMk__#1_label_A__6.npy,A
v=Ja6m-BBGKMk__#1_label_A__7.npy,A
v=Ja6m-BBGKMk__#1_label_A__8.npy,A
v=Ja6m-BBGKMk__#1_label_A__9.npy,A
A.Beautiful.Mind.2001__#01-50-50_01-52-00_label_A__0.npy,A
A.Beautiful.Mind.2001__#01-50-50_01-52-00_label_A__1.npy,A
A.Beautiful.Mind.2001__#01-50-50_01-52-00_label_A__2.npy,A
A.Beautiful.Mind.2001__#01-50-50_01-52-00_label_A__3.npy,A
A.Beautiful.Mind.2001__#01-50-50_01-52-00_label_A__4.npy,A
A.Beautiful.Mind.2001__#01-50-50_01-52-00_label_A__5.npy,A
A.Beautiful.Mind.2001__#01-50-50_01-52-00_label_A__6.npy,A
A.Beautiful.Mind.2001__#01-50-50_01-52-00_label_A__7.npy,A
A.Beautiful.Mind.2001__#01-50-50_01-52-00_label_A__8.npy,A
A.Beautiful.Mind.2001__#01-50-50_01-52-00_label_A__9.npy,A
v=nEEtBVPiI44__#1_label_A__0.npy,A
v=nEEtBVPiI44__#1_label_A__1.npy,A
v=nEEtBVPiI44__#1_label_A__2.npy,A
v=nEEtBVPiI44__#1_label_A__3.npy,A
v=nEEtBVPiI44__#1_label_A__4.npy,A
v=nEEtBVPiI44__#1_label_A__5.npy,A
v=nEEtBVPiI44__#1_label_A__6.npy,A
v=nEEtBVPiI44__#1_label_A__7.npy,A
v=nEEtBVPiI44__#1_label_A__8.npy,A
v=nEEtBVPiI44__#1_label_A__9.npy,A
Flipped.2010__#00-16-18_00-18-09_label_A__0.npy,A
Flipped.2010__#00-16-18_00-18-09_label_A__1.npy,A
Flipped.2010__#00-16-18_00-18-09_label_A__2.npy,A
Flipped.2010__#00-16-18_00-18-09_label_A__3.npy,A
Flipped.2010__#00-16-18_00-18-09_label_A__4.npy,A
Flipped.2010__#00-16-18_00-18-09_label_A__5.npy,A
Flipped.2010__#00-16-18_00-18-09_label_A__6.npy,A
Flipped.2010__#00-16-18_00-18-09_label_A__7.npy,A
Flipped.2010__#00-16-18_00-18-09_label_A__8.npy,A
Flipped.2010__#00-16-18_00-18-09_label_A__9.npy,A
Before.Sunset.2004__#00-04-20_00-05-35_label_A__0.npy,A
Before.Sunset.2004__#00-04-20_00-05-35_label_A__1.npy,A
Before.Sunset.2004__#00-04-20_00-05-35_label_A__2.npy,A
Before.Sunset.2004__#00-04-20_00-05-35_label_A__3.npy,A
Before.Sunset.2004__#00-04-20_00-05-35_label_A__4.npy,A
Before.Sunset.2004__#00-04-20_00-05-35_label_A__5.npy,A
Before.Sunset.2004__#00-04-20_00-05-35_label_A__6.npy,A
Before.Sunset.2004__#00-04-20_00-05-35_label_A__7.npy,A
Before.Sunset.2004__#00-04-20_00-05-35_label_A__8.npy,A
Before.Sunset.2004__#00-04-20_00-05-35_label_A__9.npy,A
v=_1M_fvRJq18__#1_label_A__0.npy,A
v=_1M_fvRJq18__#1_label_A__1.npy,A
v=_1M_fvRJq18__#1_label_A__2.npy,A
v=_1M_fvRJq18__#1_label_A__3.npy,A
v=_1M_fvRJq18__#1_label_A__4.npy,A
v=_1M_fvRJq18__#1_label_A__5.npy,A
v=_1M_fvRJq18__#1_label_A__6.npy,A
v=_1M_fvRJq18__#1_label_A__7.npy,A
v=_1M_fvRJq18__#1_label_A__8.npy,A
v=_1M_fvRJq18__#1_label_A__9.npy,A
Still.Walking.2008__#00-23-50_00-24-31_label_A__0.npy,A
Still.Walking.2008__#00-23-50_00-24-31_label_A__1.npy,A
Still.Walking.2008__#00-23-50_00-24-31_label_A__2.npy,A
Still.Walking.2008__#00-23-50_00-24-31_label_A__3.npy,A
Still.Walking.2008__#00-23-50_00-24-31_label_A__4.npy,A
Still.Walking.2008__#00-23-50_00-24-31_label_A__5.npy,A
Still.Walking.2008__#00-23-50_00-24-31_label_A__6.npy,A
Still.Walking.2008__#00-23-50_00-24-31_label_A__7.npy,A
Still.Walking.2008__#00-23-50_00-24-31_label_A__8.npy,A
Still.Walking.2008__#00-23-50_00-24-31_label_A__9.npy,A
The.Bourne.Identity.2002__#01-50-33_01-51-48_label_A__0.npy,A
The.Bourne.Identity.2002__#01-50-33_01-51-48_label_A__1.npy,A
The.Bourne.Identity.2002__#01-50-33_01-51-48_label_A__2.npy,A
The.Bourne.Identity.2002__#01-50-33_01-51-48_label_A__3.npy,A
The.Bourne.Identity.2002__#01-50-33_01-51-48_label_A__4.npy,A
The.Bourne.Identity.2002__#01-50-33_01-51-48_label_A__5.npy,A
The.Bourne.Identity.2002__#01-50-33_01-51-48_label_A__6.npy,A
The.Bourne.Identity.2002__#01-50-33_01-51-48_label_A__7.npy,A
The.Bourne.Identity.2002__#01-50-33_01-51-48_label_A__8.npy,A
The.Bourne.Identity.2002__#01-50-33_01-51-48_label_A__9.npy,A
v=gGlqujwrhbI__#00-18-00_00-19-18_label_A__0.npy,A
v=gGlqujwrhbI__#00-18-00_00-19-18_label_A__1.npy,A
v=gGlqujwrhbI__#00-18-00_00-19-18_label_A__2.npy,A
v=gGlqujwrhbI__#00-18-00_00-19-18_label_A__3.npy,A
v=gGlqujwrhbI__#00-18-00_00-19-18_label_A__4.npy,A
v=gGlqujwrhbI__#00-18-00_00-19-18_label_A__5.npy,A
v=gGlqujwrhbI__#00-18-00_00-19-18_label_A__6.npy,A
v=gGlqujwrhbI__#00-18-00_00-19-18_label_A__7.npy,A
v=gGlqujwrhbI__#00-18-00_00-19-18_label_A__8.npy,A
v=gGlqujwrhbI__#00-18-00_00-19-18_label_A__9.npy,A
v=x-Cgkgj5KR0__#00-03-00_00-06-00_label_A__0.npy,A
v=x-Cgkgj5KR0__#00-03-00_00-06-00_label_A__1.npy,A
v=x-Cgkgj5KR0__#00-03-00_00-06-00_label_A__2.npy,A
v=x-Cgkgj5KR0__#00-03-00_00-06-00_label_A__3.npy,A
v=x-Cgkgj5KR0__#00-03-00_00-06-00_label_A__4.npy,A
v=x-Cgkgj5KR0__#00-03-00_00-06-00_label_A__5.npy,A
v=x-Cgkgj5KR0__#00-03-00_00-06-00_label_A__6.npy,A
v=x-Cgkgj5KR0__#00-03-00_00-06-00_label_A__7.npy,A
v=x-Cgkgj5KR0__#00-03-00_00-06-00_label_A__8.npy,A
v=x-Cgkgj5KR0__#00-03-00_00-06-00_label_A__9.npy,A
Shoplifters.2018__#01-26-10_01-28-00_label_A__0.npy,A
Shoplifters.2018__#01-26-10_01-28-00_label_A__1.npy,A
Shoplifters.2018__#01-26-10_01-28-00_label_A__2.npy,A
Shoplifters.2018__#01-26-10_01-28-00_label_A__3.npy,A
Shoplifters.2018__#01-26-10_01-28-00_label_A__4.npy,A
Shoplifters.2018__#01-26-10_01-28-00_label_A__5.npy,A
Shoplifters.2018__#01-26-10_01-28-00_label_A__6.npy,A
Shoplifters.2018__#01-26-10_01-28-00_label_A__7.npy,A
Shoplifters.2018__#01-26-10_01-28-00_label_A__8.npy,A
Shoplifters.2018__#01-26-10_01-28-00_label_A__9.npy,A
About.Time.2013__#01-02-18_01-03-10_label_A__0.npy,A
About.Time.2013__#01-02-18_01-03-10_label_A__1.npy,A
About.Time.2013__#01-02-18_01-03-10_label_A__2.npy,A
About.Time.2013__#01-02-18_01-03-10_label_A__3.npy,A
About.Time.2013__#01-02-18_01-03-10_label_A__4.npy,A
About.Time.2013__#01-02-18_01-03-10_label_A__5.npy,A
About.Time.2013__#01-02-18_01-03-10_label_A__6.npy,A
About.Time.2013__#01-02-18_01-03-10_label_A__7.npy,A
About.Time.2013__#01-02-18_01-03-10_label_A__8.npy,A
About.Time.2013__#01-02-18_01-03-10_label_A__9.npy,A
v=bQCYElYTDYI__#1_label_A__0.npy,A
v=bQCYElYTDYI__#1_label_A__1.npy,A
v=bQCYElYTDYI__#1_label_A__2.npy,A
v=bQCYElYTDYI__#1_label_A__3.npy,A
v=bQCYElYTDYI__#1_label_A__4.npy,A
v=bQCYElYTDYI__#1_label_A__5.npy,A
v=bQCYElYTDYI__#1_label_A__6.npy,A
v=bQCYElYTDYI__#1_label_A__7.npy,A
v=bQCYElYTDYI__#1_label_A__8.npy,A
v=bQCYElYTDYI__#1_label_A__9.npy,A
Casino.Royale.2006__#00-23-03_00-25-33_label_A__0.npy,A
Casino.Royale.2006__#00-23-03_00-25-33_label_A__1.npy,A
Casino.Royale.2006__#00-23-03_00-25-33_label_A__2.npy,A
Casino.Royale.2006__#00-23-03_00-25-33_label_A__3.npy,A
Casino.Royale.2006__#00-23-03_00-25-33_label_A__4.npy,A
Casino.Royale.2006__#00-23-03_00-25-33_label_A__5.npy,A
Casino.Royale.2006__#00-23-03_00-25-33_label_A__6.npy,A
Casino.Royale.2006__#00-23-03_00-25-33_label_A__7.npy,A
Casino.Royale.2006__#00-23-03_00-25-33_label_A__8.npy,A
Casino.Royale.2006__#00-23-03_00-25-33_label_A__9.npy,A
v=f_z1E23IN0w__#1_label_A__0.npy,A
v=f_z1E23IN0w__#1_label_A__1.npy,A
v=f_z1E23IN0w__#1_label_A__2.npy,A
v=f_z1E23IN0w__#1_label_A__3.npy,A
v=f_z1E23IN0w__#1_label_A__4.npy,A
v=f_z1E23IN0w__#1_label_A__5.npy,A
v=f_z1E23IN0w__#1_label_A__6.npy,A
v=f_z1E23IN0w__#1_label_A__7.npy,A
v=f_z1E23IN0w__#1_label_A__8.npy,A
v=f_z1E23IN0w__#1_label_A__9.npy,A
Before.Sunset.2004__#00-55-26_00-57-16_label_A__0.npy,A
Before.Sunset.2004__#00-55-26_00-57-16_label_A__1.npy,A
Before.Sunset.2004__#00-55-26_00-57-16_label_A__2.npy,A
Before.Sunset.2004__#00-55-26_00-57-16_label_A__3.npy,A
Before.Sunset.2004__#00-55-26_00-57-16_label_A__4.npy,A
Before.Sunset.2004__#00-55-26_00-57-16_label_A__5.npy,A
Before.Sunset.2004__#00-55-26_00-57-16_label_A__6.npy,A
Before.Sunset.2004__#00-55-26_00-57-16_label_A__7.npy,A
Before.Sunset.2004__#00-55-26_00-57-16_label_A__8.npy,A
Before.Sunset.2004__#00-55-26_00-57-16_label_A__9.npy,A
Love.Me.If.You.Dare.2003__#00-07-45_00-10-48_label_A__0.npy,A
Love.Me.If.You.Dare.2003__#00-07-45_00-10-48_label_A__1.npy,A
Love.Me.If.You.Dare.2003__#00-07-45_00-10-48_label_A__2.npy,A
Love.Me.If.You.Dare.2003__#00-07-45_00-10-48_label_A__3.npy,A
Love.Me.If.You.Dare.2003__#00-07-45_00-10-48_label_A__4.npy,A
Love.Me.If.You.Dare.2003__#00-07-45_00-10-48_label_A__5.npy,A
Love.Me.If.You.Dare.2003__#00-07-45_00-10-48_label_A__6.npy,A
Love.Me.If.You.Dare.2003__#00-07-45_00-10-48_label_A__7.npy,A
Love.Me.If.You.Dare.2003__#00-07-45_00-10-48_label_A__8.npy,A
Love.Me.If.You.Dare.2003__#00-07-45_00-10-48_label_A__9.npy,A
Young.And.Dangerous.I.1996__#0-39-30_0-41-40_label_A__0.npy,A
Young.And.Dangerous.I.1996__#0-39-30_0-41-40_label_A__1.npy,A
Young.And.Dangerous.I.1996__#0-39-30_0-41-40_label_A__2.npy,A
Young.And.Dangerous.I.1996__#0-39-30_0-41-40_label_A__3.npy,A
Young.And.Dangerous.I.1996__#0-39-30_0-41-40_label_A__4.npy,A
Young.And.Dangerous.I.1996__#0-39-30_0-41-40_label_A__5.npy,A
Young.And.Dangerous.I.1996__#0-39-30_0-41-40_label_A__6.npy,A
Young.And.Dangerous.I.1996__#0-39-30_0-41-40_label_A__7.npy,A
Young.And.Dangerous.I.1996__#0-39-30_0-41-40_label_A__8.npy,A
Young.And.Dangerous.I.1996__#0-39-30_0-41-40_label_A__9.npy,A
v=3FXUw98rrUY__#1_label_A__0.npy,A
v=3FXUw98rrUY__#1_label_A__1.npy,A
v=3FXUw98rrUY__#1_label_A__2.npy,A
v=3FXUw98rrUY__#1_label_A__3.npy,A
v=3FXUw98rrUY__#1_label_A__4.npy,A
v=3FXUw98rrUY__#1_label_A__5.npy,A
v=3FXUw98rrUY__#1_label_A__6.npy,A
v=3FXUw98rrUY__#1_label_A__7.npy,A
v=3FXUw98rrUY__#1_label_A__8.npy,A
v=3FXUw98rrUY__#1_label_A__9.npy,A
v=enYITYwvPAQ__#00-09-00_00-12-00_label_A__0.npy,A
v=enYITYwvPAQ__#00-09-00_00-12-00_label_A__1.npy,A
v=enYITYwvPAQ__#00-09-00_00-12-00_label_A__2.npy,A
v=enYITYwvPAQ__#00-09-00_00-12-00_label_A__3.npy,A
v=enYITYwvPAQ__#00-09-00_00-12-00_label_A__4.npy,A
v=enYITYwvPAQ__#00-09-00_00-12-00_label_A__5.npy,A
v=enYITYwvPAQ__#00-09-00_00-12-00_label_A__6.npy,A
v=enYITYwvPAQ__#00-09-00_00-12-00_label_A__7.npy,A
v=enYITYwvPAQ__#00-09-00_00-12-00_label_A__8.npy,A
v=enYITYwvPAQ__#00-09-00_00-12-00_label_A__9.npy,A
The.Attorney.2013__#00-16-18_00-17-27_label_A__0.npy,A
The.Attorney.2013__#00-16-18_00-17-27_label_A__1.npy,A
The.Attorney.2013__#00-16-18_00-17-27_label_A__2.npy,A
The.Attorney.2013__#00-16-18_00-17-27_label_A__3.npy,A
The.Attorney.2013__#00-16-18_00-17-27_label_A__4.npy,A
The.Attorney.2013__#00-16-18_00-17-27_label_A__5.npy,A
The.Attorney.2013__#00-16-18_00-17-27_label_A__6.npy,A
The.Attorney.2013__#00-16-18_00-17-27_label_A__7.npy,A
The.Attorney.2013__#00-16-18_00-17-27_label_A__8.npy,A
The.Attorney.2013__#00-16-18_00-17-27_label_A__9.npy,A
Shoplifters.2018__#00-38-52_00-40-31_label_A__0.npy,A
Shoplifters.2018__#00-38-52_00-40-31_label_A__1.npy,A
Shoplifters.2018__#00-38-52_00-40-31_label_A__2.npy,A
Shoplifters.2018__#00-38-52_00-40-31_label_A__3.npy,A
Shoplifters.2018__#00-38-52_00-40-31_label_A__4.npy,A
Shoplifters.2018__#00-38-52_00-40-31_label_A__5.npy,A
Shoplifters.2018__#00-38-52_00-40-31_label_A__6.npy,A
Shoplifters.2018__#00-38-52_00-40-31_label_A__7.npy,A
Shoplifters.2018__#00-38-52_00-40-31_label_A__8.npy,A
Shoplifters.2018__#00-38-52_00-40-31_label_A__9.npy,A
v=20BgiYmYaW8__#1_label_A__0.npy,A
v=20BgiYmYaW8__#1_label_A__1.npy,A
v=20BgiYmYaW8__#1_label_A__2.npy,A
v=20BgiYmYaW8__#1_label_A__3.npy,A
v=20BgiYmYaW8__#1_label_A__4.npy,A
v=20BgiYmYaW8__#1_label_A__5.npy,A
v=20BgiYmYaW8__#1_label_A__6.npy,A
v=20BgiYmYaW8__#1_label_A__7.npy,A
v=20BgiYmYaW8__#1_label_A__8.npy,A
v=20BgiYmYaW8__#1_label_A__9.npy,A
v=o4nYn7t1zns__#1_label_A__0.npy,A
v=o4nYn7t1zns__#1_label_A__1.npy,A
v=o4nYn7t1zns__#1_label_A__2.npy,A
v=o4nYn7t1zns__#1_label_A__3.npy,A
v=o4nYn7t1zns__#1_label_A__4.npy,A
v=o4nYn7t1zns__#1_label_A__5.npy,A
v=o4nYn7t1zns__#1_label_A__6.npy,A
v=o4nYn7t1zns__#1_label_A__7.npy,A
v=o4nYn7t1zns__#1_label_A__8.npy,A
v=o4nYn7t1zns__#1_label_A__9.npy,A
Salt.2010__#01-10-30_01-12-00_label_A__0.npy,A
Salt.2010__#01-10-30_01-12-00_label_A__1.npy,A
Salt.2010__#01-10-30_01-12-00_label_A__2.npy,A
Salt.2010__#01-10-30_01-12-00_label_A__3.npy,A
Salt.2010__#01-10-30_01-12-00_label_A__4.npy,A
Salt.2010__#01-10-30_01-12-00_label_A__5.npy,A
Salt.2010__#01-10-30_01-12-00_label_A__6.npy,A
Salt.2010__#01-10-30_01-12-00_label_A__7.npy,A
Salt.2010__#01-10-30_01-12-00_label_A__8.npy,A
Salt.2010__#01-10-30_01-12-00_label_A__9.npy,A
v=hqxvfkmQWko__#1_label_A__0.npy,A
v=hqxvfkmQWko__#1_label_A__1.npy,A
v=hqxvfkmQWko__#1_label_A__2.npy,A
v=hqxvfkmQWko__#1_label_A__3.npy,A
v=hqxvfkmQWko__#1_label_A__4.npy,A
v=hqxvfkmQWko__#1_label_A__5.npy,A
v=hqxvfkmQWko__#1_label_A__6.npy,A
v=hqxvfkmQWko__#1_label_A__7.npy,A
v=hqxvfkmQWko__#1_label_A__8.npy,A
v=hqxvfkmQWko__#1_label_A__9.npy,A
v=Ha-Zx9ft2XI__#1_label_A__0.npy,A
v=Ha-Zx9ft2XI__#1_label_A__1.npy,A
v=Ha-Zx9ft2XI__#1_label_A__2.npy,A
v=Ha-Zx9ft2XI__#1_label_A__3.npy,A
v=Ha-Zx9ft2XI__#1_label_A__4.npy,A
v=Ha-Zx9ft2XI__#1_label_A__5.npy,A
v=Ha-Zx9ft2XI__#1_label_A__6.npy,A
v=Ha-Zx9ft2XI__#1_label_A__7.npy,A
v=Ha-Zx9ft2XI__#1_label_A__8.npy,A
v=Ha-Zx9ft2XI__#1_label_A__9.npy,A
v=cDPC4-jJe2g__#1_label_A__0.npy,A
v=cDPC4-jJe2g__#1_label_A__1.npy,A
v=cDPC4-jJe2g__#1_label_A__2.npy,A
v=cDPC4-jJe2g__#1_label_A__3.npy,A
v=cDPC4-jJe2g__#1_label_A__4.npy,A
v=cDPC4-jJe2g__#1_label_A__5.npy,A
v=cDPC4-jJe2g__#1_label_A__6.npy,A
v=cDPC4-jJe2g__#1_label_A__7.npy,A
v=cDPC4-jJe2g__#1_label_A__8.npy,A
v=cDPC4-jJe2g__#1_label_A__9.npy,A
v=FOVMrynP_og__#1_label_A__0.npy,A
v=FOVMrynP_og__#1_label_A__1.npy,A
v=FOVMrynP_og__#1_label_A__2.npy,A
v=FOVMrynP_og__#1_label_A__3.npy,A
v=FOVMrynP_og__#1_label_A__4.npy,A
v=FOVMrynP_og__#1_label_A__5.npy,A
v=FOVMrynP_og__#1_label_A__6.npy,A
v=FOVMrynP_og__#1_label_A__7.npy,A
v=FOVMrynP_og__#1_label_A__8.npy,A
v=FOVMrynP_og__#1_label_A__9.npy,A
v=6braXHvzJVc__#1_label_A__0.npy,A
v=6braXHvzJVc__#1_label_A__1.npy,A
v=6braXHvzJVc__#1_label_A__2.npy,A
v=6braXHvzJVc__#1_label_A__3.npy,A
v=6braXHvzJVc__#1_label_A__4.npy,A
v=6braXHvzJVc__#1_label_A__5.npy,A
v=6braXHvzJVc__#1_label_A__6.npy,A
v=6braXHvzJVc__#1_label_A__7.npy,A
v=6braXHvzJVc__#1_label_A__8.npy,A
v=6braXHvzJVc__#1_label_A__9.npy,A
v=vFPQ_NiDBIU__#03-00-00_03-06-00_label_A__0.npy,A
v=vFPQ_NiDBIU__#03-00-00_03-06-00_label_A__1.npy,A
v=vFPQ_NiDBIU__#03-00-00_03-06-00_label_A__2.npy,A
v=vFPQ_NiDBIU__#03-00-00_03-06-00_label_A__3.npy,A
v=vFPQ_NiDBIU__#03-00-00_03-06-00_label_A__4.npy,A
v=vFPQ_NiDBIU__#03-00-00_03-06-00_label_A__5.npy,A
v=vFPQ_NiDBIU__#03-00-00_03-06-00_label_A__6.npy,A
v=vFPQ_NiDBIU__#03-00-00_03-06-00_label_A__7.npy,A
v=vFPQ_NiDBIU__#03-00-00_03-06-00_label_A__8.npy,A
v=vFPQ_NiDBIU__#03-00-00_03-06-00_label_A__9.npy,A
Quantum.Of.Solace.2008__#00-15-09_00-17-47_label_A__0.npy,A
Quantum.Of.Solace.2008__#00-15-09_00-17-47_label_A__1.npy,A
Quantum.Of.Solace.2008__#00-15-09_00-17-47_label_A__2.npy,A
Quantum.Of.Solace.2008__#00-15-09_00-17-47_label_A__3.npy,A
Quantum.Of.Solace.2008__#00-15-09_00-17-47_label_A__4.npy,A
Quantum.Of.Solace.2008__#00-15-09_00-17-47_label_A__5.npy,A
Quantum.Of.Solace.2008__#00-15-09_00-17-47_label_A__6.npy,A
Quantum.Of.Solace.2008__#00-15-09_00-17-47_label_A__7.npy,A
Quantum.Of.Solace.2008__#00-15-09_00-17-47_label_A__8.npy,A
Quantum.Of.Solace.2008__#00-15-09_00-17-47_label_A__9.npy,A
v=7Ckf5ZG2H3k__#1_label_A__0.npy,A
v=7Ckf5ZG2H3k__#1_label_A__1.npy,A
v=7Ckf5ZG2H3k__#1_label_A__2.npy,A
v=7Ckf5ZG2H3k__#1_label_A__3.npy,A
v=7Ckf5ZG2H3k__#1_label_A__4.npy,A
v=7Ckf5ZG2H3k__#1_label_A__5.npy,A
v=7Ckf5ZG2H3k__#1_label_A__6.npy,A
v=7Ckf5ZG2H3k__#1_label_A__7.npy,A
v=7Ckf5ZG2H3k__#1_label_A__8.npy,A
v=7Ckf5ZG2H3k__#1_label_A__9.npy,A
v=AGnQnUsP0m4__#1_label_A__0.npy,A
v=AGnQnUsP0m4__#1_label_A__1.npy,A
v=AGnQnUsP0m4__#1_label_A__2.npy,A
v=AGnQnUsP0m4__#1_label_A__3.npy,A
v=AGnQnUsP0m4__#1_label_A__4.npy,A
v=AGnQnUsP0m4__#1_label_A__5.npy,A
v=AGnQnUsP0m4__#1_label_A__6.npy,A
v=AGnQnUsP0m4__#1_label_A__7.npy,A
v=AGnQnUsP0m4__#1_label_A__8.npy,A
v=AGnQnUsP0m4__#1_label_A__9.npy,A
Fury.2014__#02-04-03_02-05-57_label_A__0.npy,A
Fury.2014__#02-04-03_02-05-57_label_A__1.npy,A
Fury.2014__#02-04-03_02-05-57_label_A__2.npy,A
Fury.2014__#02-04-03_02-05-57_label_A__3.npy,A
Fury.2014__#02-04-03_02-05-57_label_A__4.npy,A
Fury.2014__#02-04-03_02-05-57_label_A__5.npy,A
Fury.2014__#02-04-03_02-05-57_label_A__6.npy,A
Fury.2014__#02-04-03_02-05-57_label_A__7.npy,A
Fury.2014__#02-04-03_02-05-57_label_A__8.npy,A
Fury.2014__#02-04-03_02-05-57_label_A__9.npy,A
Love.Actually.2003__#00-20-35_00-21-06_label_A__0.npy,A
Love.Actually.2003__#00-20-35_00-21-06_label_A__1.npy,A
Love.Actually.2003__#00-20-35_00-21-06_label_A__2.npy,A
Love.Actually.2003__#00-20-35_00-21-06_label_A__3.npy,A
Love.Actually.2003__#00-20-35_00-21-06_label_A__4.npy,A
Love.Actually.2003__#00-20-35_00-21-06_label_A__5.npy,A
Love.Actually.2003__#00-20-35_00-21-06_label_A__6.npy,A
Love.Actually.2003__#00-20-35_00-21-06_label_A__7.npy,A
Love.Actually.2003__#00-20-35_00-21-06_label_A__8.npy,A
Love.Actually.2003__#00-20-35_00-21-06_label_A__9.npy,A
v=0vVOXlgHC1U__#00-42-00_00-48-00_label_A__0.npy,A
v=0vVOXlgHC1U__#00-42-00_00-48-00_label_A__1.npy,A
v=0vVOXlgHC1U__#00-42-00_00-48-00_label_A__2.npy,A
v=0vVOXlgHC1U__#00-42-00_00-48-00_label_A__3.npy,A
v=0vVOXlgHC1U__#00-42-00_00-48-00_label_A__4.npy,A
v=0vVOXlgHC1U__#00-42-00_00-48-00_label_A__5.npy,A
v=0vVOXlgHC1U__#00-42-00_00-48-00_label_A__6.npy,A
v=0vVOXlgHC1U__#00-42-00_00-48-00_label_A__7.npy,A
v=0vVOXlgHC1U__#00-42-00_00-48-00_label_A__8.npy,A
v=0vVOXlgHC1U__#00-42-00_00-48-00_label_A__9.npy,A
One.Day.2011__#00-20-35_00-23-06_label_A__0.npy,A
One.Day.2011__#00-20-35_00-23-06_label_A__1.npy,A
One.Day.2011__#00-20-35_00-23-06_label_A__2.npy,A
One.Day.2011__#00-20-35_00-23-06_label_A__3.npy,A
One.Day.2011__#00-20-35_00-23-06_label_A__4.npy,A
One.Day.2011__#00-20-35_00-23-06_label_A__5.npy,A
One.Day.2011__#00-20-35_00-23-06_label_A__6.npy,A
One.Day.2011__#00-20-35_00-23-06_label_A__7.npy,A
One.Day.2011__#00-20-35_00-23-06_label_A__8.npy,A
One.Day.2011__#00-20-35_00-23-06_label_A__9.npy,A
v=SdYFFo_tsfk__#00-36-00_00-42-00_label_A__0.npy,A
v=SdYFFo_tsfk__#00-36-00_00-42-00_label_A__1.npy,A
v=SdYFFo_tsfk__#00-36-00_00-42-00_label_A__2.npy,A
v=SdYFFo_tsfk__#00-36-00_00-42-00_label_A__3.npy,A
v=SdYFFo_tsfk__#00-36-00_00-42-00_label_A__4.npy,A
v=SdYFFo_tsfk__#00-36-00_00-42-00_label_A__5.npy,A
v=SdYFFo_tsfk__#00-36-00_00-42-00_label_A__6.npy,A
v=SdYFFo_tsfk__#00-36-00_00-42-00_label_A__7.npy,A
v=SdYFFo_tsfk__#00-36-00_00-42-00_label_A__8.npy,A
v=SdYFFo_tsfk__#00-36-00_00-42-00_label_A__9.npy,A
Tropa.de.Elite.2.2010__#00-49-00_00-50-20_label_A__0.npy,A
Tropa.de.Elite.2.2010__#00-49-00_00-50-20_label_A__1.npy,A
Tropa.de.Elite.2.2010__#00-49-00_00-50-20_label_A__2.npy,A
Tropa.de.Elite.2.2010__#00-49-00_00-50-20_label_A__3.npy,A
Tropa.de.Elite.2.2010__#00-49-00_00-50-20_label_A__4.npy,A
Tropa.de.Elite.2.2010__#00-49-00_00-50-20_label_A__5.npy,A
Tropa.de.Elite.2.2010__#00-49-00_00-50-20_label_A__6.npy,A
Tropa.de.Elite.2.2010__#00-49-00_00-50-20_label_A__7.npy,A
Tropa.de.Elite.2.2010__#00-49-00_00-50-20_label_A__8.npy,A
Tropa.de.Elite.2.2010__#00-49-00_00-50-20_label_A__9.npy,A
v=H9Y5_X1sEEA__#00-33-00_00-36-00_label_A__0.npy,A
v=H9Y5_X1sEEA__#00-33-00_00-36-00_label_A__1.npy,A
v=H9Y5_X1sEEA__#00-33-00_00-36-00_label_A__2.npy,A
v=H9Y5_X1sEEA__#00-33-00_00-36-00_label_A__3.npy,A
v=H9Y5_X1sEEA__#00-33-00_00-36-00_label_A__4.npy,A
v=H9Y5_X1sEEA__#00-33-00_00-36-00_label_A__5.npy,A
v=H9Y5_X1sEEA__#00-33-00_00-36-00_label_A__6.npy,A
v=H9Y5_X1sEEA__#00-33-00_00-36-00_label_A__7.npy,A
v=H9Y5_X1sEEA__#00-33-00_00-36-00_label_A__8.npy,A
v=H9Y5_X1sEEA__#00-33-00_00-36-00_label_A__9.npy,A
Rush.Hour.3.2007.BluRay__#00-09-30_00-12-00_label_A__0.npy,A
Rush.Hour.3.2007.BluRay__#00-09-30_00-12-00_label_A__1.npy,A
Rush.Hour.3.2007.BluRay__#00-09-30_00-12-00_label_A__2.npy,A
Rush.Hour.3.2007.BluRay__#00-09-30_00-12-00_label_A__3.npy,A
Rush.Hour.3.2007.BluRay__#00-09-30_00-12-00_label_A__4.npy,A
Rush.Hour.3.2007.BluRay__#00-09-30_00-12-00_label_A__5.npy,A
Rush.Hour.3.2007.BluRay__#00-09-30_00-12-00_label_A__6.npy,A
Rush.Hour.3.2007.BluRay__#00-09-30_00-12-00_label_A__7.npy,A
Rush.Hour.3.2007.BluRay__#00-09-30_00-12-00_label_A__8.npy,A
Rush.Hour.3.2007.BluRay__#00-09-30_00-12-00_label_A__9.npy,A
The.Fast.and.the.Furious.2001__#00-31-21_00-33-14_label_A__0.npy,A
The.Fast.and.the.Furious.2001__#00-31-21_00-33-14_label_A__1.npy,A
The.Fast.and.the.Furious.2001__#00-31-21_00-33-14_label_A__2.npy,A
The.Fast.and.the.Furious.2001__#00-31-21_00-33-14_label_A__3.npy,A
The.Fast.and.the.Furious.2001__#00-31-21_00-33-14_label_A__4.npy,A
The.Fast.and.the.Furious.2001__#00-31-21_00-33-14_label_A__5.npy,A
The.Fast.and.the.Furious.2001__#00-31-21_00-33-14_label_A__6.npy,A
The.Fast.and.the.Furious.2001__#00-31-21_00-33-14_label_A__7.npy,A
The.Fast.and.the.Furious.2001__#00-31-21_00-33-14_label_A__8.npy,A
The.Fast.and.the.Furious.2001__#00-31-21_00-33-14_label_A__9.npy,A
v=vFPQ_NiDBIU__#01-24-00_01-30-00_label_A__0.npy,A
v=vFPQ_NiDBIU__#01-24-00_01-30-00_label_A__1.npy,A
v=vFPQ_NiDBIU__#01-24-00_01-30-00_label_A__2.npy,A
v=vFPQ_NiDBIU__#01-24-00_01-30-00_label_A__3.npy,A
v=vFPQ_NiDBIU__#01-24-00_01-30-00_label_A__4.npy,A
v=vFPQ_NiDBIU__#01-24-00_01-30-00_label_A__5.npy,A
v=vFPQ_NiDBIU__#01-24-00_01-30-00_label_A__6.npy,A
v=vFPQ_NiDBIU__#01-24-00_01-30-00_label_A__7.npy,A
v=vFPQ_NiDBIU__#01-24-00_01-30-00_label_A__8.npy,A
v=vFPQ_NiDBIU__#01-24-00_01-30-00_label_A__9.npy,A
v=uNrCG08man8__#1_label_A__0.npy,A
v=uNrCG08man8__#1_label_A__1.npy,A
v=uNrCG08man8__#1_label_A__2.npy,A
v=uNrCG08man8__#1_label_A__3.npy,A
v=uNrCG08man8__#1_label_A__4.npy,A
v=uNrCG08man8__#1_label_A__5.npy,A
v=uNrCG08man8__#1_label_A__6.npy,A
v=uNrCG08man8__#1_label_A__7.npy,A
v=uNrCG08man8__#1_label_A__8.npy,A
v=uNrCG08man8__#1_label_A__9.npy,A
The.Secret.Life.of.Walter.Mitty.2013__#00-16-18_00-17-27_label_A__0.npy,A
The.Secret.Life.of.Walter.Mitty.2013__#00-16-18_00-17-27_label_A__1.npy,A
The.Secret.Life.of.Walter.Mitty.2013__#00-16-18_00-17-27_label_A__2.npy,A
The.Secret.Life.of.Walter.Mitty.2013__#00-16-18_00-17-27_label_A__3.npy,A
The.Secret.Life.of.Walter.Mitty.2013__#00-16-18_00-17-27_label_A__4.npy,A
The.Secret.Life.of.Walter.Mitty.2013__#00-16-18_00-17-27_label_A__5.npy,A
The.Secret.Life.of.Walter.Mitty.2013__#00-16-18_00-17-27_label_A__6.npy,A
The.Secret.Life.of.Walter.Mitty.2013__#00-16-18_00-17-27_label_A__7.npy,A
The.Secret.Life.of.Walter.Mitty.2013__#00-16-18_00-17-27_label_A__8.npy,A
The.Secret.Life.of.Walter.Mitty.2013__#00-16-18_00-17-27_label_A__9.npy,A
Election.2005__#00-05-30_00-06-56_label_A__0.npy,A
Election.2005__#00-05-30_00-06-56_label_A__1.npy,A
Election.2005__#00-05-30_00-06-56_label_A__2.npy,A
Election.2005__#00-05-30_00-06-56_label_A__3.npy,A
Election.2005__#00-05-30_00-06-56_label_A__4.npy,A
Election.2005__#00-05-30_00-06-56_label_A__5.npy,A
Election.2005__#00-05-30_00-06-56_label_A__6.npy,A
Election.2005__#00-05-30_00-06-56_label_A__7.npy,A
Election.2005__#00-05-30_00-06-56_label_A__8.npy,A
Election.2005__#00-05-30_00-06-56_label_A__9.npy,A
v=gtNc8o45ZIo__#1_label_A__0.npy,A
v=gtNc8o45ZIo__#1_label_A__1.npy,A
v=gtNc8o45ZIo__#1_label_A__2.npy,A
v=gtNc8o45ZIo__#1_label_A__3.npy,A
v=gtNc8o45ZIo__#1_label_A__4.npy,A
v=gtNc8o45ZIo__#1_label_A__5.npy,A
v=gtNc8o45ZIo__#1_label_A__6.npy,A
v=gtNc8o45ZIo__#1_label_A__7.npy,A
v=gtNc8o45ZIo__#1_label_A__8.npy,A
v=gtNc8o45ZIo__#1_label_A__9.npy,A
Be.with.You.2018__#00-05-52_00-08-22_label_A__0.npy,A
Be.with.You.2018__#00-05-52_00-08-22_label_A__1.npy,A
Be.with.You.2018__#00-05-52_00-08-22_label_A__2.npy,A
Be.with.You.2018__#00-05-52_00-08-22_label_A__3.npy,A
Be.with.You.2018__#00-05-52_00-08-22_label_A__4.npy,A
Be.with.You.2018__#00-05-52_00-08-22_label_A__5.npy,A
Be.with.You.2018__#00-05-52_00-08-22_label_A__6.npy,A
Be.with.You.2018__#00-05-52_00-08-22_label_A__7.npy,A
Be.with.You.2018__#00-05-52_00-08-22_label_A__8.npy,A
Be.with.You.2018__#00-05-52_00-08-22_label_A__9.npy,A
Be.with.You.2018__#01-26-10_01-28-00_label_A__0.npy,A
Be.with.You.2018__#01-26-10_01-28-00_label_A__1.npy,A
Be.with.You.2018__#01-26-10_01-28-00_label_A__2.npy,A
Be.with.You.2018__#01-26-10_01-28-00_label_A__3.npy,A
Be.with.You.2018__#01-26-10_01-28-00_label_A__4.npy,A
Be.with.You.2018__#01-26-10_01-28-00_label_A__5.npy,A
Be.with.You.2018__#01-26-10_01-28-00_label_A__6.npy,A
Be.with.You.2018__#01-26-10_01-28-00_label_A__7.npy,A
Be.with.You.2018__#01-26-10_01-28-00_label_A__8.npy,A
Be.with.You.2018__#01-26-10_01-28-00_label_A__9.npy,A
NewAdd.xidianuniversity__#1_label_A__0.npy,A
NewAdd.xidianuniversity__#1_label_A__1.npy,A
NewAdd.xidianuniversity__#1_label_A__2.npy,A
NewAdd.xidianuniversity__#1_label_A__3.npy,A
NewAdd.xidianuniversity__#1_label_A__4.npy,A
NewAdd.xidianuniversity__#1_label_A__5.npy,A
NewAdd.xidianuniversity__#1_label_A__6.npy,A
NewAdd.xidianuniversity__#1_label_A__7.npy,A
NewAdd.xidianuniversity__#1_label_A__8.npy,A
NewAdd.xidianuniversity__#1_label_A__9.npy,A
Be.with.You.2018__#00-37-40_00-40-31_label_A__0.npy,A
Be.with.You.2018__#00-37-40_00-40-31_label_A__1.npy,A
Be.with.You.2018__#00-37-40_00-40-31_label_A__2.npy,A
Be.with.You.2018__#00-37-40_00-40-31_label_A__3.npy,A
Be.with.You.2018__#00-37-40_00-40-31_label_A__4.npy,A
Be.with.You.2018__#00-37-40_00-40-31_label_A__5.npy,A
Be.with.You.2018__#00-37-40_00-40-31_label_A__6.npy,A
Be.with.You.2018__#00-37-40_00-40-31_label_A__7.npy,A
Be.with.You.2018__#00-37-40_00-40-31_label_A__8.npy,A
Be.with.You.2018__#00-37-40_00-40-31_label_A__9.npy,A
The.Bourne.Supremacy.2004__#01-40-32_01-41-56_label_A__0.npy,A
The.Bourne.Supremacy.2004__#01-40-32_01-41-56_label_A__1.npy,A
The.Bourne.Supremacy.2004__#01-40-32_01-41-56_label_A__2.npy,A
The.Bourne.Supremacy.2004__#01-40-32_01-41-56_label_A__3.npy,A
The.Bourne.Supremacy.2004__#01-40-32_01-41-56_label_A__4.npy,A
The.Bourne.Supremacy.2004__#01-40-32_01-41-56_label_A__5.npy,A
The.Bourne.Supremacy.2004__#01-40-32_01-41-56_label_A__6.npy,A
The.Bourne.Supremacy.2004__#01-40-32_01-41-56_label_A__7.npy,A
The.Bourne.Supremacy.2004__#01-40-32_01-41-56_label_A__8.npy,A
The.Bourne.Supremacy.2004__#01-40-32_01-41-56_label_A__9.npy,A
One.Day.2011__#01-22-00_01-26-14_label_A__0.npy,A
One.Day.2011__#01-22-00_01-26-14_label_A__1.npy,A
One.Day.2011__#01-22-00_01-26-14_label_A__2.npy,A
One.Day.2011__#01-22-00_01-26-14_label_A__3.npy,A
One.Day.2011__#01-22-00_01-26-14_label_A__4.npy,A
One.Day.2011__#01-22-00_01-26-14_label_A__5.npy,A
One.Day.2011__#01-22-00_01-26-14_label_A__6.npy,A
One.Day.2011__#01-22-00_01-26-14_label_A__7.npy,A
One.Day.2011__#01-22-00_01-26-14_label_A__8.npy,A
One.Day.2011__#01-22-00_01-26-14_label_A__9.npy,A
v=jAvOGTD7_pU__#00-06-00_00-09-00_label_A__0.npy,A
v=jAvOGTD7_pU__#00-06-00_00-09-00_label_A__1.npy,A
v=jAvOGTD7_pU__#00-06-00_00-09-00_label_A__2.npy,A
v=jAvOGTD7_pU__#00-06-00_00-09-00_label_A__3.npy,A
v=jAvOGTD7_pU__#00-06-00_00-09-00_label_A__4.npy,A
v=jAvOGTD7_pU__#00-06-00_00-09-00_label_A__5.npy,A
v=jAvOGTD7_pU__#00-06-00_00-09-00_label_A__6.npy,A
v=jAvOGTD7_pU__#00-06-00_00-09-00_label_A__7.npy,A
v=jAvOGTD7_pU__#00-06-00_00-09-00_label_A__8.npy,A
v=jAvOGTD7_pU__#00-06-00_00-09-00_label_A__9.npy,A
v=0vVOXlgHC1U__#00-24-00_00-30-00_label_A__0.npy,A
v=0vVOXlgHC1U__#00-24-00_00-30-00_label_A__1.npy,A
v=0vVOXlgHC1U__#00-24-00_00-30-00_label_A__2.npy,A
v=0vVOXlgHC1U__#00-24-00_00-30-00_label_A__3.npy,A
v=0vVOXlgHC1U__#00-24-00_00-30-00_label_A__4.npy,A
v=0vVOXlgHC1U__#00-24-00_00-30-00_label_A__5.npy,A
v=0vVOXlgHC1U__#00-24-00_00-30-00_label_A__6.npy,A
v=0vVOXlgHC1U__#00-24-00_00-30-00_label_A__7.npy,A
v=0vVOXlgHC1U__#00-24-00_00-30-00_label_A__8.npy,A
v=0vVOXlgHC1U__#00-24-00_00-30-00_label_A__9.npy,A
v=d9tHiTMSv1g__#1_label_A__0.npy,A
v=d9tHiTMSv1g__#1_label_A__1.npy,A
v=d9tHiTMSv1g__#1_label_A__2.npy,A
v=d9tHiTMSv1g__#1_label_A__3.npy,A
v=d9tHiTMSv1g__#1_label_A__4.npy,A
v=d9tHiTMSv1g__#1_label_A__5.npy,A
v=d9tHiTMSv1g__#1_label_A__6.npy,A
v=d9tHiTMSv1g__#1_label_A__7.npy,A
v=d9tHiTMSv1g__#1_label_A__8.npy,A
v=d9tHiTMSv1g__#1_label_A__9.npy,A
Good.Will.Hunting.1997__#00-12-45_00-15-08_label_A__0.npy,A
Good.Will.Hunting.1997__#00-12-45_00-15-08_label_A__1.npy,A
Good.Will.Hunting.1997__#00-12-45_00-15-08_label_A__2.npy,A
Good.Will.Hunting.1997__#00-12-45_00-15-08_label_A__3.npy,A
Good.Will.Hunting.1997__#00-12-45_00-15-08_label_A__4.npy,A
Good.Will.Hunting.1997__#00-12-45_00-15-08_label_A__5.npy,A
Good.Will.Hunting.1997__#00-12-45_00-15-08_label_A__6.npy,A
Good.Will.Hunting.1997__#00-12-45_00-15-08_label_A__7.npy,A
Good.Will.Hunting.1997__#00-12-45_00-15-08_label_A__8.npy,A
Good.Will.Hunting.1997__#00-12-45_00-15-08_label_A__9.npy,A
Braveheart.1995__#00-54-00_00-56-20_label_A__0.npy,A
Braveheart.1995__#00-54-00_00-56-20_label_A__1.npy,A
Braveheart.1995__#00-54-00_00-56-20_label_A__2.npy,A
Braveheart.1995__#00-54-00_00-56-20_label_A__3.npy,A
Braveheart.1995__#00-54-00_00-56-20_label_A__4.npy,A
Braveheart.1995__#00-54-00_00-56-20_label_A__5.npy,A
Braveheart.1995__#00-54-00_00-56-20_label_A__6.npy,A
Braveheart.1995__#00-54-00_00-56-20_label_A__7.npy,A
Braveheart.1995__#00-54-00_00-56-20_label_A__8.npy,A
Braveheart.1995__#00-54-00_00-56-20_label_A__9.npy,A
The.Intouchables.2011__#01-17-00_01-19-40_label_A__0.npy,A
The.Intouchables.2011__#01-17-00_01-19-40_label_A__1.npy,A
The.Intouchables.2011__#01-17-00_01-19-40_label_A__2.npy,A
The.Intouchables.2011__#01-17-00_01-19-40_label_A__3.npy,A
The.Intouchables.2011__#01-17-00_01-19-40_label_A__4.npy,A
The.Intouchables.2011__#01-17-00_01-19-40_label_A__5.npy,A
The.Intouchables.2011__#01-17-00_01-19-40_label_A__6.npy,A
The.Intouchables.2011__#01-17-00_01-19-40_label_A__7.npy,A
The.Intouchables.2011__#01-17-00_01-19-40_label_A__8.npy,A
The.Intouchables.2011__#01-17-00_01-19-40_label_A__9.npy,A
Tropa.de.Elite.2.2010__#00-20-05_00-23-30_label_A__0.npy,A
Tropa.de.Elite.2.2010__#00-20-05_00-23-30_label_A__1.npy,A
Tropa.de.Elite.2.2010__#00-20-05_00-23-30_label_A__2.npy,A
Tropa.de.Elite.2.2010__#00-20-05_00-23-30_label_A__3.npy,A
Tropa.de.Elite.2.2010__#00-20-05_00-23-30_label_A__4.npy,A
Tropa.de.Elite.2.2010__#00-20-05_00-23-30_label_A__5.npy,A
Tropa.de.Elite.2.2010__#00-20-05_00-23-30_label_A__6.npy,A
Tropa.de.Elite.2.2010__#00-20-05_00-23-30_label_A__7.npy,A
Tropa.de.Elite.2.2010__#00-20-05_00-23-30_label_A__8.npy,A
Tropa.de.Elite.2.2010__#00-20-05_00-23-30_label_A__9.npy,A
Election.2005__#01-19-48_01-21-18_label_A__0.npy,A
Election.2005__#01-19-48_01-21-18_label_A__1.npy,A
Election.2005__#01-19-48_01-21-18_label_A__2.npy,A
Election.2005__#01-19-48_01-21-18_label_A__3.npy,A
Election.2005__#01-19-48_01-21-18_label_A__4.npy,A
Election.2005__#01-19-48_01-21-18_label_A__5.npy,A
Election.2005__#01-19-48_01-21-18_label_A__6.npy,A
Election.2005__#01-19-48_01-21-18_label_A__7.npy,A
Election.2005__#01-19-48_01-21-18_label_A__8.npy,A
Election.2005__#01-19-48_01-21-18_label_A__9.npy,A
v=CguBewD2LSQ__#1_label_A__0.npy,A
v=CguBewD2LSQ__#1_label_A__1.npy,A
v=CguBewD2LSQ__#1_label_A__2.npy,A
v=CguBewD2LSQ__#1_label_A__3.npy,A
v=CguBewD2LSQ__#1_label_A__4.npy,A
v=CguBewD2LSQ__#1_label_A__5.npy,A
v=CguBewD2LSQ__#1_label_A__6.npy,A
v=CguBewD2LSQ__#1_label_A__7.npy,A
v=CguBewD2LSQ__#1_label_A__8.npy,A
v=CguBewD2LSQ__#1_label_A__9.npy,A
v=3I8enjGYp-s__#1_label_A__0.npy,A
v=3I8enjGYp-s__#1_label_A__1.npy,A
v=3I8enjGYp-s__#1_label_A__2.npy,A
v=3I8enjGYp-s__#1_label_A__3.npy,A
v=3I8enjGYp-s__#1_label_A__4.npy,A
v=3I8enjGYp-s__#1_label_A__5.npy,A
v=3I8enjGYp-s__#1_label_A__6.npy,A
v=3I8enjGYp-s__#1_label_A__7.npy,A
v=3I8enjGYp-s__#1_label_A__8.npy,A
v=3I8enjGYp-s__#1_label_A__9.npy,A
v=dyZhs9pnL4M__#1_label_A__0.npy,A
v=dyZhs9pnL4M__#1_label_A__1.npy,A
v=dyZhs9pnL4M__#1_label_A__2.npy,A
v=dyZhs9pnL4M__#1_label_A__3.npy,A
v=dyZhs9pnL4M__#1_label_A__4.npy,A
v=dyZhs9pnL4M__#1_label_A__5.npy,A
v=dyZhs9pnL4M__#1_label_A__6.npy,A
v=dyZhs9pnL4M__#1_label_A__7.npy,A
v=dyZhs9pnL4M__#1_label_A__8.npy,A
v=dyZhs9pnL4M__#1_label_A__9.npy,A
The.Bourne.Legacy.2012__#01-30-54_01-32-04_label_A__0.npy,A
The.Bourne.Legacy.2012__#01-30-54_01-32-04_label_A__1.npy,A
The.Bourne.Legacy.2012__#01-30-54_01-32-04_label_A__2.npy,A
The.Bourne.Legacy.2012__#01-30-54_01-32-04_label_A__3.npy,A
The.Bourne.Legacy.2012__#01-30-54_01-32-04_label_A__4.npy,A
The.Bourne.Legacy.2012__#01-30-54_01-32-04_label_A__5.npy,A
The.Bourne.Legacy.2012__#01-30-54_01-32-04_label_A__6.npy,A
The.Bourne.Legacy.2012__#01-30-54_01-32-04_label_A__7.npy,A
The.Bourne.Legacy.2012__#01-30-54_01-32-04_label_A__8.npy,A
The.Bourne.Legacy.2012__#01-30-54_01-32-04_label_A__9.npy,A
Mindhunters.2004__#01-39-00_01-39-52_label_A__0.npy,A
Mindhunters.2004__#01-39-00_01-39-52_label_A__1.npy,A
Mindhunters.2004__#01-39-00_01-39-52_label_A__2.npy,A
Mindhunters.2004__#01-39-00_01-39-52_label_A__3.npy,A
Mindhunters.2004__#01-39-00_01-39-52_label_A__4.npy,A
Mindhunters.2004__#01-39-00_01-39-52_label_A__5.npy,A
Mindhunters.2004__#01-39-00_01-39-52_label_A__6.npy,A
Mindhunters.2004__#01-39-00_01-39-52_label_A__7.npy,A
Mindhunters.2004__#01-39-00_01-39-52_label_A__8.npy,A
Mindhunters.2004__#01-39-00_01-39-52_label_A__9.npy,A
v=5j1wLNnUFhY__#1_label_A__0.npy,A
v=5j1wLNnUFhY__#1_label_A__1.npy,A
v=5j1wLNnUFhY__#1_label_A__2.npy,A
v=5j1wLNnUFhY__#1_label_A__3.npy,A
v=5j1wLNnUFhY__#1_label_A__4.npy,A
v=5j1wLNnUFhY__#1_label_A__5.npy,A
v=5j1wLNnUFhY__#1_label_A__6.npy,A
v=5j1wLNnUFhY__#1_label_A__7.npy,A
v=5j1wLNnUFhY__#1_label_A__8.npy,A
v=5j1wLNnUFhY__#1_label_A__9.npy,A
The.Attorney.2013__#01-41-56_01-45-11_label_A__0.npy,A
The.Attorney.2013__#01-41-56_01-45-11_label_A__1.npy,A
The.Attorney.2013__#01-41-56_01-45-11_label_A__2.npy,A
The.Attorney.2013__#01-41-56_01-45-11_label_A__3.npy,A
The.Attorney.2013__#01-41-56_01-45-11_label_A__4.npy,A
The.Attorney.2013__#01-41-56_01-45-11_label_A__5.npy,A
The.Attorney.2013__#01-41-56_01-45-11_label_A__6.npy,A
The.Attorney.2013__#01-41-56_01-45-11_label_A__7.npy,A
The.Attorney.2013__#01-41-56_01-45-11_label_A__8.npy,A
The.Attorney.2013__#01-41-56_01-45-11_label_A__9.npy,A
Jason.Bourne.2016__#0-55-15_0-57-25_label_A__0.npy,A
Jason.Bourne.2016__#0-55-15_0-57-25_label_A__1.npy,A
Jason.Bourne.2016__#0-55-15_0-57-25_label_A__2.npy,A
Jason.Bourne.2016__#0-55-15_0-57-25_label_A__3.npy,A
Jason.Bourne.2016__#0-55-15_0-57-25_label_A__4.npy,A
Jason.Bourne.2016__#0-55-15_0-57-25_label_A__5.npy,A
Jason.Bourne.2016__#0-55-15_0-57-25_label_A__6.npy,A
Jason.Bourne.2016__#0-55-15_0-57-25_label_A__7.npy,A
Jason.Bourne.2016__#0-55-15_0-57-25_label_A__8.npy,A
Jason.Bourne.2016__#0-55-15_0-57-25_label_A__9.npy,A
Love.Actually.2003__#00-45-40_00-47-30_label_A__0.npy,A
Love.Actually.2003__#00-45-40_00-47-30_label_A__1.npy,A
Love.Actually.2003__#00-45-40_00-47-30_label_A__2.npy,A
Love.Actually.2003__#00-45-40_00-47-30_label_A__3.npy,A
Love.Actually.2003__#00-45-40_00-47-30_label_A__4.npy,A
Love.Actually.2003__#00-45-40_00-47-30_label_A__5.npy,A
Love.Actually.2003__#00-45-40_00-47-30_label_A__6.npy,A
Love.Actually.2003__#00-45-40_00-47-30_label_A__7.npy,A
Love.Actually.2003__#00-45-40_00-47-30_label_A__8.npy,A
Love.Actually.2003__#00-45-40_00-47-30_label_A__9.npy,A
v=wU1GP4aAITg__#1_label_A__0.npy,A
v=wU1GP4aAITg__#1_label_A__1.npy,A
v=wU1GP4aAITg__#1_label_A__2.npy,A
v=wU1GP4aAITg__#1_label_A__3.npy,A
v=wU1GP4aAITg__#1_label_A__4.npy,A
v=wU1GP4aAITg__#1_label_A__5.npy,A
v=wU1GP4aAITg__#1_label_A__6.npy,A
v=wU1GP4aAITg__#1_label_A__7.npy,A
v=wU1GP4aAITg__#1_label_A__8.npy,A
v=wU1GP4aAITg__#1_label_A__9.npy,A
Taken.3.2014__#01-22-23_01-23-15_label_A__0.npy,A
Taken.3.2014__#01-22-23_01-23-15_label_A__1.npy,A
Taken.3.2014__#01-22-23_01-23-15_label_A__2.npy,A
Taken.3.2014__#01-22-23_01-23-15_label_A__3.npy,A
Taken.3.2014__#01-22-23_01-23-15_label_A__4.npy,A
Taken.3.2014__#01-22-23_01-23-15_label_A__5.npy,A
Taken.3.2014__#01-22-23_01-23-15_label_A__6.npy,A
Taken.3.2014__#01-22-23_01-23-15_label_A__7.npy,A
Taken.3.2014__#01-22-23_01-23-15_label_A__8.npy,A
Taken.3.2014__#01-22-23_01-23-15_label_A__9.npy,A
The.Attorney.2013__#00-51-55_00-55-16_label_A__0.npy,A
The.Attorney.2013__#00-51-55_00-55-16_label_A__1.npy,A
The.Attorney.2013__#00-51-55_00-55-16_label_A__2.npy,A
The.Attorney.2013__#00-51-55_00-55-16_label_A__3.npy,A
The.Attorney.2013__#00-51-55_00-55-16_label_A__4.npy,A
The.Attorney.2013__#00-51-55_00-55-16_label_A__5.npy,A
The.Attorney.2013__#00-51-55_00-55-16_label_A__6.npy,A
The.Attorney.2013__#00-51-55_00-55-16_label_A__7.npy,A
The.Attorney.2013__#00-51-55_00-55-16_label_A__8.npy,A
The.Attorney.2013__#00-51-55_00-55-16_label_A__9.npy,A
Shoplifters.2018__#00-08-55_00-10-50_label_A__0.npy,A
Shoplifters.2018__#00-08-55_00-10-50_label_A__1.npy,A
Shoplifters.2018__#00-08-55_00-10-50_label_A__2.npy,A
Shoplifters.2018__#00-08-55_00-10-50_label_A__3.npy,A
Shoplifters.2018__#00-08-55_00-10-50_label_A__4.npy,A
Shoplifters.2018__#00-08-55_00-10-50_label_A__5.npy,A
Shoplifters.2018__#00-08-55_00-10-50_label_A__6.npy,A
Shoplifters.2018__#00-08-55_00-10-50_label_A__7.npy,A
Shoplifters.2018__#00-08-55_00-10-50_label_A__8.npy,A
Shoplifters.2018__#00-08-55_00-10-50_label_A__9.npy,A
Ip.Man.3.2015__#00-05-43_00-07-23_label_A__0.npy,A
Ip.Man.3.2015__#00-05-43_00-07-23_label_A__1.npy,A
Ip.Man.3.2015__#00-05-43_00-07-23_label_A__2.npy,A
Ip.Man.3.2015__#00-05-43_00-07-23_label_A__3.npy,A
Ip.Man.3.2015__#00-05-43_00-07-23_label_A__4.npy,A
Ip.Man.3.2015__#00-05-43_00-07-23_label_A__5.npy,A
Ip.Man.3.2015__#00-05-43_00-07-23_label_A__6.npy,A
Ip.Man.3.2015__#00-05-43_00-07-23_label_A__7.npy,A
Ip.Man.3.2015__#00-05-43_00-07-23_label_A__8.npy,A
Ip.Man.3.2015__#00-05-43_00-07-23_label_A__9.npy,A
v=Ix4xrfIVI8Y__#00-00-00_00-33-36_label_A__0.npy,A
v=Ix4xrfIVI8Y__#00-00-00_00-33-36_label_A__1.npy,A
v=Ix4xrfIVI8Y__#00-00-00_00-33-36_label_A__2.npy,A
v=Ix4xrfIVI8Y__#00-00-00_00-33-36_label_A__3.npy,A
v=Ix4xrfIVI8Y__#00-00-00_00-33-36_label_A__4.npy,A
v=Ix4xrfIVI8Y__#00-00-00_00-33-36_label_A__5.npy,A
v=Ix4xrfIVI8Y__#00-00-00_00-33-36_label_A__6.npy,A
v=Ix4xrfIVI8Y__#00-00-00_00-33-36_label_A__7.npy,A
v=Ix4xrfIVI8Y__#00-00-00_00-33-36_label_A__8.npy,A
v=Ix4xrfIVI8Y__#00-00-00_00-33-36_label_A__9.npy,A
v=3wFnffG183M__#1_label_A__0.npy,A
v=3wFnffG183M__#1_label_A__1.npy,A
v=3wFnffG183M__#1_label_A__2.npy,A
v=3wFnffG183M__#1_label_A__3.npy,A
v=3wFnffG183M__#1_label_A__4.npy,A
v=3wFnffG183M__#1_label_A__5.npy,A
v=3wFnffG183M__#1_label_A__6.npy,A
v=3wFnffG183M__#1_label_A__7.npy,A
v=3wFnffG183M__#1_label_A__8.npy,A
v=3wFnffG183M__#1_label_A__9.npy,A
v=7EIlRGuV9VA__#1_label_A__0.npy,A
v=7EIlRGuV9VA__#1_label_A__1.npy,A
v=7EIlRGuV9VA__#1_label_A__2.npy,A
v=7EIlRGuV9VA__#1_label_A__3.npy,A
v=7EIlRGuV9VA__#1_label_A__4.npy,A
v=7EIlRGuV9VA__#1_label_A__5.npy,A
v=7EIlRGuV9VA__#1_label_A__6.npy,A
v=7EIlRGuV9VA__#1_label_A__7.npy,A
v=7EIlRGuV9VA__#1_label_A__8.npy,A
v=7EIlRGuV9VA__#1_label_A__9.npy,A
Still.Walking.2008__#00-38-52_00-40-31_label_A__0.npy,A
Still.Walking.2008__#00-38-52_00-40-31_label_A__1.npy,A
Still.Walking.2008__#00-38-52_00-40-31_label_A__2.npy,A
Still.Walking.2008__#00-38-52_00-40-31_label_A__3.npy,A
Still.Walking.2008__#00-38-52_00-40-31_label_A__4.npy,A
Still.Walking.2008__#00-38-52_00-40-31_label_A__5.npy,A
Still.Walking.2008__#00-38-52_00-40-31_label_A__6.npy,A
Still.Walking.2008__#00-38-52_00-40-31_label_A__7.npy,A
Still.Walking.2008__#00-38-52_00-40-31_label_A__8.npy,A
Still.Walking.2008__#00-38-52_00-40-31_label_A__9.npy,A
Tropa.de.Elite.2.2010__#01-14-45_01-15-40_label_A__0.npy,A
Tropa.de.Elite.2.2010__#01-14-45_01-15-40_label_A__1.npy,A
Tropa.de.Elite.2.2010__#01-14-45_01-15-40_label_A__2.npy,A
Tropa.de.Elite.2.2010__#01-14-45_01-15-40_label_A__3.npy,A
Tropa.de.Elite.2.2010__#01-14-45_01-15-40_label_A__4.npy,A
Tropa.de.Elite.2.2010__#01-14-45_01-15-40_label_A__5.npy,A
Tropa.de.Elite.2.2010__#01-14-45_01-15-40_label_A__6.npy,A
Tropa.de.Elite.2.2010__#01-14-45_01-15-40_label_A__7.npy,A
Tropa.de.Elite.2.2010__#01-14-45_01-15-40_label_A__8.npy,A
Tropa.de.Elite.2.2010__#01-14-45_01-15-40_label_A__9.npy,A
v=jWwghTckkY0__#1_label_A__0.npy,A
v=jWwghTckkY0__#1_label_A__1.npy,A
v=jWwghTckkY0__#1_label_A__2.npy,A
v=jWwghTckkY0__#1_label_A__3.npy,A
v=jWwghTckkY0__#1_label_A__4.npy,A
v=jWwghTckkY0__#1_label_A__5.npy,A
v=jWwghTckkY0__#1_label_A__6.npy,A
v=jWwghTckkY0__#1_label_A__7.npy,A
v=jWwghTckkY0__#1_label_A__8.npy,A
v=jWwghTckkY0__#1_label_A__9.npy,A
v=9eME1y6V-T4__#00-18-00_00-24-00_label_A__0.npy,A
v=9eME1y6V-T4__#00-18-00_00-24-00_label_A__1.npy,A
v=9eME1y6V-T4__#00-18-00_00-24-00_label_A__2.npy,A
v=9eME1y6V-T4__#00-18-00_00-24-00_label_A__3.npy,A
v=9eME1y6V-T4__#00-18-00_00-24-00_label_A__4.npy,A
v=9eME1y6V-T4__#00-18-00_00-24-00_label_A__5.npy,A
v=9eME1y6V-T4__#00-18-00_00-24-00_label_A__6.npy,A
v=9eME1y6V-T4__#00-18-00_00-24-00_label_A__7.npy,A
v=9eME1y6V-T4__#00-18-00_00-24-00_label_A__8.npy,A
v=9eME1y6V-T4__#00-18-00_00-24-00_label_A__9.npy,A
Kill.Bill.Vol.2.2004__#0-02-00_0-04-00_label_A__0.npy,A
Kill.Bill.Vol.2.2004__#0-02-00_0-04-00_label_A__1.npy,A
Kill.Bill.Vol.2.2004__#0-02-00_0-04-00_label_A__2.npy,A
Kill.Bill.Vol.2.2004__#0-02-00_0-04-00_label_A__3.npy,A
Kill.Bill.Vol.2.2004__#0-02-00_0-04-00_label_A__4.npy,A
Kill.Bill.Vol.2.2004__#0-02-00_0-04-00_label_A__5.npy,A
Kill.Bill.Vol.2.2004__#0-02-00_0-04-00_label_A__6.npy,A
Kill.Bill.Vol.2.2004__#0-02-00_0-04-00_label_A__7.npy,A
Kill.Bill.Vol.2.2004__#0-02-00_0-04-00_label_A__8.npy,A
Kill.Bill.Vol.2.2004__#0-02-00_0-04-00_label_A__9.npy,A
Mission.Impossible.III.2006__#00-32-40_00-38-00_label_A__0.npy,A
Mission.Impossible.III.2006__#00-32-40_00-38-00_label_A__1.npy,A
Mission.Impossible.III.2006__#00-32-40_00-38-00_label_A__2.npy,A
Mission.Impossible.III.2006__#00-32-40_00-38-00_label_A__3.npy,A
Mission.Impossible.III.2006__#00-32-40_00-38-00_label_A__4.npy,A
Mission.Impossible.III.2006__#00-32-40_00-38-00_label_A__5.npy,A
Mission.Impossible.III.2006__#00-32-40_00-38-00_label_A__6.npy,A
Mission.Impossible.III.2006__#00-32-40_00-38-00_label_A__7.npy,A
Mission.Impossible.III.2006__#00-32-40_00-38-00_label_A__8.npy,A
Mission.Impossible.III.2006__#00-32-40_00-38-00_label_A__9.npy,A
Salt.2010__#00-54-22_00-55-02_label_A__0.npy,A
Salt.2010__#00-54-22_00-55-02_label_A__1.npy,A
Salt.2010__#00-54-22_00-55-02_label_A__2.npy,A
Salt.2010__#00-54-22_00-55-02_label_A__3.npy,A
Salt.2010__#00-54-22_00-55-02_label_A__4.npy,A
Salt.2010__#00-54-22_00-55-02_label_A__5.npy,A
Salt.2010__#00-54-22_00-55-02_label_A__6.npy,A
Salt.2010__#00-54-22_00-55-02_label_A__7.npy,A
Salt.2010__#00-54-22_00-55-02_label_A__8.npy,A
Salt.2010__#00-54-22_00-55-02_label_A__9.npy,A
Skyfall.2012__#00-24-39_00-25-00_label_A__0.npy,A
Skyfall.2012__#00-24-39_00-25-00_label_A__1.npy,A
Skyfall.2012__#00-24-39_00-25-00_label_A__2.npy,A
Skyfall.2012__#00-24-39_00-25-00_label_A__3.npy,A
Skyfall.2012__#00-24-39_00-25-00_label_A__4.npy,A
Skyfall.2012__#00-24-39_00-25-00_label_A__5.npy,A
Skyfall.2012__#00-24-39_00-25-00_label_A__6.npy,A
Skyfall.2012__#00-24-39_00-25-00_label_A__7.npy,A
Skyfall.2012__#00-24-39_00-25-00_label_A__8.npy,A
Skyfall.2012__#00-24-39_00-25-00_label_A__9.npy,A
v=WiUR8SoBens__#1_label_A__0.npy,A
v=WiUR8SoBens__#1_label_A__1.npy,A
v=WiUR8SoBens__#1_label_A__2.npy,A
v=WiUR8SoBens__#1_label_A__3.npy,A
v=WiUR8SoBens__#1_label_A__4.npy,A
v=WiUR8SoBens__#1_label_A__5.npy,A
v=WiUR8SoBens__#1_label_A__6.npy,A
v=WiUR8SoBens__#1_label_A__7.npy,A
v=WiUR8SoBens__#1_label_A__8.npy,A
v=WiUR8SoBens__#1_label_A__9.npy,A
v=x-Cgkgj5KR0__#00-00-00_00-03-00_label_A__0.npy,A
v=x-Cgkgj5KR0__#00-00-00_00-03-00_label_A__1.npy,A
v=x-Cgkgj5KR0__#00-00-00_00-03-00_label_A__2.npy,A
v=x-Cgkgj5KR0__#00-00-00_00-03-00_label_A__3.npy,A
v=x-Cgkgj5KR0__#00-00-00_00-03-00_label_A__4.npy,A
v=x-Cgkgj5KR0__#00-00-00_00-03-00_label_A__5.npy,A
v=x-Cgkgj5KR0__#00-00-00_00-03-00_label_A__6.npy,A
v=x-Cgkgj5KR0__#00-00-00_00-03-00_label_A__7.npy,A
v=x-Cgkgj5KR0__#00-00-00_00-03-00_label_A__8.npy,A
v=x-Cgkgj5KR0__#00-00-00_00-03-00_label_A__9.npy,A
v=f6j3YWgVBto__#00-04-40_00-06-16_label_A__0.npy,A
v=f6j3YWgVBto__#00-04-40_00-06-16_label_A__1.npy,A
v=f6j3YWgVBto__#00-04-40_00-06-16_label_A__2.npy,A
v=f6j3YWgVBto__#00-04-40_00-06-16_label_A__3.npy,A
v=f6j3YWgVBto__#00-04-40_00-06-16_label_A__4.npy,A
v=f6j3YWgVBto__#00-04-40_00-06-16_label_A__5.npy,A
v=f6j3YWgVBto__#00-04-40_00-06-16_label_A__6.npy,A
v=f6j3YWgVBto__#00-04-40_00-06-16_label_A__7.npy,A
v=f6j3YWgVBto__#00-04-40_00-06-16_label_A__8.npy,A
v=f6j3YWgVBto__#00-04-40_00-06-16_label_A__9.npy,A
v=271f4q4ZUJ8__#1_label_A__0.npy,A
v=271f4q4ZUJ8__#1_label_A__1.npy,A
v=271f4q4ZUJ8__#1_label_A__2.npy,A
v=271f4q4ZUJ8__#1_label_A__3.npy,A
v=271f4q4ZUJ8__#1_label_A__4.npy,A
v=271f4q4ZUJ8__#1_label_A__5.npy,A
v=271f4q4ZUJ8__#1_label_A__6.npy,A
v=271f4q4ZUJ8__#1_label_A__7.npy,A
v=271f4q4ZUJ8__#1_label_A__8.npy,A
v=271f4q4ZUJ8__#1_label_A__9.npy,A
Bad.Boys.1995__#00-34-10_00-35-15_label_A__0.npy,A
Bad.Boys.1995__#00-34-10_00-35-15_label_A__1.npy,A
Bad.Boys.1995__#00-34-10_00-35-15_label_A__2.npy,A
Bad.Boys.1995__#00-34-10_00-35-15_label_A__3.npy,A
Bad.Boys.1995__#00-34-10_00-35-15_label_A__4.npy,A
Bad.Boys.1995__#00-34-10_00-35-15_label_A__5.npy,A
Bad.Boys.1995__#00-34-10_00-35-15_label_A__6.npy,A
Bad.Boys.1995__#00-34-10_00-35-15_label_A__7.npy,A
Bad.Boys.1995__#00-34-10_00-35-15_label_A__8.npy,A
Bad.Boys.1995__#00-34-10_00-35-15_label_A__9.npy,A
v=H9Y5_X1sEEA__#00-54-00_00-57-00_label_A__0.npy,A
v=H9Y5_X1sEEA__#00-54-00_00-57-00_label_A__1.npy,A
v=H9Y5_X1sEEA__#00-54-00_00-57-00_label_A__2.npy,A
v=H9Y5_X1sEEA__#00-54-00_00-57-00_label_A__3.npy,A
v=H9Y5_X1sEEA__#00-54-00_00-57-00_label_A__4.npy,A
v=H9Y5_X1sEEA__#00-54-00_00-57-00_label_A__5.npy,A
v=H9Y5_X1sEEA__#00-54-00_00-57-00_label_A__6.npy,A
v=H9Y5_X1sEEA__#00-54-00_00-57-00_label_A__7.npy,A
v=H9Y5_X1sEEA__#00-54-00_00-57-00_label_A__8.npy,A
v=H9Y5_X1sEEA__#00-54-00_00-57-00_label_A__9.npy,A
Mission.Impossible.V.Rogue.Nation.2015__#00-23-00_00-25-22_label_A__0.npy,A
Mission.Impossible.V.Rogue.Nation.2015__#00-23-00_00-25-22_label_A__1.npy,A
Mission.Impossible.V.Rogue.Nation.2015__#00-23-00_00-25-22_label_A__2.npy,A
Mission.Impossible.V.Rogue.Nation.2015__#00-23-00_00-25-22_label_A__3.npy,A
Mission.Impossible.V.Rogue.Nation.2015__#00-23-00_00-25-22_label_A__4.npy,A
Mission.Impossible.V.Rogue.Nation.2015__#00-23-00_00-25-22_label_A__5.npy,A
Mission.Impossible.V.Rogue.Nation.2015__#00-23-00_00-25-22_label_A__6.npy,A
Mission.Impossible.V.Rogue.Nation.2015__#00-23-00_00-25-22_label_A__7.npy,A
Mission.Impossible.V.Rogue.Nation.2015__#00-23-00_00-25-22_label_A__8.npy,A
Mission.Impossible.V.Rogue.Nation.2015__#00-23-00_00-25-22_label_A__9.npy,A
Sin.City.2005__#0-00-30_0-02-35_label_A__0.npy,A
Sin.City.2005__#0-00-30_0-02-35_label_A__1.npy,A
Sin.City.2005__#0-00-30_0-02-35_label_A__2.npy,A
Sin.City.2005__#0-00-30_0-02-35_label_A__3.npy,A
Sin.City.2005__#0-00-30_0-02-35_label_A__4.npy,A
Sin.City.2005__#0-00-30_0-02-35_label_A__5.npy,A
Sin.City.2005__#0-00-30_0-02-35_label_A__6.npy,A
Sin.City.2005__#0-00-30_0-02-35_label_A__7.npy,A
Sin.City.2005__#0-00-30_0-02-35_label_A__8.npy,A
Sin.City.2005__#0-00-30_0-02-35_label_A__9.npy,A
Shoplifters.2018__#00-56-40_00-58-00_label_A__0.npy,A
Shoplifters.2018__#00-56-40_00-58-00_label_A__1.npy,A
Shoplifters.2018__#00-56-40_00-58-00_label_A__2.npy,A
Shoplifters.2018__#00-56-40_00-58-00_label_A__3.npy,A
Shoplifters.2018__#00-56-40_00-58-00_label_A__4.npy,A
Shoplifters.2018__#00-56-40_00-58-00_label_A__5.npy,A
Shoplifters.2018__#00-56-40_00-58-00_label_A__6.npy,A
Shoplifters.2018__#00-56-40_00-58-00_label_A__7.npy,A
Shoplifters.2018__#00-56-40_00-58-00_label_A__8.npy,A
Shoplifters.2018__#00-56-40_00-58-00_label_A__9.npy,A
Sin.City.2005__#0-45-28_0-46-13_label_A__0.npy,A
Sin.City.2005__#0-45-28_0-46-13_label_A__1.npy,A
Sin.City.2005__#0-45-28_0-46-13_label_A__2.npy,A
Sin.City.2005__#0-45-28_0-46-13_label_A__3.npy,A
Sin.City.2005__#0-45-28_0-46-13_label_A__4.npy,A
Sin.City.2005__#0-45-28_0-46-13_label_A__5.npy,A
Sin.City.2005__#0-45-28_0-46-13_label_A__6.npy,A
Sin.City.2005__#0-45-28_0-46-13_label_A__7.npy,A
Sin.City.2005__#0-45-28_0-46-13_label_A__8.npy,A
Sin.City.2005__#0-45-28_0-46-13_label_A__9.npy,A
