video,label
Black.Hawk.Down.2001__#00-47-30_00-47-58_label_G-0-0__0.npy,G-0-0
Black.Hawk.Down.2001__#00-47-30_00-47-58_label_G-0-0__1.npy,G-0-0
Black.Hawk.Down.2001__#00-47-30_00-47-58_label_G-0-0__2.npy,G-0-0
Black.Hawk.Down.2001__#00-47-30_00-47-58_label_G-0-0__3.npy,G-0-0
Black.Hawk.Down.2001__#00-47-30_00-47-58_label_G-0-0__4.npy,G-0-0
Black.Hawk.Down.2001__#00-47-30_00-47-58_label_G-0-0__5.npy,G-0-0
Black.Hawk.Down.2001__#00-47-30_00-47-58_label_G-0-0__6.npy,G-0-0
Black.Hawk.Down.2001__#00-47-30_00-47-58_label_G-0-0__7.npy,G-0-0
Black.Hawk.Down.2001__#00-47-30_00-47-58_label_G-0-0__8.npy,G-0-0
Black.Hawk.Down.2001__#00-47-30_00-47-58_label_G-0-0__9.npy,G-0-0
Black.Hawk.Down.2001__#01-12-39_01-13-12_label_G-0-0__0.npy,G-0-0
Black.Hawk.Down.2001__#01-12-39_01-13-12_label_G-0-0__1.npy,G-0-0
Black.Hawk.Down.2001__#01-12-39_01-13-12_label_G-0-0__2.npy,G-0-0
Black.Hawk.Down.2001__#01-12-39_01-13-12_label_G-0-0__3.npy,G-0-0
Black.Hawk.Down.2001__#01-12-39_01-13-12_label_G-0-0__4.npy,G-0-0
Black.Hawk.Down.2001__#01-12-39_01-13-12_label_G-0-0__5.npy,G-0-0
Black.Hawk.Down.2001__#01-12-39_01-13-12_label_G-0-0__6.npy,G-0-0
Black.Hawk.Down.2001__#01-12-39_01-13-12_label_G-0-0__7.npy,G-0-0
Black.Hawk.Down.2001__#01-12-39_01-13-12_label_G-0-0__8.npy,G-0-0
Black.Hawk.Down.2001__#01-12-39_01-13-12_label_G-0-0__9.npy,G-0-0
Black.Hawk.Down.2001__#01-21-39_01-22-24_label_G-0-0__0.npy,G-0-0
Black.Hawk.Down.2001__#01-21-39_01-22-24_label_G-0-0__1.npy,G-0-0
Black.Hawk.Down.2001__#01-21-39_01-22-24_label_G-0-0__2.npy,G-0-0
Black.Hawk.Down.2001__#01-21-39_01-22-24_label_G-0-0__3.npy,G-0-0
Black.Hawk.Down.2001__#01-21-39_01-22-24_label_G-0-0__4.npy,G-0-0
Black.Hawk.Down.2001__#01-21-39_01-22-24_label_G-0-0__5.npy,G-0-0
Black.Hawk.Down.2001__#01-21-39_01-22-24_label_G-0-0__6.npy,G-0-0
Black.Hawk.Down.2001__#01-21-39_01-22-24_label_G-0-0__7.npy,G-0-0
Black.Hawk.Down.2001__#01-21-39_01-22-24_label_G-0-0__8.npy,G-0-0
Black.Hawk.Down.2001__#01-21-39_01-22-24_label_G-0-0__9.npy,G-0-0
Black.Hawk.Down.2001__#01-49-18_01-49-50_label_G-0-0__0.npy,G-0-0
Black.Hawk.Down.2001__#01-49-18_01-49-50_label_G-0-0__1.npy,G-0-0
Black.Hawk.Down.2001__#01-49-18_01-49-50_label_G-0-0__2.npy,G-0-0
Black.Hawk.Down.2001__#01-49-18_01-49-50_label_G-0-0__3.npy,G-0-0
Black.Hawk.Down.2001__#01-49-18_01-49-50_label_G-0-0__4.npy,G-0-0
Black.Hawk.Down.2001__#01-49-18_01-49-50_label_G-0-0__5.npy,G-0-0
Black.Hawk.Down.2001__#01-49-18_01-49-50_label_G-0-0__6.npy,G-0-0
Black.Hawk.Down.2001__#01-49-18_01-49-50_label_G-0-0__7.npy,G-0-0
Black.Hawk.Down.2001__#01-49-18_01-49-50_label_G-0-0__8.npy,G-0-0
Black.Hawk.Down.2001__#01-49-18_01-49-50_label_G-0-0__9.npy,G-0-0
Black.Hawk.Down.2001__#01-51-26_01-51-50_label_G-0-0__0.npy,G-0-0
Black.Hawk.Down.2001__#01-51-26_01-51-50_label_G-0-0__1.npy,G-0-0
Black.Hawk.Down.2001__#01-51-26_01-51-50_label_G-0-0__2.npy,G-0-0
Black.Hawk.Down.2001__#01-51-26_01-51-50_label_G-0-0__3.npy,G-0-0
Black.Hawk.Down.2001__#01-51-26_01-51-50_label_G-0-0__4.npy,G-0-0
Black.Hawk.Down.2001__#01-51-26_01-51-50_label_G-0-0__5.npy,G-0-0
Black.Hawk.Down.2001__#01-51-26_01-51-50_label_G-0-0__6.npy,G-0-0
Black.Hawk.Down.2001__#01-51-26_01-51-50_label_G-0-0__7.npy,G-0-0
Black.Hawk.Down.2001__#01-51-26_01-51-50_label_G-0-0__8.npy,G-0-0
Black.Hawk.Down.2001__#01-51-26_01-51-50_label_G-0-0__9.npy,G-0-0
Black.Hawk.Down.2001__#02-04-08_02-04-28_label_G-0-0__0.npy,G-0-0
Black.Hawk.Down.2001__#02-04-08_02-04-28_label_G-0-0__1.npy,G-0-0
Black.Hawk.Down.2001__#02-04-08_02-04-28_label_G-0-0__2.npy,G-0-0
Black.Hawk.Down.2001__#02-04-08_02-04-28_label_G-0-0__3.npy,G-0-0
Black.Hawk.Down.2001__#02-04-08_02-04-28_label_G-0-0__4.npy,G-0-0
Black.Hawk.Down.2001__#02-04-08_02-04-28_label_G-0-0__5.npy,G-0-0
Black.Hawk.Down.2001__#02-04-08_02-04-28_label_G-0-0__6.npy,G-0-0
Black.Hawk.Down.2001__#02-04-08_02-04-28_label_G-0-0__7.npy,G-0-0
Black.Hawk.Down.2001__#02-04-08_02-04-28_label_G-0-0__8.npy,G-0-0
Black.Hawk.Down.2001__#02-04-08_02-04-28_label_G-0-0__9.npy,G-0-0
Brick.Mansions.2014__#00-08-07_00-08-27_label_G-0-0__0.npy,G-0-0
Brick.Mansions.2014__#00-08-07_00-08-27_label_G-0-0__1.npy,G-0-0
Brick.Mansions.2014__#00-08-07_00-08-27_label_G-0-0__2.npy,G-0-0
Brick.Mansions.2014__#00-08-07_00-08-27_label_G-0-0__3.npy,G-0-0
Brick.Mansions.2014__#00-08-07_00-08-27_label_G-0-0__4.npy,G-0-0
Brick.Mansions.2014__#00-08-07_00-08-27_label_G-0-0__5.npy,G-0-0
Brick.Mansions.2014__#00-08-07_00-08-27_label_G-0-0__6.npy,G-0-0
Brick.Mansions.2014__#00-08-07_00-08-27_label_G-0-0__7.npy,G-0-0
Brick.Mansions.2014__#00-08-07_00-08-27_label_G-0-0__8.npy,G-0-0
Brick.Mansions.2014__#00-08-07_00-08-27_label_G-0-0__9.npy,G-0-0
Casino.Royale.2006__#00-12-26_00-12-36_label_G-0-0__0.npy,G-0-0
Casino.Royale.2006__#00-12-26_00-12-36_label_G-0-0__1.npy,G-0-0
Casino.Royale.2006__#00-12-26_00-12-36_label_G-0-0__2.npy,G-0-0
Casino.Royale.2006__#00-12-26_00-12-36_label_G-0-0__3.npy,G-0-0
Casino.Royale.2006__#00-12-26_00-12-36_label_G-0-0__4.npy,G-0-0
Casino.Royale.2006__#00-12-26_00-12-36_label_G-0-0__5.npy,G-0-0
Casino.Royale.2006__#00-12-26_00-12-36_label_G-0-0__6.npy,G-0-0
Casino.Royale.2006__#00-12-26_00-12-36_label_G-0-0__7.npy,G-0-0
Casino.Royale.2006__#00-12-26_00-12-36_label_G-0-0__8.npy,G-0-0
Casino.Royale.2006__#00-12-26_00-12-36_label_G-0-0__9.npy,G-0-0
Deadpool.2.2018__#0-01-55_0-02-34_label_G-0-0__0.npy,G-0-0
Deadpool.2.2018__#0-01-55_0-02-34_label_G-0-0__1.npy,G-0-0
Deadpool.2.2018__#0-01-55_0-02-34_label_G-0-0__2.npy,G-0-0
Deadpool.2.2018__#0-01-55_0-02-34_label_G-0-0__3.npy,G-0-0
Deadpool.2.2018__#0-01-55_0-02-34_label_G-0-0__4.npy,G-0-0
Deadpool.2.2018__#0-01-55_0-02-34_label_G-0-0__5.npy,G-0-0
Deadpool.2.2018__#0-01-55_0-02-34_label_G-0-0__6.npy,G-0-0
Deadpool.2.2018__#0-01-55_0-02-34_label_G-0-0__7.npy,G-0-0
Deadpool.2.2018__#0-01-55_0-02-34_label_G-0-0__8.npy,G-0-0
Deadpool.2.2018__#0-01-55_0-02-34_label_G-0-0__9.npy,G-0-0
Deadpool.2.2018__#0-52-40_0-53-06_label_G-0-0__0.npy,G-0-0
Deadpool.2.2018__#0-52-40_0-53-06_label_G-0-0__1.npy,G-0-0
Deadpool.2.2018__#0-52-40_0-53-06_label_G-0-0__2.npy,G-0-0
Deadpool.2.2018__#0-52-40_0-53-06_label_G-0-0__3.npy,G-0-0
Deadpool.2.2018__#0-52-40_0-53-06_label_G-0-0__4.npy,G-0-0
Deadpool.2.2018__#0-52-40_0-53-06_label_G-0-0__5.npy,G-0-0
Deadpool.2.2018__#0-52-40_0-53-06_label_G-0-0__6.npy,G-0-0
Deadpool.2.2018__#0-52-40_0-53-06_label_G-0-0__7.npy,G-0-0
Deadpool.2.2018__#0-52-40_0-53-06_label_G-0-0__8.npy,G-0-0
Deadpool.2.2018__#0-52-40_0-53-06_label_G-0-0__9.npy,G-0-0
Deadpool.2.2018__#0-59-16_0-59-23_label_G-0-0__0.npy,G-0-0
Deadpool.2.2018__#0-59-16_0-59-23_label_G-0-0__1.npy,G-0-0
Deadpool.2.2018__#0-59-16_0-59-23_label_G-0-0__2.npy,G-0-0
Deadpool.2.2018__#0-59-16_0-59-23_label_G-0-0__3.npy,G-0-0
Deadpool.2.2018__#0-59-16_0-59-23_label_G-0-0__4.npy,G-0-0
Deadpool.2.2018__#0-59-16_0-59-23_label_G-0-0__5.npy,G-0-0
Deadpool.2.2018__#0-59-16_0-59-23_label_G-0-0__6.npy,G-0-0
Deadpool.2.2018__#0-59-16_0-59-23_label_G-0-0__7.npy,G-0-0
Deadpool.2.2018__#0-59-16_0-59-23_label_G-0-0__8.npy,G-0-0
Deadpool.2.2018__#0-59-16_0-59-23_label_G-0-0__9.npy,G-0-0
Deadpool.2.2018__#01-37-54_01-38-07_label_G-0-0__0.npy,G-0-0
Deadpool.2.2018__#01-37-54_01-38-07_label_G-0-0__1.npy,G-0-0
Deadpool.2.2018__#01-37-54_01-38-07_label_G-0-0__2.npy,G-0-0
Deadpool.2.2018__#01-37-54_01-38-07_label_G-0-0__3.npy,G-0-0
Deadpool.2.2018__#01-37-54_01-38-07_label_G-0-0__4.npy,G-0-0
Deadpool.2.2018__#01-37-54_01-38-07_label_G-0-0__5.npy,G-0-0
Deadpool.2.2018__#01-37-54_01-38-07_label_G-0-0__6.npy,G-0-0
Deadpool.2.2018__#01-37-54_01-38-07_label_G-0-0__7.npy,G-0-0
Deadpool.2.2018__#01-37-54_01-38-07_label_G-0-0__8.npy,G-0-0
Deadpool.2.2018__#01-37-54_01-38-07_label_G-0-0__9.npy,G-0-0
Deadpool.2016__#0-12-18_0-12-28_label_G-0-0__0.npy,G-0-0
Deadpool.2016__#0-12-18_0-12-28_label_G-0-0__1.npy,G-0-0
Deadpool.2016__#0-12-18_0-12-28_label_G-0-0__2.npy,G-0-0
Deadpool.2016__#0-12-18_0-12-28_label_G-0-0__3.npy,G-0-0
Deadpool.2016__#0-12-18_0-12-28_label_G-0-0__4.npy,G-0-0
Deadpool.2016__#0-12-18_0-12-28_label_G-0-0__5.npy,G-0-0
Deadpool.2016__#0-12-18_0-12-28_label_G-0-0__6.npy,G-0-0
Deadpool.2016__#0-12-18_0-12-28_label_G-0-0__7.npy,G-0-0
Deadpool.2016__#0-12-18_0-12-28_label_G-0-0__8.npy,G-0-0
Deadpool.2016__#0-12-18_0-12-28_label_G-0-0__9.npy,G-0-0
Deadpool.2016__#0-52-22_0-53-30_label_G-0-0__0.npy,G-0-0
Deadpool.2016__#0-52-22_0-53-30_label_G-0-0__1.npy,G-0-0
Deadpool.2016__#0-52-22_0-53-30_label_G-0-0__2.npy,G-0-0
Deadpool.2016__#0-52-22_0-53-30_label_G-0-0__3.npy,G-0-0
Deadpool.2016__#0-52-22_0-53-30_label_G-0-0__4.npy,G-0-0
Deadpool.2016__#0-52-22_0-53-30_label_G-0-0__5.npy,G-0-0
Deadpool.2016__#0-52-22_0-53-30_label_G-0-0__6.npy,G-0-0
Deadpool.2016__#0-52-22_0-53-30_label_G-0-0__7.npy,G-0-0
Deadpool.2016__#0-52-22_0-53-30_label_G-0-0__8.npy,G-0-0
Deadpool.2016__#0-52-22_0-53-30_label_G-0-0__9.npy,G-0-0
Fast.Five.2011__#00-16-27_00-16-40_label_G-0-0__0.npy,G-0-0
Fast.Five.2011__#00-16-27_00-16-40_label_G-0-0__1.npy,G-0-0
Fast.Five.2011__#00-16-27_00-16-40_label_G-0-0__2.npy,G-0-0
Fast.Five.2011__#00-16-27_00-16-40_label_G-0-0__3.npy,G-0-0
Fast.Five.2011__#00-16-27_00-16-40_label_G-0-0__4.npy,G-0-0
Fast.Five.2011__#00-16-27_00-16-40_label_G-0-0__5.npy,G-0-0
Fast.Five.2011__#00-16-27_00-16-40_label_G-0-0__6.npy,G-0-0
Fast.Five.2011__#00-16-27_00-16-40_label_G-0-0__7.npy,G-0-0
Fast.Five.2011__#00-16-27_00-16-40_label_G-0-0__8.npy,G-0-0
Fast.Five.2011__#00-16-27_00-16-40_label_G-0-0__9.npy,G-0-0
Fast.Five.2011__#01-00-48_01-00-58_label_G-0-0__0.npy,G-0-0
Fast.Five.2011__#01-00-48_01-00-58_label_G-0-0__1.npy,G-0-0
Fast.Five.2011__#01-00-48_01-00-58_label_G-0-0__2.npy,G-0-0
Fast.Five.2011__#01-00-48_01-00-58_label_G-0-0__3.npy,G-0-0
Fast.Five.2011__#01-00-48_01-00-58_label_G-0-0__4.npy,G-0-0
Fast.Five.2011__#01-00-48_01-00-58_label_G-0-0__5.npy,G-0-0
Fast.Five.2011__#01-00-48_01-00-58_label_G-0-0__6.npy,G-0-0
Fast.Five.2011__#01-00-48_01-00-58_label_G-0-0__7.npy,G-0-0
Fast.Five.2011__#01-00-48_01-00-58_label_G-0-0__8.npy,G-0-0
Fast.Five.2011__#01-00-48_01-00-58_label_G-0-0__9.npy,G-0-0
From.Dusk.Till.Dawn.1996__#00-09-15_00-10-31_label_G-0-0__0.npy,G-0-0
From.Dusk.Till.Dawn.1996__#00-09-15_00-10-31_label_G-0-0__1.npy,G-0-0
From.Dusk.Till.Dawn.1996__#00-09-15_00-10-31_label_G-0-0__2.npy,G-0-0
From.Dusk.Till.Dawn.1996__#00-09-15_00-10-31_label_G-0-0__3.npy,G-0-0
From.Dusk.Till.Dawn.1996__#00-09-15_00-10-31_label_G-0-0__4.npy,G-0-0
From.Dusk.Till.Dawn.1996__#00-09-15_00-10-31_label_G-0-0__5.npy,G-0-0
From.Dusk.Till.Dawn.1996__#00-09-15_00-10-31_label_G-0-0__6.npy,G-0-0
From.Dusk.Till.Dawn.1996__#00-09-15_00-10-31_label_G-0-0__7.npy,G-0-0
From.Dusk.Till.Dawn.1996__#00-09-15_00-10-31_label_G-0-0__8.npy,G-0-0
From.Dusk.Till.Dawn.1996__#00-09-15_00-10-31_label_G-0-0__9.npy,G-0-0
Fury.2014__#01-14-49_01-15-52_label_G-0-0__0.npy,G-0-0
Fury.2014__#01-14-49_01-15-52_label_G-0-0__1.npy,G-0-0
Fury.2014__#01-14-49_01-15-52_label_G-0-0__2.npy,G-0-0
Fury.2014__#01-14-49_01-15-52_label_G-0-0__3.npy,G-0-0
Fury.2014__#01-14-49_01-15-52_label_G-0-0__4.npy,G-0-0
Fury.2014__#01-14-49_01-15-52_label_G-0-0__5.npy,G-0-0
Fury.2014__#01-14-49_01-15-52_label_G-0-0__6.npy,G-0-0
Fury.2014__#01-14-49_01-15-52_label_G-0-0__7.npy,G-0-0
Fury.2014__#01-14-49_01-15-52_label_G-0-0__8.npy,G-0-0
Fury.2014__#01-14-49_01-15-52_label_G-0-0__9.npy,G-0-0
GoldenEye.1995__#00-39-57_00-41-32_label_G-0-0__0.npy,G-0-0
GoldenEye.1995__#00-39-57_00-41-32_label_G-0-0__1.npy,G-0-0
GoldenEye.1995__#00-39-57_00-41-32_label_G-0-0__2.npy,G-0-0
GoldenEye.1995__#00-39-57_00-41-32_label_G-0-0__3.npy,G-0-0
GoldenEye.1995__#00-39-57_00-41-32_label_G-0-0__4.npy,G-0-0
GoldenEye.1995__#00-39-57_00-41-32_label_G-0-0__5.npy,G-0-0
GoldenEye.1995__#00-39-57_00-41-32_label_G-0-0__6.npy,G-0-0
GoldenEye.1995__#00-39-57_00-41-32_label_G-0-0__7.npy,G-0-0
GoldenEye.1995__#00-39-57_00-41-32_label_G-0-0__8.npy,G-0-0
GoldenEye.1995__#00-39-57_00-41-32_label_G-0-0__9.npy,G-0-0
GoldenEye.1995__#00-52-42_00-52-59_label_G-0-0__0.npy,G-0-0
GoldenEye.1995__#00-52-42_00-52-59_label_G-0-0__1.npy,G-0-0
GoldenEye.1995__#00-52-42_00-52-59_label_G-0-0__2.npy,G-0-0
GoldenEye.1995__#00-52-42_00-52-59_label_G-0-0__3.npy,G-0-0
GoldenEye.1995__#00-52-42_00-52-59_label_G-0-0__4.npy,G-0-0
GoldenEye.1995__#00-52-42_00-52-59_label_G-0-0__5.npy,G-0-0
GoldenEye.1995__#00-52-42_00-52-59_label_G-0-0__6.npy,G-0-0
GoldenEye.1995__#00-52-42_00-52-59_label_G-0-0__7.npy,G-0-0
GoldenEye.1995__#00-52-42_00-52-59_label_G-0-0__8.npy,G-0-0
GoldenEye.1995__#00-52-42_00-52-59_label_G-0-0__9.npy,G-0-0
GoldenEye.1995__#01-12-02_01-12-44_label_G-0-0__0.npy,G-0-0
GoldenEye.1995__#01-12-02_01-12-44_label_G-0-0__1.npy,G-0-0
GoldenEye.1995__#01-12-02_01-12-44_label_G-0-0__2.npy,G-0-0
GoldenEye.1995__#01-12-02_01-12-44_label_G-0-0__3.npy,G-0-0
GoldenEye.1995__#01-12-02_01-12-44_label_G-0-0__4.npy,G-0-0
GoldenEye.1995__#01-12-02_01-12-44_label_G-0-0__5.npy,G-0-0
GoldenEye.1995__#01-12-02_01-12-44_label_G-0-0__6.npy,G-0-0
GoldenEye.1995__#01-12-02_01-12-44_label_G-0-0__7.npy,G-0-0
GoldenEye.1995__#01-12-02_01-12-44_label_G-0-0__8.npy,G-0-0
GoldenEye.1995__#01-12-02_01-12-44_label_G-0-0__9.npy,G-0-0
GoldenEye.1995__#01-28-03_01-28-24_label_G-0-0__0.npy,G-0-0
GoldenEye.1995__#01-28-03_01-28-24_label_G-0-0__1.npy,G-0-0
GoldenEye.1995__#01-28-03_01-28-24_label_G-0-0__2.npy,G-0-0
GoldenEye.1995__#01-28-03_01-28-24_label_G-0-0__3.npy,G-0-0
GoldenEye.1995__#01-28-03_01-28-24_label_G-0-0__4.npy,G-0-0
GoldenEye.1995__#01-28-03_01-28-24_label_G-0-0__5.npy,G-0-0
GoldenEye.1995__#01-28-03_01-28-24_label_G-0-0__6.npy,G-0-0
GoldenEye.1995__#01-28-03_01-28-24_label_G-0-0__7.npy,G-0-0
GoldenEye.1995__#01-28-03_01-28-24_label_G-0-0__8.npy,G-0-0
GoldenEye.1995__#01-28-03_01-28-24_label_G-0-0__9.npy,G-0-0
GoldenEye.1995__#01-33-05_01-33-39_label_G-0-0__0.npy,G-0-0
GoldenEye.1995__#01-33-05_01-33-39_label_G-0-0__1.npy,G-0-0
GoldenEye.1995__#01-33-05_01-33-39_label_G-0-0__2.npy,G-0-0
GoldenEye.1995__#01-33-05_01-33-39_label_G-0-0__3.npy,G-0-0
GoldenEye.1995__#01-33-05_01-33-39_label_G-0-0__4.npy,G-0-0
GoldenEye.1995__#01-33-05_01-33-39_label_G-0-0__5.npy,G-0-0
GoldenEye.1995__#01-33-05_01-33-39_label_G-0-0__6.npy,G-0-0
GoldenEye.1995__#01-33-05_01-33-39_label_G-0-0__7.npy,G-0-0
GoldenEye.1995__#01-33-05_01-33-39_label_G-0-0__8.npy,G-0-0
GoldenEye.1995__#01-33-05_01-33-39_label_G-0-0__9.npy,G-0-0
GoldenEye.1995__#01-55-46_01-56-22_label_G-0-0__0.npy,G-0-0
GoldenEye.1995__#01-55-46_01-56-22_label_G-0-0__1.npy,G-0-0
GoldenEye.1995__#01-55-46_01-56-22_label_G-0-0__2.npy,G-0-0
GoldenEye.1995__#01-55-46_01-56-22_label_G-0-0__3.npy,G-0-0
GoldenEye.1995__#01-55-46_01-56-22_label_G-0-0__4.npy,G-0-0
GoldenEye.1995__#01-55-46_01-56-22_label_G-0-0__5.npy,G-0-0
GoldenEye.1995__#01-55-46_01-56-22_label_G-0-0__6.npy,G-0-0
GoldenEye.1995__#01-55-46_01-56-22_label_G-0-0__7.npy,G-0-0
GoldenEye.1995__#01-55-46_01-56-22_label_G-0-0__8.npy,G-0-0
GoldenEye.1995__#01-55-46_01-56-22_label_G-0-0__9.npy,G-0-0
Hot.Fuzz.2007__#01-52-53_01-53-34_label_G-0-0__0.npy,G-0-0
Hot.Fuzz.2007__#01-52-53_01-53-34_label_G-0-0__1.npy,G-0-0
Hot.Fuzz.2007__#01-52-53_01-53-34_label_G-0-0__2.npy,G-0-0
Hot.Fuzz.2007__#01-52-53_01-53-34_label_G-0-0__3.npy,G-0-0
Hot.Fuzz.2007__#01-52-53_01-53-34_label_G-0-0__4.npy,G-0-0
Hot.Fuzz.2007__#01-52-53_01-53-34_label_G-0-0__5.npy,G-0-0
Hot.Fuzz.2007__#01-52-53_01-53-34_label_G-0-0__6.npy,G-0-0
Hot.Fuzz.2007__#01-52-53_01-53-34_label_G-0-0__7.npy,G-0-0
Hot.Fuzz.2007__#01-52-53_01-53-34_label_G-0-0__8.npy,G-0-0
Hot.Fuzz.2007__#01-52-53_01-53-34_label_G-0-0__9.npy,G-0-0
Kingsman.The.Golden.Circle.2017__#00-26-28_00-27-05_label_G-0-0__0.npy,G-0-0
Kingsman.The.Golden.Circle.2017__#00-26-28_00-27-05_label_G-0-0__1.npy,G-0-0
Kingsman.The.Golden.Circle.2017__#00-26-28_00-27-05_label_G-0-0__2.npy,G-0-0
Kingsman.The.Golden.Circle.2017__#00-26-28_00-27-05_label_G-0-0__3.npy,G-0-0
Kingsman.The.Golden.Circle.2017__#00-26-28_00-27-05_label_G-0-0__4.npy,G-0-0
Kingsman.The.Golden.Circle.2017__#00-26-28_00-27-05_label_G-0-0__5.npy,G-0-0
Kingsman.The.Golden.Circle.2017__#00-26-28_00-27-05_label_G-0-0__6.npy,G-0-0
Kingsman.The.Golden.Circle.2017__#00-26-28_00-27-05_label_G-0-0__7.npy,G-0-0
Kingsman.The.Golden.Circle.2017__#00-26-28_00-27-05_label_G-0-0__8.npy,G-0-0
Kingsman.The.Golden.Circle.2017__#00-26-28_00-27-05_label_G-0-0__9.npy,G-0-0
Kingsman.The.Golden.Circle.2017__#01-34-40_01-35-08_label_G-0-0__0.npy,G-0-0
Kingsman.The.Golden.Circle.2017__#01-34-40_01-35-08_label_G-0-0__1.npy,G-0-0
Kingsman.The.Golden.Circle.2017__#01-34-40_01-35-08_label_G-0-0__2.npy,G-0-0
Kingsman.The.Golden.Circle.2017__#01-34-40_01-35-08_label_G-0-0__3.npy,G-0-0
Kingsman.The.Golden.Circle.2017__#01-34-40_01-35-08_label_G-0-0__4.npy,G-0-0
Kingsman.The.Golden.Circle.2017__#01-34-40_01-35-08_label_G-0-0__5.npy,G-0-0
Kingsman.The.Golden.Circle.2017__#01-34-40_01-35-08_label_G-0-0__6.npy,G-0-0
Kingsman.The.Golden.Circle.2017__#01-34-40_01-35-08_label_G-0-0__7.npy,G-0-0
Kingsman.The.Golden.Circle.2017__#01-34-40_01-35-08_label_G-0-0__8.npy,G-0-0
Kingsman.The.Golden.Circle.2017__#01-34-40_01-35-08_label_G-0-0__9.npy,G-0-0
Kingsman.The.Golden.Circle.2017__#01-51-23_01-51-35_label_G-0-0__0.npy,G-0-0
Kingsman.The.Golden.Circle.2017__#01-51-23_01-51-35_label_G-0-0__1.npy,G-0-0
Kingsman.The.Golden.Circle.2017__#01-51-23_01-51-35_label_G-0-0__2.npy,G-0-0
Kingsman.The.Golden.Circle.2017__#01-51-23_01-51-35_label_G-0-0__3.npy,G-0-0
Kingsman.The.Golden.Circle.2017__#01-51-23_01-51-35_label_G-0-0__4.npy,G-0-0
Kingsman.The.Golden.Circle.2017__#01-51-23_01-51-35_label_G-0-0__5.npy,G-0-0
Kingsman.The.Golden.Circle.2017__#01-51-23_01-51-35_label_G-0-0__6.npy,G-0-0
Kingsman.The.Golden.Circle.2017__#01-51-23_01-51-35_label_G-0-0__7.npy,G-0-0
Kingsman.The.Golden.Circle.2017__#01-51-23_01-51-35_label_G-0-0__8.npy,G-0-0
Kingsman.The.Golden.Circle.2017__#01-51-23_01-51-35_label_G-0-0__9.npy,G-0-0
Kingsman.The.Secret.Service.2014__#01-49-00_01-49-40_label_G-0-0__0.npy,G-0-0
Kingsman.The.Secret.Service.2014__#01-49-00_01-49-40_label_G-0-0__1.npy,G-0-0
Kingsman.The.Secret.Service.2014__#01-49-00_01-49-40_label_G-0-0__2.npy,G-0-0
Kingsman.The.Secret.Service.2014__#01-49-00_01-49-40_label_G-0-0__3.npy,G-0-0
Kingsman.The.Secret.Service.2014__#01-49-00_01-49-40_label_G-0-0__4.npy,G-0-0
Kingsman.The.Secret.Service.2014__#01-49-00_01-49-40_label_G-0-0__5.npy,G-0-0
Kingsman.The.Secret.Service.2014__#01-49-00_01-49-40_label_G-0-0__6.npy,G-0-0
Kingsman.The.Secret.Service.2014__#01-49-00_01-49-40_label_G-0-0__7.npy,G-0-0
Kingsman.The.Secret.Service.2014__#01-49-00_01-49-40_label_G-0-0__8.npy,G-0-0
Kingsman.The.Secret.Service.2014__#01-49-00_01-49-40_label_G-0-0__9.npy,G-0-0
Law.Abiding.Citizen.2009__#01-14-42_01-15-38_label_G-0-0__0.npy,G-0-0
Law.Abiding.Citizen.2009__#01-14-42_01-15-38_label_G-0-0__1.npy,G-0-0
Law.Abiding.Citizen.2009__#01-14-42_01-15-38_label_G-0-0__2.npy,G-0-0
Law.Abiding.Citizen.2009__#01-14-42_01-15-38_label_G-0-0__3.npy,G-0-0
Law.Abiding.Citizen.2009__#01-14-42_01-15-38_label_G-0-0__4.npy,G-0-0
Law.Abiding.Citizen.2009__#01-14-42_01-15-38_label_G-0-0__5.npy,G-0-0
Law.Abiding.Citizen.2009__#01-14-42_01-15-38_label_G-0-0__6.npy,G-0-0
Law.Abiding.Citizen.2009__#01-14-42_01-15-38_label_G-0-0__7.npy,G-0-0
Law.Abiding.Citizen.2009__#01-14-42_01-15-38_label_G-0-0__8.npy,G-0-0
Law.Abiding.Citizen.2009__#01-14-42_01-15-38_label_G-0-0__9.npy,G-0-0
Law.Abiding.Citizen.2009__#01-27-40_01-27-59_label_G-0-0__0.npy,G-0-0
Law.Abiding.Citizen.2009__#01-27-40_01-27-59_label_G-0-0__1.npy,G-0-0
Law.Abiding.Citizen.2009__#01-27-40_01-27-59_label_G-0-0__2.npy,G-0-0
Law.Abiding.Citizen.2009__#01-27-40_01-27-59_label_G-0-0__3.npy,G-0-0
Law.Abiding.Citizen.2009__#01-27-40_01-27-59_label_G-0-0__4.npy,G-0-0
Law.Abiding.Citizen.2009__#01-27-40_01-27-59_label_G-0-0__5.npy,G-0-0
Law.Abiding.Citizen.2009__#01-27-40_01-27-59_label_G-0-0__6.npy,G-0-0
Law.Abiding.Citizen.2009__#01-27-40_01-27-59_label_G-0-0__7.npy,G-0-0
Law.Abiding.Citizen.2009__#01-27-40_01-27-59_label_G-0-0__8.npy,G-0-0
Law.Abiding.Citizen.2009__#01-27-40_01-27-59_label_G-0-0__9.npy,G-0-0
Love.Death.and.Robots.S01E04__#00-10-39_00-10-51_label_G-0-0__0.npy,G-0-0
Love.Death.and.Robots.S01E04__#00-10-39_00-10-51_label_G-0-0__1.npy,G-0-0
Love.Death.and.Robots.S01E04__#00-10-39_00-10-51_label_G-0-0__2.npy,G-0-0
Love.Death.and.Robots.S01E04__#00-10-39_00-10-51_label_G-0-0__3.npy,G-0-0
Love.Death.and.Robots.S01E04__#00-10-39_00-10-51_label_G-0-0__4.npy,G-0-0
Love.Death.and.Robots.S01E04__#00-10-39_00-10-51_label_G-0-0__5.npy,G-0-0
Love.Death.and.Robots.S01E04__#00-10-39_00-10-51_label_G-0-0__6.npy,G-0-0
Love.Death.and.Robots.S01E04__#00-10-39_00-10-51_label_G-0-0__7.npy,G-0-0
Love.Death.and.Robots.S01E04__#00-10-39_00-10-51_label_G-0-0__8.npy,G-0-0
Love.Death.and.Robots.S01E04__#00-10-39_00-10-51_label_G-0-0__9.npy,G-0-0
Love.Death.and.Robots.S01E15__#0-01-35_0-02-09_label_G-0-0__0.npy,G-0-0
Love.Death.and.Robots.S01E15__#0-01-35_0-02-09_label_G-0-0__1.npy,G-0-0
Love.Death.and.Robots.S01E15__#0-01-35_0-02-09_label_G-0-0__2.npy,G-0-0
Love.Death.and.Robots.S01E15__#0-01-35_0-02-09_label_G-0-0__3.npy,G-0-0
Love.Death.and.Robots.S01E15__#0-01-35_0-02-09_label_G-0-0__4.npy,G-0-0
Love.Death.and.Robots.S01E15__#0-01-35_0-02-09_label_G-0-0__5.npy,G-0-0
Love.Death.and.Robots.S01E15__#0-01-35_0-02-09_label_G-0-0__6.npy,G-0-0
Love.Death.and.Robots.S01E15__#0-01-35_0-02-09_label_G-0-0__7.npy,G-0-0
Love.Death.and.Robots.S01E15__#0-01-35_0-02-09_label_G-0-0__8.npy,G-0-0
Love.Death.and.Robots.S01E15__#0-01-35_0-02-09_label_G-0-0__9.npy,G-0-0
Love.Death.and.Robots.S01E15__#0-02-51_0-03-05_label_G-0-0__0.npy,G-0-0
Love.Death.and.Robots.S01E15__#0-02-51_0-03-05_label_G-0-0__1.npy,G-0-0
Love.Death.and.Robots.S01E15__#0-02-51_0-03-05_label_G-0-0__2.npy,G-0-0
Love.Death.and.Robots.S01E15__#0-02-51_0-03-05_label_G-0-0__3.npy,G-0-0
Love.Death.and.Robots.S01E15__#0-02-51_0-03-05_label_G-0-0__4.npy,G-0-0
Love.Death.and.Robots.S01E15__#0-02-51_0-03-05_label_G-0-0__5.npy,G-0-0
Love.Death.and.Robots.S01E15__#0-02-51_0-03-05_label_G-0-0__6.npy,G-0-0
Love.Death.and.Robots.S01E15__#0-02-51_0-03-05_label_G-0-0__7.npy,G-0-0
Love.Death.and.Robots.S01E15__#0-02-51_0-03-05_label_G-0-0__8.npy,G-0-0
Love.Death.and.Robots.S01E15__#0-02-51_0-03-05_label_G-0-0__9.npy,G-0-0
Love.Death.and.Robots.S01E16__#0-04-10_0-04-57_label_G-0-0__0.npy,G-0-0
Love.Death.and.Robots.S01E16__#0-04-10_0-04-57_label_G-0-0__1.npy,G-0-0
Love.Death.and.Robots.S01E16__#0-04-10_0-04-57_label_G-0-0__2.npy,G-0-0
Love.Death.and.Robots.S01E16__#0-04-10_0-04-57_label_G-0-0__3.npy,G-0-0
Love.Death.and.Robots.S01E16__#0-04-10_0-04-57_label_G-0-0__4.npy,G-0-0
Love.Death.and.Robots.S01E16__#0-04-10_0-04-57_label_G-0-0__5.npy,G-0-0
Love.Death.and.Robots.S01E16__#0-04-10_0-04-57_label_G-0-0__6.npy,G-0-0
Love.Death.and.Robots.S01E16__#0-04-10_0-04-57_label_G-0-0__7.npy,G-0-0
Love.Death.and.Robots.S01E16__#0-04-10_0-04-57_label_G-0-0__8.npy,G-0-0
Love.Death.and.Robots.S01E16__#0-04-10_0-04-57_label_G-0-0__9.npy,G-0-0
Mindhunters.2004__#00-33-40_00-34-35_label_G-0-0__0.npy,G-0-0
Mindhunters.2004__#00-33-40_00-34-35_label_G-0-0__1.npy,G-0-0
Mindhunters.2004__#00-33-40_00-34-35_label_G-0-0__2.npy,G-0-0
Mindhunters.2004__#00-33-40_00-34-35_label_G-0-0__3.npy,G-0-0
Mindhunters.2004__#00-33-40_00-34-35_label_G-0-0__4.npy,G-0-0
Mindhunters.2004__#00-33-40_00-34-35_label_G-0-0__5.npy,G-0-0
Mindhunters.2004__#00-33-40_00-34-35_label_G-0-0__6.npy,G-0-0
Mindhunters.2004__#00-33-40_00-34-35_label_G-0-0__7.npy,G-0-0
Mindhunters.2004__#00-33-40_00-34-35_label_G-0-0__8.npy,G-0-0
Mindhunters.2004__#00-33-40_00-34-35_label_G-0-0__9.npy,G-0-0
Mission.Impossible.Fallout.2018__#02-12-31_02-12-38_label_G-0-0__0.npy,G-0-0
Mission.Impossible.Fallout.2018__#02-12-31_02-12-38_label_G-0-0__1.npy,G-0-0
Mission.Impossible.Fallout.2018__#02-12-31_02-12-38_label_G-0-0__2.npy,G-0-0
Mission.Impossible.Fallout.2018__#02-12-31_02-12-38_label_G-0-0__3.npy,G-0-0
Mission.Impossible.Fallout.2018__#02-12-31_02-12-38_label_G-0-0__4.npy,G-0-0
Mission.Impossible.Fallout.2018__#02-12-31_02-12-38_label_G-0-0__5.npy,G-0-0
Mission.Impossible.Fallout.2018__#02-12-31_02-12-38_label_G-0-0__6.npy,G-0-0
Mission.Impossible.Fallout.2018__#02-12-31_02-12-38_label_G-0-0__7.npy,G-0-0
Mission.Impossible.Fallout.2018__#02-12-31_02-12-38_label_G-0-0__8.npy,G-0-0
Mission.Impossible.Fallout.2018__#02-12-31_02-12-38_label_G-0-0__9.npy,G-0-0
Mission.Impossible.Ghost.Protocol.2011__#00-30-57_00-31-32_label_G-0-0__0.npy,G-0-0
Mission.Impossible.Ghost.Protocol.2011__#00-30-57_00-31-32_label_G-0-0__1.npy,G-0-0
Mission.Impossible.Ghost.Protocol.2011__#00-30-57_00-31-32_label_G-0-0__2.npy,G-0-0
Mission.Impossible.Ghost.Protocol.2011__#00-30-57_00-31-32_label_G-0-0__3.npy,G-0-0
Mission.Impossible.Ghost.Protocol.2011__#00-30-57_00-31-32_label_G-0-0__4.npy,G-0-0
Mission.Impossible.Ghost.Protocol.2011__#00-30-57_00-31-32_label_G-0-0__5.npy,G-0-0
Mission.Impossible.Ghost.Protocol.2011__#00-30-57_00-31-32_label_G-0-0__6.npy,G-0-0
Mission.Impossible.Ghost.Protocol.2011__#00-30-57_00-31-32_label_G-0-0__7.npy,G-0-0
Mission.Impossible.Ghost.Protocol.2011__#00-30-57_00-31-32_label_G-0-0__8.npy,G-0-0
Mission.Impossible.Ghost.Protocol.2011__#00-30-57_00-31-32_label_G-0-0__9.npy,G-0-0
Mission.Impossible.II.2000__#01-16-58_01-17-24_label_G-0-0__0.npy,G-0-0
Mission.Impossible.II.2000__#01-16-58_01-17-24_label_G-0-0__1.npy,G-0-0
Mission.Impossible.II.2000__#01-16-58_01-17-24_label_G-0-0__2.npy,G-0-0
Mission.Impossible.II.2000__#01-16-58_01-17-24_label_G-0-0__3.npy,G-0-0
Mission.Impossible.II.2000__#01-16-58_01-17-24_label_G-0-0__4.npy,G-0-0
Mission.Impossible.II.2000__#01-16-58_01-17-24_label_G-0-0__5.npy,G-0-0
Mission.Impossible.II.2000__#01-16-58_01-17-24_label_G-0-0__6.npy,G-0-0
Mission.Impossible.II.2000__#01-16-58_01-17-24_label_G-0-0__7.npy,G-0-0
Mission.Impossible.II.2000__#01-16-58_01-17-24_label_G-0-0__8.npy,G-0-0
Mission.Impossible.II.2000__#01-16-58_01-17-24_label_G-0-0__9.npy,G-0-0
Mission.Impossible.II.2000__#01-22-53_01-23-16_label_G-0-0__0.npy,G-0-0
Mission.Impossible.II.2000__#01-22-53_01-23-16_label_G-0-0__1.npy,G-0-0
Mission.Impossible.II.2000__#01-22-53_01-23-16_label_G-0-0__2.npy,G-0-0
Mission.Impossible.II.2000__#01-22-53_01-23-16_label_G-0-0__3.npy,G-0-0
Mission.Impossible.II.2000__#01-22-53_01-23-16_label_G-0-0__4.npy,G-0-0
Mission.Impossible.II.2000__#01-22-53_01-23-16_label_G-0-0__5.npy,G-0-0
Mission.Impossible.II.2000__#01-22-53_01-23-16_label_G-0-0__6.npy,G-0-0
Mission.Impossible.II.2000__#01-22-53_01-23-16_label_G-0-0__7.npy,G-0-0
Mission.Impossible.II.2000__#01-22-53_01-23-16_label_G-0-0__8.npy,G-0-0
Mission.Impossible.II.2000__#01-22-53_01-23-16_label_G-0-0__9.npy,G-0-0
Mission.Impossible.III.2006__#00-15-40_00-16-28_label_G-0-0__0.npy,G-0-0
Mission.Impossible.III.2006__#00-15-40_00-16-28_label_G-0-0__1.npy,G-0-0
Mission.Impossible.III.2006__#00-15-40_00-16-28_label_G-0-0__2.npy,G-0-0
Mission.Impossible.III.2006__#00-15-40_00-16-28_label_G-0-0__3.npy,G-0-0
Mission.Impossible.III.2006__#00-15-40_00-16-28_label_G-0-0__4.npy,G-0-0
Mission.Impossible.III.2006__#00-15-40_00-16-28_label_G-0-0__5.npy,G-0-0
Mission.Impossible.III.2006__#00-15-40_00-16-28_label_G-0-0__6.npy,G-0-0
Mission.Impossible.III.2006__#00-15-40_00-16-28_label_G-0-0__7.npy,G-0-0
Mission.Impossible.III.2006__#00-15-40_00-16-28_label_G-0-0__8.npy,G-0-0
Mission.Impossible.III.2006__#00-15-40_00-16-28_label_G-0-0__9.npy,G-0-0
Mission.Impossible.III.2006__#00-20-44_00-21-20_label_G-0-0__0.npy,G-0-0
Mission.Impossible.III.2006__#00-20-44_00-21-20_label_G-0-0__1.npy,G-0-0
Mission.Impossible.III.2006__#00-20-44_00-21-20_label_G-0-0__2.npy,G-0-0
Mission.Impossible.III.2006__#00-20-44_00-21-20_label_G-0-0__3.npy,G-0-0
Mission.Impossible.III.2006__#00-20-44_00-21-20_label_G-0-0__4.npy,G-0-0
Mission.Impossible.III.2006__#00-20-44_00-21-20_label_G-0-0__5.npy,G-0-0
Mission.Impossible.III.2006__#00-20-44_00-21-20_label_G-0-0__6.npy,G-0-0
Mission.Impossible.III.2006__#00-20-44_00-21-20_label_G-0-0__7.npy,G-0-0
Mission.Impossible.III.2006__#00-20-44_00-21-20_label_G-0-0__8.npy,G-0-0
Mission.Impossible.III.2006__#00-20-44_00-21-20_label_G-0-0__9.npy,G-0-0
Mission.Impossible.III.2006__#00-22-20_00-22-35_label_G-0-0__0.npy,G-0-0
Mission.Impossible.III.2006__#00-22-20_00-22-35_label_G-0-0__1.npy,G-0-0
Mission.Impossible.III.2006__#00-22-20_00-22-35_label_G-0-0__2.npy,G-0-0
Mission.Impossible.III.2006__#00-22-20_00-22-35_label_G-0-0__3.npy,G-0-0
Mission.Impossible.III.2006__#00-22-20_00-22-35_label_G-0-0__4.npy,G-0-0
Mission.Impossible.III.2006__#00-22-20_00-22-35_label_G-0-0__5.npy,G-0-0
Mission.Impossible.III.2006__#00-22-20_00-22-35_label_G-0-0__6.npy,G-0-0
Mission.Impossible.III.2006__#00-22-20_00-22-35_label_G-0-0__7.npy,G-0-0
Mission.Impossible.III.2006__#00-22-20_00-22-35_label_G-0-0__8.npy,G-0-0
Mission.Impossible.III.2006__#00-22-20_00-22-35_label_G-0-0__9.npy,G-0-0
Mission.Impossible.III.2006__#00-23-15_00-23-35_label_G-0-0__0.npy,G-0-0
Mission.Impossible.III.2006__#00-23-15_00-23-35_label_G-0-0__1.npy,G-0-0
Mission.Impossible.III.2006__#00-23-15_00-23-35_label_G-0-0__2.npy,G-0-0
Mission.Impossible.III.2006__#00-23-15_00-23-35_label_G-0-0__3.npy,G-0-0
Mission.Impossible.III.2006__#00-23-15_00-23-35_label_G-0-0__4.npy,G-0-0
Mission.Impossible.III.2006__#00-23-15_00-23-35_label_G-0-0__5.npy,G-0-0
Mission.Impossible.III.2006__#00-23-15_00-23-35_label_G-0-0__6.npy,G-0-0
Mission.Impossible.III.2006__#00-23-15_00-23-35_label_G-0-0__7.npy,G-0-0
Mission.Impossible.III.2006__#00-23-15_00-23-35_label_G-0-0__8.npy,G-0-0
Mission.Impossible.III.2006__#00-23-15_00-23-35_label_G-0-0__9.npy,G-0-0
Mission.Impossible.V.Rogue.Nation.2015__#00-41-49_00-42-21_label_G-0-0__0.npy,G-0-0
Mission.Impossible.V.Rogue.Nation.2015__#00-41-49_00-42-21_label_G-0-0__1.npy,G-0-0
Mission.Impossible.V.Rogue.Nation.2015__#00-41-49_00-42-21_label_G-0-0__2.npy,G-0-0
Mission.Impossible.V.Rogue.Nation.2015__#00-41-49_00-42-21_label_G-0-0__3.npy,G-0-0
Mission.Impossible.V.Rogue.Nation.2015__#00-41-49_00-42-21_label_G-0-0__4.npy,G-0-0
Mission.Impossible.V.Rogue.Nation.2015__#00-41-49_00-42-21_label_G-0-0__5.npy,G-0-0
Mission.Impossible.V.Rogue.Nation.2015__#00-41-49_00-42-21_label_G-0-0__6.npy,G-0-0
Mission.Impossible.V.Rogue.Nation.2015__#00-41-49_00-42-21_label_G-0-0__7.npy,G-0-0
Mission.Impossible.V.Rogue.Nation.2015__#00-41-49_00-42-21_label_G-0-0__8.npy,G-0-0
Mission.Impossible.V.Rogue.Nation.2015__#00-41-49_00-42-21_label_G-0-0__9.npy,G-0-0
New.Kids.Turbo.2010__#00-58-01_00-58-33_label_G-0-0__0.npy,G-0-0
New.Kids.Turbo.2010__#00-58-01_00-58-33_label_G-0-0__1.npy,G-0-0
New.Kids.Turbo.2010__#00-58-01_00-58-33_label_G-0-0__2.npy,G-0-0
New.Kids.Turbo.2010__#00-58-01_00-58-33_label_G-0-0__3.npy,G-0-0
New.Kids.Turbo.2010__#00-58-01_00-58-33_label_G-0-0__4.npy,G-0-0
New.Kids.Turbo.2010__#00-58-01_00-58-33_label_G-0-0__5.npy,G-0-0
New.Kids.Turbo.2010__#00-58-01_00-58-33_label_G-0-0__6.npy,G-0-0
New.Kids.Turbo.2010__#00-58-01_00-58-33_label_G-0-0__7.npy,G-0-0
New.Kids.Turbo.2010__#00-58-01_00-58-33_label_G-0-0__8.npy,G-0-0
New.Kids.Turbo.2010__#00-58-01_00-58-33_label_G-0-0__9.npy,G-0-0
Operation.Red.Sea.2018__#0-07-37_0-07-55_label_G-0-0__0.npy,G-0-0
Operation.Red.Sea.2018__#0-07-37_0-07-55_label_G-0-0__1.npy,G-0-0
Operation.Red.Sea.2018__#0-07-37_0-07-55_label_G-0-0__2.npy,G-0-0
Operation.Red.Sea.2018__#0-07-37_0-07-55_label_G-0-0__3.npy,G-0-0
Operation.Red.Sea.2018__#0-07-37_0-07-55_label_G-0-0__4.npy,G-0-0
Operation.Red.Sea.2018__#0-07-37_0-07-55_label_G-0-0__5.npy,G-0-0
Operation.Red.Sea.2018__#0-07-37_0-07-55_label_G-0-0__6.npy,G-0-0
Operation.Red.Sea.2018__#0-07-37_0-07-55_label_G-0-0__7.npy,G-0-0
Operation.Red.Sea.2018__#0-07-37_0-07-55_label_G-0-0__8.npy,G-0-0
Operation.Red.Sea.2018__#0-07-37_0-07-55_label_G-0-0__9.npy,G-0-0
Operation.Red.Sea.2018__#0-53-51_0-55-00_label_G-0-0__0.npy,G-0-0
Operation.Red.Sea.2018__#0-53-51_0-55-00_label_G-0-0__1.npy,G-0-0
Operation.Red.Sea.2018__#0-53-51_0-55-00_label_G-0-0__2.npy,G-0-0
Operation.Red.Sea.2018__#0-53-51_0-55-00_label_G-0-0__3.npy,G-0-0
Operation.Red.Sea.2018__#0-53-51_0-55-00_label_G-0-0__4.npy,G-0-0
Operation.Red.Sea.2018__#0-53-51_0-55-00_label_G-0-0__5.npy,G-0-0
Operation.Red.Sea.2018__#0-53-51_0-55-00_label_G-0-0__6.npy,G-0-0
Operation.Red.Sea.2018__#0-53-51_0-55-00_label_G-0-0__7.npy,G-0-0
Operation.Red.Sea.2018__#0-53-51_0-55-00_label_G-0-0__8.npy,G-0-0
Operation.Red.Sea.2018__#0-53-51_0-55-00_label_G-0-0__9.npy,G-0-0
Operation.Red.Sea.2018__#01-00-55_01-01-00_label_G-0-0__0.npy,G-0-0
Operation.Red.Sea.2018__#01-00-55_01-01-00_label_G-0-0__1.npy,G-0-0
Operation.Red.Sea.2018__#01-00-55_01-01-00_label_G-0-0__2.npy,G-0-0
Operation.Red.Sea.2018__#01-00-55_01-01-00_label_G-0-0__3.npy,G-0-0
Operation.Red.Sea.2018__#01-00-55_01-01-00_label_G-0-0__4.npy,G-0-0
Operation.Red.Sea.2018__#01-00-55_01-01-00_label_G-0-0__5.npy,G-0-0
Operation.Red.Sea.2018__#01-00-55_01-01-00_label_G-0-0__6.npy,G-0-0
Operation.Red.Sea.2018__#01-00-55_01-01-00_label_G-0-0__7.npy,G-0-0
Operation.Red.Sea.2018__#01-00-55_01-01-00_label_G-0-0__8.npy,G-0-0
Operation.Red.Sea.2018__#01-00-55_01-01-00_label_G-0-0__9.npy,G-0-0
Operation.Red.Sea.2018__#01-02-13_01-02-22_label_G-0-0__0.npy,G-0-0
Operation.Red.Sea.2018__#01-02-13_01-02-22_label_G-0-0__1.npy,G-0-0
Operation.Red.Sea.2018__#01-02-13_01-02-22_label_G-0-0__2.npy,G-0-0
Operation.Red.Sea.2018__#01-02-13_01-02-22_label_G-0-0__3.npy,G-0-0
Operation.Red.Sea.2018__#01-02-13_01-02-22_label_G-0-0__4.npy,G-0-0
Operation.Red.Sea.2018__#01-02-13_01-02-22_label_G-0-0__5.npy,G-0-0
Operation.Red.Sea.2018__#01-02-13_01-02-22_label_G-0-0__6.npy,G-0-0
Operation.Red.Sea.2018__#01-02-13_01-02-22_label_G-0-0__7.npy,G-0-0
Operation.Red.Sea.2018__#01-02-13_01-02-22_label_G-0-0__8.npy,G-0-0
Operation.Red.Sea.2018__#01-02-13_01-02-22_label_G-0-0__9.npy,G-0-0
Operation.Red.Sea.2018__#01-06-10_01-06-40_label_G-0-0__0.npy,G-0-0
Operation.Red.Sea.2018__#01-06-10_01-06-40_label_G-0-0__1.npy,G-0-0
Operation.Red.Sea.2018__#01-06-10_01-06-40_label_G-0-0__2.npy,G-0-0
Operation.Red.Sea.2018__#01-06-10_01-06-40_label_G-0-0__3.npy,G-0-0
Operation.Red.Sea.2018__#01-06-10_01-06-40_label_G-0-0__4.npy,G-0-0
Operation.Red.Sea.2018__#01-06-10_01-06-40_label_G-0-0__5.npy,G-0-0
Operation.Red.Sea.2018__#01-06-10_01-06-40_label_G-0-0__6.npy,G-0-0
Operation.Red.Sea.2018__#01-06-10_01-06-40_label_G-0-0__7.npy,G-0-0
Operation.Red.Sea.2018__#01-06-10_01-06-40_label_G-0-0__8.npy,G-0-0
Operation.Red.Sea.2018__#01-06-10_01-06-40_label_G-0-0__9.npy,G-0-0
Operation.Red.Sea.2018__#01-27-33_01-27-43_label_G-0-0__0.npy,G-0-0
Operation.Red.Sea.2018__#01-27-33_01-27-43_label_G-0-0__1.npy,G-0-0
Operation.Red.Sea.2018__#01-27-33_01-27-43_label_G-0-0__2.npy,G-0-0
Operation.Red.Sea.2018__#01-27-33_01-27-43_label_G-0-0__3.npy,G-0-0
Operation.Red.Sea.2018__#01-27-33_01-27-43_label_G-0-0__4.npy,G-0-0
Operation.Red.Sea.2018__#01-27-33_01-27-43_label_G-0-0__5.npy,G-0-0
Operation.Red.Sea.2018__#01-27-33_01-27-43_label_G-0-0__6.npy,G-0-0
Operation.Red.Sea.2018__#01-27-33_01-27-43_label_G-0-0__7.npy,G-0-0
Operation.Red.Sea.2018__#01-27-33_01-27-43_label_G-0-0__8.npy,G-0-0
Operation.Red.Sea.2018__#01-27-33_01-27-43_label_G-0-0__9.npy,G-0-0
Operation.Red.Sea.2018__#01-31-26_01-31-45_label_G-0-0__0.npy,G-0-0
Operation.Red.Sea.2018__#01-31-26_01-31-45_label_G-0-0__1.npy,G-0-0
Operation.Red.Sea.2018__#01-31-26_01-31-45_label_G-0-0__2.npy,G-0-0
Operation.Red.Sea.2018__#01-31-26_01-31-45_label_G-0-0__3.npy,G-0-0
Operation.Red.Sea.2018__#01-31-26_01-31-45_label_G-0-0__4.npy,G-0-0
Operation.Red.Sea.2018__#01-31-26_01-31-45_label_G-0-0__5.npy,G-0-0
Operation.Red.Sea.2018__#01-31-26_01-31-45_label_G-0-0__6.npy,G-0-0
Operation.Red.Sea.2018__#01-31-26_01-31-45_label_G-0-0__7.npy,G-0-0
Operation.Red.Sea.2018__#01-31-26_01-31-45_label_G-0-0__8.npy,G-0-0
Operation.Red.Sea.2018__#01-31-26_01-31-45_label_G-0-0__9.npy,G-0-0
Operation.Red.Sea.2018__#01-34-55_01-35-22_label_G-0-0__0.npy,G-0-0
Operation.Red.Sea.2018__#01-34-55_01-35-22_label_G-0-0__1.npy,G-0-0
Operation.Red.Sea.2018__#01-34-55_01-35-22_label_G-0-0__2.npy,G-0-0
Operation.Red.Sea.2018__#01-34-55_01-35-22_label_G-0-0__3.npy,G-0-0
Operation.Red.Sea.2018__#01-34-55_01-35-22_label_G-0-0__4.npy,G-0-0
Operation.Red.Sea.2018__#01-34-55_01-35-22_label_G-0-0__5.npy,G-0-0
Operation.Red.Sea.2018__#01-34-55_01-35-22_label_G-0-0__6.npy,G-0-0
Operation.Red.Sea.2018__#01-34-55_01-35-22_label_G-0-0__7.npy,G-0-0
Operation.Red.Sea.2018__#01-34-55_01-35-22_label_G-0-0__8.npy,G-0-0
Operation.Red.Sea.2018__#01-34-55_01-35-22_label_G-0-0__9.npy,G-0-0
Operation.Red.Sea.2018__#01-36-06_01-36-20_label_G-0-0__0.npy,G-0-0
Operation.Red.Sea.2018__#01-36-06_01-36-20_label_G-0-0__1.npy,G-0-0
Operation.Red.Sea.2018__#01-36-06_01-36-20_label_G-0-0__2.npy,G-0-0
Operation.Red.Sea.2018__#01-36-06_01-36-20_label_G-0-0__3.npy,G-0-0
Operation.Red.Sea.2018__#01-36-06_01-36-20_label_G-0-0__4.npy,G-0-0
Operation.Red.Sea.2018__#01-36-06_01-36-20_label_G-0-0__5.npy,G-0-0
Operation.Red.Sea.2018__#01-36-06_01-36-20_label_G-0-0__6.npy,G-0-0
Operation.Red.Sea.2018__#01-36-06_01-36-20_label_G-0-0__7.npy,G-0-0
Operation.Red.Sea.2018__#01-36-06_01-36-20_label_G-0-0__8.npy,G-0-0
Operation.Red.Sea.2018__#01-36-06_01-36-20_label_G-0-0__9.npy,G-0-0
Operation.Red.Sea.2018__#01-39-46_01-40-25_label_G-0-0__0.npy,G-0-0
Operation.Red.Sea.2018__#01-39-46_01-40-25_label_G-0-0__1.npy,G-0-0
Operation.Red.Sea.2018__#01-39-46_01-40-25_label_G-0-0__2.npy,G-0-0
Operation.Red.Sea.2018__#01-39-46_01-40-25_label_G-0-0__3.npy,G-0-0
Operation.Red.Sea.2018__#01-39-46_01-40-25_label_G-0-0__4.npy,G-0-0
Operation.Red.Sea.2018__#01-39-46_01-40-25_label_G-0-0__5.npy,G-0-0
Operation.Red.Sea.2018__#01-39-46_01-40-25_label_G-0-0__6.npy,G-0-0
Operation.Red.Sea.2018__#01-39-46_01-40-25_label_G-0-0__7.npy,G-0-0
Operation.Red.Sea.2018__#01-39-46_01-40-25_label_G-0-0__8.npy,G-0-0
Operation.Red.Sea.2018__#01-39-46_01-40-25_label_G-0-0__9.npy,G-0-0
Operation.Red.Sea.2018__#01-52-20_01-54-14_label_G-0-0__0.npy,G-0-0
Operation.Red.Sea.2018__#01-52-20_01-54-14_label_G-0-0__1.npy,G-0-0
Operation.Red.Sea.2018__#01-52-20_01-54-14_label_G-0-0__2.npy,G-0-0
Operation.Red.Sea.2018__#01-52-20_01-54-14_label_G-0-0__3.npy,G-0-0
Operation.Red.Sea.2018__#01-52-20_01-54-14_label_G-0-0__4.npy,G-0-0
Operation.Red.Sea.2018__#01-52-20_01-54-14_label_G-0-0__5.npy,G-0-0
Operation.Red.Sea.2018__#01-52-20_01-54-14_label_G-0-0__6.npy,G-0-0
Operation.Red.Sea.2018__#01-52-20_01-54-14_label_G-0-0__7.npy,G-0-0
Operation.Red.Sea.2018__#01-52-20_01-54-14_label_G-0-0__8.npy,G-0-0
Operation.Red.Sea.2018__#01-52-20_01-54-14_label_G-0-0__9.npy,G-0-0
Operation.Red.Sea.2018__#02-12-05_02-12-26_label_G-0-0__0.npy,G-0-0
Operation.Red.Sea.2018__#02-12-05_02-12-26_label_G-0-0__1.npy,G-0-0
Operation.Red.Sea.2018__#02-12-05_02-12-26_label_G-0-0__2.npy,G-0-0
Operation.Red.Sea.2018__#02-12-05_02-12-26_label_G-0-0__3.npy,G-0-0
Operation.Red.Sea.2018__#02-12-05_02-12-26_label_G-0-0__4.npy,G-0-0
Operation.Red.Sea.2018__#02-12-05_02-12-26_label_G-0-0__5.npy,G-0-0
Operation.Red.Sea.2018__#02-12-05_02-12-26_label_G-0-0__6.npy,G-0-0
Operation.Red.Sea.2018__#02-12-05_02-12-26_label_G-0-0__7.npy,G-0-0
Operation.Red.Sea.2018__#02-12-05_02-12-26_label_G-0-0__8.npy,G-0-0
Operation.Red.Sea.2018__#02-12-05_02-12-26_label_G-0-0__9.npy,G-0-0
Rush.Hour.1998.BluRay__#00-43-05_00-43-36_label_G-0-0__0.npy,G-0-0
Rush.Hour.1998.BluRay__#00-43-05_00-43-36_label_G-0-0__1.npy,G-0-0
Rush.Hour.1998.BluRay__#00-43-05_00-43-36_label_G-0-0__2.npy,G-0-0
Rush.Hour.1998.BluRay__#00-43-05_00-43-36_label_G-0-0__3.npy,G-0-0
Rush.Hour.1998.BluRay__#00-43-05_00-43-36_label_G-0-0__4.npy,G-0-0
Rush.Hour.1998.BluRay__#00-43-05_00-43-36_label_G-0-0__5.npy,G-0-0
Rush.Hour.1998.BluRay__#00-43-05_00-43-36_label_G-0-0__6.npy,G-0-0
Rush.Hour.1998.BluRay__#00-43-05_00-43-36_label_G-0-0__7.npy,G-0-0
Rush.Hour.1998.BluRay__#00-43-05_00-43-36_label_G-0-0__8.npy,G-0-0
Rush.Hour.1998.BluRay__#00-43-05_00-43-36_label_G-0-0__9.npy,G-0-0
Rush.Hour.3.2007.BluRay__#00-25-05_00-25-25_label_G-0-0__0.npy,G-0-0
Rush.Hour.3.2007.BluRay__#00-25-05_00-25-25_label_G-0-0__1.npy,G-0-0
Rush.Hour.3.2007.BluRay__#00-25-05_00-25-25_label_G-0-0__2.npy,G-0-0
Rush.Hour.3.2007.BluRay__#00-25-05_00-25-25_label_G-0-0__3.npy,G-0-0
Rush.Hour.3.2007.BluRay__#00-25-05_00-25-25_label_G-0-0__4.npy,G-0-0
Rush.Hour.3.2007.BluRay__#00-25-05_00-25-25_label_G-0-0__5.npy,G-0-0
Rush.Hour.3.2007.BluRay__#00-25-05_00-25-25_label_G-0-0__6.npy,G-0-0
Rush.Hour.3.2007.BluRay__#00-25-05_00-25-25_label_G-0-0__7.npy,G-0-0
Rush.Hour.3.2007.BluRay__#00-25-05_00-25-25_label_G-0-0__8.npy,G-0-0
Rush.Hour.3.2007.BluRay__#00-25-05_00-25-25_label_G-0-0__9.npy,G-0-0
Salt.2010__#00-24-24_00-24-37_label_G-0-0__0.npy,G-0-0
Salt.2010__#00-24-24_00-24-37_label_G-0-0__1.npy,G-0-0
Salt.2010__#00-24-24_00-24-37_label_G-0-0__2.npy,G-0-0
Salt.2010__#00-24-24_00-24-37_label_G-0-0__3.npy,G-0-0
Salt.2010__#00-24-24_00-24-37_label_G-0-0__4.npy,G-0-0
Salt.2010__#00-24-24_00-24-37_label_G-0-0__5.npy,G-0-0
Salt.2010__#00-24-24_00-24-37_label_G-0-0__6.npy,G-0-0
Salt.2010__#00-24-24_00-24-37_label_G-0-0__7.npy,G-0-0
Salt.2010__#00-24-24_00-24-37_label_G-0-0__8.npy,G-0-0
Salt.2010__#00-24-24_00-24-37_label_G-0-0__9.npy,G-0-0
Salt.2010__#00-28-36_00-29-00_label_G-0-0__0.npy,G-0-0
Salt.2010__#00-28-36_00-29-00_label_G-0-0__1.npy,G-0-0
Salt.2010__#00-28-36_00-29-00_label_G-0-0__2.npy,G-0-0
Salt.2010__#00-28-36_00-29-00_label_G-0-0__3.npy,G-0-0
Salt.2010__#00-28-36_00-29-00_label_G-0-0__4.npy,G-0-0
Salt.2010__#00-28-36_00-29-00_label_G-0-0__5.npy,G-0-0
Salt.2010__#00-28-36_00-29-00_label_G-0-0__6.npy,G-0-0
Salt.2010__#00-28-36_00-29-00_label_G-0-0__7.npy,G-0-0
Salt.2010__#00-28-36_00-29-00_label_G-0-0__8.npy,G-0-0
Salt.2010__#00-28-36_00-29-00_label_G-0-0__9.npy,G-0-0
Salt.2010__#00-51-40_00-52-10_label_G-0-0__0.npy,G-0-0
Salt.2010__#00-51-40_00-52-10_label_G-0-0__1.npy,G-0-0
Salt.2010__#00-51-40_00-52-10_label_G-0-0__2.npy,G-0-0
Salt.2010__#00-51-40_00-52-10_label_G-0-0__3.npy,G-0-0
Salt.2010__#00-51-40_00-52-10_label_G-0-0__4.npy,G-0-0
Salt.2010__#00-51-40_00-52-10_label_G-0-0__5.npy,G-0-0
Salt.2010__#00-51-40_00-52-10_label_G-0-0__6.npy,G-0-0
Salt.2010__#00-51-40_00-52-10_label_G-0-0__7.npy,G-0-0
Salt.2010__#00-51-40_00-52-10_label_G-0-0__8.npy,G-0-0
Salt.2010__#00-51-40_00-52-10_label_G-0-0__9.npy,G-0-0
Saving.Private.Ryan.1998__#00-23-55_00-24-06_label_G-0-0__0.npy,G-0-0
Saving.Private.Ryan.1998__#00-23-55_00-24-06_label_G-0-0__1.npy,G-0-0
Saving.Private.Ryan.1998__#00-23-55_00-24-06_label_G-0-0__2.npy,G-0-0
Saving.Private.Ryan.1998__#00-23-55_00-24-06_label_G-0-0__3.npy,G-0-0
Saving.Private.Ryan.1998__#00-23-55_00-24-06_label_G-0-0__4.npy,G-0-0
Saving.Private.Ryan.1998__#00-23-55_00-24-06_label_G-0-0__5.npy,G-0-0
Saving.Private.Ryan.1998__#00-23-55_00-24-06_label_G-0-0__6.npy,G-0-0
Saving.Private.Ryan.1998__#00-23-55_00-24-06_label_G-0-0__7.npy,G-0-0
Saving.Private.Ryan.1998__#00-23-55_00-24-06_label_G-0-0__8.npy,G-0-0
Saving.Private.Ryan.1998__#00-23-55_00-24-06_label_G-0-0__9.npy,G-0-0
Saving.Private.Ryan.1998__#02-13-05_02-13-15_label_G-0-0__0.npy,G-0-0
Saving.Private.Ryan.1998__#02-13-05_02-13-15_label_G-0-0__1.npy,G-0-0
Saving.Private.Ryan.1998__#02-13-05_02-13-15_label_G-0-0__2.npy,G-0-0
Saving.Private.Ryan.1998__#02-13-05_02-13-15_label_G-0-0__3.npy,G-0-0
Saving.Private.Ryan.1998__#02-13-05_02-13-15_label_G-0-0__4.npy,G-0-0
Saving.Private.Ryan.1998__#02-13-05_02-13-15_label_G-0-0__5.npy,G-0-0
Saving.Private.Ryan.1998__#02-13-05_02-13-15_label_G-0-0__6.npy,G-0-0
Saving.Private.Ryan.1998__#02-13-05_02-13-15_label_G-0-0__7.npy,G-0-0
Saving.Private.Ryan.1998__#02-13-05_02-13-15_label_G-0-0__8.npy,G-0-0
Saving.Private.Ryan.1998__#02-13-05_02-13-15_label_G-0-0__9.npy,G-0-0
Saving.Private.Ryan.1998__#02-16-11_02-16-30_label_G-0-0__0.npy,G-0-0
Saving.Private.Ryan.1998__#02-16-11_02-16-30_label_G-0-0__1.npy,G-0-0
Saving.Private.Ryan.1998__#02-16-11_02-16-30_label_G-0-0__2.npy,G-0-0
Saving.Private.Ryan.1998__#02-16-11_02-16-30_label_G-0-0__3.npy,G-0-0
Saving.Private.Ryan.1998__#02-16-11_02-16-30_label_G-0-0__4.npy,G-0-0
Saving.Private.Ryan.1998__#02-16-11_02-16-30_label_G-0-0__5.npy,G-0-0
Saving.Private.Ryan.1998__#02-16-11_02-16-30_label_G-0-0__6.npy,G-0-0
Saving.Private.Ryan.1998__#02-16-11_02-16-30_label_G-0-0__7.npy,G-0-0
Saving.Private.Ryan.1998__#02-16-11_02-16-30_label_G-0-0__8.npy,G-0-0
Saving.Private.Ryan.1998__#02-16-11_02-16-30_label_G-0-0__9.npy,G-0-0
Saving.Private.Ryan.1998__#02-27-23_02-28-20_label_G-0-0__0.npy,G-0-0
Saving.Private.Ryan.1998__#02-27-23_02-28-20_label_G-0-0__1.npy,G-0-0
Saving.Private.Ryan.1998__#02-27-23_02-28-20_label_G-0-0__2.npy,G-0-0
Saving.Private.Ryan.1998__#02-27-23_02-28-20_label_G-0-0__3.npy,G-0-0
Saving.Private.Ryan.1998__#02-27-23_02-28-20_label_G-0-0__4.npy,G-0-0
Saving.Private.Ryan.1998__#02-27-23_02-28-20_label_G-0-0__5.npy,G-0-0
Saving.Private.Ryan.1998__#02-27-23_02-28-20_label_G-0-0__6.npy,G-0-0
Saving.Private.Ryan.1998__#02-27-23_02-28-20_label_G-0-0__7.npy,G-0-0
Saving.Private.Ryan.1998__#02-27-23_02-28-20_label_G-0-0__8.npy,G-0-0
Saving.Private.Ryan.1998__#02-27-23_02-28-20_label_G-0-0__9.npy,G-0-0
Saving.Private.Ryan.1998__#02-30-55_02-31-15_label_G-0-0__0.npy,G-0-0
Saving.Private.Ryan.1998__#02-30-55_02-31-15_label_G-0-0__1.npy,G-0-0
Saving.Private.Ryan.1998__#02-30-55_02-31-15_label_G-0-0__2.npy,G-0-0
Saving.Private.Ryan.1998__#02-30-55_02-31-15_label_G-0-0__3.npy,G-0-0
Saving.Private.Ryan.1998__#02-30-55_02-31-15_label_G-0-0__4.npy,G-0-0
Saving.Private.Ryan.1998__#02-30-55_02-31-15_label_G-0-0__5.npy,G-0-0
Saving.Private.Ryan.1998__#02-30-55_02-31-15_label_G-0-0__6.npy,G-0-0
Saving.Private.Ryan.1998__#02-30-55_02-31-15_label_G-0-0__7.npy,G-0-0
Saving.Private.Ryan.1998__#02-30-55_02-31-15_label_G-0-0__8.npy,G-0-0
Saving.Private.Ryan.1998__#02-30-55_02-31-15_label_G-0-0__9.npy,G-0-0
Sin.City.2005__#01-15-01_01-15-15_label_G-0-0__0.npy,G-0-0
Sin.City.2005__#01-15-01_01-15-15_label_G-0-0__1.npy,G-0-0
Sin.City.2005__#01-15-01_01-15-15_label_G-0-0__2.npy,G-0-0
Sin.City.2005__#01-15-01_01-15-15_label_G-0-0__3.npy,G-0-0
Sin.City.2005__#01-15-01_01-15-15_label_G-0-0__4.npy,G-0-0
Sin.City.2005__#01-15-01_01-15-15_label_G-0-0__5.npy,G-0-0
Sin.City.2005__#01-15-01_01-15-15_label_G-0-0__6.npy,G-0-0
Sin.City.2005__#01-15-01_01-15-15_label_G-0-0__7.npy,G-0-0
Sin.City.2005__#01-15-01_01-15-15_label_G-0-0__8.npy,G-0-0
Sin.City.2005__#01-15-01_01-15-15_label_G-0-0__9.npy,G-0-0
Sin.City.2005__#01-18-27_01-18-36_label_G-0-0__0.npy,G-0-0
Sin.City.2005__#01-18-27_01-18-36_label_G-0-0__1.npy,G-0-0
Sin.City.2005__#01-18-27_01-18-36_label_G-0-0__2.npy,G-0-0
Sin.City.2005__#01-18-27_01-18-36_label_G-0-0__3.npy,G-0-0
Sin.City.2005__#01-18-27_01-18-36_label_G-0-0__4.npy,G-0-0
Sin.City.2005__#01-18-27_01-18-36_label_G-0-0__5.npy,G-0-0
Sin.City.2005__#01-18-27_01-18-36_label_G-0-0__6.npy,G-0-0
Sin.City.2005__#01-18-27_01-18-36_label_G-0-0__7.npy,G-0-0
Sin.City.2005__#01-18-27_01-18-36_label_G-0-0__8.npy,G-0-0
Sin.City.2005__#01-18-27_01-18-36_label_G-0-0__9.npy,G-0-0
Skyfall.2012__#00-21-15_00-21-36_label_G-0-0__0.npy,G-0-0
Skyfall.2012__#00-21-15_00-21-36_label_G-0-0__1.npy,G-0-0
Skyfall.2012__#00-21-15_00-21-36_label_G-0-0__2.npy,G-0-0
Skyfall.2012__#00-21-15_00-21-36_label_G-0-0__3.npy,G-0-0
Skyfall.2012__#00-21-15_00-21-36_label_G-0-0__4.npy,G-0-0
Skyfall.2012__#00-21-15_00-21-36_label_G-0-0__5.npy,G-0-0
Skyfall.2012__#00-21-15_00-21-36_label_G-0-0__6.npy,G-0-0
Skyfall.2012__#00-21-15_00-21-36_label_G-0-0__7.npy,G-0-0
Skyfall.2012__#00-21-15_00-21-36_label_G-0-0__8.npy,G-0-0
Skyfall.2012__#00-21-15_00-21-36_label_G-0-0__9.npy,G-0-0
Skyfall.2012__#01-37-43_01-38-07_label_G-0-0__0.npy,G-0-0
Skyfall.2012__#01-37-43_01-38-07_label_G-0-0__1.npy,G-0-0
Skyfall.2012__#01-37-43_01-38-07_label_G-0-0__2.npy,G-0-0
Skyfall.2012__#01-37-43_01-38-07_label_G-0-0__3.npy,G-0-0
Skyfall.2012__#01-37-43_01-38-07_label_G-0-0__4.npy,G-0-0
Skyfall.2012__#01-37-43_01-38-07_label_G-0-0__5.npy,G-0-0
Skyfall.2012__#01-37-43_01-38-07_label_G-0-0__6.npy,G-0-0
Skyfall.2012__#01-37-43_01-38-07_label_G-0-0__7.npy,G-0-0
Skyfall.2012__#01-37-43_01-38-07_label_G-0-0__8.npy,G-0-0
Skyfall.2012__#01-37-43_01-38-07_label_G-0-0__9.npy,G-0-0
Skyfall.2012__#02-00-30_02-01-19_label_G-0-0__0.npy,G-0-0
Skyfall.2012__#02-00-30_02-01-19_label_G-0-0__1.npy,G-0-0
Skyfall.2012__#02-00-30_02-01-19_label_G-0-0__2.npy,G-0-0
Skyfall.2012__#02-00-30_02-01-19_label_G-0-0__3.npy,G-0-0
Skyfall.2012__#02-00-30_02-01-19_label_G-0-0__4.npy,G-0-0
Skyfall.2012__#02-00-30_02-01-19_label_G-0-0__5.npy,G-0-0
Skyfall.2012__#02-00-30_02-01-19_label_G-0-0__6.npy,G-0-0
Skyfall.2012__#02-00-30_02-01-19_label_G-0-0__7.npy,G-0-0
Skyfall.2012__#02-00-30_02-01-19_label_G-0-0__8.npy,G-0-0
Skyfall.2012__#02-00-30_02-01-19_label_G-0-0__9.npy,G-0-0
Skyfall.2012__#02-04-00_02-05-10_label_G-0-0__0.npy,G-0-0
Skyfall.2012__#02-04-00_02-05-10_label_G-0-0__1.npy,G-0-0
Skyfall.2012__#02-04-00_02-05-10_label_G-0-0__2.npy,G-0-0
Skyfall.2012__#02-04-00_02-05-10_label_G-0-0__3.npy,G-0-0
Skyfall.2012__#02-04-00_02-05-10_label_G-0-0__4.npy,G-0-0
Skyfall.2012__#02-04-00_02-05-10_label_G-0-0__5.npy,G-0-0
Skyfall.2012__#02-04-00_02-05-10_label_G-0-0__6.npy,G-0-0
Skyfall.2012__#02-04-00_02-05-10_label_G-0-0__7.npy,G-0-0
Skyfall.2012__#02-04-00_02-05-10_label_G-0-0__8.npy,G-0-0
Skyfall.2012__#02-04-00_02-05-10_label_G-0-0__9.npy,G-0-0
Spectre.2015__#01-55-50_01-56-12_label_G-0-0__0.npy,G-0-0
Spectre.2015__#01-55-50_01-56-12_label_G-0-0__1.npy,G-0-0
Spectre.2015__#01-55-50_01-56-12_label_G-0-0__2.npy,G-0-0
Spectre.2015__#01-55-50_01-56-12_label_G-0-0__3.npy,G-0-0
Spectre.2015__#01-55-50_01-56-12_label_G-0-0__4.npy,G-0-0
Spectre.2015__#01-55-50_01-56-12_label_G-0-0__5.npy,G-0-0
Spectre.2015__#01-55-50_01-56-12_label_G-0-0__6.npy,G-0-0
Spectre.2015__#01-55-50_01-56-12_label_G-0-0__7.npy,G-0-0
Spectre.2015__#01-55-50_01-56-12_label_G-0-0__8.npy,G-0-0
Spectre.2015__#01-55-50_01-56-12_label_G-0-0__9.npy,G-0-0
Spectre.2015__#01-57-09_01-57-40_label_G-0-0__0.npy,G-0-0
Spectre.2015__#01-57-09_01-57-40_label_G-0-0__1.npy,G-0-0
Spectre.2015__#01-57-09_01-57-40_label_G-0-0__2.npy,G-0-0
Spectre.2015__#01-57-09_01-57-40_label_G-0-0__3.npy,G-0-0
Spectre.2015__#01-57-09_01-57-40_label_G-0-0__4.npy,G-0-0
Spectre.2015__#01-57-09_01-57-40_label_G-0-0__5.npy,G-0-0
Spectre.2015__#01-57-09_01-57-40_label_G-0-0__6.npy,G-0-0
Spectre.2015__#01-57-09_01-57-40_label_G-0-0__7.npy,G-0-0
Spectre.2015__#01-57-09_01-57-40_label_G-0-0__8.npy,G-0-0
Spectre.2015__#01-57-09_01-57-40_label_G-0-0__9.npy,G-0-0
Spectre.2015__#02-13-30_02-14-05_label_G-0-0__0.npy,G-0-0
Spectre.2015__#02-13-30_02-14-05_label_G-0-0__1.npy,G-0-0
Spectre.2015__#02-13-30_02-14-05_label_G-0-0__2.npy,G-0-0
Spectre.2015__#02-13-30_02-14-05_label_G-0-0__3.npy,G-0-0
Spectre.2015__#02-13-30_02-14-05_label_G-0-0__4.npy,G-0-0
Spectre.2015__#02-13-30_02-14-05_label_G-0-0__5.npy,G-0-0
Spectre.2015__#02-13-30_02-14-05_label_G-0-0__6.npy,G-0-0
Spectre.2015__#02-13-30_02-14-05_label_G-0-0__7.npy,G-0-0
Spectre.2015__#02-13-30_02-14-05_label_G-0-0__8.npy,G-0-0
Spectre.2015__#02-13-30_02-14-05_label_G-0-0__9.npy,G-0-0
Taken.2.UNRATED.EXTENDED.2012__#00-55-49_00-56-10_label_G-0-0__0.npy,G-0-0
Taken.2.UNRATED.EXTENDED.2012__#00-55-49_00-56-10_label_G-0-0__1.npy,G-0-0
Taken.2.UNRATED.EXTENDED.2012__#00-55-49_00-56-10_label_G-0-0__2.npy,G-0-0
Taken.2.UNRATED.EXTENDED.2012__#00-55-49_00-56-10_label_G-0-0__3.npy,G-0-0
Taken.2.UNRATED.EXTENDED.2012__#00-55-49_00-56-10_label_G-0-0__4.npy,G-0-0
Taken.2.UNRATED.EXTENDED.2012__#00-55-49_00-56-10_label_G-0-0__5.npy,G-0-0
Taken.2.UNRATED.EXTENDED.2012__#00-55-49_00-56-10_label_G-0-0__6.npy,G-0-0
Taken.2.UNRATED.EXTENDED.2012__#00-55-49_00-56-10_label_G-0-0__7.npy,G-0-0
Taken.2.UNRATED.EXTENDED.2012__#00-55-49_00-56-10_label_G-0-0__8.npy,G-0-0
Taken.2.UNRATED.EXTENDED.2012__#00-55-49_00-56-10_label_G-0-0__9.npy,G-0-0
Taken.3.2014__#00-49-02_00-49-27_label_G-0-0__0.npy,G-0-0
Taken.3.2014__#00-49-02_00-49-27_label_G-0-0__1.npy,G-0-0
Taken.3.2014__#00-49-02_00-49-27_label_G-0-0__2.npy,G-0-0
Taken.3.2014__#00-49-02_00-49-27_label_G-0-0__3.npy,G-0-0
Taken.3.2014__#00-49-02_00-49-27_label_G-0-0__4.npy,G-0-0
Taken.3.2014__#00-49-02_00-49-27_label_G-0-0__5.npy,G-0-0
Taken.3.2014__#00-49-02_00-49-27_label_G-0-0__6.npy,G-0-0
Taken.3.2014__#00-49-02_00-49-27_label_G-0-0__7.npy,G-0-0
Taken.3.2014__#00-49-02_00-49-27_label_G-0-0__8.npy,G-0-0
Taken.3.2014__#00-49-02_00-49-27_label_G-0-0__9.npy,G-0-0
Taken.3.2014__#01-05-17_01-05-40_label_G-0-0__0.npy,G-0-0
Taken.3.2014__#01-05-17_01-05-40_label_G-0-0__1.npy,G-0-0
Taken.3.2014__#01-05-17_01-05-40_label_G-0-0__2.npy,G-0-0
Taken.3.2014__#01-05-17_01-05-40_label_G-0-0__3.npy,G-0-0
Taken.3.2014__#01-05-17_01-05-40_label_G-0-0__4.npy,G-0-0
Taken.3.2014__#01-05-17_01-05-40_label_G-0-0__5.npy,G-0-0
Taken.3.2014__#01-05-17_01-05-40_label_G-0-0__6.npy,G-0-0
Taken.3.2014__#01-05-17_01-05-40_label_G-0-0__7.npy,G-0-0
Taken.3.2014__#01-05-17_01-05-40_label_G-0-0__8.npy,G-0-0
Taken.3.2014__#01-05-17_01-05-40_label_G-0-0__9.npy,G-0-0
The.Bourne.Identity.2002__#01-25-48_01-26-48_label_G-0-0__0.npy,G-0-0
The.Bourne.Identity.2002__#01-25-48_01-26-48_label_G-0-0__1.npy,G-0-0
The.Bourne.Identity.2002__#01-25-48_01-26-48_label_G-0-0__2.npy,G-0-0
The.Bourne.Identity.2002__#01-25-48_01-26-48_label_G-0-0__3.npy,G-0-0
The.Bourne.Identity.2002__#01-25-48_01-26-48_label_G-0-0__4.npy,G-0-0
The.Bourne.Identity.2002__#01-25-48_01-26-48_label_G-0-0__5.npy,G-0-0
The.Bourne.Identity.2002__#01-25-48_01-26-48_label_G-0-0__6.npy,G-0-0
The.Bourne.Identity.2002__#01-25-48_01-26-48_label_G-0-0__7.npy,G-0-0
The.Bourne.Identity.2002__#01-25-48_01-26-48_label_G-0-0__8.npy,G-0-0
The.Bourne.Identity.2002__#01-25-48_01-26-48_label_G-0-0__9.npy,G-0-0
The.Bourne.Legacy.2012__#0-28-30_0-30-20_label_G-0-0__0.npy,G-0-0
The.Bourne.Legacy.2012__#0-28-30_0-30-20_label_G-0-0__1.npy,G-0-0
The.Bourne.Legacy.2012__#0-28-30_0-30-20_label_G-0-0__2.npy,G-0-0
The.Bourne.Legacy.2012__#0-28-30_0-30-20_label_G-0-0__3.npy,G-0-0
The.Bourne.Legacy.2012__#0-28-30_0-30-20_label_G-0-0__4.npy,G-0-0
The.Bourne.Legacy.2012__#0-28-30_0-30-20_label_G-0-0__5.npy,G-0-0
The.Bourne.Legacy.2012__#0-28-30_0-30-20_label_G-0-0__6.npy,G-0-0
The.Bourne.Legacy.2012__#0-28-30_0-30-20_label_G-0-0__7.npy,G-0-0
The.Bourne.Legacy.2012__#0-28-30_0-30-20_label_G-0-0__8.npy,G-0-0
The.Bourne.Legacy.2012__#0-28-30_0-30-20_label_G-0-0__9.npy,G-0-0
The.Bourne.Supremacy.2004__#0-43-15_0-43-55_label_G-0-0__0.npy,G-0-0
The.Bourne.Supremacy.2004__#0-43-15_0-43-55_label_G-0-0__1.npy,G-0-0
The.Bourne.Supremacy.2004__#0-43-15_0-43-55_label_G-0-0__2.npy,G-0-0
The.Bourne.Supremacy.2004__#0-43-15_0-43-55_label_G-0-0__3.npy,G-0-0
The.Bourne.Supremacy.2004__#0-43-15_0-43-55_label_G-0-0__4.npy,G-0-0
The.Bourne.Supremacy.2004__#0-43-15_0-43-55_label_G-0-0__5.npy,G-0-0
The.Bourne.Supremacy.2004__#0-43-15_0-43-55_label_G-0-0__6.npy,G-0-0
The.Bourne.Supremacy.2004__#0-43-15_0-43-55_label_G-0-0__7.npy,G-0-0
The.Bourne.Supremacy.2004__#0-43-15_0-43-55_label_G-0-0__8.npy,G-0-0
The.Bourne.Supremacy.2004__#0-43-15_0-43-55_label_G-0-0__9.npy,G-0-0
The.Bourne.Ultimatum.2007__#0-57-29_0-57-56_label_G-0-0__0.npy,G-0-0
The.Bourne.Ultimatum.2007__#0-57-29_0-57-56_label_G-0-0__1.npy,G-0-0
The.Bourne.Ultimatum.2007__#0-57-29_0-57-56_label_G-0-0__2.npy,G-0-0
The.Bourne.Ultimatum.2007__#0-57-29_0-57-56_label_G-0-0__3.npy,G-0-0
The.Bourne.Ultimatum.2007__#0-57-29_0-57-56_label_G-0-0__4.npy,G-0-0
The.Bourne.Ultimatum.2007__#0-57-29_0-57-56_label_G-0-0__5.npy,G-0-0
The.Bourne.Ultimatum.2007__#0-57-29_0-57-56_label_G-0-0__6.npy,G-0-0
The.Bourne.Ultimatum.2007__#0-57-29_0-57-56_label_G-0-0__7.npy,G-0-0
The.Bourne.Ultimatum.2007__#0-57-29_0-57-56_label_G-0-0__8.npy,G-0-0
The.Bourne.Ultimatum.2007__#0-57-29_0-57-56_label_G-0-0__9.npy,G-0-0
The.Bourne.Ultimatum.2007__#01-01-50_01-02-10_label_G-0-0__0.npy,G-0-0
The.Bourne.Ultimatum.2007__#01-01-50_01-02-10_label_G-0-0__1.npy,G-0-0
The.Bourne.Ultimatum.2007__#01-01-50_01-02-10_label_G-0-0__2.npy,G-0-0
The.Bourne.Ultimatum.2007__#01-01-50_01-02-10_label_G-0-0__3.npy,G-0-0
The.Bourne.Ultimatum.2007__#01-01-50_01-02-10_label_G-0-0__4.npy,G-0-0
The.Bourne.Ultimatum.2007__#01-01-50_01-02-10_label_G-0-0__5.npy,G-0-0
The.Bourne.Ultimatum.2007__#01-01-50_01-02-10_label_G-0-0__6.npy,G-0-0
The.Bourne.Ultimatum.2007__#01-01-50_01-02-10_label_G-0-0__7.npy,G-0-0
The.Bourne.Ultimatum.2007__#01-01-50_01-02-10_label_G-0-0__8.npy,G-0-0
The.Bourne.Ultimatum.2007__#01-01-50_01-02-10_label_G-0-0__9.npy,G-0-0
The.Hurt.Locker.2008__#01-56-20_01-56-48_label_G-0-0__0.npy,G-0-0
The.Hurt.Locker.2008__#01-56-20_01-56-48_label_G-0-0__1.npy,G-0-0
The.Hurt.Locker.2008__#01-56-20_01-56-48_label_G-0-0__2.npy,G-0-0
The.Hurt.Locker.2008__#01-56-20_01-56-48_label_G-0-0__3.npy,G-0-0
The.Hurt.Locker.2008__#01-56-20_01-56-48_label_G-0-0__4.npy,G-0-0
The.Hurt.Locker.2008__#01-56-20_01-56-48_label_G-0-0__5.npy,G-0-0
The.Hurt.Locker.2008__#01-56-20_01-56-48_label_G-0-0__6.npy,G-0-0
The.Hurt.Locker.2008__#01-56-20_01-56-48_label_G-0-0__7.npy,G-0-0
The.Hurt.Locker.2008__#01-56-20_01-56-48_label_G-0-0__8.npy,G-0-0
The.Hurt.Locker.2008__#01-56-20_01-56-48_label_G-0-0__9.npy,G-0-0
The.World.Is.Not.Enough.1999__#00-11-14_00-11-20_label_G-0-0__0.npy,G-0-0
The.World.Is.Not.Enough.1999__#00-11-14_00-11-20_label_G-0-0__1.npy,G-0-0
The.World.Is.Not.Enough.1999__#00-11-14_00-11-20_label_G-0-0__2.npy,G-0-0
The.World.Is.Not.Enough.1999__#00-11-14_00-11-20_label_G-0-0__3.npy,G-0-0
The.World.Is.Not.Enough.1999__#00-11-14_00-11-20_label_G-0-0__4.npy,G-0-0
The.World.Is.Not.Enough.1999__#00-11-14_00-11-20_label_G-0-0__5.npy,G-0-0
The.World.Is.Not.Enough.1999__#00-11-14_00-11-20_label_G-0-0__6.npy,G-0-0
The.World.Is.Not.Enough.1999__#00-11-14_00-11-20_label_G-0-0__7.npy,G-0-0
The.World.Is.Not.Enough.1999__#00-11-14_00-11-20_label_G-0-0__8.npy,G-0-0
The.World.Is.Not.Enough.1999__#00-11-14_00-11-20_label_G-0-0__9.npy,G-0-0
The.World.Is.Not.Enough.1999__#00-36-10_00-36-27_label_G-0-0__0.npy,G-0-0
The.World.Is.Not.Enough.1999__#00-36-10_00-36-27_label_G-0-0__1.npy,G-0-0
The.World.Is.Not.Enough.1999__#00-36-10_00-36-27_label_G-0-0__2.npy,G-0-0
The.World.Is.Not.Enough.1999__#00-36-10_00-36-27_label_G-0-0__3.npy,G-0-0
The.World.Is.Not.Enough.1999__#00-36-10_00-36-27_label_G-0-0__4.npy,G-0-0
The.World.Is.Not.Enough.1999__#00-36-10_00-36-27_label_G-0-0__5.npy,G-0-0
The.World.Is.Not.Enough.1999__#00-36-10_00-36-27_label_G-0-0__6.npy,G-0-0
The.World.Is.Not.Enough.1999__#00-36-10_00-36-27_label_G-0-0__7.npy,G-0-0
The.World.Is.Not.Enough.1999__#00-36-10_00-36-27_label_G-0-0__8.npy,G-0-0
The.World.Is.Not.Enough.1999__#00-36-10_00-36-27_label_G-0-0__9.npy,G-0-0
The.World.Is.Not.Enough.1999__#00-39-07_00-39-17_label_G-0-0__0.npy,G-0-0
The.World.Is.Not.Enough.1999__#00-39-07_00-39-17_label_G-0-0__1.npy,G-0-0
The.World.Is.Not.Enough.1999__#00-39-07_00-39-17_label_G-0-0__2.npy,G-0-0
The.World.Is.Not.Enough.1999__#00-39-07_00-39-17_label_G-0-0__3.npy,G-0-0
The.World.Is.Not.Enough.1999__#00-39-07_00-39-17_label_G-0-0__4.npy,G-0-0
The.World.Is.Not.Enough.1999__#00-39-07_00-39-17_label_G-0-0__5.npy,G-0-0
The.World.Is.Not.Enough.1999__#00-39-07_00-39-17_label_G-0-0__6.npy,G-0-0
The.World.Is.Not.Enough.1999__#00-39-07_00-39-17_label_G-0-0__7.npy,G-0-0
The.World.Is.Not.Enough.1999__#00-39-07_00-39-17_label_G-0-0__8.npy,G-0-0
The.World.Is.Not.Enough.1999__#00-39-07_00-39-17_label_G-0-0__9.npy,G-0-0
The.World.Is.Not.Enough.1999__#00-56-40_00-56-51_label_G-0-0__0.npy,G-0-0
The.World.Is.Not.Enough.1999__#00-56-40_00-56-51_label_G-0-0__1.npy,G-0-0
The.World.Is.Not.Enough.1999__#00-56-40_00-56-51_label_G-0-0__2.npy,G-0-0
The.World.Is.Not.Enough.1999__#00-56-40_00-56-51_label_G-0-0__3.npy,G-0-0
The.World.Is.Not.Enough.1999__#00-56-40_00-56-51_label_G-0-0__4.npy,G-0-0
The.World.Is.Not.Enough.1999__#00-56-40_00-56-51_label_G-0-0__5.npy,G-0-0
The.World.Is.Not.Enough.1999__#00-56-40_00-56-51_label_G-0-0__6.npy,G-0-0
The.World.Is.Not.Enough.1999__#00-56-40_00-56-51_label_G-0-0__7.npy,G-0-0
The.World.Is.Not.Enough.1999__#00-56-40_00-56-51_label_G-0-0__8.npy,G-0-0
The.World.Is.Not.Enough.1999__#00-56-40_00-56-51_label_G-0-0__9.npy,G-0-0
The.World.Is.Not.Enough.1999__#01-18-30_01-18-45_label_G-0-0__0.npy,G-0-0
The.World.Is.Not.Enough.1999__#01-18-30_01-18-45_label_G-0-0__1.npy,G-0-0
The.World.Is.Not.Enough.1999__#01-18-30_01-18-45_label_G-0-0__2.npy,G-0-0
The.World.Is.Not.Enough.1999__#01-18-30_01-18-45_label_G-0-0__3.npy,G-0-0
The.World.Is.Not.Enough.1999__#01-18-30_01-18-45_label_G-0-0__4.npy,G-0-0
The.World.Is.Not.Enough.1999__#01-18-30_01-18-45_label_G-0-0__5.npy,G-0-0
The.World.Is.Not.Enough.1999__#01-18-30_01-18-45_label_G-0-0__6.npy,G-0-0
The.World.Is.Not.Enough.1999__#01-18-30_01-18-45_label_G-0-0__7.npy,G-0-0
The.World.Is.Not.Enough.1999__#01-18-30_01-18-45_label_G-0-0__8.npy,G-0-0
The.World.Is.Not.Enough.1999__#01-18-30_01-18-45_label_G-0-0__9.npy,G-0-0
The.World.Is.Not.Enough.1999__#01-40-20_01-40-36_label_G-0-0__0.npy,G-0-0
The.World.Is.Not.Enough.1999__#01-40-20_01-40-36_label_G-0-0__1.npy,G-0-0
The.World.Is.Not.Enough.1999__#01-40-20_01-40-36_label_G-0-0__2.npy,G-0-0
The.World.Is.Not.Enough.1999__#01-40-20_01-40-36_label_G-0-0__3.npy,G-0-0
The.World.Is.Not.Enough.1999__#01-40-20_01-40-36_label_G-0-0__4.npy,G-0-0
The.World.Is.Not.Enough.1999__#01-40-20_01-40-36_label_G-0-0__5.npy,G-0-0
The.World.Is.Not.Enough.1999__#01-40-20_01-40-36_label_G-0-0__6.npy,G-0-0
The.World.Is.Not.Enough.1999__#01-40-20_01-40-36_label_G-0-0__7.npy,G-0-0
The.World.Is.Not.Enough.1999__#01-40-20_01-40-36_label_G-0-0__8.npy,G-0-0
The.World.Is.Not.Enough.1999__#01-40-20_01-40-36_label_G-0-0__9.npy,G-0-0
Young.And.Dangerous.I.1996__#01-30-15_01-30-32_label_G-0-0__0.npy,G-0-0
Young.And.Dangerous.I.1996__#01-30-15_01-30-32_label_G-0-0__1.npy,G-0-0
Young.And.Dangerous.I.1996__#01-30-15_01-30-32_label_G-0-0__2.npy,G-0-0
Young.And.Dangerous.I.1996__#01-30-15_01-30-32_label_G-0-0__3.npy,G-0-0
Young.And.Dangerous.I.1996__#01-30-15_01-30-32_label_G-0-0__4.npy,G-0-0
Young.And.Dangerous.I.1996__#01-30-15_01-30-32_label_G-0-0__5.npy,G-0-0
Young.And.Dangerous.I.1996__#01-30-15_01-30-32_label_G-0-0__6.npy,G-0-0
Young.And.Dangerous.I.1996__#01-30-15_01-30-32_label_G-0-0__7.npy,G-0-0
Young.And.Dangerous.I.1996__#01-30-15_01-30-32_label_G-0-0__8.npy,G-0-0
Young.And.Dangerous.I.1996__#01-30-15_01-30-32_label_G-0-0__9.npy,G-0-0
Young.And.Dangerous.II.1996__#0-58-40_0-58-55_label_G-0-0__0.npy,G-0-0
Young.And.Dangerous.II.1996__#0-58-40_0-58-55_label_G-0-0__1.npy,G-0-0
Young.And.Dangerous.II.1996__#0-58-40_0-58-55_label_G-0-0__2.npy,G-0-0
Young.And.Dangerous.II.1996__#0-58-40_0-58-55_label_G-0-0__3.npy,G-0-0
Young.And.Dangerous.II.1996__#0-58-40_0-58-55_label_G-0-0__4.npy,G-0-0
Young.And.Dangerous.II.1996__#0-58-40_0-58-55_label_G-0-0__5.npy,G-0-0
Young.And.Dangerous.II.1996__#0-58-40_0-58-55_label_G-0-0__6.npy,G-0-0
Young.And.Dangerous.II.1996__#0-58-40_0-58-55_label_G-0-0__7.npy,G-0-0
Young.And.Dangerous.II.1996__#0-58-40_0-58-55_label_G-0-0__8.npy,G-0-0
Young.And.Dangerous.II.1996__#0-58-40_0-58-55_label_G-0-0__9.npy,G-0-0
Young.And.Dangerous.III.1996__#01-21-34_01-21-42_label_G-0-0__0.npy,G-0-0
Young.And.Dangerous.III.1996__#01-21-34_01-21-42_label_G-0-0__1.npy,G-0-0
Young.And.Dangerous.III.1996__#01-21-34_01-21-42_label_G-0-0__2.npy,G-0-0
Young.And.Dangerous.III.1996__#01-21-34_01-21-42_label_G-0-0__3.npy,G-0-0
Young.And.Dangerous.III.1996__#01-21-34_01-21-42_label_G-0-0__4.npy,G-0-0
Young.And.Dangerous.III.1996__#01-21-34_01-21-42_label_G-0-0__5.npy,G-0-0
Young.And.Dangerous.III.1996__#01-21-34_01-21-42_label_G-0-0__6.npy,G-0-0
Young.And.Dangerous.III.1996__#01-21-34_01-21-42_label_G-0-0__7.npy,G-0-0
Young.And.Dangerous.III.1996__#01-21-34_01-21-42_label_G-0-0__8.npy,G-0-0
Young.And.Dangerous.III.1996__#01-21-34_01-21-42_label_G-0-0__9.npy,G-0-0
v=-22tna7KHzI__#1_label_G-0-0__0.npy,G-0-0
v=-22tna7KHzI__#1_label_G-0-0__1.npy,G-0-0
v=-22tna7KHzI__#1_label_G-0-0__2.npy,G-0-0
v=-22tna7KHzI__#1_label_G-0-0__3.npy,G-0-0
v=-22tna7KHzI__#1_label_G-0-0__4.npy,G-0-0
v=-22tna7KHzI__#1_label_G-0-0__5.npy,G-0-0
v=-22tna7KHzI__#1_label_G-0-0__6.npy,G-0-0
v=-22tna7KHzI__#1_label_G-0-0__7.npy,G-0-0
v=-22tna7KHzI__#1_label_G-0-0__8.npy,G-0-0
v=-22tna7KHzI__#1_label_G-0-0__9.npy,G-0-0
v=-_6vGj67Iq8__#1_label_G-0-0__0.npy,G-0-0
v=-_6vGj67Iq8__#1_label_G-0-0__1.npy,G-0-0
v=-_6vGj67Iq8__#1_label_G-0-0__2.npy,G-0-0
v=-_6vGj67Iq8__#1_label_G-0-0__3.npy,G-0-0
v=-_6vGj67Iq8__#1_label_G-0-0__4.npy,G-0-0
v=-_6vGj67Iq8__#1_label_G-0-0__5.npy,G-0-0
v=-_6vGj67Iq8__#1_label_G-0-0__6.npy,G-0-0
v=-_6vGj67Iq8__#1_label_G-0-0__7.npy,G-0-0
v=-_6vGj67Iq8__#1_label_G-0-0__8.npy,G-0-0
v=-_6vGj67Iq8__#1_label_G-0-0__9.npy,G-0-0
v=-hBdgexQk6k__#1_label_G-0-0__0.npy,G-0-0
v=-hBdgexQk6k__#1_label_G-0-0__1.npy,G-0-0
v=-hBdgexQk6k__#1_label_G-0-0__2.npy,G-0-0
v=-hBdgexQk6k__#1_label_G-0-0__3.npy,G-0-0
v=-hBdgexQk6k__#1_label_G-0-0__4.npy,G-0-0
v=-hBdgexQk6k__#1_label_G-0-0__5.npy,G-0-0
v=-hBdgexQk6k__#1_label_G-0-0__6.npy,G-0-0
v=-hBdgexQk6k__#1_label_G-0-0__7.npy,G-0-0
v=-hBdgexQk6k__#1_label_G-0-0__8.npy,G-0-0
v=-hBdgexQk6k__#1_label_G-0-0__9.npy,G-0-0
v=0lTLBaAtuNM__#00-02-11_00-03-21_label_G-0-0__0.npy,G-0-0
v=0lTLBaAtuNM__#00-02-11_00-03-21_label_G-0-0__1.npy,G-0-0
v=0lTLBaAtuNM__#00-02-11_00-03-21_label_G-0-0__2.npy,G-0-0
v=0lTLBaAtuNM__#00-02-11_00-03-21_label_G-0-0__3.npy,G-0-0
v=0lTLBaAtuNM__#00-02-11_00-03-21_label_G-0-0__4.npy,G-0-0
v=0lTLBaAtuNM__#00-02-11_00-03-21_label_G-0-0__5.npy,G-0-0
v=0lTLBaAtuNM__#00-02-11_00-03-21_label_G-0-0__6.npy,G-0-0
v=0lTLBaAtuNM__#00-02-11_00-03-21_label_G-0-0__7.npy,G-0-0
v=0lTLBaAtuNM__#00-02-11_00-03-21_label_G-0-0__8.npy,G-0-0
v=0lTLBaAtuNM__#00-02-11_00-03-21_label_G-0-0__9.npy,G-0-0
v=11_7Yfan0Oc__#1_label_G-0-0__0.npy,G-0-0
v=11_7Yfan0Oc__#1_label_G-0-0__1.npy,G-0-0
v=11_7Yfan0Oc__#1_label_G-0-0__2.npy,G-0-0
v=11_7Yfan0Oc__#1_label_G-0-0__3.npy,G-0-0
v=11_7Yfan0Oc__#1_label_G-0-0__4.npy,G-0-0
v=11_7Yfan0Oc__#1_label_G-0-0__5.npy,G-0-0
v=11_7Yfan0Oc__#1_label_G-0-0__6.npy,G-0-0
v=11_7Yfan0Oc__#1_label_G-0-0__7.npy,G-0-0
v=11_7Yfan0Oc__#1_label_G-0-0__8.npy,G-0-0
v=11_7Yfan0Oc__#1_label_G-0-0__9.npy,G-0-0
v=1RGb7knUKG0__#1_label_G-0-0__0.npy,G-0-0
v=1RGb7knUKG0__#1_label_G-0-0__1.npy,G-0-0
v=1RGb7knUKG0__#1_label_G-0-0__2.npy,G-0-0
v=1RGb7knUKG0__#1_label_G-0-0__3.npy,G-0-0
v=1RGb7knUKG0__#1_label_G-0-0__4.npy,G-0-0
v=1RGb7knUKG0__#1_label_G-0-0__5.npy,G-0-0
v=1RGb7knUKG0__#1_label_G-0-0__6.npy,G-0-0
v=1RGb7knUKG0__#1_label_G-0-0__7.npy,G-0-0
v=1RGb7knUKG0__#1_label_G-0-0__8.npy,G-0-0
v=1RGb7knUKG0__#1_label_G-0-0__9.npy,G-0-0
v=1fsEpf2O3AA__#1_label_G-0-0__0.npy,G-0-0
v=1fsEpf2O3AA__#1_label_G-0-0__1.npy,G-0-0
v=1fsEpf2O3AA__#1_label_G-0-0__2.npy,G-0-0
v=1fsEpf2O3AA__#1_label_G-0-0__3.npy,G-0-0
v=1fsEpf2O3AA__#1_label_G-0-0__4.npy,G-0-0
v=1fsEpf2O3AA__#1_label_G-0-0__5.npy,G-0-0
v=1fsEpf2O3AA__#1_label_G-0-0__6.npy,G-0-0
v=1fsEpf2O3AA__#1_label_G-0-0__7.npy,G-0-0
v=1fsEpf2O3AA__#1_label_G-0-0__8.npy,G-0-0
v=1fsEpf2O3AA__#1_label_G-0-0__9.npy,G-0-0
v=2qiZpndjg6Y__#1_label_G-0-0__0.npy,G-0-0
v=2qiZpndjg6Y__#1_label_G-0-0__1.npy,G-0-0
v=2qiZpndjg6Y__#1_label_G-0-0__2.npy,G-0-0
v=2qiZpndjg6Y__#1_label_G-0-0__3.npy,G-0-0
v=2qiZpndjg6Y__#1_label_G-0-0__4.npy,G-0-0
v=2qiZpndjg6Y__#1_label_G-0-0__5.npy,G-0-0
v=2qiZpndjg6Y__#1_label_G-0-0__6.npy,G-0-0
v=2qiZpndjg6Y__#1_label_G-0-0__7.npy,G-0-0
v=2qiZpndjg6Y__#1_label_G-0-0__8.npy,G-0-0
v=2qiZpndjg6Y__#1_label_G-0-0__9.npy,G-0-0
v=2rfyeR-YaJw__#1_label_G-0-0__0.npy,G-0-0
v=2rfyeR-YaJw__#1_label_G-0-0__1.npy,G-0-0
v=2rfyeR-YaJw__#1_label_G-0-0__2.npy,G-0-0
v=2rfyeR-YaJw__#1_label_G-0-0__3.npy,G-0-0
v=2rfyeR-YaJw__#1_label_G-0-0__4.npy,G-0-0
v=2rfyeR-YaJw__#1_label_G-0-0__5.npy,G-0-0
v=2rfyeR-YaJw__#1_label_G-0-0__6.npy,G-0-0
v=2rfyeR-YaJw__#1_label_G-0-0__7.npy,G-0-0
v=2rfyeR-YaJw__#1_label_G-0-0__8.npy,G-0-0
v=2rfyeR-YaJw__#1_label_G-0-0__9.npy,G-0-0
v=34gJo6HrDxY__#1_label_G-0-0__0.npy,G-0-0
v=34gJo6HrDxY__#1_label_G-0-0__1.npy,G-0-0
v=34gJo6HrDxY__#1_label_G-0-0__2.npy,G-0-0
v=34gJo6HrDxY__#1_label_G-0-0__3.npy,G-0-0
v=34gJo6HrDxY__#1_label_G-0-0__4.npy,G-0-0
v=34gJo6HrDxY__#1_label_G-0-0__5.npy,G-0-0
v=34gJo6HrDxY__#1_label_G-0-0__6.npy,G-0-0
v=34gJo6HrDxY__#1_label_G-0-0__7.npy,G-0-0
v=34gJo6HrDxY__#1_label_G-0-0__8.npy,G-0-0
v=34gJo6HrDxY__#1_label_G-0-0__9.npy,G-0-0
v=3rV0q-9imZs__#1_label_G-0-0__0.npy,G-0-0
v=3rV0q-9imZs__#1_label_G-0-0__1.npy,G-0-0
v=3rV0q-9imZs__#1_label_G-0-0__2.npy,G-0-0
v=3rV0q-9imZs__#1_label_G-0-0__3.npy,G-0-0
v=3rV0q-9imZs__#1_label_G-0-0__4.npy,G-0-0
v=3rV0q-9imZs__#1_label_G-0-0__5.npy,G-0-0
v=3rV0q-9imZs__#1_label_G-0-0__6.npy,G-0-0
v=3rV0q-9imZs__#1_label_G-0-0__7.npy,G-0-0
v=3rV0q-9imZs__#1_label_G-0-0__8.npy,G-0-0
v=3rV0q-9imZs__#1_label_G-0-0__9.npy,G-0-0
v=3wCWpu0HJ_4__#1_label_G-0-0__0.npy,G-0-0
v=3wCWpu0HJ_4__#1_label_G-0-0__1.npy,G-0-0
v=3wCWpu0HJ_4__#1_label_G-0-0__2.npy,G-0-0
v=3wCWpu0HJ_4__#1_label_G-0-0__3.npy,G-0-0
v=3wCWpu0HJ_4__#1_label_G-0-0__4.npy,G-0-0
v=3wCWpu0HJ_4__#1_label_G-0-0__5.npy,G-0-0
v=3wCWpu0HJ_4__#1_label_G-0-0__6.npy,G-0-0
v=3wCWpu0HJ_4__#1_label_G-0-0__7.npy,G-0-0
v=3wCWpu0HJ_4__#1_label_G-0-0__8.npy,G-0-0
v=3wCWpu0HJ_4__#1_label_G-0-0__9.npy,G-0-0
v=4fTFFShKMbs__#1_label_G-0-0__0.npy,G-0-0
v=4fTFFShKMbs__#1_label_G-0-0__1.npy,G-0-0
v=4fTFFShKMbs__#1_label_G-0-0__2.npy,G-0-0
v=4fTFFShKMbs__#1_label_G-0-0__3.npy,G-0-0
v=4fTFFShKMbs__#1_label_G-0-0__4.npy,G-0-0
v=4fTFFShKMbs__#1_label_G-0-0__5.npy,G-0-0
v=4fTFFShKMbs__#1_label_G-0-0__6.npy,G-0-0
v=4fTFFShKMbs__#1_label_G-0-0__7.npy,G-0-0
v=4fTFFShKMbs__#1_label_G-0-0__8.npy,G-0-0
v=4fTFFShKMbs__#1_label_G-0-0__9.npy,G-0-0
v=50hbq24hGIM__#00-00-00_00-01-10_label_G-0-0__0.npy,G-0-0
v=50hbq24hGIM__#00-00-00_00-01-10_label_G-0-0__1.npy,G-0-0
v=50hbq24hGIM__#00-00-00_00-01-10_label_G-0-0__2.npy,G-0-0
v=50hbq24hGIM__#00-00-00_00-01-10_label_G-0-0__3.npy,G-0-0
v=50hbq24hGIM__#00-00-00_00-01-10_label_G-0-0__4.npy,G-0-0
v=50hbq24hGIM__#00-00-00_00-01-10_label_G-0-0__5.npy,G-0-0
v=50hbq24hGIM__#00-00-00_00-01-10_label_G-0-0__6.npy,G-0-0
v=50hbq24hGIM__#00-00-00_00-01-10_label_G-0-0__7.npy,G-0-0
v=50hbq24hGIM__#00-00-00_00-01-10_label_G-0-0__8.npy,G-0-0
v=50hbq24hGIM__#00-00-00_00-01-10_label_G-0-0__9.npy,G-0-0
v=5ai3CphP7Mo__#1_label_G-0-0__0.npy,G-0-0
v=5ai3CphP7Mo__#1_label_G-0-0__1.npy,G-0-0
v=5ai3CphP7Mo__#1_label_G-0-0__2.npy,G-0-0
v=5ai3CphP7Mo__#1_label_G-0-0__3.npy,G-0-0
v=5ai3CphP7Mo__#1_label_G-0-0__4.npy,G-0-0
v=5ai3CphP7Mo__#1_label_G-0-0__5.npy,G-0-0
v=5ai3CphP7Mo__#1_label_G-0-0__6.npy,G-0-0
v=5ai3CphP7Mo__#1_label_G-0-0__7.npy,G-0-0
v=5ai3CphP7Mo__#1_label_G-0-0__8.npy,G-0-0
v=5ai3CphP7Mo__#1_label_G-0-0__9.npy,G-0-0
v=63ehKu7tYlY__#1_label_G-0-0__0.npy,G-0-0
v=63ehKu7tYlY__#1_label_G-0-0__1.npy,G-0-0
v=63ehKu7tYlY__#1_label_G-0-0__2.npy,G-0-0
v=63ehKu7tYlY__#1_label_G-0-0__3.npy,G-0-0
v=63ehKu7tYlY__#1_label_G-0-0__4.npy,G-0-0
v=63ehKu7tYlY__#1_label_G-0-0__5.npy,G-0-0
v=63ehKu7tYlY__#1_label_G-0-0__6.npy,G-0-0
v=63ehKu7tYlY__#1_label_G-0-0__7.npy,G-0-0
v=63ehKu7tYlY__#1_label_G-0-0__8.npy,G-0-0
v=63ehKu7tYlY__#1_label_G-0-0__9.npy,G-0-0
v=6FnL9s4SaAc__#1_label_G-0-0__0.npy,G-0-0
v=6FnL9s4SaAc__#1_label_G-0-0__1.npy,G-0-0
v=6FnL9s4SaAc__#1_label_G-0-0__2.npy,G-0-0
v=6FnL9s4SaAc__#1_label_G-0-0__3.npy,G-0-0
v=6FnL9s4SaAc__#1_label_G-0-0__4.npy,G-0-0
v=6FnL9s4SaAc__#1_label_G-0-0__5.npy,G-0-0
v=6FnL9s4SaAc__#1_label_G-0-0__6.npy,G-0-0
v=6FnL9s4SaAc__#1_label_G-0-0__7.npy,G-0-0
v=6FnL9s4SaAc__#1_label_G-0-0__8.npy,G-0-0
v=6FnL9s4SaAc__#1_label_G-0-0__9.npy,G-0-0
v=6QGDA-AS-Ac__#1_label_G-0-0__0.npy,G-0-0
v=6QGDA-AS-Ac__#1_label_G-0-0__1.npy,G-0-0
v=6QGDA-AS-Ac__#1_label_G-0-0__2.npy,G-0-0
v=6QGDA-AS-Ac__#1_label_G-0-0__3.npy,G-0-0
v=6QGDA-AS-Ac__#1_label_G-0-0__4.npy,G-0-0
v=6QGDA-AS-Ac__#1_label_G-0-0__5.npy,G-0-0
v=6QGDA-AS-Ac__#1_label_G-0-0__6.npy,G-0-0
v=6QGDA-AS-Ac__#1_label_G-0-0__7.npy,G-0-0
v=6QGDA-AS-Ac__#1_label_G-0-0__8.npy,G-0-0
v=6QGDA-AS-Ac__#1_label_G-0-0__9.npy,G-0-0
v=6fDDTbiBSZc__#1_label_G-0-0__0.npy,G-0-0
v=6fDDTbiBSZc__#1_label_G-0-0__1.npy,G-0-0
v=6fDDTbiBSZc__#1_label_G-0-0__2.npy,G-0-0
v=6fDDTbiBSZc__#1_label_G-0-0__3.npy,G-0-0
v=6fDDTbiBSZc__#1_label_G-0-0__4.npy,G-0-0
v=6fDDTbiBSZc__#1_label_G-0-0__5.npy,G-0-0
v=6fDDTbiBSZc__#1_label_G-0-0__6.npy,G-0-0
v=6fDDTbiBSZc__#1_label_G-0-0__7.npy,G-0-0
v=6fDDTbiBSZc__#1_label_G-0-0__8.npy,G-0-0
v=6fDDTbiBSZc__#1_label_G-0-0__9.npy,G-0-0
v=6iCFrgU0HDA__#00-01-50_00-03-22_label_G-0-0__0.npy,G-0-0
v=6iCFrgU0HDA__#00-01-50_00-03-22_label_G-0-0__1.npy,G-0-0
v=6iCFrgU0HDA__#00-01-50_00-03-22_label_G-0-0__2.npy,G-0-0
v=6iCFrgU0HDA__#00-01-50_00-03-22_label_G-0-0__3.npy,G-0-0
v=6iCFrgU0HDA__#00-01-50_00-03-22_label_G-0-0__4.npy,G-0-0
v=6iCFrgU0HDA__#00-01-50_00-03-22_label_G-0-0__5.npy,G-0-0
v=6iCFrgU0HDA__#00-01-50_00-03-22_label_G-0-0__6.npy,G-0-0
v=6iCFrgU0HDA__#00-01-50_00-03-22_label_G-0-0__7.npy,G-0-0
v=6iCFrgU0HDA__#00-01-50_00-03-22_label_G-0-0__8.npy,G-0-0
v=6iCFrgU0HDA__#00-01-50_00-03-22_label_G-0-0__9.npy,G-0-0
v=6pvpdmz8qmI__#1_label_G-0-0__0.npy,G-0-0
v=6pvpdmz8qmI__#1_label_G-0-0__1.npy,G-0-0
v=6pvpdmz8qmI__#1_label_G-0-0__2.npy,G-0-0
v=6pvpdmz8qmI__#1_label_G-0-0__3.npy,G-0-0
v=6pvpdmz8qmI__#1_label_G-0-0__4.npy,G-0-0
v=6pvpdmz8qmI__#1_label_G-0-0__5.npy,G-0-0
v=6pvpdmz8qmI__#1_label_G-0-0__6.npy,G-0-0
v=6pvpdmz8qmI__#1_label_G-0-0__7.npy,G-0-0
v=6pvpdmz8qmI__#1_label_G-0-0__8.npy,G-0-0
v=6pvpdmz8qmI__#1_label_G-0-0__9.npy,G-0-0
v=6x4wLMqYIKM__#1_label_G-0-0__0.npy,G-0-0
v=6x4wLMqYIKM__#1_label_G-0-0__1.npy,G-0-0
v=6x4wLMqYIKM__#1_label_G-0-0__2.npy,G-0-0
v=6x4wLMqYIKM__#1_label_G-0-0__3.npy,G-0-0
v=6x4wLMqYIKM__#1_label_G-0-0__4.npy,G-0-0
v=6x4wLMqYIKM__#1_label_G-0-0__5.npy,G-0-0
v=6x4wLMqYIKM__#1_label_G-0-0__6.npy,G-0-0
v=6x4wLMqYIKM__#1_label_G-0-0__7.npy,G-0-0
v=6x4wLMqYIKM__#1_label_G-0-0__8.npy,G-0-0
v=6x4wLMqYIKM__#1_label_G-0-0__9.npy,G-0-0
v=736O4Hz4Nk4__#1_label_G-0-0__0.npy,G-0-0
v=736O4Hz4Nk4__#1_label_G-0-0__1.npy,G-0-0
v=736O4Hz4Nk4__#1_label_G-0-0__2.npy,G-0-0
v=736O4Hz4Nk4__#1_label_G-0-0__3.npy,G-0-0
v=736O4Hz4Nk4__#1_label_G-0-0__4.npy,G-0-0
v=736O4Hz4Nk4__#1_label_G-0-0__5.npy,G-0-0
v=736O4Hz4Nk4__#1_label_G-0-0__6.npy,G-0-0
v=736O4Hz4Nk4__#1_label_G-0-0__7.npy,G-0-0
v=736O4Hz4Nk4__#1_label_G-0-0__8.npy,G-0-0
v=736O4Hz4Nk4__#1_label_G-0-0__9.npy,G-0-0
v=7Qw-QPZZrAk__#1_label_G-0-0__0.npy,G-0-0
v=7Qw-QPZZrAk__#1_label_G-0-0__1.npy,G-0-0
v=7Qw-QPZZrAk__#1_label_G-0-0__2.npy,G-0-0
v=7Qw-QPZZrAk__#1_label_G-0-0__3.npy,G-0-0
v=7Qw-QPZZrAk__#1_label_G-0-0__4.npy,G-0-0
v=7Qw-QPZZrAk__#1_label_G-0-0__5.npy,G-0-0
v=7Qw-QPZZrAk__#1_label_G-0-0__6.npy,G-0-0
v=7Qw-QPZZrAk__#1_label_G-0-0__7.npy,G-0-0
v=7Qw-QPZZrAk__#1_label_G-0-0__8.npy,G-0-0
v=7Qw-QPZZrAk__#1_label_G-0-0__9.npy,G-0-0
v=7WukOSs0n5c__#1_label_G-0-0__0.npy,G-0-0
v=7WukOSs0n5c__#1_label_G-0-0__1.npy,G-0-0
v=7WukOSs0n5c__#1_label_G-0-0__2.npy,G-0-0
v=7WukOSs0n5c__#1_label_G-0-0__3.npy,G-0-0
v=7WukOSs0n5c__#1_label_G-0-0__4.npy,G-0-0
v=7WukOSs0n5c__#1_label_G-0-0__5.npy,G-0-0
v=7WukOSs0n5c__#1_label_G-0-0__6.npy,G-0-0
v=7WukOSs0n5c__#1_label_G-0-0__7.npy,G-0-0
v=7WukOSs0n5c__#1_label_G-0-0__8.npy,G-0-0
v=7WukOSs0n5c__#1_label_G-0-0__9.npy,G-0-0
v=7hVEtcXXipo__#1_label_G-0-0__0.npy,G-0-0
v=7hVEtcXXipo__#1_label_G-0-0__1.npy,G-0-0
v=7hVEtcXXipo__#1_label_G-0-0__2.npy,G-0-0
v=7hVEtcXXipo__#1_label_G-0-0__3.npy,G-0-0
v=7hVEtcXXipo__#1_label_G-0-0__4.npy,G-0-0
v=7hVEtcXXipo__#1_label_G-0-0__5.npy,G-0-0
v=7hVEtcXXipo__#1_label_G-0-0__6.npy,G-0-0
v=7hVEtcXXipo__#1_label_G-0-0__7.npy,G-0-0
v=7hVEtcXXipo__#1_label_G-0-0__8.npy,G-0-0
v=7hVEtcXXipo__#1_label_G-0-0__9.npy,G-0-0
v=7rDRFFSUrPI__#00-02-32_00-04-36_label_G-0-0__0.npy,G-0-0
v=7rDRFFSUrPI__#00-02-32_00-04-36_label_G-0-0__1.npy,G-0-0
v=7rDRFFSUrPI__#00-02-32_00-04-36_label_G-0-0__2.npy,G-0-0
v=7rDRFFSUrPI__#00-02-32_00-04-36_label_G-0-0__3.npy,G-0-0
v=7rDRFFSUrPI__#00-02-32_00-04-36_label_G-0-0__4.npy,G-0-0
v=7rDRFFSUrPI__#00-02-32_00-04-36_label_G-0-0__5.npy,G-0-0
v=7rDRFFSUrPI__#00-02-32_00-04-36_label_G-0-0__6.npy,G-0-0
v=7rDRFFSUrPI__#00-02-32_00-04-36_label_G-0-0__7.npy,G-0-0
v=7rDRFFSUrPI__#00-02-32_00-04-36_label_G-0-0__8.npy,G-0-0
v=7rDRFFSUrPI__#00-02-32_00-04-36_label_G-0-0__9.npy,G-0-0
v=87ss-JRZIs4__#1_label_G-0-0__0.npy,G-0-0
v=87ss-JRZIs4__#1_label_G-0-0__1.npy,G-0-0
v=87ss-JRZIs4__#1_label_G-0-0__2.npy,G-0-0
v=87ss-JRZIs4__#1_label_G-0-0__3.npy,G-0-0
v=87ss-JRZIs4__#1_label_G-0-0__4.npy,G-0-0
v=87ss-JRZIs4__#1_label_G-0-0__5.npy,G-0-0
v=87ss-JRZIs4__#1_label_G-0-0__6.npy,G-0-0
v=87ss-JRZIs4__#1_label_G-0-0__7.npy,G-0-0
v=87ss-JRZIs4__#1_label_G-0-0__8.npy,G-0-0
v=87ss-JRZIs4__#1_label_G-0-0__9.npy,G-0-0
v=93p7OOw7Rug__#1_label_G-0-0__0.npy,G-0-0
v=93p7OOw7Rug__#1_label_G-0-0__1.npy,G-0-0
v=93p7OOw7Rug__#1_label_G-0-0__2.npy,G-0-0
v=93p7OOw7Rug__#1_label_G-0-0__3.npy,G-0-0
v=93p7OOw7Rug__#1_label_G-0-0__4.npy,G-0-0
v=93p7OOw7Rug__#1_label_G-0-0__5.npy,G-0-0
v=93p7OOw7Rug__#1_label_G-0-0__6.npy,G-0-0
v=93p7OOw7Rug__#1_label_G-0-0__7.npy,G-0-0
v=93p7OOw7Rug__#1_label_G-0-0__8.npy,G-0-0
v=93p7OOw7Rug__#1_label_G-0-0__9.npy,G-0-0
v=9W_OeAknNFE__#1_label_G-0-0__0.npy,G-0-0
v=9W_OeAknNFE__#1_label_G-0-0__1.npy,G-0-0
v=9W_OeAknNFE__#1_label_G-0-0__2.npy,G-0-0
v=9W_OeAknNFE__#1_label_G-0-0__3.npy,G-0-0
v=9W_OeAknNFE__#1_label_G-0-0__4.npy,G-0-0
v=9W_OeAknNFE__#1_label_G-0-0__5.npy,G-0-0
v=9W_OeAknNFE__#1_label_G-0-0__6.npy,G-0-0
v=9W_OeAknNFE__#1_label_G-0-0__7.npy,G-0-0
v=9W_OeAknNFE__#1_label_G-0-0__8.npy,G-0-0
v=9W_OeAknNFE__#1_label_G-0-0__9.npy,G-0-0
v=9iWViPvq3aM__#1_label_G-0-0__0.npy,G-0-0
v=9iWViPvq3aM__#1_label_G-0-0__1.npy,G-0-0
v=9iWViPvq3aM__#1_label_G-0-0__2.npy,G-0-0
v=9iWViPvq3aM__#1_label_G-0-0__3.npy,G-0-0
v=9iWViPvq3aM__#1_label_G-0-0__4.npy,G-0-0
v=9iWViPvq3aM__#1_label_G-0-0__5.npy,G-0-0
v=9iWViPvq3aM__#1_label_G-0-0__6.npy,G-0-0
v=9iWViPvq3aM__#1_label_G-0-0__7.npy,G-0-0
v=9iWViPvq3aM__#1_label_G-0-0__8.npy,G-0-0
v=9iWViPvq3aM__#1_label_G-0-0__9.npy,G-0-0
v=BBNhYOmEgy0__#1_label_G-0-0__0.npy,G-0-0
v=BBNhYOmEgy0__#1_label_G-0-0__1.npy,G-0-0
v=BBNhYOmEgy0__#1_label_G-0-0__2.npy,G-0-0
v=BBNhYOmEgy0__#1_label_G-0-0__3.npy,G-0-0
v=BBNhYOmEgy0__#1_label_G-0-0__4.npy,G-0-0
v=BBNhYOmEgy0__#1_label_G-0-0__5.npy,G-0-0
v=BBNhYOmEgy0__#1_label_G-0-0__6.npy,G-0-0
v=BBNhYOmEgy0__#1_label_G-0-0__7.npy,G-0-0
v=BBNhYOmEgy0__#1_label_G-0-0__8.npy,G-0-0
v=BBNhYOmEgy0__#1_label_G-0-0__9.npy,G-0-0
v=CTmDm1VO-8U__#1_label_G-0-0__0.npy,G-0-0
v=CTmDm1VO-8U__#1_label_G-0-0__1.npy,G-0-0
v=CTmDm1VO-8U__#1_label_G-0-0__2.npy,G-0-0
v=CTmDm1VO-8U__#1_label_G-0-0__3.npy,G-0-0
v=CTmDm1VO-8U__#1_label_G-0-0__4.npy,G-0-0
v=CTmDm1VO-8U__#1_label_G-0-0__5.npy,G-0-0
v=CTmDm1VO-8U__#1_label_G-0-0__6.npy,G-0-0
v=CTmDm1VO-8U__#1_label_G-0-0__7.npy,G-0-0
v=CTmDm1VO-8U__#1_label_G-0-0__8.npy,G-0-0
v=CTmDm1VO-8U__#1_label_G-0-0__9.npy,G-0-0
v=CY9gojFu-_U__#1_label_G-0-0__0.npy,G-0-0
v=CY9gojFu-_U__#1_label_G-0-0__1.npy,G-0-0
v=CY9gojFu-_U__#1_label_G-0-0__2.npy,G-0-0
v=CY9gojFu-_U__#1_label_G-0-0__3.npy,G-0-0
v=CY9gojFu-_U__#1_label_G-0-0__4.npy,G-0-0
v=CY9gojFu-_U__#1_label_G-0-0__5.npy,G-0-0
v=CY9gojFu-_U__#1_label_G-0-0__6.npy,G-0-0
v=CY9gojFu-_U__#1_label_G-0-0__7.npy,G-0-0
v=CY9gojFu-_U__#1_label_G-0-0__8.npy,G-0-0
v=CY9gojFu-_U__#1_label_G-0-0__9.npy,G-0-0
v=CoPyMeKWX48__#1_label_G-0-0__0.npy,G-0-0
v=CoPyMeKWX48__#1_label_G-0-0__1.npy,G-0-0
v=CoPyMeKWX48__#1_label_G-0-0__2.npy,G-0-0
v=CoPyMeKWX48__#1_label_G-0-0__3.npy,G-0-0
v=CoPyMeKWX48__#1_label_G-0-0__4.npy,G-0-0
v=CoPyMeKWX48__#1_label_G-0-0__5.npy,G-0-0
v=CoPyMeKWX48__#1_label_G-0-0__6.npy,G-0-0
v=CoPyMeKWX48__#1_label_G-0-0__7.npy,G-0-0
v=CoPyMeKWX48__#1_label_G-0-0__8.npy,G-0-0
v=CoPyMeKWX48__#1_label_G-0-0__9.npy,G-0-0
v=D5-ASgQr5ys__#1_label_G-0-0__0.npy,G-0-0
v=D5-ASgQr5ys__#1_label_G-0-0__1.npy,G-0-0
v=D5-ASgQr5ys__#1_label_G-0-0__2.npy,G-0-0
v=D5-ASgQr5ys__#1_label_G-0-0__3.npy,G-0-0
v=D5-ASgQr5ys__#1_label_G-0-0__4.npy,G-0-0
v=D5-ASgQr5ys__#1_label_G-0-0__5.npy,G-0-0
v=D5-ASgQr5ys__#1_label_G-0-0__6.npy,G-0-0
v=D5-ASgQr5ys__#1_label_G-0-0__7.npy,G-0-0
v=D5-ASgQr5ys__#1_label_G-0-0__8.npy,G-0-0
v=D5-ASgQr5ys__#1_label_G-0-0__9.npy,G-0-0
v=D8EQPx-ptKk__#1_label_G-0-0__0.npy,G-0-0
v=D8EQPx-ptKk__#1_label_G-0-0__1.npy,G-0-0
v=D8EQPx-ptKk__#1_label_G-0-0__2.npy,G-0-0
v=D8EQPx-ptKk__#1_label_G-0-0__3.npy,G-0-0
v=D8EQPx-ptKk__#1_label_G-0-0__4.npy,G-0-0
v=D8EQPx-ptKk__#1_label_G-0-0__5.npy,G-0-0
v=D8EQPx-ptKk__#1_label_G-0-0__6.npy,G-0-0
v=D8EQPx-ptKk__#1_label_G-0-0__7.npy,G-0-0
v=D8EQPx-ptKk__#1_label_G-0-0__8.npy,G-0-0
v=D8EQPx-ptKk__#1_label_G-0-0__9.npy,G-0-0
v=DRGMajXo_PI__#00-00-00_00-01-15_label_G-0-0__0.npy,G-0-0
v=DRGMajXo_PI__#00-00-00_00-01-15_label_G-0-0__1.npy,G-0-0
v=DRGMajXo_PI__#00-00-00_00-01-15_label_G-0-0__2.npy,G-0-0
v=DRGMajXo_PI__#00-00-00_00-01-15_label_G-0-0__3.npy,G-0-0
v=DRGMajXo_PI__#00-00-00_00-01-15_label_G-0-0__4.npy,G-0-0
v=DRGMajXo_PI__#00-00-00_00-01-15_label_G-0-0__5.npy,G-0-0
v=DRGMajXo_PI__#00-00-00_00-01-15_label_G-0-0__6.npy,G-0-0
v=DRGMajXo_PI__#00-00-00_00-01-15_label_G-0-0__7.npy,G-0-0
v=DRGMajXo_PI__#00-00-00_00-01-15_label_G-0-0__8.npy,G-0-0
v=DRGMajXo_PI__#00-00-00_00-01-15_label_G-0-0__9.npy,G-0-0
v=DRGMajXo_PI__#00-04-04_00-04-16_label_G-0-0__0.npy,G-0-0
v=DRGMajXo_PI__#00-04-04_00-04-16_label_G-0-0__1.npy,G-0-0
v=DRGMajXo_PI__#00-04-04_00-04-16_label_G-0-0__2.npy,G-0-0
v=DRGMajXo_PI__#00-04-04_00-04-16_label_G-0-0__3.npy,G-0-0
v=DRGMajXo_PI__#00-04-04_00-04-16_label_G-0-0__4.npy,G-0-0
v=DRGMajXo_PI__#00-04-04_00-04-16_label_G-0-0__5.npy,G-0-0
v=DRGMajXo_PI__#00-04-04_00-04-16_label_G-0-0__6.npy,G-0-0
v=DRGMajXo_PI__#00-04-04_00-04-16_label_G-0-0__7.npy,G-0-0
v=DRGMajXo_PI__#00-04-04_00-04-16_label_G-0-0__8.npy,G-0-0
v=DRGMajXo_PI__#00-04-04_00-04-16_label_G-0-0__9.npy,G-0-0
v=DZvZckOLw6A__#1_label_G-0-0__0.npy,G-0-0
v=DZvZckOLw6A__#1_label_G-0-0__1.npy,G-0-0
v=DZvZckOLw6A__#1_label_G-0-0__2.npy,G-0-0
v=DZvZckOLw6A__#1_label_G-0-0__3.npy,G-0-0
v=DZvZckOLw6A__#1_label_G-0-0__4.npy,G-0-0
v=DZvZckOLw6A__#1_label_G-0-0__5.npy,G-0-0
v=DZvZckOLw6A__#1_label_G-0-0__6.npy,G-0-0
v=DZvZckOLw6A__#1_label_G-0-0__7.npy,G-0-0
v=DZvZckOLw6A__#1_label_G-0-0__8.npy,G-0-0
v=DZvZckOLw6A__#1_label_G-0-0__9.npy,G-0-0
v=EWKna2H3sLI__#1_label_G-0-0__0.npy,G-0-0
v=EWKna2H3sLI__#1_label_G-0-0__1.npy,G-0-0
v=EWKna2H3sLI__#1_label_G-0-0__2.npy,G-0-0
v=EWKna2H3sLI__#1_label_G-0-0__3.npy,G-0-0
v=EWKna2H3sLI__#1_label_G-0-0__4.npy,G-0-0
v=EWKna2H3sLI__#1_label_G-0-0__5.npy,G-0-0
v=EWKna2H3sLI__#1_label_G-0-0__6.npy,G-0-0
v=EWKna2H3sLI__#1_label_G-0-0__7.npy,G-0-0
v=EWKna2H3sLI__#1_label_G-0-0__8.npy,G-0-0
v=EWKna2H3sLI__#1_label_G-0-0__9.npy,G-0-0
v=Fl1i5SNawNk__#1_label_G-0-0__0.npy,G-0-0
v=Fl1i5SNawNk__#1_label_G-0-0__1.npy,G-0-0
v=Fl1i5SNawNk__#1_label_G-0-0__2.npy,G-0-0
v=Fl1i5SNawNk__#1_label_G-0-0__3.npy,G-0-0
v=Fl1i5SNawNk__#1_label_G-0-0__4.npy,G-0-0
v=Fl1i5SNawNk__#1_label_G-0-0__5.npy,G-0-0
v=Fl1i5SNawNk__#1_label_G-0-0__6.npy,G-0-0
v=Fl1i5SNawNk__#1_label_G-0-0__7.npy,G-0-0
v=Fl1i5SNawNk__#1_label_G-0-0__8.npy,G-0-0
v=Fl1i5SNawNk__#1_label_G-0-0__9.npy,G-0-0
v=G7AXkLvoEfU__#1_label_G-0-0__0.npy,G-0-0
v=G7AXkLvoEfU__#1_label_G-0-0__1.npy,G-0-0
v=G7AXkLvoEfU__#1_label_G-0-0__2.npy,G-0-0
v=G7AXkLvoEfU__#1_label_G-0-0__3.npy,G-0-0
v=G7AXkLvoEfU__#1_label_G-0-0__4.npy,G-0-0
v=G7AXkLvoEfU__#1_label_G-0-0__5.npy,G-0-0
v=G7AXkLvoEfU__#1_label_G-0-0__6.npy,G-0-0
v=G7AXkLvoEfU__#1_label_G-0-0__7.npy,G-0-0
v=G7AXkLvoEfU__#1_label_G-0-0__8.npy,G-0-0
v=G7AXkLvoEfU__#1_label_G-0-0__9.npy,G-0-0
v=GXuUI-1wGQ0__#1_label_G-0-0__0.npy,G-0-0
v=GXuUI-1wGQ0__#1_label_G-0-0__1.npy,G-0-0
v=GXuUI-1wGQ0__#1_label_G-0-0__2.npy,G-0-0
v=GXuUI-1wGQ0__#1_label_G-0-0__3.npy,G-0-0
v=GXuUI-1wGQ0__#1_label_G-0-0__4.npy,G-0-0
v=GXuUI-1wGQ0__#1_label_G-0-0__5.npy,G-0-0
v=GXuUI-1wGQ0__#1_label_G-0-0__6.npy,G-0-0
v=GXuUI-1wGQ0__#1_label_G-0-0__7.npy,G-0-0
v=GXuUI-1wGQ0__#1_label_G-0-0__8.npy,G-0-0
v=GXuUI-1wGQ0__#1_label_G-0-0__9.npy,G-0-0
v=GjBI4hyO2-8__#1_label_G-0-0__0.npy,G-0-0
v=GjBI4hyO2-8__#1_label_G-0-0__1.npy,G-0-0
v=GjBI4hyO2-8__#1_label_G-0-0__2.npy,G-0-0
v=GjBI4hyO2-8__#1_label_G-0-0__3.npy,G-0-0
v=GjBI4hyO2-8__#1_label_G-0-0__4.npy,G-0-0
v=GjBI4hyO2-8__#1_label_G-0-0__5.npy,G-0-0
v=GjBI4hyO2-8__#1_label_G-0-0__6.npy,G-0-0
v=GjBI4hyO2-8__#1_label_G-0-0__7.npy,G-0-0
v=GjBI4hyO2-8__#1_label_G-0-0__8.npy,G-0-0
v=GjBI4hyO2-8__#1_label_G-0-0__9.npy,G-0-0
v=GkZottYDpEE__#1_label_G-0-0__0.npy,G-0-0
v=GkZottYDpEE__#1_label_G-0-0__1.npy,G-0-0
v=GkZottYDpEE__#1_label_G-0-0__2.npy,G-0-0
v=GkZottYDpEE__#1_label_G-0-0__3.npy,G-0-0
v=GkZottYDpEE__#1_label_G-0-0__4.npy,G-0-0
v=GkZottYDpEE__#1_label_G-0-0__5.npy,G-0-0
v=GkZottYDpEE__#1_label_G-0-0__6.npy,G-0-0
v=GkZottYDpEE__#1_label_G-0-0__7.npy,G-0-0
v=GkZottYDpEE__#1_label_G-0-0__8.npy,G-0-0
v=GkZottYDpEE__#1_label_G-0-0__9.npy,G-0-0
v=Gm73TwtUyGY__#1_label_G-0-0__0.npy,G-0-0
v=Gm73TwtUyGY__#1_label_G-0-0__1.npy,G-0-0
v=Gm73TwtUyGY__#1_label_G-0-0__2.npy,G-0-0
v=Gm73TwtUyGY__#1_label_G-0-0__3.npy,G-0-0
v=Gm73TwtUyGY__#1_label_G-0-0__4.npy,G-0-0
v=Gm73TwtUyGY__#1_label_G-0-0__5.npy,G-0-0
v=Gm73TwtUyGY__#1_label_G-0-0__6.npy,G-0-0
v=Gm73TwtUyGY__#1_label_G-0-0__7.npy,G-0-0
v=Gm73TwtUyGY__#1_label_G-0-0__8.npy,G-0-0
v=Gm73TwtUyGY__#1_label_G-0-0__9.npy,G-0-0
v=GmOLGb8qgag__#1_label_G-0-0__0.npy,G-0-0
v=GmOLGb8qgag__#1_label_G-0-0__1.npy,G-0-0
v=GmOLGb8qgag__#1_label_G-0-0__2.npy,G-0-0
v=GmOLGb8qgag__#1_label_G-0-0__3.npy,G-0-0
v=GmOLGb8qgag__#1_label_G-0-0__4.npy,G-0-0
v=GmOLGb8qgag__#1_label_G-0-0__5.npy,G-0-0
v=GmOLGb8qgag__#1_label_G-0-0__6.npy,G-0-0
v=GmOLGb8qgag__#1_label_G-0-0__7.npy,G-0-0
v=GmOLGb8qgag__#1_label_G-0-0__8.npy,G-0-0
v=GmOLGb8qgag__#1_label_G-0-0__9.npy,G-0-0
v=HD16dEAXvZY__#1_label_G-0-0__0.npy,G-0-0
v=HD16dEAXvZY__#1_label_G-0-0__1.npy,G-0-0
v=HD16dEAXvZY__#1_label_G-0-0__2.npy,G-0-0
v=HD16dEAXvZY__#1_label_G-0-0__3.npy,G-0-0
v=HD16dEAXvZY__#1_label_G-0-0__4.npy,G-0-0
v=HD16dEAXvZY__#1_label_G-0-0__5.npy,G-0-0
v=HD16dEAXvZY__#1_label_G-0-0__6.npy,G-0-0
v=HD16dEAXvZY__#1_label_G-0-0__7.npy,G-0-0
v=HD16dEAXvZY__#1_label_G-0-0__8.npy,G-0-0
v=HD16dEAXvZY__#1_label_G-0-0__9.npy,G-0-0
v=HZ-YZ1CSfGY__#1_label_G-0-0__0.npy,G-0-0
v=HZ-YZ1CSfGY__#1_label_G-0-0__1.npy,G-0-0
v=HZ-YZ1CSfGY__#1_label_G-0-0__2.npy,G-0-0
v=HZ-YZ1CSfGY__#1_label_G-0-0__3.npy,G-0-0
v=HZ-YZ1CSfGY__#1_label_G-0-0__4.npy,G-0-0
v=HZ-YZ1CSfGY__#1_label_G-0-0__5.npy,G-0-0
v=HZ-YZ1CSfGY__#1_label_G-0-0__6.npy,G-0-0
v=HZ-YZ1CSfGY__#1_label_G-0-0__7.npy,G-0-0
v=HZ-YZ1CSfGY__#1_label_G-0-0__8.npy,G-0-0
v=HZ-YZ1CSfGY__#1_label_G-0-0__9.npy,G-0-0
v=IhU6jml6NY4__#1_label_G-0-0__0.npy,G-0-0
v=IhU6jml6NY4__#1_label_G-0-0__1.npy,G-0-0
v=IhU6jml6NY4__#1_label_G-0-0__2.npy,G-0-0
v=IhU6jml6NY4__#1_label_G-0-0__3.npy,G-0-0
v=IhU6jml6NY4__#1_label_G-0-0__4.npy,G-0-0
v=IhU6jml6NY4__#1_label_G-0-0__5.npy,G-0-0
v=IhU6jml6NY4__#1_label_G-0-0__6.npy,G-0-0
v=IhU6jml6NY4__#1_label_G-0-0__7.npy,G-0-0
v=IhU6jml6NY4__#1_label_G-0-0__8.npy,G-0-0
v=IhU6jml6NY4__#1_label_G-0-0__9.npy,G-0-0
v=IrVD7eoWfWY__#1_label_G-0-0__0.npy,G-0-0
v=IrVD7eoWfWY__#1_label_G-0-0__1.npy,G-0-0
v=IrVD7eoWfWY__#1_label_G-0-0__2.npy,G-0-0
v=IrVD7eoWfWY__#1_label_G-0-0__3.npy,G-0-0
v=IrVD7eoWfWY__#1_label_G-0-0__4.npy,G-0-0
v=IrVD7eoWfWY__#1_label_G-0-0__5.npy,G-0-0
v=IrVD7eoWfWY__#1_label_G-0-0__6.npy,G-0-0
v=IrVD7eoWfWY__#1_label_G-0-0__7.npy,G-0-0
v=IrVD7eoWfWY__#1_label_G-0-0__8.npy,G-0-0
v=IrVD7eoWfWY__#1_label_G-0-0__9.npy,G-0-0
v=IyoOPo4NVUI__#1_label_G-0-0__0.npy,G-0-0
v=IyoOPo4NVUI__#1_label_G-0-0__1.npy,G-0-0
v=IyoOPo4NVUI__#1_label_G-0-0__2.npy,G-0-0
v=IyoOPo4NVUI__#1_label_G-0-0__3.npy,G-0-0
v=IyoOPo4NVUI__#1_label_G-0-0__4.npy,G-0-0
v=IyoOPo4NVUI__#1_label_G-0-0__5.npy,G-0-0
v=IyoOPo4NVUI__#1_label_G-0-0__6.npy,G-0-0
v=IyoOPo4NVUI__#1_label_G-0-0__7.npy,G-0-0
v=IyoOPo4NVUI__#1_label_G-0-0__8.npy,G-0-0
v=IyoOPo4NVUI__#1_label_G-0-0__9.npy,G-0-0
v=JTVUA-jJ11I__#1_label_G-0-0__0.npy,G-0-0
v=JTVUA-jJ11I__#1_label_G-0-0__1.npy,G-0-0
v=JTVUA-jJ11I__#1_label_G-0-0__2.npy,G-0-0
v=JTVUA-jJ11I__#1_label_G-0-0__3.npy,G-0-0
v=JTVUA-jJ11I__#1_label_G-0-0__4.npy,G-0-0
v=JTVUA-jJ11I__#1_label_G-0-0__5.npy,G-0-0
v=JTVUA-jJ11I__#1_label_G-0-0__6.npy,G-0-0
v=JTVUA-jJ11I__#1_label_G-0-0__7.npy,G-0-0
v=JTVUA-jJ11I__#1_label_G-0-0__8.npy,G-0-0
v=JTVUA-jJ11I__#1_label_G-0-0__9.npy,G-0-0
v=JqQWV5TLRg8__#1_label_G-0-0__0.npy,G-0-0
v=JqQWV5TLRg8__#1_label_G-0-0__1.npy,G-0-0
v=JqQWV5TLRg8__#1_label_G-0-0__2.npy,G-0-0
v=JqQWV5TLRg8__#1_label_G-0-0__3.npy,G-0-0
v=JqQWV5TLRg8__#1_label_G-0-0__4.npy,G-0-0
v=JqQWV5TLRg8__#1_label_G-0-0__5.npy,G-0-0
v=JqQWV5TLRg8__#1_label_G-0-0__6.npy,G-0-0
v=JqQWV5TLRg8__#1_label_G-0-0__7.npy,G-0-0
v=JqQWV5TLRg8__#1_label_G-0-0__8.npy,G-0-0
v=JqQWV5TLRg8__#1_label_G-0-0__9.npy,G-0-0
v=K4XvpPwAN4A__#1_label_G-0-0__0.npy,G-0-0
v=K4XvpPwAN4A__#1_label_G-0-0__1.npy,G-0-0
v=K4XvpPwAN4A__#1_label_G-0-0__2.npy,G-0-0
v=K4XvpPwAN4A__#1_label_G-0-0__3.npy,G-0-0
v=K4XvpPwAN4A__#1_label_G-0-0__4.npy,G-0-0
v=K4XvpPwAN4A__#1_label_G-0-0__5.npy,G-0-0
v=K4XvpPwAN4A__#1_label_G-0-0__6.npy,G-0-0
v=K4XvpPwAN4A__#1_label_G-0-0__7.npy,G-0-0
v=K4XvpPwAN4A__#1_label_G-0-0__8.npy,G-0-0
v=K4XvpPwAN4A__#1_label_G-0-0__9.npy,G-0-0
v=K5ls-rAcaHs__#00-01-50_00-03-17_label_G-0-0__0.npy,G-0-0
v=K5ls-rAcaHs__#00-01-50_00-03-17_label_G-0-0__1.npy,G-0-0
v=K5ls-rAcaHs__#00-01-50_00-03-17_label_G-0-0__2.npy,G-0-0
v=K5ls-rAcaHs__#00-01-50_00-03-17_label_G-0-0__3.npy,G-0-0
v=K5ls-rAcaHs__#00-01-50_00-03-17_label_G-0-0__4.npy,G-0-0
v=K5ls-rAcaHs__#00-01-50_00-03-17_label_G-0-0__5.npy,G-0-0
v=K5ls-rAcaHs__#00-01-50_00-03-17_label_G-0-0__6.npy,G-0-0
v=K5ls-rAcaHs__#00-01-50_00-03-17_label_G-0-0__7.npy,G-0-0
v=K5ls-rAcaHs__#00-01-50_00-03-17_label_G-0-0__8.npy,G-0-0
v=K5ls-rAcaHs__#00-01-50_00-03-17_label_G-0-0__9.npy,G-0-0
v=K5ls-rAcaHs__#00-03-17_00-06-08_label_G-0-0__0.npy,G-0-0
v=K5ls-rAcaHs__#00-03-17_00-06-08_label_G-0-0__1.npy,G-0-0
v=K5ls-rAcaHs__#00-03-17_00-06-08_label_G-0-0__2.npy,G-0-0
v=K5ls-rAcaHs__#00-03-17_00-06-08_label_G-0-0__3.npy,G-0-0
v=K5ls-rAcaHs__#00-03-17_00-06-08_label_G-0-0__4.npy,G-0-0
v=K5ls-rAcaHs__#00-03-17_00-06-08_label_G-0-0__5.npy,G-0-0
v=K5ls-rAcaHs__#00-03-17_00-06-08_label_G-0-0__6.npy,G-0-0
v=K5ls-rAcaHs__#00-03-17_00-06-08_label_G-0-0__7.npy,G-0-0
v=K5ls-rAcaHs__#00-03-17_00-06-08_label_G-0-0__8.npy,G-0-0
v=K5ls-rAcaHs__#00-03-17_00-06-08_label_G-0-0__9.npy,G-0-0
v=KAl91XyYVp0__#1_label_G-0-0__0.npy,G-0-0
v=KAl91XyYVp0__#1_label_G-0-0__1.npy,G-0-0
v=KAl91XyYVp0__#1_label_G-0-0__2.npy,G-0-0
v=KAl91XyYVp0__#1_label_G-0-0__3.npy,G-0-0
v=KAl91XyYVp0__#1_label_G-0-0__4.npy,G-0-0
v=KAl91XyYVp0__#1_label_G-0-0__5.npy,G-0-0
v=KAl91XyYVp0__#1_label_G-0-0__6.npy,G-0-0
v=KAl91XyYVp0__#1_label_G-0-0__7.npy,G-0-0
v=KAl91XyYVp0__#1_label_G-0-0__8.npy,G-0-0
v=KAl91XyYVp0__#1_label_G-0-0__9.npy,G-0-0
v=KC7zdZ00eZ4__#1_label_G-0-0__0.npy,G-0-0
v=KC7zdZ00eZ4__#1_label_G-0-0__1.npy,G-0-0
v=KC7zdZ00eZ4__#1_label_G-0-0__2.npy,G-0-0
v=KC7zdZ00eZ4__#1_label_G-0-0__3.npy,G-0-0
v=KC7zdZ00eZ4__#1_label_G-0-0__4.npy,G-0-0
v=KC7zdZ00eZ4__#1_label_G-0-0__5.npy,G-0-0
v=KC7zdZ00eZ4__#1_label_G-0-0__6.npy,G-0-0
v=KC7zdZ00eZ4__#1_label_G-0-0__7.npy,G-0-0
v=KC7zdZ00eZ4__#1_label_G-0-0__8.npy,G-0-0
v=KC7zdZ00eZ4__#1_label_G-0-0__9.npy,G-0-0
v=KmmZjp2-qTw__#1_label_G-0-0__0.npy,G-0-0
v=KmmZjp2-qTw__#1_label_G-0-0__1.npy,G-0-0
v=KmmZjp2-qTw__#1_label_G-0-0__2.npy,G-0-0
v=KmmZjp2-qTw__#1_label_G-0-0__3.npy,G-0-0
v=KmmZjp2-qTw__#1_label_G-0-0__4.npy,G-0-0
v=KmmZjp2-qTw__#1_label_G-0-0__5.npy,G-0-0
v=KmmZjp2-qTw__#1_label_G-0-0__6.npy,G-0-0
v=KmmZjp2-qTw__#1_label_G-0-0__7.npy,G-0-0
v=KmmZjp2-qTw__#1_label_G-0-0__8.npy,G-0-0
v=KmmZjp2-qTw__#1_label_G-0-0__9.npy,G-0-0
v=Kwn80uxd6u0__#1_label_G-0-0__0.npy,G-0-0
v=Kwn80uxd6u0__#1_label_G-0-0__1.npy,G-0-0
v=Kwn80uxd6u0__#1_label_G-0-0__2.npy,G-0-0
v=Kwn80uxd6u0__#1_label_G-0-0__3.npy,G-0-0
v=Kwn80uxd6u0__#1_label_G-0-0__4.npy,G-0-0
v=Kwn80uxd6u0__#1_label_G-0-0__5.npy,G-0-0
v=Kwn80uxd6u0__#1_label_G-0-0__6.npy,G-0-0
v=Kwn80uxd6u0__#1_label_G-0-0__7.npy,G-0-0
v=Kwn80uxd6u0__#1_label_G-0-0__8.npy,G-0-0
v=Kwn80uxd6u0__#1_label_G-0-0__9.npy,G-0-0
v=L8Oi7KQzoQk__#1_label_G-0-0__0.npy,G-0-0
v=L8Oi7KQzoQk__#1_label_G-0-0__1.npy,G-0-0
v=L8Oi7KQzoQk__#1_label_G-0-0__2.npy,G-0-0
v=L8Oi7KQzoQk__#1_label_G-0-0__3.npy,G-0-0
v=L8Oi7KQzoQk__#1_label_G-0-0__4.npy,G-0-0
v=L8Oi7KQzoQk__#1_label_G-0-0__5.npy,G-0-0
v=L8Oi7KQzoQk__#1_label_G-0-0__6.npy,G-0-0
v=L8Oi7KQzoQk__#1_label_G-0-0__7.npy,G-0-0
v=L8Oi7KQzoQk__#1_label_G-0-0__8.npy,G-0-0
v=L8Oi7KQzoQk__#1_label_G-0-0__9.npy,G-0-0
v=MhBbF4A_gBI__#1_label_G-0-0__0.npy,G-0-0
v=MhBbF4A_gBI__#1_label_G-0-0__1.npy,G-0-0
v=MhBbF4A_gBI__#1_label_G-0-0__2.npy,G-0-0
v=MhBbF4A_gBI__#1_label_G-0-0__3.npy,G-0-0
v=MhBbF4A_gBI__#1_label_G-0-0__4.npy,G-0-0
v=MhBbF4A_gBI__#1_label_G-0-0__5.npy,G-0-0
v=MhBbF4A_gBI__#1_label_G-0-0__6.npy,G-0-0
v=MhBbF4A_gBI__#1_label_G-0-0__7.npy,G-0-0
v=MhBbF4A_gBI__#1_label_G-0-0__8.npy,G-0-0
v=MhBbF4A_gBI__#1_label_G-0-0__9.npy,G-0-0
v=Mqr21vlZ7JM__#1_label_G-0-0__0.npy,G-0-0
v=Mqr21vlZ7JM__#1_label_G-0-0__1.npy,G-0-0
v=Mqr21vlZ7JM__#1_label_G-0-0__2.npy,G-0-0
v=Mqr21vlZ7JM__#1_label_G-0-0__3.npy,G-0-0
v=Mqr21vlZ7JM__#1_label_G-0-0__4.npy,G-0-0
v=Mqr21vlZ7JM__#1_label_G-0-0__5.npy,G-0-0
v=Mqr21vlZ7JM__#1_label_G-0-0__6.npy,G-0-0
v=Mqr21vlZ7JM__#1_label_G-0-0__7.npy,G-0-0
v=Mqr21vlZ7JM__#1_label_G-0-0__8.npy,G-0-0
v=Mqr21vlZ7JM__#1_label_G-0-0__9.npy,G-0-0
v=NCWunnJXdm0__#00-02-06_00-03-33_label_G-0-0__0.npy,G-0-0
v=NCWunnJXdm0__#00-02-06_00-03-33_label_G-0-0__1.npy,G-0-0
v=NCWunnJXdm0__#00-02-06_00-03-33_label_G-0-0__2.npy,G-0-0
v=NCWunnJXdm0__#00-02-06_00-03-33_label_G-0-0__3.npy,G-0-0
v=NCWunnJXdm0__#00-02-06_00-03-33_label_G-0-0__4.npy,G-0-0
v=NCWunnJXdm0__#00-02-06_00-03-33_label_G-0-0__5.npy,G-0-0
v=NCWunnJXdm0__#00-02-06_00-03-33_label_G-0-0__6.npy,G-0-0
v=NCWunnJXdm0__#00-02-06_00-03-33_label_G-0-0__7.npy,G-0-0
v=NCWunnJXdm0__#00-02-06_00-03-33_label_G-0-0__8.npy,G-0-0
v=NCWunnJXdm0__#00-02-06_00-03-33_label_G-0-0__9.npy,G-0-0
v=NKJvcVM6jvE__#1_label_G-0-0__0.npy,G-0-0
v=NKJvcVM6jvE__#1_label_G-0-0__1.npy,G-0-0
v=NKJvcVM6jvE__#1_label_G-0-0__2.npy,G-0-0
v=NKJvcVM6jvE__#1_label_G-0-0__3.npy,G-0-0
v=NKJvcVM6jvE__#1_label_G-0-0__4.npy,G-0-0
v=NKJvcVM6jvE__#1_label_G-0-0__5.npy,G-0-0
v=NKJvcVM6jvE__#1_label_G-0-0__6.npy,G-0-0
v=NKJvcVM6jvE__#1_label_G-0-0__7.npy,G-0-0
v=NKJvcVM6jvE__#1_label_G-0-0__8.npy,G-0-0
v=NKJvcVM6jvE__#1_label_G-0-0__9.npy,G-0-0
v=NLhjNzQHphQ__#1_label_G-0-0__0.npy,G-0-0
v=NLhjNzQHphQ__#1_label_G-0-0__1.npy,G-0-0
v=NLhjNzQHphQ__#1_label_G-0-0__2.npy,G-0-0
v=NLhjNzQHphQ__#1_label_G-0-0__3.npy,G-0-0
v=NLhjNzQHphQ__#1_label_G-0-0__4.npy,G-0-0
v=NLhjNzQHphQ__#1_label_G-0-0__5.npy,G-0-0
v=NLhjNzQHphQ__#1_label_G-0-0__6.npy,G-0-0
v=NLhjNzQHphQ__#1_label_G-0-0__7.npy,G-0-0
v=NLhjNzQHphQ__#1_label_G-0-0__8.npy,G-0-0
v=NLhjNzQHphQ__#1_label_G-0-0__9.npy,G-0-0
v=NN05jCosAe8__#1_label_G-0-0__0.npy,G-0-0
v=NN05jCosAe8__#1_label_G-0-0__1.npy,G-0-0
v=NN05jCosAe8__#1_label_G-0-0__2.npy,G-0-0
v=NN05jCosAe8__#1_label_G-0-0__3.npy,G-0-0
v=NN05jCosAe8__#1_label_G-0-0__4.npy,G-0-0
v=NN05jCosAe8__#1_label_G-0-0__5.npy,G-0-0
v=NN05jCosAe8__#1_label_G-0-0__6.npy,G-0-0
v=NN05jCosAe8__#1_label_G-0-0__7.npy,G-0-0
v=NN05jCosAe8__#1_label_G-0-0__8.npy,G-0-0
v=NN05jCosAe8__#1_label_G-0-0__9.npy,G-0-0
v=NwAfJV59e6Y__#1_label_G-0-0__0.npy,G-0-0
v=NwAfJV59e6Y__#1_label_G-0-0__1.npy,G-0-0
v=NwAfJV59e6Y__#1_label_G-0-0__2.npy,G-0-0
v=NwAfJV59e6Y__#1_label_G-0-0__3.npy,G-0-0
v=NwAfJV59e6Y__#1_label_G-0-0__4.npy,G-0-0
v=NwAfJV59e6Y__#1_label_G-0-0__5.npy,G-0-0
v=NwAfJV59e6Y__#1_label_G-0-0__6.npy,G-0-0
v=NwAfJV59e6Y__#1_label_G-0-0__7.npy,G-0-0
v=NwAfJV59e6Y__#1_label_G-0-0__8.npy,G-0-0
v=NwAfJV59e6Y__#1_label_G-0-0__9.npy,G-0-0
v=OTH4Fkt2PKo__#1_label_G-0-0__0.npy,G-0-0
v=OTH4Fkt2PKo__#1_label_G-0-0__1.npy,G-0-0
v=OTH4Fkt2PKo__#1_label_G-0-0__2.npy,G-0-0
v=OTH4Fkt2PKo__#1_label_G-0-0__3.npy,G-0-0
v=OTH4Fkt2PKo__#1_label_G-0-0__4.npy,G-0-0
v=OTH4Fkt2PKo__#1_label_G-0-0__5.npy,G-0-0
v=OTH4Fkt2PKo__#1_label_G-0-0__6.npy,G-0-0
v=OTH4Fkt2PKo__#1_label_G-0-0__7.npy,G-0-0
v=OTH4Fkt2PKo__#1_label_G-0-0__8.npy,G-0-0
v=OTH4Fkt2PKo__#1_label_G-0-0__9.npy,G-0-0
v=OU0dIK5EJYI__#1_label_G-0-0__0.npy,G-0-0
v=OU0dIK5EJYI__#1_label_G-0-0__1.npy,G-0-0
v=OU0dIK5EJYI__#1_label_G-0-0__2.npy,G-0-0
v=OU0dIK5EJYI__#1_label_G-0-0__3.npy,G-0-0
v=OU0dIK5EJYI__#1_label_G-0-0__4.npy,G-0-0
v=OU0dIK5EJYI__#1_label_G-0-0__5.npy,G-0-0
v=OU0dIK5EJYI__#1_label_G-0-0__6.npy,G-0-0
v=OU0dIK5EJYI__#1_label_G-0-0__7.npy,G-0-0
v=OU0dIK5EJYI__#1_label_G-0-0__8.npy,G-0-0
v=OU0dIK5EJYI__#1_label_G-0-0__9.npy,G-0-0
v=OVtfIMhGrGM__#1_label_G-0-0__0.npy,G-0-0
v=OVtfIMhGrGM__#1_label_G-0-0__1.npy,G-0-0
v=OVtfIMhGrGM__#1_label_G-0-0__2.npy,G-0-0
v=OVtfIMhGrGM__#1_label_G-0-0__3.npy,G-0-0
v=OVtfIMhGrGM__#1_label_G-0-0__4.npy,G-0-0
v=OVtfIMhGrGM__#1_label_G-0-0__5.npy,G-0-0
v=OVtfIMhGrGM__#1_label_G-0-0__6.npy,G-0-0
v=OVtfIMhGrGM__#1_label_G-0-0__7.npy,G-0-0
v=OVtfIMhGrGM__#1_label_G-0-0__8.npy,G-0-0
v=OVtfIMhGrGM__#1_label_G-0-0__9.npy,G-0-0
v=PS1YAX70edc__#1_label_G-0-0__0.npy,G-0-0
v=PS1YAX70edc__#1_label_G-0-0__1.npy,G-0-0
v=PS1YAX70edc__#1_label_G-0-0__2.npy,G-0-0
v=PS1YAX70edc__#1_label_G-0-0__3.npy,G-0-0
v=PS1YAX70edc__#1_label_G-0-0__4.npy,G-0-0
v=PS1YAX70edc__#1_label_G-0-0__5.npy,G-0-0
v=PS1YAX70edc__#1_label_G-0-0__6.npy,G-0-0
v=PS1YAX70edc__#1_label_G-0-0__7.npy,G-0-0
v=PS1YAX70edc__#1_label_G-0-0__8.npy,G-0-0
v=PS1YAX70edc__#1_label_G-0-0__9.npy,G-0-0
v=Q6hQgeRXGbs__#1_label_G-0-0__0.npy,G-0-0
v=Q6hQgeRXGbs__#1_label_G-0-0__1.npy,G-0-0
v=Q6hQgeRXGbs__#1_label_G-0-0__2.npy,G-0-0
v=Q6hQgeRXGbs__#1_label_G-0-0__3.npy,G-0-0
v=Q6hQgeRXGbs__#1_label_G-0-0__4.npy,G-0-0
v=Q6hQgeRXGbs__#1_label_G-0-0__5.npy,G-0-0
v=Q6hQgeRXGbs__#1_label_G-0-0__6.npy,G-0-0
v=Q6hQgeRXGbs__#1_label_G-0-0__7.npy,G-0-0
v=Q6hQgeRXGbs__#1_label_G-0-0__8.npy,G-0-0
v=Q6hQgeRXGbs__#1_label_G-0-0__9.npy,G-0-0
v=QAVRvxar5sE__#1_label_G-0-0__0.npy,G-0-0
v=QAVRvxar5sE__#1_label_G-0-0__1.npy,G-0-0
v=QAVRvxar5sE__#1_label_G-0-0__2.npy,G-0-0
v=QAVRvxar5sE__#1_label_G-0-0__3.npy,G-0-0
v=QAVRvxar5sE__#1_label_G-0-0__4.npy,G-0-0
v=QAVRvxar5sE__#1_label_G-0-0__5.npy,G-0-0
v=QAVRvxar5sE__#1_label_G-0-0__6.npy,G-0-0
v=QAVRvxar5sE__#1_label_G-0-0__7.npy,G-0-0
v=QAVRvxar5sE__#1_label_G-0-0__8.npy,G-0-0
v=QAVRvxar5sE__#1_label_G-0-0__9.npy,G-0-0
v=RUYX8Mpi-Zs__#1_label_G-0-0__0.npy,G-0-0
v=RUYX8Mpi-Zs__#1_label_G-0-0__1.npy,G-0-0
v=RUYX8Mpi-Zs__#1_label_G-0-0__2.npy,G-0-0
v=RUYX8Mpi-Zs__#1_label_G-0-0__3.npy,G-0-0
v=RUYX8Mpi-Zs__#1_label_G-0-0__4.npy,G-0-0
v=RUYX8Mpi-Zs__#1_label_G-0-0__5.npy,G-0-0
v=RUYX8Mpi-Zs__#1_label_G-0-0__6.npy,G-0-0
v=RUYX8Mpi-Zs__#1_label_G-0-0__7.npy,G-0-0
v=RUYX8Mpi-Zs__#1_label_G-0-0__8.npy,G-0-0
v=RUYX8Mpi-Zs__#1_label_G-0-0__9.npy,G-0-0
v=SMy2_qNO2Y0__#00-03-13_00-07-07_label_G-0-0__0.npy,G-0-0
v=SMy2_qNO2Y0__#00-03-13_00-07-07_label_G-0-0__1.npy,G-0-0
v=SMy2_qNO2Y0__#00-03-13_00-07-07_label_G-0-0__2.npy,G-0-0
v=SMy2_qNO2Y0__#00-03-13_00-07-07_label_G-0-0__3.npy,G-0-0
v=SMy2_qNO2Y0__#00-03-13_00-07-07_label_G-0-0__4.npy,G-0-0
v=SMy2_qNO2Y0__#00-03-13_00-07-07_label_G-0-0__5.npy,G-0-0
v=SMy2_qNO2Y0__#00-03-13_00-07-07_label_G-0-0__6.npy,G-0-0
v=SMy2_qNO2Y0__#00-03-13_00-07-07_label_G-0-0__7.npy,G-0-0
v=SMy2_qNO2Y0__#00-03-13_00-07-07_label_G-0-0__8.npy,G-0-0
v=SMy2_qNO2Y0__#00-03-13_00-07-07_label_G-0-0__9.npy,G-0-0
v=SV9sXnxAbtg__#1_label_G-0-0__0.npy,G-0-0
v=SV9sXnxAbtg__#1_label_G-0-0__1.npy,G-0-0
v=SV9sXnxAbtg__#1_label_G-0-0__2.npy,G-0-0
v=SV9sXnxAbtg__#1_label_G-0-0__3.npy,G-0-0
v=SV9sXnxAbtg__#1_label_G-0-0__4.npy,G-0-0
v=SV9sXnxAbtg__#1_label_G-0-0__5.npy,G-0-0
v=SV9sXnxAbtg__#1_label_G-0-0__6.npy,G-0-0
v=SV9sXnxAbtg__#1_label_G-0-0__7.npy,G-0-0
v=SV9sXnxAbtg__#1_label_G-0-0__8.npy,G-0-0
v=SV9sXnxAbtg__#1_label_G-0-0__9.npy,G-0-0
v=StmzbQdWVoQ__#1_label_G-0-0__0.npy,G-0-0
v=StmzbQdWVoQ__#1_label_G-0-0__1.npy,G-0-0
v=StmzbQdWVoQ__#1_label_G-0-0__2.npy,G-0-0
v=StmzbQdWVoQ__#1_label_G-0-0__3.npy,G-0-0
v=StmzbQdWVoQ__#1_label_G-0-0__4.npy,G-0-0
v=StmzbQdWVoQ__#1_label_G-0-0__5.npy,G-0-0
v=StmzbQdWVoQ__#1_label_G-0-0__6.npy,G-0-0
v=StmzbQdWVoQ__#1_label_G-0-0__7.npy,G-0-0
v=StmzbQdWVoQ__#1_label_G-0-0__8.npy,G-0-0
v=StmzbQdWVoQ__#1_label_G-0-0__9.npy,G-0-0
v=TGNA71NGR8U__#1_label_G-0-0__0.npy,G-0-0
v=TGNA71NGR8U__#1_label_G-0-0__1.npy,G-0-0
v=TGNA71NGR8U__#1_label_G-0-0__2.npy,G-0-0
v=TGNA71NGR8U__#1_label_G-0-0__3.npy,G-0-0
v=TGNA71NGR8U__#1_label_G-0-0__4.npy,G-0-0
v=TGNA71NGR8U__#1_label_G-0-0__5.npy,G-0-0
v=TGNA71NGR8U__#1_label_G-0-0__6.npy,G-0-0
v=TGNA71NGR8U__#1_label_G-0-0__7.npy,G-0-0
v=TGNA71NGR8U__#1_label_G-0-0__8.npy,G-0-0
v=TGNA71NGR8U__#1_label_G-0-0__9.npy,G-0-0
v=TqKwiYXy31A__#1_label_G-0-0__0.npy,G-0-0
v=TqKwiYXy31A__#1_label_G-0-0__1.npy,G-0-0
v=TqKwiYXy31A__#1_label_G-0-0__2.npy,G-0-0
v=TqKwiYXy31A__#1_label_G-0-0__3.npy,G-0-0
v=TqKwiYXy31A__#1_label_G-0-0__4.npy,G-0-0
v=TqKwiYXy31A__#1_label_G-0-0__5.npy,G-0-0
v=TqKwiYXy31A__#1_label_G-0-0__6.npy,G-0-0
v=TqKwiYXy31A__#1_label_G-0-0__7.npy,G-0-0
v=TqKwiYXy31A__#1_label_G-0-0__8.npy,G-0-0
v=TqKwiYXy31A__#1_label_G-0-0__9.npy,G-0-0
v=UHHl40ldtBI__#1_label_G-0-0__0.npy,G-0-0
v=UHHl40ldtBI__#1_label_G-0-0__1.npy,G-0-0
v=UHHl40ldtBI__#1_label_G-0-0__2.npy,G-0-0
v=UHHl40ldtBI__#1_label_G-0-0__3.npy,G-0-0
v=UHHl40ldtBI__#1_label_G-0-0__4.npy,G-0-0
v=UHHl40ldtBI__#1_label_G-0-0__5.npy,G-0-0
v=UHHl40ldtBI__#1_label_G-0-0__6.npy,G-0-0
v=UHHl40ldtBI__#1_label_G-0-0__7.npy,G-0-0
v=UHHl40ldtBI__#1_label_G-0-0__8.npy,G-0-0
v=UHHl40ldtBI__#1_label_G-0-0__9.npy,G-0-0
v=UM0jtD_OWLU__#1_label_G-0-0__0.npy,G-0-0
v=UM0jtD_OWLU__#1_label_G-0-0__1.npy,G-0-0
v=UM0jtD_OWLU__#1_label_G-0-0__2.npy,G-0-0
v=UM0jtD_OWLU__#1_label_G-0-0__3.npy,G-0-0
v=UM0jtD_OWLU__#1_label_G-0-0__4.npy,G-0-0
v=UM0jtD_OWLU__#1_label_G-0-0__5.npy,G-0-0
v=UM0jtD_OWLU__#1_label_G-0-0__6.npy,G-0-0
v=UM0jtD_OWLU__#1_label_G-0-0__7.npy,G-0-0
v=UM0jtD_OWLU__#1_label_G-0-0__8.npy,G-0-0
v=UM0jtD_OWLU__#1_label_G-0-0__9.npy,G-0-0
v=V6lLCZbCQtk__#1_label_G-0-0__0.npy,G-0-0
v=V6lLCZbCQtk__#1_label_G-0-0__1.npy,G-0-0
v=V6lLCZbCQtk__#1_label_G-0-0__2.npy,G-0-0
v=V6lLCZbCQtk__#1_label_G-0-0__3.npy,G-0-0
v=V6lLCZbCQtk__#1_label_G-0-0__4.npy,G-0-0
v=V6lLCZbCQtk__#1_label_G-0-0__5.npy,G-0-0
v=V6lLCZbCQtk__#1_label_G-0-0__6.npy,G-0-0
v=V6lLCZbCQtk__#1_label_G-0-0__7.npy,G-0-0
v=V6lLCZbCQtk__#1_label_G-0-0__8.npy,G-0-0
v=V6lLCZbCQtk__#1_label_G-0-0__9.npy,G-0-0
v=VEF11DADed__#00-01-59_00-13-48_label_G-0-0__0.npy,G-0-0
v=VEF11DADed__#00-01-59_00-13-48_label_G-0-0__1.npy,G-0-0
v=VEF11DADed__#00-01-59_00-13-48_label_G-0-0__2.npy,G-0-0
v=VEF11DADed__#00-01-59_00-13-48_label_G-0-0__3.npy,G-0-0
v=VEF11DADed__#00-01-59_00-13-48_label_G-0-0__4.npy,G-0-0
v=VEF11DADed__#00-01-59_00-13-48_label_G-0-0__5.npy,G-0-0
v=VEF11DADed__#00-01-59_00-13-48_label_G-0-0__6.npy,G-0-0
v=VEF11DADed__#00-01-59_00-13-48_label_G-0-0__7.npy,G-0-0
v=VEF11DADed__#00-01-59_00-13-48_label_G-0-0__8.npy,G-0-0
v=VEF11DADed__#00-01-59_00-13-48_label_G-0-0__9.npy,G-0-0
v=VxyjGNq0y5U__#1_label_G-0-0__0.npy,G-0-0
v=VxyjGNq0y5U__#1_label_G-0-0__1.npy,G-0-0
v=VxyjGNq0y5U__#1_label_G-0-0__2.npy,G-0-0
v=VxyjGNq0y5U__#1_label_G-0-0__3.npy,G-0-0
v=VxyjGNq0y5U__#1_label_G-0-0__4.npy,G-0-0
v=VxyjGNq0y5U__#1_label_G-0-0__5.npy,G-0-0
v=VxyjGNq0y5U__#1_label_G-0-0__6.npy,G-0-0
v=VxyjGNq0y5U__#1_label_G-0-0__7.npy,G-0-0
v=VxyjGNq0y5U__#1_label_G-0-0__8.npy,G-0-0
v=VxyjGNq0y5U__#1_label_G-0-0__9.npy,G-0-0
v=WZUoSyEzeeU__#1_label_G-0-0__0.npy,G-0-0
v=WZUoSyEzeeU__#1_label_G-0-0__1.npy,G-0-0
v=WZUoSyEzeeU__#1_label_G-0-0__2.npy,G-0-0
v=WZUoSyEzeeU__#1_label_G-0-0__3.npy,G-0-0
v=WZUoSyEzeeU__#1_label_G-0-0__4.npy,G-0-0
v=WZUoSyEzeeU__#1_label_G-0-0__5.npy,G-0-0
v=WZUoSyEzeeU__#1_label_G-0-0__6.npy,G-0-0
v=WZUoSyEzeeU__#1_label_G-0-0__7.npy,G-0-0
v=WZUoSyEzeeU__#1_label_G-0-0__8.npy,G-0-0
v=WZUoSyEzeeU__#1_label_G-0-0__9.npy,G-0-0
v=WmfCZjLSiak__#1_label_G-0-0__0.npy,G-0-0
v=WmfCZjLSiak__#1_label_G-0-0__1.npy,G-0-0
v=WmfCZjLSiak__#1_label_G-0-0__2.npy,G-0-0
v=WmfCZjLSiak__#1_label_G-0-0__3.npy,G-0-0
v=WmfCZjLSiak__#1_label_G-0-0__4.npy,G-0-0
v=WmfCZjLSiak__#1_label_G-0-0__5.npy,G-0-0
v=WmfCZjLSiak__#1_label_G-0-0__6.npy,G-0-0
v=WmfCZjLSiak__#1_label_G-0-0__7.npy,G-0-0
v=WmfCZjLSiak__#1_label_G-0-0__8.npy,G-0-0
v=WmfCZjLSiak__#1_label_G-0-0__9.npy,G-0-0
v=Wnu-7jcaHvo__#1_label_G-0-0__0.npy,G-0-0
v=Wnu-7jcaHvo__#1_label_G-0-0__1.npy,G-0-0
v=Wnu-7jcaHvo__#1_label_G-0-0__2.npy,G-0-0
v=Wnu-7jcaHvo__#1_label_G-0-0__3.npy,G-0-0
v=Wnu-7jcaHvo__#1_label_G-0-0__4.npy,G-0-0
v=Wnu-7jcaHvo__#1_label_G-0-0__5.npy,G-0-0
v=Wnu-7jcaHvo__#1_label_G-0-0__6.npy,G-0-0
v=Wnu-7jcaHvo__#1_label_G-0-0__7.npy,G-0-0
v=Wnu-7jcaHvo__#1_label_G-0-0__8.npy,G-0-0
v=Wnu-7jcaHvo__#1_label_G-0-0__9.npy,G-0-0
v=X1LwYJ8pDhc__#1_label_G-0-0__0.npy,G-0-0
v=X1LwYJ8pDhc__#1_label_G-0-0__1.npy,G-0-0
v=X1LwYJ8pDhc__#1_label_G-0-0__2.npy,G-0-0
v=X1LwYJ8pDhc__#1_label_G-0-0__3.npy,G-0-0
v=X1LwYJ8pDhc__#1_label_G-0-0__4.npy,G-0-0
v=X1LwYJ8pDhc__#1_label_G-0-0__5.npy,G-0-0
v=X1LwYJ8pDhc__#1_label_G-0-0__6.npy,G-0-0
v=X1LwYJ8pDhc__#1_label_G-0-0__7.npy,G-0-0
v=X1LwYJ8pDhc__#1_label_G-0-0__8.npy,G-0-0
v=X1LwYJ8pDhc__#1_label_G-0-0__9.npy,G-0-0
v=XkXTfZl7lH0__#1_label_G-0-0__0.npy,G-0-0
v=XkXTfZl7lH0__#1_label_G-0-0__1.npy,G-0-0
v=XkXTfZl7lH0__#1_label_G-0-0__2.npy,G-0-0
v=XkXTfZl7lH0__#1_label_G-0-0__3.npy,G-0-0
v=XkXTfZl7lH0__#1_label_G-0-0__4.npy,G-0-0
v=XkXTfZl7lH0__#1_label_G-0-0__5.npy,G-0-0
v=XkXTfZl7lH0__#1_label_G-0-0__6.npy,G-0-0
v=XkXTfZl7lH0__#1_label_G-0-0__7.npy,G-0-0
v=XkXTfZl7lH0__#1_label_G-0-0__8.npy,G-0-0
v=XkXTfZl7lH0__#1_label_G-0-0__9.npy,G-0-0
v=YhCSFZNwfHc__#00-00-00_00-01-15_label_G-0-0__0.npy,G-0-0
v=YhCSFZNwfHc__#00-00-00_00-01-15_label_G-0-0__1.npy,G-0-0
v=YhCSFZNwfHc__#00-00-00_00-01-15_label_G-0-0__2.npy,G-0-0
v=YhCSFZNwfHc__#00-00-00_00-01-15_label_G-0-0__3.npy,G-0-0
v=YhCSFZNwfHc__#00-00-00_00-01-15_label_G-0-0__4.npy,G-0-0
v=YhCSFZNwfHc__#00-00-00_00-01-15_label_G-0-0__5.npy,G-0-0
v=YhCSFZNwfHc__#00-00-00_00-01-15_label_G-0-0__6.npy,G-0-0
v=YhCSFZNwfHc__#00-00-00_00-01-15_label_G-0-0__7.npy,G-0-0
v=YhCSFZNwfHc__#00-00-00_00-01-15_label_G-0-0__8.npy,G-0-0
v=YhCSFZNwfHc__#00-00-00_00-01-15_label_G-0-0__9.npy,G-0-0
v=YhCSFZNwfHc__#00-05-44_00-07-19_label_G-0-0__0.npy,G-0-0
v=YhCSFZNwfHc__#00-05-44_00-07-19_label_G-0-0__1.npy,G-0-0
v=YhCSFZNwfHc__#00-05-44_00-07-19_label_G-0-0__2.npy,G-0-0
v=YhCSFZNwfHc__#00-05-44_00-07-19_label_G-0-0__3.npy,G-0-0
v=YhCSFZNwfHc__#00-05-44_00-07-19_label_G-0-0__4.npy,G-0-0
v=YhCSFZNwfHc__#00-05-44_00-07-19_label_G-0-0__5.npy,G-0-0
v=YhCSFZNwfHc__#00-05-44_00-07-19_label_G-0-0__6.npy,G-0-0
v=YhCSFZNwfHc__#00-05-44_00-07-19_label_G-0-0__7.npy,G-0-0
v=YhCSFZNwfHc__#00-05-44_00-07-19_label_G-0-0__8.npy,G-0-0
v=YhCSFZNwfHc__#00-05-44_00-07-19_label_G-0-0__9.npy,G-0-0
v=ZTzEHsJVZhA__#00-02-50_00-04-33_label_G-0-0__0.npy,G-0-0
v=ZTzEHsJVZhA__#00-02-50_00-04-33_label_G-0-0__1.npy,G-0-0
v=ZTzEHsJVZhA__#00-02-50_00-04-33_label_G-0-0__2.npy,G-0-0
v=ZTzEHsJVZhA__#00-02-50_00-04-33_label_G-0-0__3.npy,G-0-0
v=ZTzEHsJVZhA__#00-02-50_00-04-33_label_G-0-0__4.npy,G-0-0
v=ZTzEHsJVZhA__#00-02-50_00-04-33_label_G-0-0__5.npy,G-0-0
v=ZTzEHsJVZhA__#00-02-50_00-04-33_label_G-0-0__6.npy,G-0-0
v=ZTzEHsJVZhA__#00-02-50_00-04-33_label_G-0-0__7.npy,G-0-0
v=ZTzEHsJVZhA__#00-02-50_00-04-33_label_G-0-0__8.npy,G-0-0
v=ZTzEHsJVZhA__#00-02-50_00-04-33_label_G-0-0__9.npy,G-0-0
v=ZdvIDNeVKpw__#1_label_G-0-0__0.npy,G-0-0
v=ZdvIDNeVKpw__#1_label_G-0-0__1.npy,G-0-0
v=ZdvIDNeVKpw__#1_label_G-0-0__2.npy,G-0-0
v=ZdvIDNeVKpw__#1_label_G-0-0__3.npy,G-0-0
v=ZdvIDNeVKpw__#1_label_G-0-0__4.npy,G-0-0
v=ZdvIDNeVKpw__#1_label_G-0-0__5.npy,G-0-0
v=ZdvIDNeVKpw__#1_label_G-0-0__6.npy,G-0-0
v=ZdvIDNeVKpw__#1_label_G-0-0__7.npy,G-0-0
v=ZdvIDNeVKpw__#1_label_G-0-0__8.npy,G-0-0
v=ZdvIDNeVKpw__#1_label_G-0-0__9.npy,G-0-0
v=_4iymcn--Cw__#1_label_G-0-0__0.npy,G-0-0
v=_4iymcn--Cw__#1_label_G-0-0__1.npy,G-0-0
v=_4iymcn--Cw__#1_label_G-0-0__2.npy,G-0-0
v=_4iymcn--Cw__#1_label_G-0-0__3.npy,G-0-0
v=_4iymcn--Cw__#1_label_G-0-0__4.npy,G-0-0
v=_4iymcn--Cw__#1_label_G-0-0__5.npy,G-0-0
v=_4iymcn--Cw__#1_label_G-0-0__6.npy,G-0-0
v=_4iymcn--Cw__#1_label_G-0-0__7.npy,G-0-0
v=_4iymcn--Cw__#1_label_G-0-0__8.npy,G-0-0
v=_4iymcn--Cw__#1_label_G-0-0__9.npy,G-0-0
v=_5JyqD0kzS8__#1_label_G-0-0__0.npy,G-0-0
v=_5JyqD0kzS8__#1_label_G-0-0__1.npy,G-0-0
v=_5JyqD0kzS8__#1_label_G-0-0__2.npy,G-0-0
v=_5JyqD0kzS8__#1_label_G-0-0__3.npy,G-0-0
v=_5JyqD0kzS8__#1_label_G-0-0__4.npy,G-0-0
v=_5JyqD0kzS8__#1_label_G-0-0__5.npy,G-0-0
v=_5JyqD0kzS8__#1_label_G-0-0__6.npy,G-0-0
v=_5JyqD0kzS8__#1_label_G-0-0__7.npy,G-0-0
v=_5JyqD0kzS8__#1_label_G-0-0__8.npy,G-0-0
v=_5JyqD0kzS8__#1_label_G-0-0__9.npy,G-0-0
v=_KuGizBjDXo__#1_label_G-0-0__0.npy,G-0-0
v=_KuGizBjDXo__#1_label_G-0-0__1.npy,G-0-0
v=_KuGizBjDXo__#1_label_G-0-0__2.npy,G-0-0
v=_KuGizBjDXo__#1_label_G-0-0__3.npy,G-0-0
v=_KuGizBjDXo__#1_label_G-0-0__4.npy,G-0-0
v=_KuGizBjDXo__#1_label_G-0-0__5.npy,G-0-0
v=_KuGizBjDXo__#1_label_G-0-0__6.npy,G-0-0
v=_KuGizBjDXo__#1_label_G-0-0__7.npy,G-0-0
v=_KuGizBjDXo__#1_label_G-0-0__8.npy,G-0-0
v=_KuGizBjDXo__#1_label_G-0-0__9.npy,G-0-0
v=_VaFbCLoh_A__#1_label_G-0-0__0.npy,G-0-0
v=_VaFbCLoh_A__#1_label_G-0-0__1.npy,G-0-0
v=_VaFbCLoh_A__#1_label_G-0-0__2.npy,G-0-0
v=_VaFbCLoh_A__#1_label_G-0-0__3.npy,G-0-0
v=_VaFbCLoh_A__#1_label_G-0-0__4.npy,G-0-0
v=_VaFbCLoh_A__#1_label_G-0-0__5.npy,G-0-0
v=_VaFbCLoh_A__#1_label_G-0-0__6.npy,G-0-0
v=_VaFbCLoh_A__#1_label_G-0-0__7.npy,G-0-0
v=_VaFbCLoh_A__#1_label_G-0-0__8.npy,G-0-0
v=_VaFbCLoh_A__#1_label_G-0-0__9.npy,G-0-0
v=aPcQ_nhCi2w__#1_label_G-0-0__0.npy,G-0-0
v=aPcQ_nhCi2w__#1_label_G-0-0__1.npy,G-0-0
v=aPcQ_nhCi2w__#1_label_G-0-0__2.npy,G-0-0
v=aPcQ_nhCi2w__#1_label_G-0-0__3.npy,G-0-0
v=aPcQ_nhCi2w__#1_label_G-0-0__4.npy,G-0-0
v=aPcQ_nhCi2w__#1_label_G-0-0__5.npy,G-0-0
v=aPcQ_nhCi2w__#1_label_G-0-0__6.npy,G-0-0
v=aPcQ_nhCi2w__#1_label_G-0-0__7.npy,G-0-0
v=aPcQ_nhCi2w__#1_label_G-0-0__8.npy,G-0-0
v=aPcQ_nhCi2w__#1_label_G-0-0__9.npy,G-0-0
v=afI7jraTdnI__#1_label_G-0-0__0.npy,G-0-0
v=afI7jraTdnI__#1_label_G-0-0__1.npy,G-0-0
v=afI7jraTdnI__#1_label_G-0-0__2.npy,G-0-0
v=afI7jraTdnI__#1_label_G-0-0__3.npy,G-0-0
v=afI7jraTdnI__#1_label_G-0-0__4.npy,G-0-0
v=afI7jraTdnI__#1_label_G-0-0__5.npy,G-0-0
v=afI7jraTdnI__#1_label_G-0-0__6.npy,G-0-0
v=afI7jraTdnI__#1_label_G-0-0__7.npy,G-0-0
v=afI7jraTdnI__#1_label_G-0-0__8.npy,G-0-0
v=afI7jraTdnI__#1_label_G-0-0__9.npy,G-0-0
v=afbnjlYzQSg__#1_label_G-0-0__0.npy,G-0-0
v=afbnjlYzQSg__#1_label_G-0-0__1.npy,G-0-0
v=afbnjlYzQSg__#1_label_G-0-0__2.npy,G-0-0
v=afbnjlYzQSg__#1_label_G-0-0__3.npy,G-0-0
v=afbnjlYzQSg__#1_label_G-0-0__4.npy,G-0-0
v=afbnjlYzQSg__#1_label_G-0-0__5.npy,G-0-0
v=afbnjlYzQSg__#1_label_G-0-0__6.npy,G-0-0
v=afbnjlYzQSg__#1_label_G-0-0__7.npy,G-0-0
v=afbnjlYzQSg__#1_label_G-0-0__8.npy,G-0-0
v=afbnjlYzQSg__#1_label_G-0-0__9.npy,G-0-0
v=alXnawbJZFY__#1_label_G-0-0__0.npy,G-0-0
v=alXnawbJZFY__#1_label_G-0-0__1.npy,G-0-0
v=alXnawbJZFY__#1_label_G-0-0__2.npy,G-0-0
v=alXnawbJZFY__#1_label_G-0-0__3.npy,G-0-0
v=alXnawbJZFY__#1_label_G-0-0__4.npy,G-0-0
v=alXnawbJZFY__#1_label_G-0-0__5.npy,G-0-0
v=alXnawbJZFY__#1_label_G-0-0__6.npy,G-0-0
v=alXnawbJZFY__#1_label_G-0-0__7.npy,G-0-0
v=alXnawbJZFY__#1_label_G-0-0__8.npy,G-0-0
v=alXnawbJZFY__#1_label_G-0-0__9.npy,G-0-0
v=b1UbSYOxhjU__#1_label_G-0-0__0.npy,G-0-0
v=b1UbSYOxhjU__#1_label_G-0-0__1.npy,G-0-0
v=b1UbSYOxhjU__#1_label_G-0-0__2.npy,G-0-0
v=b1UbSYOxhjU__#1_label_G-0-0__3.npy,G-0-0
v=b1UbSYOxhjU__#1_label_G-0-0__4.npy,G-0-0
v=b1UbSYOxhjU__#1_label_G-0-0__5.npy,G-0-0
v=b1UbSYOxhjU__#1_label_G-0-0__6.npy,G-0-0
v=b1UbSYOxhjU__#1_label_G-0-0__7.npy,G-0-0
v=b1UbSYOxhjU__#1_label_G-0-0__8.npy,G-0-0
v=b1UbSYOxhjU__#1_label_G-0-0__9.npy,G-0-0
v=bEShlfxB1Ik__#00-01-50_00-03-13_label_G-0-0__0.npy,G-0-0
v=bEShlfxB1Ik__#00-01-50_00-03-13_label_G-0-0__1.npy,G-0-0
v=bEShlfxB1Ik__#00-01-50_00-03-13_label_G-0-0__2.npy,G-0-0
v=bEShlfxB1Ik__#00-01-50_00-03-13_label_G-0-0__3.npy,G-0-0
v=bEShlfxB1Ik__#00-01-50_00-03-13_label_G-0-0__4.npy,G-0-0
v=bEShlfxB1Ik__#00-01-50_00-03-13_label_G-0-0__5.npy,G-0-0
v=bEShlfxB1Ik__#00-01-50_00-03-13_label_G-0-0__6.npy,G-0-0
v=bEShlfxB1Ik__#00-01-50_00-03-13_label_G-0-0__7.npy,G-0-0
v=bEShlfxB1Ik__#00-01-50_00-03-13_label_G-0-0__8.npy,G-0-0
v=bEShlfxB1Ik__#00-01-50_00-03-13_label_G-0-0__9.npy,G-0-0
v=bTUu4ZLtDSs__#00-00-00_00-04-22_label_G-0-0__0.npy,G-0-0
v=bTUu4ZLtDSs__#00-00-00_00-04-22_label_G-0-0__1.npy,G-0-0
v=bTUu4ZLtDSs__#00-00-00_00-04-22_label_G-0-0__2.npy,G-0-0
v=bTUu4ZLtDSs__#00-00-00_00-04-22_label_G-0-0__3.npy,G-0-0
v=bTUu4ZLtDSs__#00-00-00_00-04-22_label_G-0-0__4.npy,G-0-0
v=bTUu4ZLtDSs__#00-00-00_00-04-22_label_G-0-0__5.npy,G-0-0
v=bTUu4ZLtDSs__#00-00-00_00-04-22_label_G-0-0__6.npy,G-0-0
v=bTUu4ZLtDSs__#00-00-00_00-04-22_label_G-0-0__7.npy,G-0-0
v=bTUu4ZLtDSs__#00-00-00_00-04-22_label_G-0-0__8.npy,G-0-0
v=bTUu4ZLtDSs__#00-00-00_00-04-22_label_G-0-0__9.npy,G-0-0
v=bTUu4ZLtDSs__#00-05-18_00-07-28_label_G-0-0__0.npy,G-0-0
v=bTUu4ZLtDSs__#00-05-18_00-07-28_label_G-0-0__1.npy,G-0-0
v=bTUu4ZLtDSs__#00-05-18_00-07-28_label_G-0-0__2.npy,G-0-0
v=bTUu4ZLtDSs__#00-05-18_00-07-28_label_G-0-0__3.npy,G-0-0
v=bTUu4ZLtDSs__#00-05-18_00-07-28_label_G-0-0__4.npy,G-0-0
v=bTUu4ZLtDSs__#00-05-18_00-07-28_label_G-0-0__5.npy,G-0-0
v=bTUu4ZLtDSs__#00-05-18_00-07-28_label_G-0-0__6.npy,G-0-0
v=bTUu4ZLtDSs__#00-05-18_00-07-28_label_G-0-0__7.npy,G-0-0
v=bTUu4ZLtDSs__#00-05-18_00-07-28_label_G-0-0__8.npy,G-0-0
v=bTUu4ZLtDSs__#00-05-18_00-07-28_label_G-0-0__9.npy,G-0-0
v=brAevKm89zg__#1_label_G-0-0__0.npy,G-0-0
v=brAevKm89zg__#1_label_G-0-0__1.npy,G-0-0
v=brAevKm89zg__#1_label_G-0-0__2.npy,G-0-0
v=brAevKm89zg__#1_label_G-0-0__3.npy,G-0-0
v=brAevKm89zg__#1_label_G-0-0__4.npy,G-0-0
v=brAevKm89zg__#1_label_G-0-0__5.npy,G-0-0
v=brAevKm89zg__#1_label_G-0-0__6.npy,G-0-0
v=brAevKm89zg__#1_label_G-0-0__7.npy,G-0-0
v=brAevKm89zg__#1_label_G-0-0__8.npy,G-0-0
v=brAevKm89zg__#1_label_G-0-0__9.npy,G-0-0
v=c8vdIL4PzVQ__#1_label_G-0-0__0.npy,G-0-0
v=c8vdIL4PzVQ__#1_label_G-0-0__1.npy,G-0-0
v=c8vdIL4PzVQ__#1_label_G-0-0__2.npy,G-0-0
v=c8vdIL4PzVQ__#1_label_G-0-0__3.npy,G-0-0
v=c8vdIL4PzVQ__#1_label_G-0-0__4.npy,G-0-0
v=c8vdIL4PzVQ__#1_label_G-0-0__5.npy,G-0-0
v=c8vdIL4PzVQ__#1_label_G-0-0__6.npy,G-0-0
v=c8vdIL4PzVQ__#1_label_G-0-0__7.npy,G-0-0
v=c8vdIL4PzVQ__#1_label_G-0-0__8.npy,G-0-0
v=c8vdIL4PzVQ__#1_label_G-0-0__9.npy,G-0-0
v=cCFV9wBiwNc__#1_label_G-0-0__0.npy,G-0-0
v=cCFV9wBiwNc__#1_label_G-0-0__1.npy,G-0-0
v=cCFV9wBiwNc__#1_label_G-0-0__2.npy,G-0-0
v=cCFV9wBiwNc__#1_label_G-0-0__3.npy,G-0-0
v=cCFV9wBiwNc__#1_label_G-0-0__4.npy,G-0-0
v=cCFV9wBiwNc__#1_label_G-0-0__5.npy,G-0-0
v=cCFV9wBiwNc__#1_label_G-0-0__6.npy,G-0-0
v=cCFV9wBiwNc__#1_label_G-0-0__7.npy,G-0-0
v=cCFV9wBiwNc__#1_label_G-0-0__8.npy,G-0-0
v=cCFV9wBiwNc__#1_label_G-0-0__9.npy,G-0-0
v=dHfQYGGUS4U__#1_label_G-0-0__0.npy,G-0-0
v=dHfQYGGUS4U__#1_label_G-0-0__1.npy,G-0-0
v=dHfQYGGUS4U__#1_label_G-0-0__2.npy,G-0-0
v=dHfQYGGUS4U__#1_label_G-0-0__3.npy,G-0-0
v=dHfQYGGUS4U__#1_label_G-0-0__4.npy,G-0-0
v=dHfQYGGUS4U__#1_label_G-0-0__5.npy,G-0-0
v=dHfQYGGUS4U__#1_label_G-0-0__6.npy,G-0-0
v=dHfQYGGUS4U__#1_label_G-0-0__7.npy,G-0-0
v=dHfQYGGUS4U__#1_label_G-0-0__8.npy,G-0-0
v=dHfQYGGUS4U__#1_label_G-0-0__9.npy,G-0-0
v=dKgM6YzASeE__#1_label_G-0-0__0.npy,G-0-0
v=dKgM6YzASeE__#1_label_G-0-0__1.npy,G-0-0
v=dKgM6YzASeE__#1_label_G-0-0__2.npy,G-0-0
v=dKgM6YzASeE__#1_label_G-0-0__3.npy,G-0-0
v=dKgM6YzASeE__#1_label_G-0-0__4.npy,G-0-0
v=dKgM6YzASeE__#1_label_G-0-0__5.npy,G-0-0
v=dKgM6YzASeE__#1_label_G-0-0__6.npy,G-0-0
v=dKgM6YzASeE__#1_label_G-0-0__7.npy,G-0-0
v=dKgM6YzASeE__#1_label_G-0-0__8.npy,G-0-0
v=dKgM6YzASeE__#1_label_G-0-0__9.npy,G-0-0
v=di_Ck1nrx1g__#1_label_G-0-0__0.npy,G-0-0
v=di_Ck1nrx1g__#1_label_G-0-0__1.npy,G-0-0
v=di_Ck1nrx1g__#1_label_G-0-0__2.npy,G-0-0
v=di_Ck1nrx1g__#1_label_G-0-0__3.npy,G-0-0
v=di_Ck1nrx1g__#1_label_G-0-0__4.npy,G-0-0
v=di_Ck1nrx1g__#1_label_G-0-0__5.npy,G-0-0
v=di_Ck1nrx1g__#1_label_G-0-0__6.npy,G-0-0
v=di_Ck1nrx1g__#1_label_G-0-0__7.npy,G-0-0
v=di_Ck1nrx1g__#1_label_G-0-0__8.npy,G-0-0
v=di_Ck1nrx1g__#1_label_G-0-0__9.npy,G-0-0
v=dupw2pH3oes__#1_label_G-0-0__0.npy,G-0-0
v=dupw2pH3oes__#1_label_G-0-0__1.npy,G-0-0
v=dupw2pH3oes__#1_label_G-0-0__2.npy,G-0-0
v=dupw2pH3oes__#1_label_G-0-0__3.npy,G-0-0
v=dupw2pH3oes__#1_label_G-0-0__4.npy,G-0-0
v=dupw2pH3oes__#1_label_G-0-0__5.npy,G-0-0
v=dupw2pH3oes__#1_label_G-0-0__6.npy,G-0-0
v=dupw2pH3oes__#1_label_G-0-0__7.npy,G-0-0
v=dupw2pH3oes__#1_label_G-0-0__8.npy,G-0-0
v=dupw2pH3oes__#1_label_G-0-0__9.npy,G-0-0
v=eNG0K73LqVM__#1_label_G-0-0__0.npy,G-0-0
v=eNG0K73LqVM__#1_label_G-0-0__1.npy,G-0-0
v=eNG0K73LqVM__#1_label_G-0-0__2.npy,G-0-0
v=eNG0K73LqVM__#1_label_G-0-0__3.npy,G-0-0
v=eNG0K73LqVM__#1_label_G-0-0__4.npy,G-0-0
v=eNG0K73LqVM__#1_label_G-0-0__5.npy,G-0-0
v=eNG0K73LqVM__#1_label_G-0-0__6.npy,G-0-0
v=eNG0K73LqVM__#1_label_G-0-0__7.npy,G-0-0
v=eNG0K73LqVM__#1_label_G-0-0__8.npy,G-0-0
v=eNG0K73LqVM__#1_label_G-0-0__9.npy,G-0-0
v=egfVEz3Udmw__#1_label_G-0-0__0.npy,G-0-0
v=egfVEz3Udmw__#1_label_G-0-0__1.npy,G-0-0
v=egfVEz3Udmw__#1_label_G-0-0__2.npy,G-0-0
v=egfVEz3Udmw__#1_label_G-0-0__3.npy,G-0-0
v=egfVEz3Udmw__#1_label_G-0-0__4.npy,G-0-0
v=egfVEz3Udmw__#1_label_G-0-0__5.npy,G-0-0
v=egfVEz3Udmw__#1_label_G-0-0__6.npy,G-0-0
v=egfVEz3Udmw__#1_label_G-0-0__7.npy,G-0-0
v=egfVEz3Udmw__#1_label_G-0-0__8.npy,G-0-0
v=egfVEz3Udmw__#1_label_G-0-0__9.npy,G-0-0
v=eqYUjRxQ_lQ__#1_label_G-0-0__0.npy,G-0-0
v=eqYUjRxQ_lQ__#1_label_G-0-0__1.npy,G-0-0
v=eqYUjRxQ_lQ__#1_label_G-0-0__2.npy,G-0-0
v=eqYUjRxQ_lQ__#1_label_G-0-0__3.npy,G-0-0
v=eqYUjRxQ_lQ__#1_label_G-0-0__4.npy,G-0-0
v=eqYUjRxQ_lQ__#1_label_G-0-0__5.npy,G-0-0
v=eqYUjRxQ_lQ__#1_label_G-0-0__6.npy,G-0-0
v=eqYUjRxQ_lQ__#1_label_G-0-0__7.npy,G-0-0
v=eqYUjRxQ_lQ__#1_label_G-0-0__8.npy,G-0-0
v=eqYUjRxQ_lQ__#1_label_G-0-0__9.npy,G-0-0
v=fAExhzs4qKk__#1_label_G-0-0__0.npy,G-0-0
v=fAExhzs4qKk__#1_label_G-0-0__1.npy,G-0-0
v=fAExhzs4qKk__#1_label_G-0-0__2.npy,G-0-0
v=fAExhzs4qKk__#1_label_G-0-0__3.npy,G-0-0
v=fAExhzs4qKk__#1_label_G-0-0__4.npy,G-0-0
v=fAExhzs4qKk__#1_label_G-0-0__5.npy,G-0-0
v=fAExhzs4qKk__#1_label_G-0-0__6.npy,G-0-0
v=fAExhzs4qKk__#1_label_G-0-0__7.npy,G-0-0
v=fAExhzs4qKk__#1_label_G-0-0__8.npy,G-0-0
v=fAExhzs4qKk__#1_label_G-0-0__9.npy,G-0-0
v=fI-jlNqpCQ8__#1_label_G-0-0__0.npy,G-0-0
v=fI-jlNqpCQ8__#1_label_G-0-0__1.npy,G-0-0
v=fI-jlNqpCQ8__#1_label_G-0-0__2.npy,G-0-0
v=fI-jlNqpCQ8__#1_label_G-0-0__3.npy,G-0-0
v=fI-jlNqpCQ8__#1_label_G-0-0__4.npy,G-0-0
v=fI-jlNqpCQ8__#1_label_G-0-0__5.npy,G-0-0
v=fI-jlNqpCQ8__#1_label_G-0-0__6.npy,G-0-0
v=fI-jlNqpCQ8__#1_label_G-0-0__7.npy,G-0-0
v=fI-jlNqpCQ8__#1_label_G-0-0__8.npy,G-0-0
v=fI-jlNqpCQ8__#1_label_G-0-0__9.npy,G-0-0
v=fK4RN5Hf77g__#1_label_G-0-0__0.npy,G-0-0
v=fK4RN5Hf77g__#1_label_G-0-0__1.npy,G-0-0
v=fK4RN5Hf77g__#1_label_G-0-0__2.npy,G-0-0
v=fK4RN5Hf77g__#1_label_G-0-0__3.npy,G-0-0
v=fK4RN5Hf77g__#1_label_G-0-0__4.npy,G-0-0
v=fK4RN5Hf77g__#1_label_G-0-0__5.npy,G-0-0
v=fK4RN5Hf77g__#1_label_G-0-0__6.npy,G-0-0
v=fK4RN5Hf77g__#1_label_G-0-0__7.npy,G-0-0
v=fK4RN5Hf77g__#1_label_G-0-0__8.npy,G-0-0
v=fK4RN5Hf77g__#1_label_G-0-0__9.npy,G-0-0
v=fS0dDKInWUI__#1_label_G-0-0__0.npy,G-0-0
v=fS0dDKInWUI__#1_label_G-0-0__1.npy,G-0-0
v=fS0dDKInWUI__#1_label_G-0-0__2.npy,G-0-0
v=fS0dDKInWUI__#1_label_G-0-0__3.npy,G-0-0
v=fS0dDKInWUI__#1_label_G-0-0__4.npy,G-0-0
v=fS0dDKInWUI__#1_label_G-0-0__5.npy,G-0-0
v=fS0dDKInWUI__#1_label_G-0-0__6.npy,G-0-0
v=fS0dDKInWUI__#1_label_G-0-0__7.npy,G-0-0
v=fS0dDKInWUI__#1_label_G-0-0__8.npy,G-0-0
v=fS0dDKInWUI__#1_label_G-0-0__9.npy,G-0-0
v=frVqSvgGzhw__#1_label_G-0-0__0.npy,G-0-0
v=frVqSvgGzhw__#1_label_G-0-0__1.npy,G-0-0
v=frVqSvgGzhw__#1_label_G-0-0__2.npy,G-0-0
v=frVqSvgGzhw__#1_label_G-0-0__3.npy,G-0-0
v=frVqSvgGzhw__#1_label_G-0-0__4.npy,G-0-0
v=frVqSvgGzhw__#1_label_G-0-0__5.npy,G-0-0
v=frVqSvgGzhw__#1_label_G-0-0__6.npy,G-0-0
v=frVqSvgGzhw__#1_label_G-0-0__7.npy,G-0-0
v=frVqSvgGzhw__#1_label_G-0-0__8.npy,G-0-0
v=frVqSvgGzhw__#1_label_G-0-0__9.npy,G-0-0
v=gZ6BUYbZ96s__#1_label_G-0-0__0.npy,G-0-0
v=gZ6BUYbZ96s__#1_label_G-0-0__1.npy,G-0-0
v=gZ6BUYbZ96s__#1_label_G-0-0__2.npy,G-0-0
v=gZ6BUYbZ96s__#1_label_G-0-0__3.npy,G-0-0
v=gZ6BUYbZ96s__#1_label_G-0-0__4.npy,G-0-0
v=gZ6BUYbZ96s__#1_label_G-0-0__5.npy,G-0-0
v=gZ6BUYbZ96s__#1_label_G-0-0__6.npy,G-0-0
v=gZ6BUYbZ96s__#1_label_G-0-0__7.npy,G-0-0
v=gZ6BUYbZ96s__#1_label_G-0-0__8.npy,G-0-0
v=gZ6BUYbZ96s__#1_label_G-0-0__9.npy,G-0-0
v=g_FC_lWOrmo__#1_label_G-0-0__0.npy,G-0-0
v=g_FC_lWOrmo__#1_label_G-0-0__1.npy,G-0-0
v=g_FC_lWOrmo__#1_label_G-0-0__2.npy,G-0-0
v=g_FC_lWOrmo__#1_label_G-0-0__3.npy,G-0-0
v=g_FC_lWOrmo__#1_label_G-0-0__4.npy,G-0-0
v=g_FC_lWOrmo__#1_label_G-0-0__5.npy,G-0-0
v=g_FC_lWOrmo__#1_label_G-0-0__6.npy,G-0-0
v=g_FC_lWOrmo__#1_label_G-0-0__7.npy,G-0-0
v=g_FC_lWOrmo__#1_label_G-0-0__8.npy,G-0-0
v=g_FC_lWOrmo__#1_label_G-0-0__9.npy,G-0-0
v=gc8b85OnNkI__#1_label_G-0-0__0.npy,G-0-0
v=gc8b85OnNkI__#1_label_G-0-0__1.npy,G-0-0
v=gc8b85OnNkI__#1_label_G-0-0__2.npy,G-0-0
v=gc8b85OnNkI__#1_label_G-0-0__3.npy,G-0-0
v=gc8b85OnNkI__#1_label_G-0-0__4.npy,G-0-0
v=gc8b85OnNkI__#1_label_G-0-0__5.npy,G-0-0
v=gc8b85OnNkI__#1_label_G-0-0__6.npy,G-0-0
v=gc8b85OnNkI__#1_label_G-0-0__7.npy,G-0-0
v=gc8b85OnNkI__#1_label_G-0-0__8.npy,G-0-0
v=gc8b85OnNkI__#1_label_G-0-0__9.npy,G-0-0
v=gySI6K1G4xQ__#1_label_G-0-0__0.npy,G-0-0
v=gySI6K1G4xQ__#1_label_G-0-0__1.npy,G-0-0
v=gySI6K1G4xQ__#1_label_G-0-0__2.npy,G-0-0
v=gySI6K1G4xQ__#1_label_G-0-0__3.npy,G-0-0
v=gySI6K1G4xQ__#1_label_G-0-0__4.npy,G-0-0
v=gySI6K1G4xQ__#1_label_G-0-0__5.npy,G-0-0
v=gySI6K1G4xQ__#1_label_G-0-0__6.npy,G-0-0
v=gySI6K1G4xQ__#1_label_G-0-0__7.npy,G-0-0
v=gySI6K1G4xQ__#1_label_G-0-0__8.npy,G-0-0
v=gySI6K1G4xQ__#1_label_G-0-0__9.npy,G-0-0
v=hELcbseV61o__#1_label_G-0-0__0.npy,G-0-0
v=hELcbseV61o__#1_label_G-0-0__1.npy,G-0-0
v=hELcbseV61o__#1_label_G-0-0__2.npy,G-0-0
v=hELcbseV61o__#1_label_G-0-0__3.npy,G-0-0
v=hELcbseV61o__#1_label_G-0-0__4.npy,G-0-0
v=hELcbseV61o__#1_label_G-0-0__5.npy,G-0-0
v=hELcbseV61o__#1_label_G-0-0__6.npy,G-0-0
v=hELcbseV61o__#1_label_G-0-0__7.npy,G-0-0
v=hELcbseV61o__#1_label_G-0-0__8.npy,G-0-0
v=hELcbseV61o__#1_label_G-0-0__9.npy,G-0-0
v=ieSLKWFy0_g__#1_label_G-0-0__0.npy,G-0-0
v=ieSLKWFy0_g__#1_label_G-0-0__1.npy,G-0-0
v=ieSLKWFy0_g__#1_label_G-0-0__2.npy,G-0-0
v=ieSLKWFy0_g__#1_label_G-0-0__3.npy,G-0-0
v=ieSLKWFy0_g__#1_label_G-0-0__4.npy,G-0-0
v=ieSLKWFy0_g__#1_label_G-0-0__5.npy,G-0-0
v=ieSLKWFy0_g__#1_label_G-0-0__6.npy,G-0-0
v=ieSLKWFy0_g__#1_label_G-0-0__7.npy,G-0-0
v=ieSLKWFy0_g__#1_label_G-0-0__8.npy,G-0-0
v=ieSLKWFy0_g__#1_label_G-0-0__9.npy,G-0-0
v=j0BG_GBOFTw__#1_label_G-0-0__0.npy,G-0-0
v=j0BG_GBOFTw__#1_label_G-0-0__1.npy,G-0-0
v=j0BG_GBOFTw__#1_label_G-0-0__2.npy,G-0-0
v=j0BG_GBOFTw__#1_label_G-0-0__3.npy,G-0-0
v=j0BG_GBOFTw__#1_label_G-0-0__4.npy,G-0-0
v=j0BG_GBOFTw__#1_label_G-0-0__5.npy,G-0-0
v=j0BG_GBOFTw__#1_label_G-0-0__6.npy,G-0-0
v=j0BG_GBOFTw__#1_label_G-0-0__7.npy,G-0-0
v=j0BG_GBOFTw__#1_label_G-0-0__8.npy,G-0-0
v=j0BG_GBOFTw__#1_label_G-0-0__9.npy,G-0-0
v=j4JOjcDFtBE__#1_label_G-0-0__0.npy,G-0-0
v=j4JOjcDFtBE__#1_label_G-0-0__1.npy,G-0-0
v=j4JOjcDFtBE__#1_label_G-0-0__2.npy,G-0-0
v=j4JOjcDFtBE__#1_label_G-0-0__3.npy,G-0-0
v=j4JOjcDFtBE__#1_label_G-0-0__4.npy,G-0-0
v=j4JOjcDFtBE__#1_label_G-0-0__5.npy,G-0-0
v=j4JOjcDFtBE__#1_label_G-0-0__6.npy,G-0-0
v=j4JOjcDFtBE__#1_label_G-0-0__7.npy,G-0-0
v=j4JOjcDFtBE__#1_label_G-0-0__8.npy,G-0-0
v=j4JOjcDFtBE__#1_label_G-0-0__9.npy,G-0-0
v=jH-mhZLuGRk__#1_label_G-0-0__0.npy,G-0-0
v=jH-mhZLuGRk__#1_label_G-0-0__1.npy,G-0-0
v=jH-mhZLuGRk__#1_label_G-0-0__2.npy,G-0-0
v=jH-mhZLuGRk__#1_label_G-0-0__3.npy,G-0-0
v=jH-mhZLuGRk__#1_label_G-0-0__4.npy,G-0-0
v=jH-mhZLuGRk__#1_label_G-0-0__5.npy,G-0-0
v=jH-mhZLuGRk__#1_label_G-0-0__6.npy,G-0-0
v=jH-mhZLuGRk__#1_label_G-0-0__7.npy,G-0-0
v=jH-mhZLuGRk__#1_label_G-0-0__8.npy,G-0-0
v=jH-mhZLuGRk__#1_label_G-0-0__9.npy,G-0-0
v=k0dMU2R-f-c__#1_label_G-0-0__0.npy,G-0-0
v=k0dMU2R-f-c__#1_label_G-0-0__1.npy,G-0-0
v=k0dMU2R-f-c__#1_label_G-0-0__2.npy,G-0-0
v=k0dMU2R-f-c__#1_label_G-0-0__3.npy,G-0-0
v=k0dMU2R-f-c__#1_label_G-0-0__4.npy,G-0-0
v=k0dMU2R-f-c__#1_label_G-0-0__5.npy,G-0-0
v=k0dMU2R-f-c__#1_label_G-0-0__6.npy,G-0-0
v=k0dMU2R-f-c__#1_label_G-0-0__7.npy,G-0-0
v=k0dMU2R-f-c__#1_label_G-0-0__8.npy,G-0-0
v=k0dMU2R-f-c__#1_label_G-0-0__9.npy,G-0-0
v=kEFkd1Jw_UY__#1_label_G-0-0__0.npy,G-0-0
v=kEFkd1Jw_UY__#1_label_G-0-0__1.npy,G-0-0
v=kEFkd1Jw_UY__#1_label_G-0-0__2.npy,G-0-0
v=kEFkd1Jw_UY__#1_label_G-0-0__3.npy,G-0-0
v=kEFkd1Jw_UY__#1_label_G-0-0__4.npy,G-0-0
v=kEFkd1Jw_UY__#1_label_G-0-0__5.npy,G-0-0
v=kEFkd1Jw_UY__#1_label_G-0-0__6.npy,G-0-0
v=kEFkd1Jw_UY__#1_label_G-0-0__7.npy,G-0-0
v=kEFkd1Jw_UY__#1_label_G-0-0__8.npy,G-0-0
v=kEFkd1Jw_UY__#1_label_G-0-0__9.npy,G-0-0
v=kIa4dC2XJaY__#1_label_G-0-0__0.npy,G-0-0
v=kIa4dC2XJaY__#1_label_G-0-0__1.npy,G-0-0
v=kIa4dC2XJaY__#1_label_G-0-0__2.npy,G-0-0
v=kIa4dC2XJaY__#1_label_G-0-0__3.npy,G-0-0
v=kIa4dC2XJaY__#1_label_G-0-0__4.npy,G-0-0
v=kIa4dC2XJaY__#1_label_G-0-0__5.npy,G-0-0
v=kIa4dC2XJaY__#1_label_G-0-0__6.npy,G-0-0
v=kIa4dC2XJaY__#1_label_G-0-0__7.npy,G-0-0
v=kIa4dC2XJaY__#1_label_G-0-0__8.npy,G-0-0
v=kIa4dC2XJaY__#1_label_G-0-0__9.npy,G-0-0
v=l0N5tPaagbc__#1_label_G__0.npy,G-0-0
v=l0N5tPaagbc__#1_label_G__1.npy,G-0-0
v=l0N5tPaagbc__#1_label_G__2.npy,G-0-0
v=l0N5tPaagbc__#1_label_G__3.npy,G-0-0
v=l0N5tPaagbc__#1_label_G__4.npy,G-0-0
v=l0N5tPaagbc__#1_label_G__5.npy,G-0-0
v=l0N5tPaagbc__#1_label_G__6.npy,G-0-0
v=l0N5tPaagbc__#1_label_G__7.npy,G-0-0
v=l0N5tPaagbc__#1_label_G__8.npy,G-0-0
v=l0N5tPaagbc__#1_label_G__9.npy,G-0-0
v=lA1bgUYjJ0I__#1_label_G-0-0__0.npy,G-0-0
v=lA1bgUYjJ0I__#1_label_G-0-0__1.npy,G-0-0
v=lA1bgUYjJ0I__#1_label_G-0-0__2.npy,G-0-0
v=lA1bgUYjJ0I__#1_label_G-0-0__3.npy,G-0-0
v=lA1bgUYjJ0I__#1_label_G-0-0__4.npy,G-0-0
v=lA1bgUYjJ0I__#1_label_G-0-0__5.npy,G-0-0
v=lA1bgUYjJ0I__#1_label_G-0-0__6.npy,G-0-0
v=lA1bgUYjJ0I__#1_label_G-0-0__7.npy,G-0-0
v=lA1bgUYjJ0I__#1_label_G-0-0__8.npy,G-0-0
v=lA1bgUYjJ0I__#1_label_G-0-0__9.npy,G-0-0
v=moXG1byvf2Q__#1_label_G-0-0__0.npy,G-0-0
v=moXG1byvf2Q__#1_label_G-0-0__1.npy,G-0-0
v=moXG1byvf2Q__#1_label_G-0-0__2.npy,G-0-0
v=moXG1byvf2Q__#1_label_G-0-0__3.npy,G-0-0
v=moXG1byvf2Q__#1_label_G-0-0__4.npy,G-0-0
v=moXG1byvf2Q__#1_label_G-0-0__5.npy,G-0-0
v=moXG1byvf2Q__#1_label_G-0-0__6.npy,G-0-0
v=moXG1byvf2Q__#1_label_G-0-0__7.npy,G-0-0
v=moXG1byvf2Q__#1_label_G-0-0__8.npy,G-0-0
v=moXG1byvf2Q__#1_label_G-0-0__9.npy,G-0-0
v=n7WBshF9ihw__#1_label_G-0-0__0.npy,G-0-0
v=n7WBshF9ihw__#1_label_G-0-0__1.npy,G-0-0
v=n7WBshF9ihw__#1_label_G-0-0__2.npy,G-0-0
v=n7WBshF9ihw__#1_label_G-0-0__3.npy,G-0-0
v=n7WBshF9ihw__#1_label_G-0-0__4.npy,G-0-0
v=n7WBshF9ihw__#1_label_G-0-0__5.npy,G-0-0
v=n7WBshF9ihw__#1_label_G-0-0__6.npy,G-0-0
v=n7WBshF9ihw__#1_label_G-0-0__7.npy,G-0-0
v=n7WBshF9ihw__#1_label_G-0-0__8.npy,G-0-0
v=n7WBshF9ihw__#1_label_G-0-0__9.npy,G-0-0
v=nMayX35FkEk__#1_label_G-0-0__0.npy,G-0-0
v=nMayX35FkEk__#1_label_G-0-0__1.npy,G-0-0
v=nMayX35FkEk__#1_label_G-0-0__2.npy,G-0-0
v=nMayX35FkEk__#1_label_G-0-0__3.npy,G-0-0
v=nMayX35FkEk__#1_label_G-0-0__4.npy,G-0-0
v=nMayX35FkEk__#1_label_G-0-0__5.npy,G-0-0
v=nMayX35FkEk__#1_label_G-0-0__6.npy,G-0-0
v=nMayX35FkEk__#1_label_G-0-0__7.npy,G-0-0
v=nMayX35FkEk__#1_label_G-0-0__8.npy,G-0-0
v=nMayX35FkEk__#1_label_G-0-0__9.npy,G-0-0
v=o7cMVWadJRY__#1_label_G-0-0__0.npy,G-0-0
v=o7cMVWadJRY__#1_label_G-0-0__1.npy,G-0-0
v=o7cMVWadJRY__#1_label_G-0-0__2.npy,G-0-0
v=o7cMVWadJRY__#1_label_G-0-0__3.npy,G-0-0
v=o7cMVWadJRY__#1_label_G-0-0__4.npy,G-0-0
v=o7cMVWadJRY__#1_label_G-0-0__5.npy,G-0-0
v=o7cMVWadJRY__#1_label_G-0-0__6.npy,G-0-0
v=o7cMVWadJRY__#1_label_G-0-0__7.npy,G-0-0
v=o7cMVWadJRY__#1_label_G-0-0__8.npy,G-0-0
v=o7cMVWadJRY__#1_label_G-0-0__9.npy,G-0-0
v=pogMbNQWrN4__#1_label_G-0-0__0.npy,G-0-0
v=pogMbNQWrN4__#1_label_G-0-0__1.npy,G-0-0
v=pogMbNQWrN4__#1_label_G-0-0__2.npy,G-0-0
v=pogMbNQWrN4__#1_label_G-0-0__3.npy,G-0-0
v=pogMbNQWrN4__#1_label_G-0-0__4.npy,G-0-0
v=pogMbNQWrN4__#1_label_G-0-0__5.npy,G-0-0
v=pogMbNQWrN4__#1_label_G-0-0__6.npy,G-0-0
v=pogMbNQWrN4__#1_label_G-0-0__7.npy,G-0-0
v=pogMbNQWrN4__#1_label_G-0-0__8.npy,G-0-0
v=pogMbNQWrN4__#1_label_G-0-0__9.npy,G-0-0
v=qo-ph1-SAnQ__#1_label_G-0-0__0.npy,G-0-0
v=qo-ph1-SAnQ__#1_label_G-0-0__1.npy,G-0-0
v=qo-ph1-SAnQ__#1_label_G-0-0__2.npy,G-0-0
v=qo-ph1-SAnQ__#1_label_G-0-0__3.npy,G-0-0
v=qo-ph1-SAnQ__#1_label_G-0-0__4.npy,G-0-0
v=qo-ph1-SAnQ__#1_label_G-0-0__5.npy,G-0-0
v=qo-ph1-SAnQ__#1_label_G-0-0__6.npy,G-0-0
v=qo-ph1-SAnQ__#1_label_G-0-0__7.npy,G-0-0
v=qo-ph1-SAnQ__#1_label_G-0-0__8.npy,G-0-0
v=qo-ph1-SAnQ__#1_label_G-0-0__9.npy,G-0-0
v=r0km94VCyek__#1_label_G-0-0__0.npy,G-0-0
v=r0km94VCyek__#1_label_G-0-0__1.npy,G-0-0
v=r0km94VCyek__#1_label_G-0-0__2.npy,G-0-0
v=r0km94VCyek__#1_label_G-0-0__3.npy,G-0-0
v=r0km94VCyek__#1_label_G-0-0__4.npy,G-0-0
v=r0km94VCyek__#1_label_G-0-0__5.npy,G-0-0
v=r0km94VCyek__#1_label_G-0-0__6.npy,G-0-0
v=r0km94VCyek__#1_label_G-0-0__7.npy,G-0-0
v=r0km94VCyek__#1_label_G-0-0__8.npy,G-0-0
v=r0km94VCyek__#1_label_G-0-0__9.npy,G-0-0
v=rAlZRFZTwxM__#00-00-00_00-03-13_label_G-0-0__0.npy,G-0-0
v=rAlZRFZTwxM__#00-00-00_00-03-13_label_G-0-0__1.npy,G-0-0
v=rAlZRFZTwxM__#00-00-00_00-03-13_label_G-0-0__2.npy,G-0-0
v=rAlZRFZTwxM__#00-00-00_00-03-13_label_G-0-0__3.npy,G-0-0
v=rAlZRFZTwxM__#00-00-00_00-03-13_label_G-0-0__4.npy,G-0-0
v=rAlZRFZTwxM__#00-00-00_00-03-13_label_G-0-0__5.npy,G-0-0
v=rAlZRFZTwxM__#00-00-00_00-03-13_label_G-0-0__6.npy,G-0-0
v=rAlZRFZTwxM__#00-00-00_00-03-13_label_G-0-0__7.npy,G-0-0
v=rAlZRFZTwxM__#00-00-00_00-03-13_label_G-0-0__8.npy,G-0-0
v=rAlZRFZTwxM__#00-00-00_00-03-13_label_G-0-0__9.npy,G-0-0
v=rEEQXcW-M2c__#1_label_G-0-0__0.npy,G-0-0
v=rEEQXcW-M2c__#1_label_G-0-0__1.npy,G-0-0
v=rEEQXcW-M2c__#1_label_G-0-0__2.npy,G-0-0
v=rEEQXcW-M2c__#1_label_G-0-0__3.npy,G-0-0
v=rEEQXcW-M2c__#1_label_G-0-0__4.npy,G-0-0
v=rEEQXcW-M2c__#1_label_G-0-0__5.npy,G-0-0
v=rEEQXcW-M2c__#1_label_G-0-0__6.npy,G-0-0
v=rEEQXcW-M2c__#1_label_G-0-0__7.npy,G-0-0
v=rEEQXcW-M2c__#1_label_G-0-0__8.npy,G-0-0
v=rEEQXcW-M2c__#1_label_G-0-0__9.npy,G-0-0
v=rMhEu33OqiM__#00-00-50_00-01-20_label_G-0-0__0.npy,G-0-0
v=rMhEu33OqiM__#00-00-50_00-01-20_label_G-0-0__1.npy,G-0-0
v=rMhEu33OqiM__#00-00-50_00-01-20_label_G-0-0__2.npy,G-0-0
v=rMhEu33OqiM__#00-00-50_00-01-20_label_G-0-0__3.npy,G-0-0
v=rMhEu33OqiM__#00-00-50_00-01-20_label_G-0-0__4.npy,G-0-0
v=rMhEu33OqiM__#00-00-50_00-01-20_label_G-0-0__5.npy,G-0-0
v=rMhEu33OqiM__#00-00-50_00-01-20_label_G-0-0__6.npy,G-0-0
v=rMhEu33OqiM__#00-00-50_00-01-20_label_G-0-0__7.npy,G-0-0
v=rMhEu33OqiM__#00-00-50_00-01-20_label_G-0-0__8.npy,G-0-0
v=rMhEu33OqiM__#00-00-50_00-01-20_label_G-0-0__9.npy,G-0-0
v=rMhEu33OqiM__#00-01-20_00-02-20_label_G-0-0__0.npy,G-0-0
v=rMhEu33OqiM__#00-01-20_00-02-20_label_G-0-0__1.npy,G-0-0
v=rMhEu33OqiM__#00-01-20_00-02-20_label_G-0-0__2.npy,G-0-0
v=rMhEu33OqiM__#00-01-20_00-02-20_label_G-0-0__3.npy,G-0-0
v=rMhEu33OqiM__#00-01-20_00-02-20_label_G-0-0__4.npy,G-0-0
v=rMhEu33OqiM__#00-01-20_00-02-20_label_G-0-0__5.npy,G-0-0
v=rMhEu33OqiM__#00-01-20_00-02-20_label_G-0-0__6.npy,G-0-0
v=rMhEu33OqiM__#00-01-20_00-02-20_label_G-0-0__7.npy,G-0-0
v=rMhEu33OqiM__#00-01-20_00-02-20_label_G-0-0__8.npy,G-0-0
v=rMhEu33OqiM__#00-01-20_00-02-20_label_G-0-0__9.npy,G-0-0
v=rMhEu33OqiM__#00-02-20_00-05-36_label_G-0-0__0.npy,G-0-0
v=rMhEu33OqiM__#00-02-20_00-05-36_label_G-0-0__1.npy,G-0-0
v=rMhEu33OqiM__#00-02-20_00-05-36_label_G-0-0__2.npy,G-0-0
v=rMhEu33OqiM__#00-02-20_00-05-36_label_G-0-0__3.npy,G-0-0
v=rMhEu33OqiM__#00-02-20_00-05-36_label_G-0-0__4.npy,G-0-0
v=rMhEu33OqiM__#00-02-20_00-05-36_label_G-0-0__5.npy,G-0-0
v=rMhEu33OqiM__#00-02-20_00-05-36_label_G-0-0__6.npy,G-0-0
v=rMhEu33OqiM__#00-02-20_00-05-36_label_G-0-0__7.npy,G-0-0
v=rMhEu33OqiM__#00-02-20_00-05-36_label_G-0-0__8.npy,G-0-0
v=rMhEu33OqiM__#00-02-20_00-05-36_label_G-0-0__9.npy,G-0-0
v=rMhEu33OqiM__#00-05-36_00-07-10_label_G-0-0__0.npy,G-0-0
v=rMhEu33OqiM__#00-05-36_00-07-10_label_G-0-0__1.npy,G-0-0
v=rMhEu33OqiM__#00-05-36_00-07-10_label_G-0-0__2.npy,G-0-0
v=rMhEu33OqiM__#00-05-36_00-07-10_label_G-0-0__3.npy,G-0-0
v=rMhEu33OqiM__#00-05-36_00-07-10_label_G-0-0__4.npy,G-0-0
v=rMhEu33OqiM__#00-05-36_00-07-10_label_G-0-0__5.npy,G-0-0
v=rMhEu33OqiM__#00-05-36_00-07-10_label_G-0-0__6.npy,G-0-0
v=rMhEu33OqiM__#00-05-36_00-07-10_label_G-0-0__7.npy,G-0-0
v=rMhEu33OqiM__#00-05-36_00-07-10_label_G-0-0__8.npy,G-0-0
v=rMhEu33OqiM__#00-05-36_00-07-10_label_G-0-0__9.npy,G-0-0
v=ra2N2BasBLY__#1_label_G-0-0__0.npy,G-0-0
v=ra2N2BasBLY__#1_label_G-0-0__1.npy,G-0-0
v=ra2N2BasBLY__#1_label_G-0-0__2.npy,G-0-0
v=ra2N2BasBLY__#1_label_G-0-0__3.npy,G-0-0
v=ra2N2BasBLY__#1_label_G-0-0__4.npy,G-0-0
v=ra2N2BasBLY__#1_label_G-0-0__5.npy,G-0-0
v=ra2N2BasBLY__#1_label_G-0-0__6.npy,G-0-0
v=ra2N2BasBLY__#1_label_G-0-0__7.npy,G-0-0
v=ra2N2BasBLY__#1_label_G-0-0__8.npy,G-0-0
v=ra2N2BasBLY__#1_label_G-0-0__9.npy,G-0-0
v=rg9B6MADj28__#1_label_G-0-0__0.npy,G-0-0
v=rg9B6MADj28__#1_label_G-0-0__1.npy,G-0-0
v=rg9B6MADj28__#1_label_G-0-0__2.npy,G-0-0
v=rg9B6MADj28__#1_label_G-0-0__3.npy,G-0-0
v=rg9B6MADj28__#1_label_G-0-0__4.npy,G-0-0
v=rg9B6MADj28__#1_label_G-0-0__5.npy,G-0-0
v=rg9B6MADj28__#1_label_G-0-0__6.npy,G-0-0
v=rg9B6MADj28__#1_label_G-0-0__7.npy,G-0-0
v=rg9B6MADj28__#1_label_G-0-0__8.npy,G-0-0
v=rg9B6MADj28__#1_label_G-0-0__9.npy,G-0-0
v=roPnnUis9mM__#1_label_G-0-0__0.npy,G-0-0
v=roPnnUis9mM__#1_label_G-0-0__1.npy,G-0-0
v=roPnnUis9mM__#1_label_G-0-0__2.npy,G-0-0
v=roPnnUis9mM__#1_label_G-0-0__3.npy,G-0-0
v=roPnnUis9mM__#1_label_G-0-0__4.npy,G-0-0
v=roPnnUis9mM__#1_label_G-0-0__5.npy,G-0-0
v=roPnnUis9mM__#1_label_G-0-0__6.npy,G-0-0
v=roPnnUis9mM__#1_label_G-0-0__7.npy,G-0-0
v=roPnnUis9mM__#1_label_G-0-0__8.npy,G-0-0
v=roPnnUis9mM__#1_label_G-0-0__9.npy,G-0-0
v=t19kvUiHvAE__#1_label_G-0-0__0.npy,G-0-0
v=t19kvUiHvAE__#1_label_G-0-0__1.npy,G-0-0
v=t19kvUiHvAE__#1_label_G-0-0__2.npy,G-0-0
v=t19kvUiHvAE__#1_label_G-0-0__3.npy,G-0-0
v=t19kvUiHvAE__#1_label_G-0-0__4.npy,G-0-0
v=t19kvUiHvAE__#1_label_G-0-0__5.npy,G-0-0
v=t19kvUiHvAE__#1_label_G-0-0__6.npy,G-0-0
v=t19kvUiHvAE__#1_label_G-0-0__7.npy,G-0-0
v=t19kvUiHvAE__#1_label_G-0-0__8.npy,G-0-0
v=t19kvUiHvAE__#1_label_G-0-0__9.npy,G-0-0
v=t4RKl9PyOfI__#1_label_G-0-0__0.npy,G-0-0
v=t4RKl9PyOfI__#1_label_G-0-0__1.npy,G-0-0
v=t4RKl9PyOfI__#1_label_G-0-0__2.npy,G-0-0
v=t4RKl9PyOfI__#1_label_G-0-0__3.npy,G-0-0
v=t4RKl9PyOfI__#1_label_G-0-0__4.npy,G-0-0
v=t4RKl9PyOfI__#1_label_G-0-0__5.npy,G-0-0
v=t4RKl9PyOfI__#1_label_G-0-0__6.npy,G-0-0
v=t4RKl9PyOfI__#1_label_G-0-0__7.npy,G-0-0
v=t4RKl9PyOfI__#1_label_G-0-0__8.npy,G-0-0
v=t4RKl9PyOfI__#1_label_G-0-0__9.npy,G-0-0
v=t6X0HTOKC24__#1_label_G-0-0__0.npy,G-0-0
v=t6X0HTOKC24__#1_label_G-0-0__1.npy,G-0-0
v=t6X0HTOKC24__#1_label_G-0-0__2.npy,G-0-0
v=t6X0HTOKC24__#1_label_G-0-0__3.npy,G-0-0
v=t6X0HTOKC24__#1_label_G-0-0__4.npy,G-0-0
v=t6X0HTOKC24__#1_label_G-0-0__5.npy,G-0-0
v=t6X0HTOKC24__#1_label_G-0-0__6.npy,G-0-0
v=t6X0HTOKC24__#1_label_G-0-0__7.npy,G-0-0
v=t6X0HTOKC24__#1_label_G-0-0__8.npy,G-0-0
v=t6X0HTOKC24__#1_label_G-0-0__9.npy,G-0-0
v=tdA0bP3jIIA__#1_label_G-0-0__0.npy,G-0-0
v=tdA0bP3jIIA__#1_label_G-0-0__1.npy,G-0-0
v=tdA0bP3jIIA__#1_label_G-0-0__2.npy,G-0-0
v=tdA0bP3jIIA__#1_label_G-0-0__3.npy,G-0-0
v=tdA0bP3jIIA__#1_label_G-0-0__4.npy,G-0-0
v=tdA0bP3jIIA__#1_label_G-0-0__5.npy,G-0-0
v=tdA0bP3jIIA__#1_label_G-0-0__6.npy,G-0-0
v=tdA0bP3jIIA__#1_label_G-0-0__7.npy,G-0-0
v=tdA0bP3jIIA__#1_label_G-0-0__8.npy,G-0-0
v=tdA0bP3jIIA__#1_label_G-0-0__9.npy,G-0-0
v=tnXK_zxfpjM__#1_label_G-0-0__0.npy,G-0-0
v=tnXK_zxfpjM__#1_label_G-0-0__1.npy,G-0-0
v=tnXK_zxfpjM__#1_label_G-0-0__2.npy,G-0-0
v=tnXK_zxfpjM__#1_label_G-0-0__3.npy,G-0-0
v=tnXK_zxfpjM__#1_label_G-0-0__4.npy,G-0-0
v=tnXK_zxfpjM__#1_label_G-0-0__5.npy,G-0-0
v=tnXK_zxfpjM__#1_label_G-0-0__6.npy,G-0-0
v=tnXK_zxfpjM__#1_label_G-0-0__7.npy,G-0-0
v=tnXK_zxfpjM__#1_label_G-0-0__8.npy,G-0-0
v=tnXK_zxfpjM__#1_label_G-0-0__9.npy,G-0-0
v=tpeNwvZHRd4__#1_label_G-0-0__0.npy,G-0-0
v=tpeNwvZHRd4__#1_label_G-0-0__1.npy,G-0-0
v=tpeNwvZHRd4__#1_label_G-0-0__2.npy,G-0-0
v=tpeNwvZHRd4__#1_label_G-0-0__3.npy,G-0-0
v=tpeNwvZHRd4__#1_label_G-0-0__4.npy,G-0-0
v=tpeNwvZHRd4__#1_label_G-0-0__5.npy,G-0-0
v=tpeNwvZHRd4__#1_label_G-0-0__6.npy,G-0-0
v=tpeNwvZHRd4__#1_label_G-0-0__7.npy,G-0-0
v=tpeNwvZHRd4__#1_label_G-0-0__8.npy,G-0-0
v=tpeNwvZHRd4__#1_label_G-0-0__9.npy,G-0-0
v=u5SF4SlqNDQ__#00-03-41_00-05-54_label_G-0-0__0.npy,G-0-0
v=u5SF4SlqNDQ__#00-03-41_00-05-54_label_G-0-0__1.npy,G-0-0
v=u5SF4SlqNDQ__#00-03-41_00-05-54_label_G-0-0__2.npy,G-0-0
v=u5SF4SlqNDQ__#00-03-41_00-05-54_label_G-0-0__3.npy,G-0-0
v=u5SF4SlqNDQ__#00-03-41_00-05-54_label_G-0-0__4.npy,G-0-0
v=u5SF4SlqNDQ__#00-03-41_00-05-54_label_G-0-0__5.npy,G-0-0
v=u5SF4SlqNDQ__#00-03-41_00-05-54_label_G-0-0__6.npy,G-0-0
v=u5SF4SlqNDQ__#00-03-41_00-05-54_label_G-0-0__7.npy,G-0-0
v=u5SF4SlqNDQ__#00-03-41_00-05-54_label_G-0-0__8.npy,G-0-0
v=u5SF4SlqNDQ__#00-03-41_00-05-54_label_G-0-0__9.npy,G-0-0
v=u5SF4SlqNDQ__#00-09-20_00-10-28_label_G-0-0__0.npy,G-0-0
v=u5SF4SlqNDQ__#00-09-20_00-10-28_label_G-0-0__1.npy,G-0-0
v=u5SF4SlqNDQ__#00-09-20_00-10-28_label_G-0-0__2.npy,G-0-0
v=u5SF4SlqNDQ__#00-09-20_00-10-28_label_G-0-0__3.npy,G-0-0
v=u5SF4SlqNDQ__#00-09-20_00-10-28_label_G-0-0__4.npy,G-0-0
v=u5SF4SlqNDQ__#00-09-20_00-10-28_label_G-0-0__5.npy,G-0-0
v=u5SF4SlqNDQ__#00-09-20_00-10-28_label_G-0-0__6.npy,G-0-0
v=u5SF4SlqNDQ__#00-09-20_00-10-28_label_G-0-0__7.npy,G-0-0
v=u5SF4SlqNDQ__#00-09-20_00-10-28_label_G-0-0__8.npy,G-0-0
v=u5SF4SlqNDQ__#00-09-20_00-10-28_label_G-0-0__9.npy,G-0-0
v=uZFNy8vXEVM__#1_label_G-0-0__0.npy,G-0-0
v=uZFNy8vXEVM__#1_label_G-0-0__1.npy,G-0-0
v=uZFNy8vXEVM__#1_label_G-0-0__2.npy,G-0-0
v=uZFNy8vXEVM__#1_label_G-0-0__3.npy,G-0-0
v=uZFNy8vXEVM__#1_label_G-0-0__4.npy,G-0-0
v=uZFNy8vXEVM__#1_label_G-0-0__5.npy,G-0-0
v=uZFNy8vXEVM__#1_label_G-0-0__6.npy,G-0-0
v=uZFNy8vXEVM__#1_label_G-0-0__7.npy,G-0-0
v=uZFNy8vXEVM__#1_label_G-0-0__8.npy,G-0-0
v=uZFNy8vXEVM__#1_label_G-0-0__9.npy,G-0-0
v=uzBQ0QR1jCE__#00-00-00_00-01-00_label_G-0-0__0.npy,G-0-0
v=uzBQ0QR1jCE__#00-00-00_00-01-00_label_G-0-0__1.npy,G-0-0
v=uzBQ0QR1jCE__#00-00-00_00-01-00_label_G-0-0__2.npy,G-0-0
v=uzBQ0QR1jCE__#00-00-00_00-01-00_label_G-0-0__3.npy,G-0-0
v=uzBQ0QR1jCE__#00-00-00_00-01-00_label_G-0-0__4.npy,G-0-0
v=uzBQ0QR1jCE__#00-00-00_00-01-00_label_G-0-0__5.npy,G-0-0
v=uzBQ0QR1jCE__#00-00-00_00-01-00_label_G-0-0__6.npy,G-0-0
v=uzBQ0QR1jCE__#00-00-00_00-01-00_label_G-0-0__7.npy,G-0-0
v=uzBQ0QR1jCE__#00-00-00_00-01-00_label_G-0-0__8.npy,G-0-0
v=uzBQ0QR1jCE__#00-00-00_00-01-00_label_G-0-0__9.npy,G-0-0
v=vh9jh5aAcS4__#1_label_G-0-0__0.npy,G-0-0
v=vh9jh5aAcS4__#1_label_G-0-0__1.npy,G-0-0
v=vh9jh5aAcS4__#1_label_G-0-0__2.npy,G-0-0
v=vh9jh5aAcS4__#1_label_G-0-0__3.npy,G-0-0
v=vh9jh5aAcS4__#1_label_G-0-0__4.npy,G-0-0
v=vh9jh5aAcS4__#1_label_G-0-0__5.npy,G-0-0
v=vh9jh5aAcS4__#1_label_G-0-0__6.npy,G-0-0
v=vh9jh5aAcS4__#1_label_G-0-0__7.npy,G-0-0
v=vh9jh5aAcS4__#1_label_G-0-0__8.npy,G-0-0
v=vh9jh5aAcS4__#1_label_G-0-0__9.npy,G-0-0
v=vqW0LEcTAYg__#1_label_G-0-0__0.npy,G-0-0
v=vqW0LEcTAYg__#1_label_G-0-0__1.npy,G-0-0
v=vqW0LEcTAYg__#1_label_G-0-0__2.npy,G-0-0
v=vqW0LEcTAYg__#1_label_G-0-0__3.npy,G-0-0
v=vqW0LEcTAYg__#1_label_G-0-0__4.npy,G-0-0
v=vqW0LEcTAYg__#1_label_G-0-0__5.npy,G-0-0
v=vqW0LEcTAYg__#1_label_G-0-0__6.npy,G-0-0
v=vqW0LEcTAYg__#1_label_G-0-0__7.npy,G-0-0
v=vqW0LEcTAYg__#1_label_G-0-0__8.npy,G-0-0
v=vqW0LEcTAYg__#1_label_G-0-0__9.npy,G-0-0
v=wPkBaI6vOv0__#00-03-28_00-03-48_label_G-0-0__0.npy,G-0-0
v=wPkBaI6vOv0__#00-03-28_00-03-48_label_G-0-0__1.npy,G-0-0
v=wPkBaI6vOv0__#00-03-28_00-03-48_label_G-0-0__2.npy,G-0-0
v=wPkBaI6vOv0__#00-03-28_00-03-48_label_G-0-0__3.npy,G-0-0
v=wPkBaI6vOv0__#00-03-28_00-03-48_label_G-0-0__4.npy,G-0-0
v=wPkBaI6vOv0__#00-03-28_00-03-48_label_G-0-0__5.npy,G-0-0
v=wPkBaI6vOv0__#00-03-28_00-03-48_label_G-0-0__6.npy,G-0-0
v=wPkBaI6vOv0__#00-03-28_00-03-48_label_G-0-0__7.npy,G-0-0
v=wPkBaI6vOv0__#00-03-28_00-03-48_label_G-0-0__8.npy,G-0-0
v=wPkBaI6vOv0__#00-03-28_00-03-48_label_G-0-0__9.npy,G-0-0
v=wPkBaI6vOv0__#00-08-53_00-09-44_label_G-0-0__0.npy,G-0-0
v=wPkBaI6vOv0__#00-08-53_00-09-44_label_G-0-0__1.npy,G-0-0
v=wPkBaI6vOv0__#00-08-53_00-09-44_label_G-0-0__2.npy,G-0-0
v=wPkBaI6vOv0__#00-08-53_00-09-44_label_G-0-0__3.npy,G-0-0
v=wPkBaI6vOv0__#00-08-53_00-09-44_label_G-0-0__4.npy,G-0-0
v=wPkBaI6vOv0__#00-08-53_00-09-44_label_G-0-0__5.npy,G-0-0
v=wPkBaI6vOv0__#00-08-53_00-09-44_label_G-0-0__6.npy,G-0-0
v=wPkBaI6vOv0__#00-08-53_00-09-44_label_G-0-0__7.npy,G-0-0
v=wPkBaI6vOv0__#00-08-53_00-09-44_label_G-0-0__8.npy,G-0-0
v=wPkBaI6vOv0__#00-08-53_00-09-44_label_G-0-0__9.npy,G-0-0
v=wuhoY9su8X8__#1_label_G-0-0__0.npy,G-0-0
v=wuhoY9su8X8__#1_label_G-0-0__1.npy,G-0-0
v=wuhoY9su8X8__#1_label_G-0-0__2.npy,G-0-0
v=wuhoY9su8X8__#1_label_G-0-0__3.npy,G-0-0
v=wuhoY9su8X8__#1_label_G-0-0__4.npy,G-0-0
v=wuhoY9su8X8__#1_label_G-0-0__5.npy,G-0-0
v=wuhoY9su8X8__#1_label_G-0-0__6.npy,G-0-0
v=wuhoY9su8X8__#1_label_G-0-0__7.npy,G-0-0
v=wuhoY9su8X8__#1_label_G-0-0__8.npy,G-0-0
v=wuhoY9su8X8__#1_label_G-0-0__9.npy,G-0-0
v=xLIvJqv7Mxo__#1_label_G-0-0__0.npy,G-0-0
v=xLIvJqv7Mxo__#1_label_G-0-0__1.npy,G-0-0
v=xLIvJqv7Mxo__#1_label_G-0-0__2.npy,G-0-0
v=xLIvJqv7Mxo__#1_label_G-0-0__3.npy,G-0-0
v=xLIvJqv7Mxo__#1_label_G-0-0__4.npy,G-0-0
v=xLIvJqv7Mxo__#1_label_G-0-0__5.npy,G-0-0
v=xLIvJqv7Mxo__#1_label_G-0-0__6.npy,G-0-0
v=xLIvJqv7Mxo__#1_label_G-0-0__7.npy,G-0-0
v=xLIvJqv7Mxo__#1_label_G-0-0__8.npy,G-0-0
v=xLIvJqv7Mxo__#1_label_G-0-0__9.npy,G-0-0
v=xRI9hkXy-48__#1_label_G-0-0__0.npy,G-0-0
v=xRI9hkXy-48__#1_label_G-0-0__1.npy,G-0-0
v=xRI9hkXy-48__#1_label_G-0-0__2.npy,G-0-0
v=xRI9hkXy-48__#1_label_G-0-0__3.npy,G-0-0
v=xRI9hkXy-48__#1_label_G-0-0__4.npy,G-0-0
v=xRI9hkXy-48__#1_label_G-0-0__5.npy,G-0-0
v=xRI9hkXy-48__#1_label_G-0-0__6.npy,G-0-0
v=xRI9hkXy-48__#1_label_G-0-0__7.npy,G-0-0
v=xRI9hkXy-48__#1_label_G-0-0__8.npy,G-0-0
v=xRI9hkXy-48__#1_label_G-0-0__9.npy,G-0-0
v=y--E2E8k3TM__#1_label_G-0-0__0.npy,G-0-0
v=y--E2E8k3TM__#1_label_G-0-0__1.npy,G-0-0
v=y--E2E8k3TM__#1_label_G-0-0__2.npy,G-0-0
v=y--E2E8k3TM__#1_label_G-0-0__3.npy,G-0-0
v=y--E2E8k3TM__#1_label_G-0-0__4.npy,G-0-0
v=y--E2E8k3TM__#1_label_G-0-0__5.npy,G-0-0
v=y--E2E8k3TM__#1_label_G-0-0__6.npy,G-0-0
v=y--E2E8k3TM__#1_label_G-0-0__7.npy,G-0-0
v=y--E2E8k3TM__#1_label_G-0-0__8.npy,G-0-0
v=y--E2E8k3TM__#1_label_G-0-0__9.npy,G-0-0
v=y5xKCzdhAC8__#1_label_G-0-0__0.npy,G-0-0
v=y5xKCzdhAC8__#1_label_G-0-0__1.npy,G-0-0
v=y5xKCzdhAC8__#1_label_G-0-0__2.npy,G-0-0
v=y5xKCzdhAC8__#1_label_G-0-0__3.npy,G-0-0
v=y5xKCzdhAC8__#1_label_G-0-0__4.npy,G-0-0
v=y5xKCzdhAC8__#1_label_G-0-0__5.npy,G-0-0
v=y5xKCzdhAC8__#1_label_G-0-0__6.npy,G-0-0
v=y5xKCzdhAC8__#1_label_G-0-0__7.npy,G-0-0
v=y5xKCzdhAC8__#1_label_G-0-0__8.npy,G-0-0
v=y5xKCzdhAC8__#1_label_G-0-0__9.npy,G-0-0
v=yOJe0-5FlRc__#1_label_G-0-0__0.npy,G-0-0
v=yOJe0-5FlRc__#1_label_G-0-0__1.npy,G-0-0
v=yOJe0-5FlRc__#1_label_G-0-0__2.npy,G-0-0
v=yOJe0-5FlRc__#1_label_G-0-0__3.npy,G-0-0
v=yOJe0-5FlRc__#1_label_G-0-0__4.npy,G-0-0
v=yOJe0-5FlRc__#1_label_G-0-0__5.npy,G-0-0
v=yOJe0-5FlRc__#1_label_G-0-0__6.npy,G-0-0
v=yOJe0-5FlRc__#1_label_G-0-0__7.npy,G-0-0
v=yOJe0-5FlRc__#1_label_G-0-0__8.npy,G-0-0
v=yOJe0-5FlRc__#1_label_G-0-0__9.npy,G-0-0
v=yeAgzCTAY1I__#1_label_G-0-0__0.npy,G-0-0
v=yeAgzCTAY1I__#1_label_G-0-0__1.npy,G-0-0
v=yeAgzCTAY1I__#1_label_G-0-0__2.npy,G-0-0
v=yeAgzCTAY1I__#1_label_G-0-0__3.npy,G-0-0
v=yeAgzCTAY1I__#1_label_G-0-0__4.npy,G-0-0
v=yeAgzCTAY1I__#1_label_G-0-0__5.npy,G-0-0
v=yeAgzCTAY1I__#1_label_G-0-0__6.npy,G-0-0
v=yeAgzCTAY1I__#1_label_G-0-0__7.npy,G-0-0
v=yeAgzCTAY1I__#1_label_G-0-0__8.npy,G-0-0
v=yeAgzCTAY1I__#1_label_G-0-0__9.npy,G-0-0
v=zlKoID_9yvE__#1_label_G-0-0__0.npy,G-0-0
v=zlKoID_9yvE__#1_label_G-0-0__1.npy,G-0-0
v=zlKoID_9yvE__#1_label_G-0-0__2.npy,G-0-0
v=zlKoID_9yvE__#1_label_G-0-0__3.npy,G-0-0
v=zlKoID_9yvE__#1_label_G-0-0__4.npy,G-0-0
v=zlKoID_9yvE__#1_label_G-0-0__5.npy,G-0-0
v=zlKoID_9yvE__#1_label_G-0-0__6.npy,G-0-0
v=zlKoID_9yvE__#1_label_G-0-0__7.npy,G-0-0
v=zlKoID_9yvE__#1_label_G-0-0__8.npy,G-0-0
v=zlKoID_9yvE__#1_label_G-0-0__9.npy,G-0-0
v=zqFm52C1n5Q__#1_label_G-0-0__0.npy,G-0-0
v=zqFm52C1n5Q__#1_label_G-0-0__1.npy,G-0-0
v=zqFm52C1n5Q__#1_label_G-0-0__2.npy,G-0-0
v=zqFm52C1n5Q__#1_label_G-0-0__3.npy,G-0-0
v=zqFm52C1n5Q__#1_label_G-0-0__4.npy,G-0-0
v=zqFm52C1n5Q__#1_label_G-0-0__5.npy,G-0-0
v=zqFm52C1n5Q__#1_label_G-0-0__6.npy,G-0-0
v=zqFm52C1n5Q__#1_label_G-0-0__7.npy,G-0-0
v=zqFm52C1n5Q__#1_label_G-0-0__8.npy,G-0-0
v=zqFm52C1n5Q__#1_label_G-0-0__9.npy,G-0-0
v=zrexlA7wFxE__#1_label_G-0-0__0.npy,G-0-0
v=zrexlA7wFxE__#1_label_G-0-0__1.npy,G-0-0
v=zrexlA7wFxE__#1_label_G-0-0__2.npy,G-0-0
v=zrexlA7wFxE__#1_label_G-0-0__3.npy,G-0-0
v=zrexlA7wFxE__#1_label_G-0-0__4.npy,G-0-0
v=zrexlA7wFxE__#1_label_G-0-0__5.npy,G-0-0
v=zrexlA7wFxE__#1_label_G-0-0__6.npy,G-0-0
v=zrexlA7wFxE__#1_label_G-0-0__7.npy,G-0-0
v=zrexlA7wFxE__#1_label_G-0-0__8.npy,G-0-0
v=zrexlA7wFxE__#1_label_G-0-0__9.npy,G-0-0
wangted.2008__#0-44-27_0-44-44_label_G-0-0__0.npy,G-0-0
wangted.2008__#0-44-27_0-44-44_label_G-0-0__1.npy,G-0-0
wangted.2008__#0-44-27_0-44-44_label_G-0-0__2.npy,G-0-0
wangted.2008__#0-44-27_0-44-44_label_G-0-0__3.npy,G-0-0
wangted.2008__#0-44-27_0-44-44_label_G-0-0__4.npy,G-0-0
wangted.2008__#0-44-27_0-44-44_label_G-0-0__5.npy,G-0-0
wangted.2008__#0-44-27_0-44-44_label_G-0-0__6.npy,G-0-0
wangted.2008__#0-44-27_0-44-44_label_G-0-0__7.npy,G-0-0
wangted.2008__#0-44-27_0-44-44_label_G-0-0__8.npy,G-0-0
wangted.2008__#0-44-27_0-44-44_label_G-0-0__9.npy,G-0-0
Mission.Impossible.II.2000__#01-49-15_01-49-34_label_G-B6-0__0.npy,G-B6-0
Mission.Impossible.II.2000__#01-49-15_01-49-34_label_G-B6-0__1.npy,G-B6-0
Mission.Impossible.II.2000__#01-49-15_01-49-34_label_G-B6-0__2.npy,G-B6-0
Mission.Impossible.II.2000__#01-49-15_01-49-34_label_G-B6-0__3.npy,G-B6-0
Mission.Impossible.II.2000__#01-49-15_01-49-34_label_G-B6-0__4.npy,G-B6-0
Mission.Impossible.II.2000__#01-49-15_01-49-34_label_G-B6-0__5.npy,G-B6-0
Mission.Impossible.II.2000__#01-49-15_01-49-34_label_G-B6-0__6.npy,G-B6-0
Mission.Impossible.II.2000__#01-49-15_01-49-34_label_G-B6-0__7.npy,G-B6-0
Mission.Impossible.II.2000__#01-49-15_01-49-34_label_G-B6-0__8.npy,G-B6-0
Mission.Impossible.II.2000__#01-49-15_01-49-34_label_G-B6-0__9.npy,G-B6-0
Lord.of.War__#01-44-03_01-44-50_label_G-B2-B1__0.npy,G-B2-B1
Lord.of.War__#01-44-03_01-44-50_label_G-B2-B1__1.npy,G-B2-B1
Lord.of.War__#01-44-03_01-44-50_label_G-B2-B1__2.npy,G-B2-B1
Lord.of.War__#01-44-03_01-44-50_label_G-B2-B1__3.npy,G-B2-B1
Lord.of.War__#01-44-03_01-44-50_label_G-B2-B1__4.npy,G-B2-B1
Lord.of.War__#01-44-03_01-44-50_label_G-B2-B1__5.npy,G-B2-B1
Lord.of.War__#01-44-03_01-44-50_label_G-B2-B1__6.npy,G-B2-B1
Lord.of.War__#01-44-03_01-44-50_label_G-B2-B1__7.npy,G-B2-B1
Lord.of.War__#01-44-03_01-44-50_label_G-B2-B1__8.npy,G-B2-B1
Lord.of.War__#01-44-03_01-44-50_label_G-B2-B1__9.npy,G-B2-B1
Bad.Boys.1995__#01-44-40_01-49-20_label_B2-G-B6__0.npy,B2-G-B6
Bad.Boys.1995__#01-44-40_01-49-20_label_B2-G-B6__1.npy,B2-G-B6
Bad.Boys.1995__#01-44-40_01-49-20_label_B2-G-B6__2.npy,B2-G-B6
Bad.Boys.1995__#01-44-40_01-49-20_label_B2-G-B6__3.npy,B2-G-B6
Bad.Boys.1995__#01-44-40_01-49-20_label_B2-G-B6__4.npy,B2-G-B6
Bad.Boys.1995__#01-44-40_01-49-20_label_B2-G-B6__5.npy,B2-G-B6
Bad.Boys.1995__#01-44-40_01-49-20_label_B2-G-B6__6.npy,B2-G-B6
Bad.Boys.1995__#01-44-40_01-49-20_label_B2-G-B6__7.npy,B2-G-B6
Bad.Boys.1995__#01-44-40_01-49-20_label_B2-G-B6__8.npy,B2-G-B6
Bad.Boys.1995__#01-44-40_01-49-20_label_B2-G-B6__9.npy,B2-G-B6
Kingsman.The.Golden.Circle.2017__#01-32-27_01-33-37_label_B2-G-0__0.npy,B2-G-0
Kingsman.The.Golden.Circle.2017__#01-32-27_01-33-37_label_B2-G-0__1.npy,B2-G-0
Kingsman.The.Golden.Circle.2017__#01-32-27_01-33-37_label_B2-G-0__2.npy,B2-G-0
Kingsman.The.Golden.Circle.2017__#01-32-27_01-33-37_label_B2-G-0__3.npy,B2-G-0
Kingsman.The.Golden.Circle.2017__#01-32-27_01-33-37_label_B2-G-0__4.npy,B2-G-0
Kingsman.The.Golden.Circle.2017__#01-32-27_01-33-37_label_B2-G-0__5.npy,B2-G-0
Kingsman.The.Golden.Circle.2017__#01-32-27_01-33-37_label_B2-G-0__6.npy,B2-G-0
Kingsman.The.Golden.Circle.2017__#01-32-27_01-33-37_label_B2-G-0__7.npy,B2-G-0
Kingsman.The.Golden.Circle.2017__#01-32-27_01-33-37_label_B2-G-0__8.npy,B2-G-0
Kingsman.The.Golden.Circle.2017__#01-32-27_01-33-37_label_B2-G-0__9.npy,B2-G-0
Kingsman.The.Secret.Service.2014__#00-02-00_00-02-55_label_G-B1-0__0.npy,G-B1-0
Kingsman.The.Secret.Service.2014__#00-02-00_00-02-55_label_G-B1-0__1.npy,G-B1-0
Kingsman.The.Secret.Service.2014__#00-02-00_00-02-55_label_G-B1-0__2.npy,G-B1-0
Kingsman.The.Secret.Service.2014__#00-02-00_00-02-55_label_G-B1-0__3.npy,G-B1-0
Kingsman.The.Secret.Service.2014__#00-02-00_00-02-55_label_G-B1-0__4.npy,G-B1-0
Kingsman.The.Secret.Service.2014__#00-02-00_00-02-55_label_G-B1-0__5.npy,G-B1-0
Kingsman.The.Secret.Service.2014__#00-02-00_00-02-55_label_G-B1-0__6.npy,G-B1-0
Kingsman.The.Secret.Service.2014__#00-02-00_00-02-55_label_G-B1-0__7.npy,G-B1-0
Kingsman.The.Secret.Service.2014__#00-02-00_00-02-55_label_G-B1-0__8.npy,G-B1-0
Kingsman.The.Secret.Service.2014__#00-02-00_00-02-55_label_G-B1-0__9.npy,G-B1-0
Fast.Furious.6.2013__#01-29-25_01-33-56_label_G-B6-0__0.npy,G-B6-0
Fast.Furious.6.2013__#01-29-25_01-33-56_label_G-B6-0__1.npy,G-B6-0
Fast.Furious.6.2013__#01-29-25_01-33-56_label_G-B6-0__2.npy,G-B6-0
Fast.Furious.6.2013__#01-29-25_01-33-56_label_G-B6-0__3.npy,G-B6-0
Fast.Furious.6.2013__#01-29-25_01-33-56_label_G-B6-0__4.npy,G-B6-0
Fast.Furious.6.2013__#01-29-25_01-33-56_label_G-B6-0__5.npy,G-B6-0
Fast.Furious.6.2013__#01-29-25_01-33-56_label_G-B6-0__6.npy,G-B6-0
Fast.Furious.6.2013__#01-29-25_01-33-56_label_G-B6-0__7.npy,G-B6-0
Fast.Furious.6.2013__#01-29-25_01-33-56_label_G-B6-0__8.npy,G-B6-0
Fast.Furious.6.2013__#01-29-25_01-33-56_label_G-B6-0__9.npy,G-B6-0
Bullet.in.the.Head.1990__#01-33-02_01-35-40_label_B2-G-0__0.npy,B2-G-0
Bullet.in.the.Head.1990__#01-33-02_01-35-40_label_B2-G-0__1.npy,B2-G-0
Bullet.in.the.Head.1990__#01-33-02_01-35-40_label_B2-G-0__2.npy,B2-G-0
Bullet.in.the.Head.1990__#01-33-02_01-35-40_label_B2-G-0__3.npy,B2-G-0
Bullet.in.the.Head.1990__#01-33-02_01-35-40_label_B2-G-0__4.npy,B2-G-0
Bullet.in.the.Head.1990__#01-33-02_01-35-40_label_B2-G-0__5.npy,B2-G-0
Bullet.in.the.Head.1990__#01-33-02_01-35-40_label_B2-G-0__6.npy,B2-G-0
Bullet.in.the.Head.1990__#01-33-02_01-35-40_label_B2-G-0__7.npy,B2-G-0
Bullet.in.the.Head.1990__#01-33-02_01-35-40_label_B2-G-0__8.npy,B2-G-0
Bullet.in.the.Head.1990__#01-33-02_01-35-40_label_B2-G-0__9.npy,B2-G-0
Bullet.in.the.Head.1990__#01-52-56_01-54-05_label_G-B2-0__0.npy,G-B2-0
Bullet.in.the.Head.1990__#01-52-56_01-54-05_label_G-B2-0__1.npy,G-B2-0
Bullet.in.the.Head.1990__#01-52-56_01-54-05_label_G-B2-0__2.npy,G-B2-0
Bullet.in.the.Head.1990__#01-52-56_01-54-05_label_G-B2-0__3.npy,G-B2-0
Bullet.in.the.Head.1990__#01-52-56_01-54-05_label_G-B2-0__4.npy,G-B2-0
Bullet.in.the.Head.1990__#01-52-56_01-54-05_label_G-B2-0__5.npy,G-B2-0
Bullet.in.the.Head.1990__#01-52-56_01-54-05_label_G-B2-0__6.npy,G-B2-0
Bullet.in.the.Head.1990__#01-52-56_01-54-05_label_G-B2-0__7.npy,G-B2-0
Bullet.in.the.Head.1990__#01-52-56_01-54-05_label_G-B2-0__8.npy,G-B2-0
Bullet.in.the.Head.1990__#01-52-56_01-54-05_label_G-B2-0__9.npy,G-B2-0
Fury.2014__#00-57-48_00-58-12_label_B2-G-0__0.npy,B2-G-0
Fury.2014__#00-57-48_00-58-12_label_B2-G-0__1.npy,B2-G-0
Fury.2014__#00-57-48_00-58-12_label_B2-G-0__2.npy,B2-G-0
Fury.2014__#00-57-48_00-58-12_label_B2-G-0__3.npy,B2-G-0
Fury.2014__#00-57-48_00-58-12_label_B2-G-0__4.npy,B2-G-0
Fury.2014__#00-57-48_00-58-12_label_B2-G-0__5.npy,B2-G-0
Fury.2014__#00-57-48_00-58-12_label_B2-G-0__6.npy,B2-G-0
Fury.2014__#00-57-48_00-58-12_label_B2-G-0__7.npy,B2-G-0
Fury.2014__#00-57-48_00-58-12_label_B2-G-0__8.npy,B2-G-0
Fury.2014__#00-57-48_00-58-12_label_B2-G-0__9.npy,B2-G-0
Love.Death.and.Robots.S01E04__#00-06-28_00-10-33_label_G-B2-0__0.npy,G-B2-0
Love.Death.and.Robots.S01E04__#00-06-28_00-10-33_label_G-B2-0__1.npy,G-B2-0
Love.Death.and.Robots.S01E04__#00-06-28_00-10-33_label_G-B2-0__2.npy,G-B2-0
Love.Death.and.Robots.S01E04__#00-06-28_00-10-33_label_G-B2-0__3.npy,G-B2-0
Love.Death.and.Robots.S01E04__#00-06-28_00-10-33_label_G-B2-0__4.npy,G-B2-0
Love.Death.and.Robots.S01E04__#00-06-28_00-10-33_label_G-B2-0__5.npy,G-B2-0
Love.Death.and.Robots.S01E04__#00-06-28_00-10-33_label_G-B2-0__6.npy,G-B2-0
Love.Death.and.Robots.S01E04__#00-06-28_00-10-33_label_G-B2-0__7.npy,G-B2-0
Love.Death.and.Robots.S01E04__#00-06-28_00-10-33_label_G-B2-0__8.npy,G-B2-0
Love.Death.and.Robots.S01E04__#00-06-28_00-10-33_label_G-B2-0__9.npy,G-B2-0
Fury.2014__#01-18-45_01-24-14_label_B2-G-0__0.npy,B2-G-0
Fury.2014__#01-18-45_01-24-14_label_B2-G-0__1.npy,B2-G-0
Fury.2014__#01-18-45_01-24-14_label_B2-G-0__2.npy,B2-G-0
Fury.2014__#01-18-45_01-24-14_label_B2-G-0__3.npy,B2-G-0
Fury.2014__#01-18-45_01-24-14_label_B2-G-0__4.npy,B2-G-0
Fury.2014__#01-18-45_01-24-14_label_B2-G-0__5.npy,B2-G-0
Fury.2014__#01-18-45_01-24-14_label_B2-G-0__6.npy,B2-G-0
Fury.2014__#01-18-45_01-24-14_label_B2-G-0__7.npy,B2-G-0
Fury.2014__#01-18-45_01-24-14_label_B2-G-0__8.npy,B2-G-0
Fury.2014__#01-18-45_01-24-14_label_B2-G-0__9.npy,B2-G-0
Deadpool.2.2018__#01-16-32_01-16-51_label_G-B6-0__0.npy,G-B6-0
Deadpool.2.2018__#01-16-32_01-16-51_label_G-B6-0__1.npy,G-B6-0
Deadpool.2.2018__#01-16-32_01-16-51_label_G-B6-0__2.npy,G-B6-0
Deadpool.2.2018__#01-16-32_01-16-51_label_G-B6-0__3.npy,G-B6-0
Deadpool.2.2018__#01-16-32_01-16-51_label_G-B6-0__4.npy,G-B6-0
Deadpool.2.2018__#01-16-32_01-16-51_label_G-B6-0__5.npy,G-B6-0
Deadpool.2.2018__#01-16-32_01-16-51_label_G-B6-0__6.npy,G-B6-0
Deadpool.2.2018__#01-16-32_01-16-51_label_G-B6-0__7.npy,G-B6-0
Deadpool.2.2018__#01-16-32_01-16-51_label_G-B6-0__8.npy,G-B6-0
Deadpool.2.2018__#01-16-32_01-16-51_label_G-B6-0__9.npy,G-B6-0
Fast.Furious.6.2013__#01-54-05_01-56-30_label_G-B6-0__0.npy,G-B6-0
Fast.Furious.6.2013__#01-54-05_01-56-30_label_G-B6-0__1.npy,G-B6-0
Fast.Furious.6.2013__#01-54-05_01-56-30_label_G-B6-0__2.npy,G-B6-0
Fast.Furious.6.2013__#01-54-05_01-56-30_label_G-B6-0__3.npy,G-B6-0
Fast.Furious.6.2013__#01-54-05_01-56-30_label_G-B6-0__4.npy,G-B6-0
Fast.Furious.6.2013__#01-54-05_01-56-30_label_G-B6-0__5.npy,G-B6-0
Fast.Furious.6.2013__#01-54-05_01-56-30_label_G-B6-0__6.npy,G-B6-0
Fast.Furious.6.2013__#01-54-05_01-56-30_label_G-B6-0__7.npy,G-B6-0
Fast.Furious.6.2013__#01-54-05_01-56-30_label_G-B6-0__8.npy,G-B6-0
Fast.Furious.6.2013__#01-54-05_01-56-30_label_G-B6-0__9.npy,G-B6-0
Bullet.in.the.Head.1990__#00-57-53_01-00-57_label_G-B2-0__0.npy,G-B2-0
Bullet.in.the.Head.1990__#00-57-53_01-00-57_label_G-B2-0__1.npy,G-B2-0
Bullet.in.the.Head.1990__#00-57-53_01-00-57_label_G-B2-0__2.npy,G-B2-0
Bullet.in.the.Head.1990__#00-57-53_01-00-57_label_G-B2-0__3.npy,G-B2-0
Bullet.in.the.Head.1990__#00-57-53_01-00-57_label_G-B2-0__4.npy,G-B2-0
Bullet.in.the.Head.1990__#00-57-53_01-00-57_label_G-B2-0__5.npy,G-B2-0
Bullet.in.the.Head.1990__#00-57-53_01-00-57_label_G-B2-0__6.npy,G-B2-0
Bullet.in.the.Head.1990__#00-57-53_01-00-57_label_G-B2-0__7.npy,G-B2-0
Bullet.in.the.Head.1990__#00-57-53_01-00-57_label_G-B2-0__8.npy,G-B2-0
Bullet.in.the.Head.1990__#00-57-53_01-00-57_label_G-B2-0__9.npy,G-B2-0
Fast.Furious.2009__#01-03-26_01-04-10_label_G-B2-B1__0.npy,G-B2-B1
Fast.Furious.2009__#01-03-26_01-04-10_label_G-B2-B1__1.npy,G-B2-B1
Fast.Furious.2009__#01-03-26_01-04-10_label_G-B2-B1__2.npy,G-B2-B1
Fast.Furious.2009__#01-03-26_01-04-10_label_G-B2-B1__3.npy,G-B2-B1
Fast.Furious.2009__#01-03-26_01-04-10_label_G-B2-B1__4.npy,G-B2-B1
Fast.Furious.2009__#01-03-26_01-04-10_label_G-B2-B1__5.npy,G-B2-B1
Fast.Furious.2009__#01-03-26_01-04-10_label_G-B2-B1__6.npy,G-B2-B1
Fast.Furious.2009__#01-03-26_01-04-10_label_G-B2-B1__7.npy,G-B2-B1
Fast.Furious.2009__#01-03-26_01-04-10_label_G-B2-B1__8.npy,G-B2-B1
Fast.Furious.2009__#01-03-26_01-04-10_label_G-B2-B1__9.npy,G-B2-B1
Fast.Furious.2009__#00-06-33_00-07-30_label_G-B6-0__0.npy,G-B6-0
Fast.Furious.2009__#00-06-33_00-07-30_label_G-B6-0__1.npy,G-B6-0
Fast.Furious.2009__#00-06-33_00-07-30_label_G-B6-0__2.npy,G-B6-0
Fast.Furious.2009__#00-06-33_00-07-30_label_G-B6-0__3.npy,G-B6-0
Fast.Furious.2009__#00-06-33_00-07-30_label_G-B6-0__4.npy,G-B6-0
Fast.Furious.2009__#00-06-33_00-07-30_label_G-B6-0__5.npy,G-B6-0
Fast.Furious.2009__#00-06-33_00-07-30_label_G-B6-0__6.npy,G-B6-0
Fast.Furious.2009__#00-06-33_00-07-30_label_G-B6-0__7.npy,G-B6-0
Fast.Furious.2009__#00-06-33_00-07-30_label_G-B6-0__8.npy,G-B6-0
Fast.Furious.2009__#00-06-33_00-07-30_label_G-B6-0__9.npy,G-B6-0
GoldenEye.1995__#01-43-18_01-44-30_label_B1-B2-G__0.npy,B1-B2-G
GoldenEye.1995__#01-43-18_01-44-30_label_B1-B2-G__1.npy,B1-B2-G
GoldenEye.1995__#01-43-18_01-44-30_label_B1-B2-G__2.npy,B1-B2-G
GoldenEye.1995__#01-43-18_01-44-30_label_B1-B2-G__3.npy,B1-B2-G
GoldenEye.1995__#01-43-18_01-44-30_label_B1-B2-G__4.npy,B1-B2-G
GoldenEye.1995__#01-43-18_01-44-30_label_B1-B2-G__5.npy,B1-B2-G
GoldenEye.1995__#01-43-18_01-44-30_label_B1-B2-G__6.npy,B1-B2-G
GoldenEye.1995__#01-43-18_01-44-30_label_B1-B2-G__7.npy,B1-B2-G
GoldenEye.1995__#01-43-18_01-44-30_label_B1-B2-G__8.npy,B1-B2-G
GoldenEye.1995__#01-43-18_01-44-30_label_B1-B2-G__9.npy,B1-B2-G
Black.Hawk.Down.2001__#00-55-00_00-55-29_label_G-B2-0__0.npy,G-B2-0
Black.Hawk.Down.2001__#00-55-00_00-55-29_label_G-B2-0__1.npy,G-B2-0
Black.Hawk.Down.2001__#00-55-00_00-55-29_label_G-B2-0__2.npy,G-B2-0
Black.Hawk.Down.2001__#00-55-00_00-55-29_label_G-B2-0__3.npy,G-B2-0
Black.Hawk.Down.2001__#00-55-00_00-55-29_label_G-B2-0__4.npy,G-B2-0
Black.Hawk.Down.2001__#00-55-00_00-55-29_label_G-B2-0__5.npy,G-B2-0
Black.Hawk.Down.2001__#00-55-00_00-55-29_label_G-B2-0__6.npy,G-B2-0
Black.Hawk.Down.2001__#00-55-00_00-55-29_label_G-B2-0__7.npy,G-B2-0
Black.Hawk.Down.2001__#00-55-00_00-55-29_label_G-B2-0__8.npy,G-B2-0
Black.Hawk.Down.2001__#00-55-00_00-55-29_label_G-B2-0__9.npy,G-B2-0
Mission.Impossible.II.2000__#01-36-14_01-37-20_label_B1-G-0__0.npy,B1-G-0
Mission.Impossible.II.2000__#01-36-14_01-37-20_label_B1-G-0__1.npy,B1-G-0
Mission.Impossible.II.2000__#01-36-14_01-37-20_label_B1-G-0__2.npy,B1-G-0
Mission.Impossible.II.2000__#01-36-14_01-37-20_label_B1-G-0__3.npy,B1-G-0
Mission.Impossible.II.2000__#01-36-14_01-37-20_label_B1-G-0__4.npy,B1-G-0
Mission.Impossible.II.2000__#01-36-14_01-37-20_label_B1-G-0__5.npy,B1-G-0
Mission.Impossible.II.2000__#01-36-14_01-37-20_label_B1-G-0__6.npy,B1-G-0
Mission.Impossible.II.2000__#01-36-14_01-37-20_label_B1-G-0__7.npy,B1-G-0
Mission.Impossible.II.2000__#01-36-14_01-37-20_label_B1-G-0__8.npy,B1-G-0
Mission.Impossible.II.2000__#01-36-14_01-37-20_label_B1-G-0__9.npy,B1-G-0
Kingsman.The.Golden.Circle.2017__#00-05-38_00-07-20_label_B2-G-0__0.npy,B2-G-0
Kingsman.The.Golden.Circle.2017__#00-05-38_00-07-20_label_B2-G-0__1.npy,B2-G-0
Kingsman.The.Golden.Circle.2017__#00-05-38_00-07-20_label_B2-G-0__2.npy,B2-G-0
Kingsman.The.Golden.Circle.2017__#00-05-38_00-07-20_label_B2-G-0__3.npy,B2-G-0
Kingsman.The.Golden.Circle.2017__#00-05-38_00-07-20_label_B2-G-0__4.npy,B2-G-0
Kingsman.The.Golden.Circle.2017__#00-05-38_00-07-20_label_B2-G-0__5.npy,B2-G-0
Kingsman.The.Golden.Circle.2017__#00-05-38_00-07-20_label_B2-G-0__6.npy,B2-G-0
Kingsman.The.Golden.Circle.2017__#00-05-38_00-07-20_label_B2-G-0__7.npy,B2-G-0
Kingsman.The.Golden.Circle.2017__#00-05-38_00-07-20_label_B2-G-0__8.npy,B2-G-0
Kingsman.The.Golden.Circle.2017__#00-05-38_00-07-20_label_B2-G-0__9.npy,B2-G-0
Bullet.in.the.Head.1990__#01-36-00_01-38-33_label_B2-G-0__0.npy,B2-G-0
Bullet.in.the.Head.1990__#01-36-00_01-38-33_label_B2-G-0__1.npy,B2-G-0
Bullet.in.the.Head.1990__#01-36-00_01-38-33_label_B2-G-0__2.npy,B2-G-0
Bullet.in.the.Head.1990__#01-36-00_01-38-33_label_B2-G-0__3.npy,B2-G-0
Bullet.in.the.Head.1990__#01-36-00_01-38-33_label_B2-G-0__4.npy,B2-G-0
Bullet.in.the.Head.1990__#01-36-00_01-38-33_label_B2-G-0__5.npy,B2-G-0
Bullet.in.the.Head.1990__#01-36-00_01-38-33_label_B2-G-0__6.npy,B2-G-0
Bullet.in.the.Head.1990__#01-36-00_01-38-33_label_B2-G-0__7.npy,B2-G-0
Bullet.in.the.Head.1990__#01-36-00_01-38-33_label_B2-G-0__8.npy,B2-G-0
Bullet.in.the.Head.1990__#01-36-00_01-38-33_label_B2-G-0__9.npy,B2-G-0
Fury.2014__#01-42-02_01-47-12_label_B2-G-0__0.npy,B2-G-0
Fury.2014__#01-42-02_01-47-12_label_B2-G-0__1.npy,B2-G-0
Fury.2014__#01-42-02_01-47-12_label_B2-G-0__2.npy,B2-G-0
Fury.2014__#01-42-02_01-47-12_label_B2-G-0__3.npy,B2-G-0
Fury.2014__#01-42-02_01-47-12_label_B2-G-0__4.npy,B2-G-0
Fury.2014__#01-42-02_01-47-12_label_B2-G-0__5.npy,B2-G-0
Fury.2014__#01-42-02_01-47-12_label_B2-G-0__6.npy,B2-G-0
Fury.2014__#01-42-02_01-47-12_label_B2-G-0__7.npy,B2-G-0
Fury.2014__#01-42-02_01-47-12_label_B2-G-0__8.npy,B2-G-0
Fury.2014__#01-42-02_01-47-12_label_B2-G-0__9.npy,B2-G-0
Deadpool.2.2018__#01-15-32_01-15-58_label_B6-G-0__0.npy,B6-G-0
Deadpool.2.2018__#01-15-32_01-15-58_label_B6-G-0__1.npy,B6-G-0
Deadpool.2.2018__#01-15-32_01-15-58_label_B6-G-0__2.npy,B6-G-0
Deadpool.2.2018__#01-15-32_01-15-58_label_B6-G-0__3.npy,B6-G-0
Deadpool.2.2018__#01-15-32_01-15-58_label_B6-G-0__4.npy,B6-G-0
Deadpool.2.2018__#01-15-32_01-15-58_label_B6-G-0__5.npy,B6-G-0
Deadpool.2.2018__#01-15-32_01-15-58_label_B6-G-0__6.npy,B6-G-0
Deadpool.2.2018__#01-15-32_01-15-58_label_B6-G-0__7.npy,B6-G-0
Deadpool.2.2018__#01-15-32_01-15-58_label_B6-G-0__8.npy,B6-G-0
Deadpool.2.2018__#01-15-32_01-15-58_label_B6-G-0__9.npy,B6-G-0
City.of.God.2002__#01-37-13_01-38-30_label_G-B2-0__0.npy,G-B2-0
City.of.God.2002__#01-37-13_01-38-30_label_G-B2-0__1.npy,G-B2-0
City.of.God.2002__#01-37-13_01-38-30_label_G-B2-0__2.npy,G-B2-0
City.of.God.2002__#01-37-13_01-38-30_label_G-B2-0__3.npy,G-B2-0
City.of.God.2002__#01-37-13_01-38-30_label_G-B2-0__4.npy,G-B2-0
City.of.God.2002__#01-37-13_01-38-30_label_G-B2-0__5.npy,G-B2-0
City.of.God.2002__#01-37-13_01-38-30_label_G-B2-0__6.npy,G-B2-0
City.of.God.2002__#01-37-13_01-38-30_label_G-B2-0__7.npy,G-B2-0
City.of.God.2002__#01-37-13_01-38-30_label_G-B2-0__8.npy,G-B2-0
City.of.God.2002__#01-37-13_01-38-30_label_G-B2-0__9.npy,G-B2-0
Bullet.in.the.Head.1990__#01-16-04_01-17-30_label_B2-G-0__0.npy,B2-G-0
Bullet.in.the.Head.1990__#01-16-04_01-17-30_label_B2-G-0__1.npy,B2-G-0
Bullet.in.the.Head.1990__#01-16-04_01-17-30_label_B2-G-0__2.npy,B2-G-0
Bullet.in.the.Head.1990__#01-16-04_01-17-30_label_B2-G-0__3.npy,B2-G-0
Bullet.in.the.Head.1990__#01-16-04_01-17-30_label_B2-G-0__4.npy,B2-G-0
Bullet.in.the.Head.1990__#01-16-04_01-17-30_label_B2-G-0__5.npy,B2-G-0
Bullet.in.the.Head.1990__#01-16-04_01-17-30_label_B2-G-0__6.npy,B2-G-0
Bullet.in.the.Head.1990__#01-16-04_01-17-30_label_B2-G-0__7.npy,B2-G-0
Bullet.in.the.Head.1990__#01-16-04_01-17-30_label_B2-G-0__8.npy,B2-G-0
Bullet.in.the.Head.1990__#01-16-04_01-17-30_label_B2-G-0__9.npy,B2-G-0
Quantum.Of.Solace.2008__#01-31-16_01-32-50_label_B1-G-0__0.npy,B1-G-0
Quantum.Of.Solace.2008__#01-31-16_01-32-50_label_B1-G-0__1.npy,B1-G-0
Quantum.Of.Solace.2008__#01-31-16_01-32-50_label_B1-G-0__2.npy,B1-G-0
Quantum.Of.Solace.2008__#01-31-16_01-32-50_label_B1-G-0__3.npy,B1-G-0
Quantum.Of.Solace.2008__#01-31-16_01-32-50_label_B1-G-0__4.npy,B1-G-0
Quantum.Of.Solace.2008__#01-31-16_01-32-50_label_B1-G-0__5.npy,B1-G-0
Quantum.Of.Solace.2008__#01-31-16_01-32-50_label_B1-G-0__6.npy,B1-G-0
Quantum.Of.Solace.2008__#01-31-16_01-32-50_label_B1-G-0__7.npy,B1-G-0
Quantum.Of.Solace.2008__#01-31-16_01-32-50_label_B1-G-0__8.npy,B1-G-0
Quantum.Of.Solace.2008__#01-31-16_01-32-50_label_B1-G-0__9.npy,B1-G-0
Saving.Private.Ryan.1998__#00-05-56_00-09-23_label_B2-G-0__0.npy,B2-G-0
Saving.Private.Ryan.1998__#00-05-56_00-09-23_label_B2-G-0__1.npy,B2-G-0
Saving.Private.Ryan.1998__#00-05-56_00-09-23_label_B2-G-0__2.npy,B2-G-0
Saving.Private.Ryan.1998__#00-05-56_00-09-23_label_B2-G-0__3.npy,B2-G-0
Saving.Private.Ryan.1998__#00-05-56_00-09-23_label_B2-G-0__4.npy,B2-G-0
Saving.Private.Ryan.1998__#00-05-56_00-09-23_label_B2-G-0__5.npy,B2-G-0
Saving.Private.Ryan.1998__#00-05-56_00-09-23_label_B2-G-0__6.npy,B2-G-0
Saving.Private.Ryan.1998__#00-05-56_00-09-23_label_B2-G-0__7.npy,B2-G-0
Saving.Private.Ryan.1998__#00-05-56_00-09-23_label_B2-G-0__8.npy,B2-G-0
Saving.Private.Ryan.1998__#00-05-56_00-09-23_label_B2-G-0__9.npy,B2-G-0
Taken.Extended.Cut.2008__#00-48-40_00-49-18_label_B2-G-0__0.npy,B2-G-0
Taken.Extended.Cut.2008__#00-48-40_00-49-18_label_B2-G-0__1.npy,B2-G-0
Taken.Extended.Cut.2008__#00-48-40_00-49-18_label_B2-G-0__2.npy,B2-G-0
Taken.Extended.Cut.2008__#00-48-40_00-49-18_label_B2-G-0__3.npy,B2-G-0
Taken.Extended.Cut.2008__#00-48-40_00-49-18_label_B2-G-0__4.npy,B2-G-0
Taken.Extended.Cut.2008__#00-48-40_00-49-18_label_B2-G-0__5.npy,B2-G-0
Taken.Extended.Cut.2008__#00-48-40_00-49-18_label_B2-G-0__6.npy,B2-G-0
Taken.Extended.Cut.2008__#00-48-40_00-49-18_label_B2-G-0__7.npy,B2-G-0
Taken.Extended.Cut.2008__#00-48-40_00-49-18_label_B2-G-0__8.npy,B2-G-0
Taken.Extended.Cut.2008__#00-48-40_00-49-18_label_B2-G-0__9.npy,B2-G-0
The.World.Is.Not.Enough.1999__#00-37-10_00-37-57_label_G-B2-0__0.npy,G-B2-0
The.World.Is.Not.Enough.1999__#00-37-10_00-37-57_label_G-B2-0__1.npy,G-B2-0
The.World.Is.Not.Enough.1999__#00-37-10_00-37-57_label_G-B2-0__2.npy,G-B2-0
The.World.Is.Not.Enough.1999__#00-37-10_00-37-57_label_G-B2-0__3.npy,G-B2-0
The.World.Is.Not.Enough.1999__#00-37-10_00-37-57_label_G-B2-0__4.npy,G-B2-0
The.World.Is.Not.Enough.1999__#00-37-10_00-37-57_label_G-B2-0__5.npy,G-B2-0
The.World.Is.Not.Enough.1999__#00-37-10_00-37-57_label_G-B2-0__6.npy,G-B2-0
The.World.Is.Not.Enough.1999__#00-37-10_00-37-57_label_G-B2-0__7.npy,G-B2-0
The.World.Is.Not.Enough.1999__#00-37-10_00-37-57_label_G-B2-0__8.npy,G-B2-0
The.World.Is.Not.Enough.1999__#00-37-10_00-37-57_label_G-B2-0__9.npy,G-B2-0
Spectre.2015__#01-11-54_01-12-20_label_B2-G-0__0.npy,B2-G-0
Spectre.2015__#01-11-54_01-12-20_label_B2-G-0__1.npy,B2-G-0
Spectre.2015__#01-11-54_01-12-20_label_B2-G-0__2.npy,B2-G-0
Spectre.2015__#01-11-54_01-12-20_label_B2-G-0__3.npy,B2-G-0
Spectre.2015__#01-11-54_01-12-20_label_B2-G-0__4.npy,B2-G-0
Spectre.2015__#01-11-54_01-12-20_label_B2-G-0__5.npy,B2-G-0
Spectre.2015__#01-11-54_01-12-20_label_B2-G-0__6.npy,B2-G-0
Spectre.2015__#01-11-54_01-12-20_label_B2-G-0__7.npy,B2-G-0
Spectre.2015__#01-11-54_01-12-20_label_B2-G-0__8.npy,B2-G-0
Spectre.2015__#01-11-54_01-12-20_label_B2-G-0__9.npy,B2-G-0
Quantum.Of.Solace.2008__#01-29-46_01-30-26_label_B2-G-0__0.npy,B2-G-0
Quantum.Of.Solace.2008__#01-29-46_01-30-26_label_B2-G-0__1.npy,B2-G-0
Quantum.Of.Solace.2008__#01-29-46_01-30-26_label_B2-G-0__2.npy,B2-G-0
Quantum.Of.Solace.2008__#01-29-46_01-30-26_label_B2-G-0__3.npy,B2-G-0
Quantum.Of.Solace.2008__#01-29-46_01-30-26_label_B2-G-0__4.npy,B2-G-0
Quantum.Of.Solace.2008__#01-29-46_01-30-26_label_B2-G-0__5.npy,B2-G-0
Quantum.Of.Solace.2008__#01-29-46_01-30-26_label_B2-G-0__6.npy,B2-G-0
Quantum.Of.Solace.2008__#01-29-46_01-30-26_label_B2-G-0__7.npy,B2-G-0
Quantum.Of.Solace.2008__#01-29-46_01-30-26_label_B2-G-0__8.npy,B2-G-0
Quantum.Of.Solace.2008__#01-29-46_01-30-26_label_B2-G-0__9.npy,B2-G-0
Saving.Private.Ryan.1998__#02-13-45_02-15-55_label_B2-G-0__0.npy,B2-G-0
Saving.Private.Ryan.1998__#02-13-45_02-15-55_label_B2-G-0__1.npy,B2-G-0
Saving.Private.Ryan.1998__#02-13-45_02-15-55_label_B2-G-0__2.npy,B2-G-0
Saving.Private.Ryan.1998__#02-13-45_02-15-55_label_B2-G-0__3.npy,B2-G-0
Saving.Private.Ryan.1998__#02-13-45_02-15-55_label_B2-G-0__4.npy,B2-G-0
Saving.Private.Ryan.1998__#02-13-45_02-15-55_label_B2-G-0__5.npy,B2-G-0
Saving.Private.Ryan.1998__#02-13-45_02-15-55_label_B2-G-0__6.npy,B2-G-0
Saving.Private.Ryan.1998__#02-13-45_02-15-55_label_B2-G-0__7.npy,B2-G-0
Saving.Private.Ryan.1998__#02-13-45_02-15-55_label_B2-G-0__8.npy,B2-G-0
Saving.Private.Ryan.1998__#02-13-45_02-15-55_label_B2-G-0__9.npy,B2-G-0
Saving.Private.Ryan.1998__#01-44-47_01-46-06_label_G-B2-0__0.npy,G-B2-0
Saving.Private.Ryan.1998__#01-44-47_01-46-06_label_G-B2-0__1.npy,G-B2-0
Saving.Private.Ryan.1998__#01-44-47_01-46-06_label_G-B2-0__2.npy,G-B2-0
Saving.Private.Ryan.1998__#01-44-47_01-46-06_label_G-B2-0__3.npy,G-B2-0
Saving.Private.Ryan.1998__#01-44-47_01-46-06_label_G-B2-0__4.npy,G-B2-0
Saving.Private.Ryan.1998__#01-44-47_01-46-06_label_G-B2-0__5.npy,G-B2-0
Saving.Private.Ryan.1998__#01-44-47_01-46-06_label_G-B2-0__6.npy,G-B2-0
Saving.Private.Ryan.1998__#01-44-47_01-46-06_label_G-B2-0__7.npy,G-B2-0
Saving.Private.Ryan.1998__#01-44-47_01-46-06_label_G-B2-0__8.npy,G-B2-0
Saving.Private.Ryan.1998__#01-44-47_01-46-06_label_G-B2-0__9.npy,G-B2-0
Sin.City.2005__#0-36-50_0-37-08_label_G-B2-0__0.npy,G-B2-0
Sin.City.2005__#0-36-50_0-37-08_label_G-B2-0__1.npy,G-B2-0
Sin.City.2005__#0-36-50_0-37-08_label_G-B2-0__2.npy,G-B2-0
Sin.City.2005__#0-36-50_0-37-08_label_G-B2-0__3.npy,G-B2-0
Sin.City.2005__#0-36-50_0-37-08_label_G-B2-0__4.npy,G-B2-0
Sin.City.2005__#0-36-50_0-37-08_label_G-B2-0__5.npy,G-B2-0
Sin.City.2005__#0-36-50_0-37-08_label_G-B2-0__6.npy,G-B2-0
Sin.City.2005__#0-36-50_0-37-08_label_G-B2-0__7.npy,G-B2-0
Sin.City.2005__#0-36-50_0-37-08_label_G-B2-0__8.npy,G-B2-0
Sin.City.2005__#0-36-50_0-37-08_label_G-B2-0__9.npy,G-B2-0
Operation.Red.Sea.2018__#0-38-02_0-43-05_label_B2-G-0__0.npy,B2-G-0
Operation.Red.Sea.2018__#0-38-02_0-43-05_label_B2-G-0__1.npy,B2-G-0
Operation.Red.Sea.2018__#0-38-02_0-43-05_label_B2-G-0__2.npy,B2-G-0
Operation.Red.Sea.2018__#0-38-02_0-43-05_label_B2-G-0__3.npy,B2-G-0
Operation.Red.Sea.2018__#0-38-02_0-43-05_label_B2-G-0__4.npy,B2-G-0
Operation.Red.Sea.2018__#0-38-02_0-43-05_label_B2-G-0__5.npy,B2-G-0
Operation.Red.Sea.2018__#0-38-02_0-43-05_label_B2-G-0__6.npy,B2-G-0
Operation.Red.Sea.2018__#0-38-02_0-43-05_label_B2-G-0__7.npy,B2-G-0
Operation.Red.Sea.2018__#0-38-02_0-43-05_label_B2-G-0__8.npy,B2-G-0
Operation.Red.Sea.2018__#0-38-02_0-43-05_label_B2-G-0__9.npy,B2-G-0
Quantum.Of.Solace.2008__#01-33-02_01-34-52_label_G-B2-0__0.npy,G-B2-0
Quantum.Of.Solace.2008__#01-33-02_01-34-52_label_G-B2-0__1.npy,G-B2-0
Quantum.Of.Solace.2008__#01-33-02_01-34-52_label_G-B2-0__2.npy,G-B2-0
Quantum.Of.Solace.2008__#01-33-02_01-34-52_label_G-B2-0__3.npy,G-B2-0
Quantum.Of.Solace.2008__#01-33-02_01-34-52_label_G-B2-0__4.npy,G-B2-0
Quantum.Of.Solace.2008__#01-33-02_01-34-52_label_G-B2-0__5.npy,G-B2-0
Quantum.Of.Solace.2008__#01-33-02_01-34-52_label_G-B2-0__6.npy,G-B2-0
Quantum.Of.Solace.2008__#01-33-02_01-34-52_label_G-B2-0__7.npy,G-B2-0
Quantum.Of.Solace.2008__#01-33-02_01-34-52_label_G-B2-0__8.npy,G-B2-0
Quantum.Of.Solace.2008__#01-33-02_01-34-52_label_G-B2-0__9.npy,G-B2-0
Operation.Red.Sea.2018__#02-08-54_02-09-08_label_G-B6-0__0.npy,G-B6-0
Operation.Red.Sea.2018__#02-08-54_02-09-08_label_G-B6-0__1.npy,G-B6-0
Operation.Red.Sea.2018__#02-08-54_02-09-08_label_G-B6-0__2.npy,G-B6-0
Operation.Red.Sea.2018__#02-08-54_02-09-08_label_G-B6-0__3.npy,G-B6-0
Operation.Red.Sea.2018__#02-08-54_02-09-08_label_G-B6-0__4.npy,G-B6-0
Operation.Red.Sea.2018__#02-08-54_02-09-08_label_G-B6-0__5.npy,G-B6-0
Operation.Red.Sea.2018__#02-08-54_02-09-08_label_G-B6-0__6.npy,G-B6-0
Operation.Red.Sea.2018__#02-08-54_02-09-08_label_G-B6-0__7.npy,G-B6-0
Operation.Red.Sea.2018__#02-08-54_02-09-08_label_G-B6-0__8.npy,G-B6-0
Operation.Red.Sea.2018__#02-08-54_02-09-08_label_G-B6-0__9.npy,G-B6-0
Saving.Private.Ryan.1998__#02-33-49_02-34-26_label_G-B2-0__0.npy,G-B2-0
Saving.Private.Ryan.1998__#02-33-49_02-34-26_label_G-B2-0__1.npy,G-B2-0
Saving.Private.Ryan.1998__#02-33-49_02-34-26_label_G-B2-0__2.npy,G-B2-0
Saving.Private.Ryan.1998__#02-33-49_02-34-26_label_G-B2-0__3.npy,G-B2-0
Saving.Private.Ryan.1998__#02-33-49_02-34-26_label_G-B2-0__4.npy,G-B2-0
Saving.Private.Ryan.1998__#02-33-49_02-34-26_label_G-B2-0__5.npy,G-B2-0
Saving.Private.Ryan.1998__#02-33-49_02-34-26_label_G-B2-0__6.npy,G-B2-0
Saving.Private.Ryan.1998__#02-33-49_02-34-26_label_G-B2-0__7.npy,G-B2-0
Saving.Private.Ryan.1998__#02-33-49_02-34-26_label_G-B2-0__8.npy,G-B2-0
Saving.Private.Ryan.1998__#02-33-49_02-34-26_label_G-B2-0__9.npy,G-B2-0
Saving.Private.Ryan.1998__#02-29-31_02-30-55_label_B2-G-0__0.npy,B2-G-0
Saving.Private.Ryan.1998__#02-29-31_02-30-55_label_B2-G-0__1.npy,B2-G-0
Saving.Private.Ryan.1998__#02-29-31_02-30-55_label_B2-G-0__2.npy,B2-G-0
Saving.Private.Ryan.1998__#02-29-31_02-30-55_label_B2-G-0__3.npy,B2-G-0
Saving.Private.Ryan.1998__#02-29-31_02-30-55_label_B2-G-0__4.npy,B2-G-0
Saving.Private.Ryan.1998__#02-29-31_02-30-55_label_B2-G-0__5.npy,B2-G-0
Saving.Private.Ryan.1998__#02-29-31_02-30-55_label_B2-G-0__6.npy,B2-G-0
Saving.Private.Ryan.1998__#02-29-31_02-30-55_label_B2-G-0__7.npy,B2-G-0
Saving.Private.Ryan.1998__#02-29-31_02-30-55_label_B2-G-0__8.npy,B2-G-0
Saving.Private.Ryan.1998__#02-29-31_02-30-55_label_B2-G-0__9.npy,B2-G-0
Thelma...Louise.1991__#01-52-50_01-53-20_label_G-B2-0__0.npy,G-B2-0
Thelma...Louise.1991__#01-52-50_01-53-20_label_G-B2-0__1.npy,G-B2-0
Thelma...Louise.1991__#01-52-50_01-53-20_label_G-B2-0__2.npy,G-B2-0
Thelma...Louise.1991__#01-52-50_01-53-20_label_G-B2-0__3.npy,G-B2-0
Thelma...Louise.1991__#01-52-50_01-53-20_label_G-B2-0__4.npy,G-B2-0
Thelma...Louise.1991__#01-52-50_01-53-20_label_G-B2-0__5.npy,G-B2-0
Thelma...Louise.1991__#01-52-50_01-53-20_label_G-B2-0__6.npy,G-B2-0
Thelma...Louise.1991__#01-52-50_01-53-20_label_G-B2-0__7.npy,G-B2-0
Thelma...Louise.1991__#01-52-50_01-53-20_label_G-B2-0__8.npy,G-B2-0
Thelma...Louise.1991__#01-52-50_01-53-20_label_G-B2-0__9.npy,G-B2-0
v=hiHZWeeoEUg__#00-00-00_00-30-30_label_G-B2-0__0.npy,G-B2-0
v=hiHZWeeoEUg__#00-00-00_00-30-30_label_G-B2-0__1.npy,G-B2-0
v=hiHZWeeoEUg__#00-00-00_00-30-30_label_G-B2-0__2.npy,G-B2-0
v=hiHZWeeoEUg__#00-00-00_00-30-30_label_G-B2-0__3.npy,G-B2-0
v=hiHZWeeoEUg__#00-00-00_00-30-30_label_G-B2-0__4.npy,G-B2-0
v=hiHZWeeoEUg__#00-00-00_00-30-30_label_G-B2-0__5.npy,G-B2-0
v=hiHZWeeoEUg__#00-00-00_00-30-30_label_G-B2-0__6.npy,G-B2-0
v=hiHZWeeoEUg__#00-00-00_00-30-30_label_G-B2-0__7.npy,G-B2-0
v=hiHZWeeoEUg__#00-00-00_00-30-30_label_G-B2-0__8.npy,G-B2-0
v=hiHZWeeoEUg__#00-00-00_00-30-30_label_G-B2-0__9.npy,G-B2-0
v=s1AZ_zUxzD4__#1_label_G-B2-0__0.npy,G-B2-0
v=s1AZ_zUxzD4__#1_label_G-B2-0__1.npy,G-B2-0
v=s1AZ_zUxzD4__#1_label_G-B2-0__2.npy,G-B2-0
v=s1AZ_zUxzD4__#1_label_G-B2-0__3.npy,G-B2-0
v=s1AZ_zUxzD4__#1_label_G-B2-0__4.npy,G-B2-0
v=s1AZ_zUxzD4__#1_label_G-B2-0__5.npy,G-B2-0
v=s1AZ_zUxzD4__#1_label_G-B2-0__6.npy,G-B2-0
v=s1AZ_zUxzD4__#1_label_G-B2-0__7.npy,G-B2-0
v=s1AZ_zUxzD4__#1_label_G-B2-0__8.npy,G-B2-0
v=s1AZ_zUxzD4__#1_label_G-B2-0__9.npy,G-B2-0
v=stupPQ782U8__#00-00-00_00-02-02_label_G-B6-0__0.npy,G-B6-0
v=stupPQ782U8__#00-00-00_00-02-02_label_G-B6-0__1.npy,G-B6-0
v=stupPQ782U8__#00-00-00_00-02-02_label_G-B6-0__2.npy,G-B6-0
v=stupPQ782U8__#00-00-00_00-02-02_label_G-B6-0__3.npy,G-B6-0
v=stupPQ782U8__#00-00-00_00-02-02_label_G-B6-0__4.npy,G-B6-0
v=stupPQ782U8__#00-00-00_00-02-02_label_G-B6-0__5.npy,G-B6-0
v=stupPQ782U8__#00-00-00_00-02-02_label_G-B6-0__6.npy,G-B6-0
v=stupPQ782U8__#00-00-00_00-02-02_label_G-B6-0__7.npy,G-B6-0
v=stupPQ782U8__#00-00-00_00-02-02_label_G-B6-0__8.npy,G-B6-0
v=stupPQ782U8__#00-00-00_00-02-02_label_G-B6-0__9.npy,G-B6-0
wangted.2008__#01-28-40_01-31-51_label_G-B2-0__0.npy,G-B2-0
wangted.2008__#01-28-40_01-31-51_label_G-B2-0__1.npy,G-B2-0
wangted.2008__#01-28-40_01-31-51_label_G-B2-0__2.npy,G-B2-0
wangted.2008__#01-28-40_01-31-51_label_G-B2-0__3.npy,G-B2-0
wangted.2008__#01-28-40_01-31-51_label_G-B2-0__4.npy,G-B2-0
wangted.2008__#01-28-40_01-31-51_label_G-B2-0__5.npy,G-B2-0
wangted.2008__#01-28-40_01-31-51_label_G-B2-0__6.npy,G-B2-0
wangted.2008__#01-28-40_01-31-51_label_G-B2-0__7.npy,G-B2-0
wangted.2008__#01-28-40_01-31-51_label_G-B2-0__8.npy,G-B2-0
wangted.2008__#01-28-40_01-31-51_label_G-B2-0__9.npy,G-B2-0
Hear.Me.2009__#01-21-00_01-26-08_label_A__0.npy,A
Hear.Me.2009__#01-21-00_01-26-08_label_A__1.npy,A
Hear.Me.2009__#01-21-00_01-26-08_label_A__2.npy,A
Hear.Me.2009__#01-21-00_01-26-08_label_A__3.npy,A
Hear.Me.2009__#01-21-00_01-26-08_label_A__4.npy,A
Hear.Me.2009__#01-21-00_01-26-08_label_A__5.npy,A
Hear.Me.2009__#01-21-00_01-26-08_label_A__6.npy,A
Hear.Me.2009__#01-21-00_01-26-08_label_A__7.npy,A
Hear.Me.2009__#01-21-00_01-26-08_label_A__8.npy,A
Hear.Me.2009__#01-21-00_01-26-08_label_A__9.npy,A
The.Bourne.Legacy.2012__#0-00-43_0-01-40_label_A__0.npy,A
The.Bourne.Legacy.2012__#0-00-43_0-01-40_label_A__1.npy,A
The.Bourne.Legacy.2012__#0-00-43_0-01-40_label_A__2.npy,A
The.Bourne.Legacy.2012__#0-00-43_0-01-40_label_A__3.npy,A
The.Bourne.Legacy.2012__#0-00-43_0-01-40_label_A__4.npy,A
The.Bourne.Legacy.2012__#0-00-43_0-01-40_label_A__5.npy,A
The.Bourne.Legacy.2012__#0-00-43_0-01-40_label_A__6.npy,A
The.Bourne.Legacy.2012__#0-00-43_0-01-40_label_A__7.npy,A
The.Bourne.Legacy.2012__#0-00-43_0-01-40_label_A__8.npy,A
The.Bourne.Legacy.2012__#0-00-43_0-01-40_label_A__9.npy,A
Be.with.You.2018__#00-50-26_00-55-16_label_A__0.npy,A
Be.with.You.2018__#00-50-26_00-55-16_label_A__1.npy,A
Be.with.You.2018__#00-50-26_00-55-16_label_A__2.npy,A
Be.with.You.2018__#00-50-26_00-55-16_label_A__3.npy,A
Be.with.You.2018__#00-50-26_00-55-16_label_A__4.npy,A
Be.with.You.2018__#00-50-26_00-55-16_label_A__5.npy,A
Be.with.You.2018__#00-50-26_00-55-16_label_A__6.npy,A
Be.with.You.2018__#00-50-26_00-55-16_label_A__7.npy,A
Be.with.You.2018__#00-50-26_00-55-16_label_A__8.npy,A
Be.with.You.2018__#00-50-26_00-55-16_label_A__9.npy,A
Your.Name.2016__#01-20-00_01-22-08_label_A__0.npy,A
Your.Name.2016__#01-20-00_01-22-08_label_A__1.npy,A
Your.Name.2016__#01-20-00_01-22-08_label_A__2.npy,A
Your.Name.2016__#01-20-00_01-22-08_label_A__3.npy,A
Your.Name.2016__#01-20-00_01-22-08_label_A__4.npy,A
Your.Name.2016__#01-20-00_01-22-08_label_A__5.npy,A
Your.Name.2016__#01-20-00_01-22-08_label_A__6.npy,A
Your.Name.2016__#01-20-00_01-22-08_label_A__7.npy,A
Your.Name.2016__#01-20-00_01-22-08_label_A__8.npy,A
Your.Name.2016__#01-20-00_01-22-08_label_A__9.npy,A
v=kBQR9NoUof8__#1_label_A__0.npy,A
v=kBQR9NoUof8__#1_label_A__1.npy,A
v=kBQR9NoUof8__#1_label_A__2.npy,A
v=kBQR9NoUof8__#1_label_A__3.npy,A
v=kBQR9NoUof8__#1_label_A__4.npy,A
v=kBQR9NoUof8__#1_label_A__5.npy,A
v=kBQR9NoUof8__#1_label_A__6.npy,A
v=kBQR9NoUof8__#1_label_A__7.npy,A
v=kBQR9NoUof8__#1_label_A__8.npy,A
v=kBQR9NoUof8__#1_label_A__9.npy,A
v=_UFEMMxxxH4__#1_label_A__0.npy,A
v=_UFEMMxxxH4__#1_label_A__1.npy,A
v=_UFEMMxxxH4__#1_label_A__2.npy,A
v=_UFEMMxxxH4__#1_label_A__3.npy,A
v=_UFEMMxxxH4__#1_label_A__4.npy,A
v=_UFEMMxxxH4__#1_label_A__5.npy,A
v=_UFEMMxxxH4__#1_label_A__6.npy,A
v=_UFEMMxxxH4__#1_label_A__7.npy,A
v=_UFEMMxxxH4__#1_label_A__8.npy,A
v=_UFEMMxxxH4__#1_label_A__9.npy,A
Tropa.de.Elite.2.2010__#01-01-00_01-02-30_label_A__0.npy,A
Tropa.de.Elite.2.2010__#01-01-00_01-02-30_label_A__1.npy,A
Tropa.de.Elite.2.2010__#01-01-00_01-02-30_label_A__2.npy,A
Tropa.de.Elite.2.2010__#01-01-00_01-02-30_label_A__3.npy,A
Tropa.de.Elite.2.2010__#01-01-00_01-02-30_label_A__4.npy,A
Tropa.de.Elite.2.2010__#01-01-00_01-02-30_label_A__5.npy,A
Tropa.de.Elite.2.2010__#01-01-00_01-02-30_label_A__6.npy,A
Tropa.de.Elite.2.2010__#01-01-00_01-02-30_label_A__7.npy,A
Tropa.de.Elite.2.2010__#01-01-00_01-02-30_label_A__8.npy,A
Tropa.de.Elite.2.2010__#01-01-00_01-02-30_label_A__9.npy,A
v=XjRhYP-OXdM__#00-06-00_00-09-00_label_A__0.npy,A
v=XjRhYP-OXdM__#00-06-00_00-09-00_label_A__1.npy,A
v=XjRhYP-OXdM__#00-06-00_00-09-00_label_A__2.npy,A
v=XjRhYP-OXdM__#00-06-00_00-09-00_label_A__3.npy,A
v=XjRhYP-OXdM__#00-06-00_00-09-00_label_A__4.npy,A
v=XjRhYP-OXdM__#00-06-00_00-09-00_label_A__5.npy,A
v=XjRhYP-OXdM__#00-06-00_00-09-00_label_A__6.npy,A
v=XjRhYP-OXdM__#00-06-00_00-09-00_label_A__7.npy,A
v=XjRhYP-OXdM__#00-06-00_00-09-00_label_A__8.npy,A
v=XjRhYP-OXdM__#00-06-00_00-09-00_label_A__9.npy,A
City.of.God.2002__#01-34-52_01-35-26_label_A__0.npy,A
City.of.God.2002__#01-34-52_01-35-26_label_A__1.npy,A
City.of.God.2002__#01-34-52_01-35-26_label_A__2.npy,A
City.of.God.2002__#01-34-52_01-35-26_label_A__3.npy,A
City.of.God.2002__#01-34-52_01-35-26_label_A__4.npy,A
City.of.God.2002__#01-34-52_01-35-26_label_A__5.npy,A
City.of.God.2002__#01-34-52_01-35-26_label_A__6.npy,A
City.of.God.2002__#01-34-52_01-35-26_label_A__7.npy,A
City.of.God.2002__#01-34-52_01-35-26_label_A__8.npy,A
City.of.God.2002__#01-34-52_01-35-26_label_A__9.npy,A
v=7JbMKIHOVaY__#1_label_A__0.npy,A
v=7JbMKIHOVaY__#1_label_A__1.npy,A
v=7JbMKIHOVaY__#1_label_A__2.npy,A
v=7JbMKIHOVaY__#1_label_A__3.npy,A
v=7JbMKIHOVaY__#1_label_A__4.npy,A
v=7JbMKIHOVaY__#1_label_A__5.npy,A
v=7JbMKIHOVaY__#1_label_A__6.npy,A
v=7JbMKIHOVaY__#1_label_A__7.npy,A
v=7JbMKIHOVaY__#1_label_A__8.npy,A
v=7JbMKIHOVaY__#1_label_A__9.npy,A
Spectre.2015__#02-03-30_02-04-10_label_A__0.npy,A
Spectre.2015__#02-03-30_02-04-10_label_A__1.npy,A
Spectre.2015__#02-03-30_02-04-10_label_A__2.npy,A
Spectre.2015__#02-03-30_02-04-10_label_A__3.npy,A
Spectre.2015__#02-03-30_02-04-10_label_A__4.npy,A
Spectre.2015__#02-03-30_02-04-10_label_A__5.npy,A
Spectre.2015__#02-03-30_02-04-10_label_A__6.npy,A
Spectre.2015__#02-03-30_02-04-10_label_A__7.npy,A
Spectre.2015__#02-03-30_02-04-10_label_A__8.npy,A
Spectre.2015__#02-03-30_02-04-10_label_A__9.npy,A
Ip.Man.3.2015__#00-11-16_00-12-16_label_A__0.npy,A
Ip.Man.3.2015__#00-11-16_00-12-16_label_A__1.npy,A
Ip.Man.3.2015__#00-11-16_00-12-16_label_A__2.npy,A
Ip.Man.3.2015__#00-11-16_00-12-16_label_A__3.npy,A
Ip.Man.3.2015__#00-11-16_00-12-16_label_A__4.npy,A
Ip.Man.3.2015__#00-11-16_00-12-16_label_A__5.npy,A
Ip.Man.3.2015__#00-11-16_00-12-16_label_A__6.npy,A
Ip.Man.3.2015__#00-11-16_00-12-16_label_A__7.npy,A
Ip.Man.3.2015__#00-11-16_00-12-16_label_A__8.npy,A
Ip.Man.3.2015__#00-11-16_00-12-16_label_A__9.npy,A
Be.with.You.2018__#01-50-50_01-52-00_label_A__0.npy,A
Be.with.You.2018__#01-50-50_01-52-00_label_A__1.npy,A
Be.with.You.2018__#01-50-50_01-52-00_label_A__2.npy,A
Be.with.You.2018__#01-50-50_01-52-00_label_A__3.npy,A
Be.with.You.2018__#01-50-50_01-52-00_label_A__4.npy,A
Be.with.You.2018__#01-50-50_01-52-00_label_A__5.npy,A
Be.with.You.2018__#01-50-50_01-52-00_label_A__6.npy,A
Be.with.You.2018__#01-50-50_01-52-00_label_A__7.npy,A
Be.with.You.2018__#01-50-50_01-52-00_label_A__8.npy,A
Be.with.You.2018__#01-50-50_01-52-00_label_A__9.npy,A
Mission.Impossible.II.2000__#00-01-06_00-03-00_label_A__0.npy,A
Mission.Impossible.II.2000__#00-01-06_00-03-00_label_A__1.npy,A
Mission.Impossible.II.2000__#00-01-06_00-03-00_label_A__2.npy,A
Mission.Impossible.II.2000__#00-01-06_00-03-00_label_A__3.npy,A
Mission.Impossible.II.2000__#00-01-06_00-03-00_label_A__4.npy,A
Mission.Impossible.II.2000__#00-01-06_00-03-00_label_A__5.npy,A
Mission.Impossible.II.2000__#00-01-06_00-03-00_label_A__6.npy,A
Mission.Impossible.II.2000__#00-01-06_00-03-00_label_A__7.npy,A
Mission.Impossible.II.2000__#00-01-06_00-03-00_label_A__8.npy,A
Mission.Impossible.II.2000__#00-01-06_00-03-00_label_A__9.npy,A
v=VRn8Tc02TbU__#00-03-00_00-06-00_label_A__0.npy,A
v=VRn8Tc02TbU__#00-03-00_00-06-00_label_A__1.npy,A
v=VRn8Tc02TbU__#00-03-00_00-06-00_label_A__2.npy,A
v=VRn8Tc02TbU__#00-03-00_00-06-00_label_A__3.npy,A
v=VRn8Tc02TbU__#00-03-00_00-06-00_label_A__4.npy,A
v=VRn8Tc02TbU__#00-03-00_00-06-00_label_A__5.npy,A
v=VRn8Tc02TbU__#00-03-00_00-06-00_label_A__6.npy,A
v=VRn8Tc02TbU__#00-03-00_00-06-00_label_A__7.npy,A
v=VRn8Tc02TbU__#00-03-00_00-06-00_label_A__8.npy,A
v=VRn8Tc02TbU__#00-03-00_00-06-00_label_A__9.npy,A
v=83hDjkGyF-E__#1_label_A__0.npy,A
v=83hDjkGyF-E__#1_label_A__1.npy,A
v=83hDjkGyF-E__#1_label_A__2.npy,A
v=83hDjkGyF-E__#1_label_A__3.npy,A
v=83hDjkGyF-E__#1_label_A__4.npy,A
v=83hDjkGyF-E__#1_label_A__5.npy,A
v=83hDjkGyF-E__#1_label_A__6.npy,A
v=83hDjkGyF-E__#1_label_A__7.npy,A
v=83hDjkGyF-E__#1_label_A__8.npy,A
v=83hDjkGyF-E__#1_label_A__9.npy,A
The.Intouchables.2011__#00-16-18_00-17-27_label_A__0.npy,A
The.Intouchables.2011__#00-16-18_00-17-27_label_A__1.npy,A
The.Intouchables.2011__#00-16-18_00-17-27_label_A__2.npy,A
The.Intouchables.2011__#00-16-18_00-17-27_label_A__3.npy,A
The.Intouchables.2011__#00-16-18_00-17-27_label_A__4.npy,A
The.Intouchables.2011__#00-16-18_00-17-27_label_A__5.npy,A
The.Intouchables.2011__#00-16-18_00-17-27_label_A__6.npy,A
The.Intouchables.2011__#00-16-18_00-17-27_label_A__7.npy,A
The.Intouchables.2011__#00-16-18_00-17-27_label_A__8.npy,A
The.Intouchables.2011__#00-16-18_00-17-27_label_A__9.npy,A
Still.Walking.2008__#00-42-52_00-45-31_label_A__0.npy,A
Still.Walking.2008__#00-42-52_00-45-31_label_A__1.npy,A
Still.Walking.2008__#00-42-52_00-45-31_label_A__2.npy,A
Still.Walking.2008__#00-42-52_00-45-31_label_A__3.npy,A
Still.Walking.2008__#00-42-52_00-45-31_label_A__4.npy,A
Still.Walking.2008__#00-42-52_00-45-31_label_A__5.npy,A
Still.Walking.2008__#00-42-52_00-45-31_label_A__6.npy,A
Still.Walking.2008__#00-42-52_00-45-31_label_A__7.npy,A
Still.Walking.2008__#00-42-52_00-45-31_label_A__8.npy,A
Still.Walking.2008__#00-42-52_00-45-31_label_A__9.npy,A
Mission.Impossible.Fallout.2018__#01-10-39_01-16-05_label_A__0.npy,A
Mission.Impossible.Fallout.2018__#01-10-39_01-16-05_label_A__1.npy,A
Mission.Impossible.Fallout.2018__#01-10-39_01-16-05_label_A__2.npy,A
Mission.Impossible.Fallout.2018__#01-10-39_01-16-05_label_A__3.npy,A
Mission.Impossible.Fallout.2018__#01-10-39_01-16-05_label_A__4.npy,A
Mission.Impossible.Fallout.2018__#01-10-39_01-16-05_label_A__5.npy,A
Mission.Impossible.Fallout.2018__#01-10-39_01-16-05_label_A__6.npy,A
Mission.Impossible.Fallout.2018__#01-10-39_01-16-05_label_A__7.npy,A
Mission.Impossible.Fallout.2018__#01-10-39_01-16-05_label_A__8.npy,A
Mission.Impossible.Fallout.2018__#01-10-39_01-16-05_label_A__9.npy,A
v=fkps18H3SXY__#02-36-00_02-41-00_label_A__0.npy,A
v=fkps18H3SXY__#02-36-00_02-41-00_label_A__1.npy,A
v=fkps18H3SXY__#02-36-00_02-41-00_label_A__2.npy,A
v=fkps18H3SXY__#02-36-00_02-41-00_label_A__3.npy,A
v=fkps18H3SXY__#02-36-00_02-41-00_label_A__4.npy,A
v=fkps18H3SXY__#02-36-00_02-41-00_label_A__5.npy,A
v=fkps18H3SXY__#02-36-00_02-41-00_label_A__6.npy,A
v=fkps18H3SXY__#02-36-00_02-41-00_label_A__7.npy,A
v=fkps18H3SXY__#02-36-00_02-41-00_label_A__8.npy,A
v=fkps18H3SXY__#02-36-00_02-41-00_label_A__9.npy,A
v=f6j3YWgVBto__#00-00-00_00-01-00_label_A__0.npy,A
v=f6j3YWgVBto__#00-00-00_00-01-00_label_A__1.npy,A
v=f6j3YWgVBto__#00-00-00_00-01-00_label_A__2.npy,A
v=f6j3YWgVBto__#00-00-00_00-01-00_label_A__3.npy,A
v=f6j3YWgVBto__#00-00-00_00-01-00_label_A__4.npy,A
v=f6j3YWgVBto__#00-00-00_00-01-00_label_A__5.npy,A
v=f6j3YWgVBto__#00-00-00_00-01-00_label_A__6.npy,A
v=f6j3YWgVBto__#00-00-00_00-01-00_label_A__7.npy,A
v=f6j3YWgVBto__#00-00-00_00-01-00_label_A__8.npy,A
v=f6j3YWgVBto__#00-00-00_00-01-00_label_A__9.npy,A
Kingsman.The.Secret.Service.2014__#01-25-18_01-26-18_label_A__0.npy,A
Kingsman.The.Secret.Service.2014__#01-25-18_01-26-18_label_A__1.npy,A
Kingsman.The.Secret.Service.2014__#01-25-18_01-26-18_label_A__2.npy,A
Kingsman.The.Secret.Service.2014__#01-25-18_01-26-18_label_A__3.npy,A
Kingsman.The.Secret.Service.2014__#01-25-18_01-26-18_label_A__4.npy,A
Kingsman.The.Secret.Service.2014__#01-25-18_01-26-18_label_A__5.npy,A
Kingsman.The.Secret.Service.2014__#01-25-18_01-26-18_label_A__6.npy,A
Kingsman.The.Secret.Service.2014__#01-25-18_01-26-18_label_A__7.npy,A
Kingsman.The.Secret.Service.2014__#01-25-18_01-26-18_label_A__8.npy,A
Kingsman.The.Secret.Service.2014__#01-25-18_01-26-18_label_A__9.npy,A
v=x-Cgkgj5KR0__#00-18-00_00-21-00_label_A__0.npy,A
v=x-Cgkgj5KR0__#00-18-00_00-21-00_label_A__1.npy,A
v=x-Cgkgj5KR0__#00-18-00_00-21-00_label_A__2.npy,A
v=x-Cgkgj5KR0__#00-18-00_00-21-00_label_A__3.npy,A
v=x-Cgkgj5KR0__#00-18-00_00-21-00_label_A__4.npy,A
v=x-Cgkgj5KR0__#00-18-00_00-21-00_label_A__5.npy,A
v=x-Cgkgj5KR0__#00-18-00_00-21-00_label_A__6.npy,A
v=x-Cgkgj5KR0__#00-18-00_00-21-00_label_A__7.npy,A
v=x-Cgkgj5KR0__#00-18-00_00-21-00_label_A__8.npy,A
v=x-Cgkgj5KR0__#00-18-00_00-21-00_label_A__9.npy,A
v=b7pncKyAn1o__#1_label_A__0.npy,A
v=b7pncKyAn1o__#1_label_A__1.npy,A
v=b7pncKyAn1o__#1_label_A__2.npy,A
v=b7pncKyAn1o__#1_label_A__3.npy,A
v=b7pncKyAn1o__#1_label_A__4.npy,A
v=b7pncKyAn1o__#1_label_A__5.npy,A
v=b7pncKyAn1o__#1_label_A__6.npy,A
v=b7pncKyAn1o__#1_label_A__7.npy,A
v=b7pncKyAn1o__#1_label_A__8.npy,A
v=b7pncKyAn1o__#1_label_A__9.npy,A
v=nGxWXoJI5z4__#1_label_A__0.npy,A
v=nGxWXoJI5z4__#1_label_A__1.npy,A
v=nGxWXoJI5z4__#1_label_A__2.npy,A
v=nGxWXoJI5z4__#1_label_A__3.npy,A
v=nGxWXoJI5z4__#1_label_A__4.npy,A
v=nGxWXoJI5z4__#1_label_A__5.npy,A
v=nGxWXoJI5z4__#1_label_A__6.npy,A
v=nGxWXoJI5z4__#1_label_A__7.npy,A
v=nGxWXoJI5z4__#1_label_A__8.npy,A
v=nGxWXoJI5z4__#1_label_A__9.npy,A
v=KR1iUmq6ilA__#1_label_A__0.npy,A
v=KR1iUmq6ilA__#1_label_A__1.npy,A
v=KR1iUmq6ilA__#1_label_A__2.npy,A
v=KR1iUmq6ilA__#1_label_A__3.npy,A
v=KR1iUmq6ilA__#1_label_A__4.npy,A
v=KR1iUmq6ilA__#1_label_A__5.npy,A
v=KR1iUmq6ilA__#1_label_A__6.npy,A
v=KR1iUmq6ilA__#1_label_A__7.npy,A
v=KR1iUmq6ilA__#1_label_A__8.npy,A
v=KR1iUmq6ilA__#1_label_A__9.npy,A
v=Yr41_8QOTF8__#00-45-00_00-48-00_label_A__0.npy,A
v=Yr41_8QOTF8__#00-45-00_00-48-00_label_A__1.npy,A
v=Yr41_8QOTF8__#00-45-00_00-48-00_label_A__2.npy,A
v=Yr41_8QOTF8__#00-45-00_00-48-00_label_A__3.npy,A
v=Yr41_8QOTF8__#00-45-00_00-48-00_label_A__4.npy,A
v=Yr41_8QOTF8__#00-45-00_00-48-00_label_A__5.npy,A
v=Yr41_8QOTF8__#00-45-00_00-48-00_label_A__6.npy,A
v=Yr41_8QOTF8__#00-45-00_00-48-00_label_A__7.npy,A
v=Yr41_8QOTF8__#00-45-00_00-48-00_label_A__8.npy,A
v=Yr41_8QOTF8__#00-45-00_00-48-00_label_A__9.npy,A
Bullet.in.the.Head.1990__#01-04-23_01-06-11_label_A__0.npy,A
Bullet.in.the.Head.1990__#01-04-23_01-06-11_label_A__1.npy,A
Bullet.in.the.Head.1990__#01-04-23_01-06-11_label_A__2.npy,A
Bullet.in.the.Head.1990__#01-04-23_01-06-11_label_A__3.npy,A
Bullet.in.the.Head.1990__#01-04-23_01-06-11_label_A__4.npy,A
Bullet.in.the.Head.1990__#01-04-23_01-06-11_label_A__5.npy,A
Bullet.in.the.Head.1990__#01-04-23_01-06-11_label_A__6.npy,A
Bullet.in.the.Head.1990__#01-04-23_01-06-11_label_A__7.npy,A
Bullet.in.the.Head.1990__#01-04-23_01-06-11_label_A__8.npy,A
Bullet.in.the.Head.1990__#01-04-23_01-06-11_label_A__9.npy,A
Love.Actually.2003__#00-33-52_00-38-31_label_A__0.npy,A
Love.Actually.2003__#00-33-52_00-38-31_label_A__1.npy,A
Love.Actually.2003__#00-33-52_00-38-31_label_A__2.npy,A
Love.Actually.2003__#00-33-52_00-38-31_label_A__3.npy,A
Love.Actually.2003__#00-33-52_00-38-31_label_A__4.npy,A
Love.Actually.2003__#00-33-52_00-38-31_label_A__5.npy,A
Love.Actually.2003__#00-33-52_00-38-31_label_A__6.npy,A
Love.Actually.2003__#00-33-52_00-38-31_label_A__7.npy,A
Love.Actually.2003__#00-33-52_00-38-31_label_A__8.npy,A
Love.Actually.2003__#00-33-52_00-38-31_label_A__9.npy,A
Kingsman.The.Secret.Service.2014__#00-03-05_00-03-58_label_A__0.npy,A
Kingsman.The.Secret.Service.2014__#00-03-05_00-03-58_label_A__1.npy,A
Kingsman.The.Secret.Service.2014__#00-03-05_00-03-58_label_A__2.npy,A
Kingsman.The.Secret.Service.2014__#00-03-05_00-03-58_label_A__3.npy,A
Kingsman.The.Secret.Service.2014__#00-03-05_00-03-58_label_A__4.npy,A
Kingsman.The.Secret.Service.2014__#00-03-05_00-03-58_label_A__5.npy,A
Kingsman.The.Secret.Service.2014__#00-03-05_00-03-58_label_A__6.npy,A
Kingsman.The.Secret.Service.2014__#00-03-05_00-03-58_label_A__7.npy,A
Kingsman.The.Secret.Service.2014__#00-03-05_00-03-58_label_A__8.npy,A
Kingsman.The.Secret.Service.2014__#00-03-05_00-03-58_label_A__9.npy,A
v=fuF0Ede79cg__#1_label_A__0.npy,A
v=fuF0Ede79cg__#1_label_A__1.npy,A
v=fuF0Ede79cg__#1_label_A__2.npy,A
v=fuF0Ede79cg__#1_label_A__3.npy,A
v=fuF0Ede79cg__#1_label_A__4.npy,A
v=fuF0Ede79cg__#1_label_A__5.npy,A
v=fuF0Ede79cg__#1_label_A__6.npy,A
v=fuF0Ede79cg__#1_label_A__7.npy,A
v=fuF0Ede79cg__#1_label_A__8.npy,A
v=fuF0Ede79cg__#1_label_A__9.npy,A
v=gIZdn9Iwd9I__#1_label_A__0.npy,A
v=gIZdn9Iwd9I__#1_label_A__1.npy,A
v=gIZdn9Iwd9I__#1_label_A__2.npy,A
v=gIZdn9Iwd9I__#1_label_A__3.npy,A
v=gIZdn9Iwd9I__#1_label_A__4.npy,A
v=gIZdn9Iwd9I__#1_label_A__5.npy,A
v=gIZdn9Iwd9I__#1_label_A__6.npy,A
v=gIZdn9Iwd9I__#1_label_A__7.npy,A
v=gIZdn9Iwd9I__#1_label_A__8.npy,A
v=gIZdn9Iwd9I__#1_label_A__9.npy,A
v=xMXxxkoRsb0__#1_label_A__0.npy,A
v=xMXxxkoRsb0__#1_label_A__1.npy,A
v=xMXxxkoRsb0__#1_label_A__2.npy,A
v=xMXxxkoRsb0__#1_label_A__3.npy,A
v=xMXxxkoRsb0__#1_label_A__4.npy,A
v=xMXxxkoRsb0__#1_label_A__5.npy,A
v=xMXxxkoRsb0__#1_label_A__6.npy,A
v=xMXxxkoRsb0__#1_label_A__7.npy,A
v=xMXxxkoRsb0__#1_label_A__8.npy,A
v=xMXxxkoRsb0__#1_label_A__9.npy,A
v=qXiWCnZKXvQ__#1_label_A__0.npy,A
v=qXiWCnZKXvQ__#1_label_A__1.npy,A
v=qXiWCnZKXvQ__#1_label_A__2.npy,A
v=qXiWCnZKXvQ__#1_label_A__3.npy,A
v=qXiWCnZKXvQ__#1_label_A__4.npy,A
v=qXiWCnZKXvQ__#1_label_A__5.npy,A
v=qXiWCnZKXvQ__#1_label_A__6.npy,A
v=qXiWCnZKXvQ__#1_label_A__7.npy,A
v=qXiWCnZKXvQ__#1_label_A__8.npy,A
v=qXiWCnZKXvQ__#1_label_A__9.npy,A
The.Secret.Life.of.Walter.Mitty.2013__#00-51-55_00-55-16_label_A__0.npy,A
The.Secret.Life.of.Walter.Mitty.2013__#00-51-55_00-55-16_label_A__1.npy,A
The.Secret.Life.of.Walter.Mitty.2013__#00-51-55_00-55-16_label_A__2.npy,A
The.Secret.Life.of.Walter.Mitty.2013__#00-51-55_00-55-16_label_A__3.npy,A
The.Secret.Life.of.Walter.Mitty.2013__#00-51-55_00-55-16_label_A__4.npy,A
The.Secret.Life.of.Walter.Mitty.2013__#00-51-55_00-55-16_label_A__5.npy,A
The.Secret.Life.of.Walter.Mitty.2013__#00-51-55_00-55-16_label_A__6.npy,A
The.Secret.Life.of.Walter.Mitty.2013__#00-51-55_00-55-16_label_A__7.npy,A
The.Secret.Life.of.Walter.Mitty.2013__#00-51-55_00-55-16_label_A__8.npy,A
The.Secret.Life.of.Walter.Mitty.2013__#00-51-55_00-55-16_label_A__9.npy,A
One.Day.2011__#01-17-00_01-21-50_label_A__0.npy,A
One.Day.2011__#01-17-00_01-21-50_label_A__1.npy,A
One.Day.2011__#01-17-00_01-21-50_label_A__2.npy,A
One.Day.2011__#01-17-00_01-21-50_label_A__3.npy,A
One.Day.2011__#01-17-00_01-21-50_label_A__4.npy,A
One.Day.2011__#01-17-00_01-21-50_label_A__5.npy,A
One.Day.2011__#01-17-00_01-21-50_label_A__6.npy,A
One.Day.2011__#01-17-00_01-21-50_label_A__7.npy,A
One.Day.2011__#01-17-00_01-21-50_label_A__8.npy,A
One.Day.2011__#01-17-00_01-21-50_label_A__9.npy,A
v=vFPQ_NiDBIU__#00-00-00_00-06-00_label_A__0.npy,A
v=vFPQ_NiDBIU__#00-00-00_00-06-00_label_A__1.npy,A
v=vFPQ_NiDBIU__#00-00-00_00-06-00_label_A__2.npy,A
v=vFPQ_NiDBIU__#00-00-00_00-06-00_label_A__3.npy,A
v=vFPQ_NiDBIU__#00-00-00_00-06-00_label_A__4.npy,A
v=vFPQ_NiDBIU__#00-00-00_00-06-00_label_A__5.npy,A
v=vFPQ_NiDBIU__#00-00-00_00-06-00_label_A__6.npy,A
v=vFPQ_NiDBIU__#00-00-00_00-06-00_label_A__7.npy,A
v=vFPQ_NiDBIU__#00-00-00_00-06-00_label_A__8.npy,A
v=vFPQ_NiDBIU__#00-00-00_00-06-00_label_A__9.npy,A
Kill.Bill.Vol.2.2004__#0-44-18_0-49-18_label_A__0.npy,A
Kill.Bill.Vol.2.2004__#0-44-18_0-49-18_label_A__1.npy,A
Kill.Bill.Vol.2.2004__#0-44-18_0-49-18_label_A__2.npy,A
Kill.Bill.Vol.2.2004__#0-44-18_0-49-18_label_A__3.npy,A
Kill.Bill.Vol.2.2004__#0-44-18_0-49-18_label_A__4.npy,A
Kill.Bill.Vol.2.2004__#0-44-18_0-49-18_label_A__5.npy,A
Kill.Bill.Vol.2.2004__#0-44-18_0-49-18_label_A__6.npy,A
Kill.Bill.Vol.2.2004__#0-44-18_0-49-18_label_A__7.npy,A
Kill.Bill.Vol.2.2004__#0-44-18_0-49-18_label_A__8.npy,A
Kill.Bill.Vol.2.2004__#0-44-18_0-49-18_label_A__9.npy,A
v=56jgE5R2i1k__#1_label_A__0.npy,A
v=56jgE5R2i1k__#1_label_A__1.npy,A
v=56jgE5R2i1k__#1_label_A__2.npy,A
v=56jgE5R2i1k__#1_label_A__3.npy,A
v=56jgE5R2i1k__#1_label_A__4.npy,A
v=56jgE5R2i1k__#1_label_A__5.npy,A
v=56jgE5R2i1k__#1_label_A__6.npy,A
v=56jgE5R2i1k__#1_label_A__7.npy,A
v=56jgE5R2i1k__#1_label_A__8.npy,A
v=56jgE5R2i1k__#1_label_A__9.npy,A
Good.Will.Hunting.1997__#00-23-50_00-24-31_label_A__0.npy,A
Good.Will.Hunting.1997__#00-23-50_00-24-31_label_A__1.npy,A
Good.Will.Hunting.1997__#00-23-50_00-24-31_label_A__2.npy,A
Good.Will.Hunting.1997__#00-23-50_00-24-31_label_A__3.npy,A
Good.Will.Hunting.1997__#00-23-50_00-24-31_label_A__4.npy,A
Good.Will.Hunting.1997__#00-23-50_00-24-31_label_A__5.npy,A
Good.Will.Hunting.1997__#00-23-50_00-24-31_label_A__6.npy,A
Good.Will.Hunting.1997__#00-23-50_00-24-31_label_A__7.npy,A
Good.Will.Hunting.1997__#00-23-50_00-24-31_label_A__8.npy,A
Good.Will.Hunting.1997__#00-23-50_00-24-31_label_A__9.npy,A
Be.with.You.2018__#01-21-22_01-25-40_label_A__0.npy,A
Be.with.You.2018__#01-21-22_01-25-40_label_A__1.npy,A
Be.with.You.2018__#01-21-22_01-25-40_label_A__2.npy,A
Be.with.You.2018__#01-21-22_01-25-40_label_A__3.npy,A
Be.with.You.2018__#01-21-22_01-25-40_label_A__4.npy,A
Be.with.You.2018__#01-21-22_01-25-40_label_A__5.npy,A
Be.with.You.2018__#01-21-22_01-25-40_label_A__6.npy,A
Be.with.You.2018__#01-21-22_01-25-40_label_A__7.npy,A
Be.with.You.2018__#01-21-22_01-25-40_label_A__8.npy,A
Be.with.You.2018__#01-21-22_01-25-40_label_A__9.npy,A
Spectre.2015__#01-00-27_01-02-01_label_A__0.npy,A
Spectre.2015__#01-00-27_01-02-01_label_A__1.npy,A
Spectre.2015__#01-00-27_01-02-01_label_A__2.npy,A
Spectre.2015__#01-00-27_01-02-01_label_A__3.npy,A
Spectre.2015__#01-00-27_01-02-01_label_A__4.npy,A
Spectre.2015__#01-00-27_01-02-01_label_A__5.npy,A
Spectre.2015__#01-00-27_01-02-01_label_A__6.npy,A
Spectre.2015__#01-00-27_01-02-01_label_A__7.npy,A
Spectre.2015__#01-00-27_01-02-01_label_A__8.npy,A
Spectre.2015__#01-00-27_01-02-01_label_A__9.npy,A
v=Yr41_8QOTF8__#00-03-00_00-06-00_label_A__0.npy,A
v=Yr41_8QOTF8__#00-03-00_00-06-00_label_A__1.npy,A
v=Yr41_8QOTF8__#00-03-00_00-06-00_label_A__2.npy,A
v=Yr41_8QOTF8__#00-03-00_00-06-00_label_A__3.npy,A
v=Yr41_8QOTF8__#00-03-00_00-06-00_label_A__4.npy,A
v=Yr41_8QOTF8__#00-03-00_00-06-00_label_A__5.npy,A
v=Yr41_8QOTF8__#00-03-00_00-06-00_label_A__6.npy,A
v=Yr41_8QOTF8__#00-03-00_00-06-00_label_A__7.npy,A
v=Yr41_8QOTF8__#00-03-00_00-06-00_label_A__8.npy,A
v=Yr41_8QOTF8__#00-03-00_00-06-00_label_A__9.npy,A
v=tlFJIG9mTGQ__#00-03-00_00-06-00_label_A__0.npy,A
v=tlFJIG9mTGQ__#00-03-00_00-06-00_label_A__1.npy,A
v=tlFJIG9mTGQ__#00-03-00_00-06-00_label_A__2.npy,A
v=tlFJIG9mTGQ__#00-03-00_00-06-00_label_A__3.npy,A
v=tlFJIG9mTGQ__#00-03-00_00-06-00_label_A__4.npy,A
v=tlFJIG9mTGQ__#00-03-00_00-06-00_label_A__5.npy,A
v=tlFJIG9mTGQ__#00-03-00_00-06-00_label_A__6.npy,A
v=tlFJIG9mTGQ__#00-03-00_00-06-00_label_A__7.npy,A
v=tlFJIG9mTGQ__#00-03-00_00-06-00_label_A__8.npy,A
v=tlFJIG9mTGQ__#00-03-00_00-06-00_label_A__9.npy,A
v=p2cQDaA0Hu0__#1_label_A__0.npy,A
v=p2cQDaA0Hu0__#1_label_A__1.npy,A
v=p2cQDaA0Hu0__#1_label_A__2.npy,A
v=p2cQDaA0Hu0__#1_label_A__3.npy,A
v=p2cQDaA0Hu0__#1_label_A__4.npy,A
v=p2cQDaA0Hu0__#1_label_A__5.npy,A
v=p2cQDaA0Hu0__#1_label_A__6.npy,A
v=p2cQDaA0Hu0__#1_label_A__7.npy,A
v=p2cQDaA0Hu0__#1_label_A__8.npy,A
v=p2cQDaA0Hu0__#1_label_A__9.npy,A
v=AqFWYZsOgWY__#00-18-00_00-21-00_label_A__0.npy,A
v=AqFWYZsOgWY__#00-18-00_00-21-00_label_A__1.npy,A
v=AqFWYZsOgWY__#00-18-00_00-21-00_label_A__2.npy,A
v=AqFWYZsOgWY__#00-18-00_00-21-00_label_A__3.npy,A
v=AqFWYZsOgWY__#00-18-00_00-21-00_label_A__4.npy,A
v=AqFWYZsOgWY__#00-18-00_00-21-00_label_A__5.npy,A
v=AqFWYZsOgWY__#00-18-00_00-21-00_label_A__6.npy,A
v=AqFWYZsOgWY__#00-18-00_00-21-00_label_A__7.npy,A
v=AqFWYZsOgWY__#00-18-00_00-21-00_label_A__8.npy,A
v=AqFWYZsOgWY__#00-18-00_00-21-00_label_A__9.npy,A
Rush.Hour.1998.BluRay__#01-13-13_01-16-00_label_A__0.npy,A
Rush.Hour.1998.BluRay__#01-13-13_01-16-00_label_A__1.npy,A
Rush.Hour.1998.BluRay__#01-13-13_01-16-00_label_A__2.npy,A
Rush.Hour.1998.BluRay__#01-13-13_01-16-00_label_A__3.npy,A
Rush.Hour.1998.BluRay__#01-13-13_01-16-00_label_A__4.npy,A
Rush.Hour.1998.BluRay__#01-13-13_01-16-00_label_A__5.npy,A
Rush.Hour.1998.BluRay__#01-13-13_01-16-00_label_A__6.npy,A
Rush.Hour.1998.BluRay__#01-13-13_01-16-00_label_A__7.npy,A
Rush.Hour.1998.BluRay__#01-13-13_01-16-00_label_A__8.npy,A
Rush.Hour.1998.BluRay__#01-13-13_01-16-00_label_A__9.npy,A
v=SdYFFo_tsfk__#00-06-00_00-12-00_label_A__0.npy,A
v=SdYFFo_tsfk__#00-06-00_00-12-00_label_A__1.npy,A
v=SdYFFo_tsfk__#00-06-00_00-12-00_label_A__2.npy,A
v=SdYFFo_tsfk__#00-06-00_00-12-00_label_A__3.npy,A
v=SdYFFo_tsfk__#00-06-00_00-12-00_label_A__4.npy,A
v=SdYFFo_tsfk__#00-06-00_00-12-00_label_A__5.npy,A
v=SdYFFo_tsfk__#00-06-00_00-12-00_label_A__6.npy,A
v=SdYFFo_tsfk__#00-06-00_00-12-00_label_A__7.npy,A
v=SdYFFo_tsfk__#00-06-00_00-12-00_label_A__8.npy,A
v=SdYFFo_tsfk__#00-06-00_00-12-00_label_A__9.npy,A
The.Secret.Life.of.Walter.Mitty.2013__#01-41-56_01-44-11_label_A__0.npy,A
The.Secret.Life.of.Walter.Mitty.2013__#01-41-56_01-44-11_label_A__1.npy,A
The.Secret.Life.of.Walter.Mitty.2013__#01-41-56_01-44-11_label_A__2.npy,A
The.Secret.Life.of.Walter.Mitty.2013__#01-41-56_01-44-11_label_A__3.npy,A
The.Secret.Life.of.Walter.Mitty.2013__#01-41-56_01-44-11_label_A__4.npy,A
The.Secret.Life.of.Walter.Mitty.2013__#01-41-56_01-44-11_label_A__5.npy,A
The.Secret.Life.of.Walter.Mitty.2013__#01-41-56_01-44-11_label_A__6.npy,A
The.Secret.Life.of.Walter.Mitty.2013__#01-41-56_01-44-11_label_A__7.npy,A
The.Secret.Life.of.Walter.Mitty.2013__#01-41-56_01-44-11_label_A__8.npy,A
The.Secret.Life.of.Walter.Mitty.2013__#01-41-56_01-44-11_label_A__9.npy,A
Your.Name.2016__#00-47-00_00-49-30_label_A__0.npy,A
Your.Name.2016__#00-47-00_00-49-30_label_A__1.npy,A
Your.Name.2016__#00-47-00_00-49-30_label_A__2.npy,A
Your.Name.2016__#00-47-00_00-49-30_label_A__3.npy,A
Your.Name.2016__#00-47-00_00-49-30_label_A__4.npy,A
Your.Name.2016__#00-47-00_00-49-30_label_A__5.npy,A
Your.Name.2016__#00-47-00_00-49-30_label_A__6.npy,A
Your.Name.2016__#00-47-00_00-49-30_label_A__7.npy,A
Your.Name.2016__#00-47-00_00-49-30_label_A__8.npy,A
Your.Name.2016__#00-47-00_00-49-30_label_A__9.npy,A
v=0hi_wpaM54s__#1_label_A__0.npy,A
v=0hi_wpaM54s__#1_label_A__1.npy,A
v=0hi_wpaM54s__#1_label_A__2.npy,A
v=0hi_wpaM54s__#1_label_A__3.npy,A
v=0hi_wpaM54s__#1_label_A__4.npy,A
v=0hi_wpaM54s__#1_label_A__5.npy,A
v=0hi_wpaM54s__#1_label_A__6.npy,A
v=0hi_wpaM54s__#1_label_A__7.npy,A
v=0hi_wpaM54s__#1_label_A__8.npy,A
v=0hi_wpaM54s__#1_label_A__9.npy,A
v=wwU98rvR4Cw__#1_label_A__0.npy,A
v=wwU98rvR4Cw__#1_label_A__1.npy,A
v=wwU98rvR4Cw__#1_label_A__2.npy,A
v=wwU98rvR4Cw__#1_label_A__3.npy,A
v=wwU98rvR4Cw__#1_label_A__4.npy,A
v=wwU98rvR4Cw__#1_label_A__5.npy,A
v=wwU98rvR4Cw__#1_label_A__6.npy,A
v=wwU98rvR4Cw__#1_label_A__7.npy,A
v=wwU98rvR4Cw__#1_label_A__8.npy,A
v=wwU98rvR4Cw__#1_label_A__9.npy,A
v=JehgkThEeAU__#1_label_A__0.npy,A
v=JehgkThEeAU__#1_label_A__1.npy,A
v=JehgkThEeAU__#1_label_A__2.npy,A
v=JehgkThEeAU__#1_label_A__3.npy,A
v=JehgkThEeAU__#1_label_A__4.npy,A
v=JehgkThEeAU__#1_label_A__5.npy,A
v=JehgkThEeAU__#1_label_A__6.npy,A
v=JehgkThEeAU__#1_label_A__7.npy,A
v=JehgkThEeAU__#1_label_A__8.npy,A
v=JehgkThEeAU__#1_label_A__9.npy,A
Before.Sunrise.1995__#00-57-20_00-58-17_label_A__0.npy,A
Before.Sunrise.1995__#00-57-20_00-58-17_label_A__1.npy,A
Before.Sunrise.1995__#00-57-20_00-58-17_label_A__2.npy,A
Before.Sunrise.1995__#00-57-20_00-58-17_label_A__3.npy,A
Before.Sunrise.1995__#00-57-20_00-58-17_label_A__4.npy,A
Before.Sunrise.1995__#00-57-20_00-58-17_label_A__5.npy,A
Before.Sunrise.1995__#00-57-20_00-58-17_label_A__6.npy,A
Before.Sunrise.1995__#00-57-20_00-58-17_label_A__7.npy,A
Before.Sunrise.1995__#00-57-20_00-58-17_label_A__8.npy,A
Before.Sunrise.1995__#00-57-20_00-58-17_label_A__9.npy,A
v=vbLIiYsa0Ik__#1_label_A__0.npy,A
v=vbLIiYsa0Ik__#1_label_A__1.npy,A
v=vbLIiYsa0Ik__#1_label_A__2.npy,A
v=vbLIiYsa0Ik__#1_label_A__3.npy,A
v=vbLIiYsa0Ik__#1_label_A__4.npy,A
v=vbLIiYsa0Ik__#1_label_A__5.npy,A
v=vbLIiYsa0Ik__#1_label_A__6.npy,A
v=vbLIiYsa0Ik__#1_label_A__7.npy,A
v=vbLIiYsa0Ik__#1_label_A__8.npy,A
v=vbLIiYsa0Ik__#1_label_A__9.npy,A
Mission.Impossible.III.2006__#00-38-25_00-40-07_label_A__0.npy,A
Mission.Impossible.III.2006__#00-38-25_00-40-07_label_A__1.npy,A
Mission.Impossible.III.2006__#00-38-25_00-40-07_label_A__2.npy,A
Mission.Impossible.III.2006__#00-38-25_00-40-07_label_A__3.npy,A
Mission.Impossible.III.2006__#00-38-25_00-40-07_label_A__4.npy,A
Mission.Impossible.III.2006__#00-38-25_00-40-07_label_A__5.npy,A
Mission.Impossible.III.2006__#00-38-25_00-40-07_label_A__6.npy,A
Mission.Impossible.III.2006__#00-38-25_00-40-07_label_A__7.npy,A
Mission.Impossible.III.2006__#00-38-25_00-40-07_label_A__8.npy,A
Mission.Impossible.III.2006__#00-38-25_00-40-07_label_A__9.npy,A
The.Hurt.Locker.2008__#0-10-10_0-12-12_label_A__0.npy,A
The.Hurt.Locker.2008__#0-10-10_0-12-12_label_A__1.npy,A
The.Hurt.Locker.2008__#0-10-10_0-12-12_label_A__2.npy,A
The.Hurt.Locker.2008__#0-10-10_0-12-12_label_A__3.npy,A
The.Hurt.Locker.2008__#0-10-10_0-12-12_label_A__4.npy,A
The.Hurt.Locker.2008__#0-10-10_0-12-12_label_A__5.npy,A
The.Hurt.Locker.2008__#0-10-10_0-12-12_label_A__6.npy,A
The.Hurt.Locker.2008__#0-10-10_0-12-12_label_A__7.npy,A
The.Hurt.Locker.2008__#0-10-10_0-12-12_label_A__8.npy,A
The.Hurt.Locker.2008__#0-10-10_0-12-12_label_A__9.npy,A
v=aT9TifU-L2Y__#1_label_A__0.npy,A
v=aT9TifU-L2Y__#1_label_A__1.npy,A
v=aT9TifU-L2Y__#1_label_A__2.npy,A
v=aT9TifU-L2Y__#1_label_A__3.npy,A
v=aT9TifU-L2Y__#1_label_A__4.npy,A
v=aT9TifU-L2Y__#1_label_A__5.npy,A
v=aT9TifU-L2Y__#1_label_A__6.npy,A
v=aT9TifU-L2Y__#1_label_A__7.npy,A
v=aT9TifU-L2Y__#1_label_A__8.npy,A
v=aT9TifU-L2Y__#1_label_A__9.npy,A
Fast.Furious.2009__#01-21-28_01-26-52_label_A__0.npy,A
Fast.Furious.2009__#01-21-28_01-26-52_label_A__1.npy,A
Fast.Furious.2009__#01-21-28_01-26-52_label_A__2.npy,A
Fast.Furious.2009__#01-21-28_01-26-52_label_A__3.npy,A
Fast.Furious.2009__#01-21-28_01-26-52_label_A__4.npy,A
Fast.Furious.2009__#01-21-28_01-26-52_label_A__5.npy,A
Fast.Furious.2009__#01-21-28_01-26-52_label_A__6.npy,A
Fast.Furious.2009__#01-21-28_01-26-52_label_A__7.npy,A
Fast.Furious.2009__#01-21-28_01-26-52_label_A__8.npy,A
Fast.Furious.2009__#01-21-28_01-26-52_label_A__9.npy,A
Good.Will.Hunting.1997__#00-01-45_00-02-50_label_A__0.npy,A
Good.Will.Hunting.1997__#00-01-45_00-02-50_label_A__1.npy,A
Good.Will.Hunting.1997__#00-01-45_00-02-50_label_A__2.npy,A
Good.Will.Hunting.1997__#00-01-45_00-02-50_label_A__3.npy,A
Good.Will.Hunting.1997__#00-01-45_00-02-50_label_A__4.npy,A
Good.Will.Hunting.1997__#00-01-45_00-02-50_label_A__5.npy,A
Good.Will.Hunting.1997__#00-01-45_00-02-50_label_A__6.npy,A
Good.Will.Hunting.1997__#00-01-45_00-02-50_label_A__7.npy,A
Good.Will.Hunting.1997__#00-01-45_00-02-50_label_A__8.npy,A
Good.Will.Hunting.1997__#00-01-45_00-02-50_label_A__9.npy,A
The.Bourne.Identity.2002__#0-11-56_0-13-31_label_A__0.npy,A
The.Bourne.Identity.2002__#0-11-56_0-13-31_label_A__1.npy,A
The.Bourne.Identity.2002__#0-11-56_0-13-31_label_A__2.npy,A
The.Bourne.Identity.2002__#0-11-56_0-13-31_label_A__3.npy,A
The.Bourne.Identity.2002__#0-11-56_0-13-31_label_A__4.npy,A
The.Bourne.Identity.2002__#0-11-56_0-13-31_label_A__5.npy,A
The.Bourne.Identity.2002__#0-11-56_0-13-31_label_A__6.npy,A
The.Bourne.Identity.2002__#0-11-56_0-13-31_label_A__7.npy,A
The.Bourne.Identity.2002__#0-11-56_0-13-31_label_A__8.npy,A
The.Bourne.Identity.2002__#0-11-56_0-13-31_label_A__9.npy,A
Love.Death.and.Robots.S01E10__#0-02-13_0-03-11_label_A__0.npy,A
Love.Death.and.Robots.S01E10__#0-02-13_0-03-11_label_A__1.npy,A
Love.Death.and.Robots.S01E10__#0-02-13_0-03-11_label_A__2.npy,A
Love.Death.and.Robots.S01E10__#0-02-13_0-03-11_label_A__3.npy,A
Love.Death.and.Robots.S01E10__#0-02-13_0-03-11_label_A__4.npy,A
Love.Death.and.Robots.S01E10__#0-02-13_0-03-11_label_A__5.npy,A
Love.Death.and.Robots.S01E10__#0-02-13_0-03-11_label_A__6.npy,A
Love.Death.and.Robots.S01E10__#0-02-13_0-03-11_label_A__7.npy,A
Love.Death.and.Robots.S01E10__#0-02-13_0-03-11_label_A__8.npy,A
Love.Death.and.Robots.S01E10__#0-02-13_0-03-11_label_A__9.npy,A
Be.with.You.2018__#00-20-35_00-23-06_label_A__0.npy,A
Be.with.You.2018__#00-20-35_00-23-06_label_A__1.npy,A
Be.with.You.2018__#00-20-35_00-23-06_label_A__2.npy,A
Be.with.You.2018__#00-20-35_00-23-06_label_A__3.npy,A
Be.with.You.2018__#00-20-35_00-23-06_label_A__4.npy,A
Be.with.You.2018__#00-20-35_00-23-06_label_A__5.npy,A
Be.with.You.2018__#00-20-35_00-23-06_label_A__6.npy,A
Be.with.You.2018__#00-20-35_00-23-06_label_A__7.npy,A
Be.with.You.2018__#00-20-35_00-23-06_label_A__8.npy,A
Be.with.You.2018__#00-20-35_00-23-06_label_A__9.npy,A
v=xRxt8u-iaGE__#1_label_A__0.npy,A
v=xRxt8u-iaGE__#1_label_A__1.npy,A
v=xRxt8u-iaGE__#1_label_A__2.npy,A
v=xRxt8u-iaGE__#1_label_A__3.npy,A
v=xRxt8u-iaGE__#1_label_A__4.npy,A
v=xRxt8u-iaGE__#1_label_A__5.npy,A
v=xRxt8u-iaGE__#1_label_A__6.npy,A
v=xRxt8u-iaGE__#1_label_A__7.npy,A
v=xRxt8u-iaGE__#1_label_A__8.npy,A
v=xRxt8u-iaGE__#1_label_A__9.npy,A
v=IlQ53DIh8G0__#1_label_A__0.npy,A
v=IlQ53DIh8G0__#1_label_A__1.npy,A
v=IlQ53DIh8G0__#1_label_A__2.npy,A
v=IlQ53DIh8G0__#1_label_A__3.npy,A
v=IlQ53DIh8G0__#1_label_A__4.npy,A
v=IlQ53DIh8G0__#1_label_A__5.npy,A
v=IlQ53DIh8G0__#1_label_A__6.npy,A
v=IlQ53DIh8G0__#1_label_A__7.npy,A
v=IlQ53DIh8G0__#1_label_A__8.npy,A
v=IlQ53DIh8G0__#1_label_A__9.npy,A
v=y7JEq-kf-2I__#00-00-00_00-01-00_label_A__0.npy,A
v=y7JEq-kf-2I__#00-00-00_00-01-00_label_A__1.npy,A
v=y7JEq-kf-2I__#00-00-00_00-01-00_label_A__2.npy,A
v=y7JEq-kf-2I__#00-00-00_00-01-00_label_A__3.npy,A
v=y7JEq-kf-2I__#00-00-00_00-01-00_label_A__4.npy,A
v=y7JEq-kf-2I__#00-00-00_00-01-00_label_A__5.npy,A
v=y7JEq-kf-2I__#00-00-00_00-01-00_label_A__6.npy,A
v=y7JEq-kf-2I__#00-00-00_00-01-00_label_A__7.npy,A
v=y7JEq-kf-2I__#00-00-00_00-01-00_label_A__8.npy,A
v=y7JEq-kf-2I__#00-00-00_00-01-00_label_A__9.npy,A
v=N2rnBxCmbIE__#1_label_A__0.npy,A
v=N2rnBxCmbIE__#1_label_A__1.npy,A
v=N2rnBxCmbIE__#1_label_A__2.npy,A
v=N2rnBxCmbIE__#1_label_A__3.npy,A
v=N2rnBxCmbIE__#1_label_A__4.npy,A
v=N2rnBxCmbIE__#1_label_A__5.npy,A
v=N2rnBxCmbIE__#1_label_A__6.npy,A
v=N2rnBxCmbIE__#1_label_A__7.npy,A
v=N2rnBxCmbIE__#1_label_A__8.npy,A
v=N2rnBxCmbIE__#1_label_A__9.npy,A
v=pxmthSPzu34__#1_label_A__0.npy,A
v=pxmthSPzu34__#1_label_A__1.npy,A
v=pxmthSPzu34__#1_label_A__2.npy,A
v=pxmthSPzu34__#1_label_A__3.npy,A
v=pxmthSPzu34__#1_label_A__4.npy,A
v=pxmthSPzu34__#1_label_A__5.npy,A
v=pxmthSPzu34__#1_label_A__6.npy,A
v=pxmthSPzu34__#1_label_A__7.npy,A
v=pxmthSPzu34__#1_label_A__8.npy,A
v=pxmthSPzu34__#1_label_A__9.npy,A
v=XjRhYP-OXdM__#00-18-00_00-22-00_label_A__0.npy,A
v=XjRhYP-OXdM__#00-18-00_00-22-00_label_A__1.npy,A
v=XjRhYP-OXdM__#00-18-00_00-22-00_label_A__2.npy,A
v=XjRhYP-OXdM__#00-18-00_00-22-00_label_A__3.npy,A
v=XjRhYP-OXdM__#00-18-00_00-22-00_label_A__4.npy,A
v=XjRhYP-OXdM__#00-18-00_00-22-00_label_A__5.npy,A
v=XjRhYP-OXdM__#00-18-00_00-22-00_label_A__6.npy,A
v=XjRhYP-OXdM__#00-18-00_00-22-00_label_A__7.npy,A
v=XjRhYP-OXdM__#00-18-00_00-22-00_label_A__8.npy,A
v=XjRhYP-OXdM__#00-18-00_00-22-00_label_A__9.npy,A
Before.Sunset.2004__#01-02-40_01-06-51_label_A__0.npy,A
Before.Sunset.2004__#01-02-40_01-06-51_label_A__1.npy,A
Before.Sunset.2004__#01-02-40_01-06-51_label_A__2.npy,A
Before.Sunset.2004__#01-02-40_01-06-51_label_A__3.npy,A
Before.Sunset.2004__#01-02-40_01-06-51_label_A__4.npy,A
Before.Sunset.2004__#01-02-40_01-06-51_label_A__5.npy,A
Before.Sunset.2004__#01-02-40_01-06-51_label_A__6.npy,A
Before.Sunset.2004__#01-02-40_01-06-51_label_A__7.npy,A
Before.Sunset.2004__#01-02-40_01-06-51_label_A__8.npy,A
Before.Sunset.2004__#01-02-40_01-06-51_label_A__9.npy,A
Hear.Me.2009__#00-45-40_00-47-30_label_A__0.npy,A
Hear.Me.2009__#00-45-40_00-47-30_label_A__1.npy,A
Hear.Me.2009__#00-45-40_00-47-30_label_A__2.npy,A
Hear.Me.2009__#00-45-40_00-47-30_label_A__3.npy,A
Hear.Me.2009__#00-45-40_00-47-30_label_A__4.npy,A
Hear.Me.2009__#00-45-40_00-47-30_label_A__5.npy,A
Hear.Me.2009__#00-45-40_00-47-30_label_A__6.npy,A
Hear.Me.2009__#00-45-40_00-47-30_label_A__7.npy,A
Hear.Me.2009__#00-45-40_00-47-30_label_A__8.npy,A
Hear.Me.2009__#00-45-40_00-47-30_label_A__9.npy,A
v=nzuXNuCrezQ__#1_label_A__0.npy,A
v=nzuXNuCrezQ__#1_label_A__1.npy,A
v=nzuXNuCrezQ__#1_label_A__2.npy,A
v=nzuXNuCrezQ__#1_label_A__3.npy,A
v=nzuXNuCrezQ__#1_label_A__4.npy,A
v=nzuXNuCrezQ__#1_label_A__5.npy,A
v=nzuXNuCrezQ__#1_label_A__6.npy,A
v=nzuXNuCrezQ__#1_label_A__7.npy,A
v=nzuXNuCrezQ__#1_label_A__8.npy,A
v=nzuXNuCrezQ__#1_label_A__9.npy,A
v=AkmE_lsuwok__#1_label_A__0.npy,A
v=AkmE_lsuwok__#1_label_A__1.npy,A
v=AkmE_lsuwok__#1_label_A__2.npy,A
v=AkmE_lsuwok__#1_label_A__3.npy,A
v=AkmE_lsuwok__#1_label_A__4.npy,A
v=AkmE_lsuwok__#1_label_A__5.npy,A
v=AkmE_lsuwok__#1_label_A__6.npy,A
v=AkmE_lsuwok__#1_label_A__7.npy,A
v=AkmE_lsuwok__#1_label_A__8.npy,A
v=AkmE_lsuwok__#1_label_A__9.npy,A
v=DR6SZ354vIw__#1_label_A__0.npy,A
v=DR6SZ354vIw__#1_label_A__1.npy,A
v=DR6SZ354vIw__#1_label_A__2.npy,A
v=DR6SZ354vIw__#1_label_A__3.npy,A
v=DR6SZ354vIw__#1_label_A__4.npy,A
v=DR6SZ354vIw__#1_label_A__5.npy,A
v=DR6SZ354vIw__#1_label_A__6.npy,A
v=DR6SZ354vIw__#1_label_A__7.npy,A
v=DR6SZ354vIw__#1_label_A__8.npy,A
v=DR6SZ354vIw__#1_label_A__9.npy,A
v=q2SP66Jb6Cw__#00-24-00_00-30-00_label_A__0.npy,A
v=q2SP66Jb6Cw__#00-24-00_00-30-00_label_A__1.npy,A
v=q2SP66Jb6Cw__#00-24-00_00-30-00_label_A__2.npy,A
v=q2SP66Jb6Cw__#00-24-00_00-30-00_label_A__3.npy,A
v=q2SP66Jb6Cw__#00-24-00_00-30-00_label_A__4.npy,A
v=q2SP66Jb6Cw__#00-24-00_00-30-00_label_A__5.npy,A
v=q2SP66Jb6Cw__#00-24-00_00-30-00_label_A__6.npy,A
v=q2SP66Jb6Cw__#00-24-00_00-30-00_label_A__7.npy,A
v=q2SP66Jb6Cw__#00-24-00_00-30-00_label_A__8.npy,A
v=q2SP66Jb6Cw__#00-24-00_00-30-00_label_A__9.npy,A
v=q2SP66Jb6Cw__#00-48-00_00-54-00_label_A__0.npy,A
v=q2SP66Jb6Cw__#00-48-00_00-54-00_label_A__1.npy,A
v=q2SP66Jb6Cw__#00-48-00_00-54-00_label_A__2.npy,A
v=q2SP66Jb6Cw__#00-48-00_00-54-00_label_A__3.npy,A
v=q2SP66Jb6Cw__#00-48-00_00-54-00_label_A__4.npy,A
v=q2SP66Jb6Cw__#00-48-00_00-54-00_label_A__5.npy,A
v=q2SP66Jb6Cw__#00-48-00_00-54-00_label_A__6.npy,A
v=q2SP66Jb6Cw__#00-48-00_00-54-00_label_A__7.npy,A
v=q2SP66Jb6Cw__#00-48-00_00-54-00_label_A__8.npy,A
v=q2SP66Jb6Cw__#00-48-00_00-54-00_label_A__9.npy,A
v=KvqhpLyR-bE__#1_label_A__0.npy,A
v=KvqhpLyR-bE__#1_label_A__1.npy,A
v=KvqhpLyR-bE__#1_label_A__2.npy,A
v=KvqhpLyR-bE__#1_label_A__3.npy,A
v=KvqhpLyR-bE__#1_label_A__4.npy,A
v=KvqhpLyR-bE__#1_label_A__5.npy,A
v=KvqhpLyR-bE__#1_label_A__6.npy,A
v=KvqhpLyR-bE__#1_label_A__7.npy,A
v=KvqhpLyR-bE__#1_label_A__8.npy,A
v=KvqhpLyR-bE__#1_label_A__9.npy,A
v=P_w9DifJuAU__#1_label_A__0.npy,A
v=P_w9DifJuAU__#1_label_A__1.npy,A
v=P_w9DifJuAU__#1_label_A__2.npy,A
v=P_w9DifJuAU__#1_label_A__3.npy,A
v=P_w9DifJuAU__#1_label_A__4.npy,A
v=P_w9DifJuAU__#1_label_A__5.npy,A
v=P_w9DifJuAU__#1_label_A__6.npy,A
v=P_w9DifJuAU__#1_label_A__7.npy,A
v=P_w9DifJuAU__#1_label_A__8.npy,A
v=P_w9DifJuAU__#1_label_A__9.npy,A
Still.Walking.2008__#00-04-20_00-05-35_label_A__0.npy,A
Still.Walking.2008__#00-04-20_00-05-35_label_A__1.npy,A
Still.Walking.2008__#00-04-20_00-05-35_label_A__2.npy,A
Still.Walking.2008__#00-04-20_00-05-35_label_A__3.npy,A
Still.Walking.2008__#00-04-20_00-05-35_label_A__4.npy,A
Still.Walking.2008__#00-04-20_00-05-35_label_A__5.npy,A
Still.Walking.2008__#00-04-20_00-05-35_label_A__6.npy,A
Still.Walking.2008__#00-04-20_00-05-35_label_A__7.npy,A
Still.Walking.2008__#00-04-20_00-05-35_label_A__8.npy,A
Still.Walking.2008__#00-04-20_00-05-35_label_A__9.npy,A
Casino.Royale.2006__#00-32-34_00-35-11_label_A__0.npy,A
Casino.Royale.2006__#00-32-34_00-35-11_label_A__1.npy,A
Casino.Royale.2006__#00-32-34_00-35-11_label_A__2.npy,A
Casino.Royale.2006__#00-32-34_00-35-11_label_A__3.npy,A
Casino.Royale.2006__#00-32-34_00-35-11_label_A__4.npy,A
Casino.Royale.2006__#00-32-34_00-35-11_label_A__5.npy,A
Casino.Royale.2006__#00-32-34_00-35-11_label_A__6.npy,A
Casino.Royale.2006__#00-32-34_00-35-11_label_A__7.npy,A
Casino.Royale.2006__#00-32-34_00-35-11_label_A__8.npy,A
Casino.Royale.2006__#00-32-34_00-35-11_label_A__9.npy,A
v=ubGKrwPmIzw__#1_label_A__0.npy,A
v=ubGKrwPmIzw__#1_label_A__1.npy,A
v=ubGKrwPmIzw__#1_label_A__2.npy,A
v=ubGKrwPmIzw__#1_label_A__3.npy,A
v=ubGKrwPmIzw__#1_label_A__4.npy,A
v=ubGKrwPmIzw__#1_label_A__5.npy,A
v=ubGKrwPmIzw__#1_label_A__6.npy,A
v=ubGKrwPmIzw__#1_label_A__7.npy,A
v=ubGKrwPmIzw__#1_label_A__8.npy,A
v=ubGKrwPmIzw__#1_label_A__9.npy,A
v=xTJcASRxbfI__#1_label_A__0.npy,A
v=xTJcASRxbfI__#1_label_A__1.npy,A
v=xTJcASRxbfI__#1_label_A__2.npy,A
v=xTJcASRxbfI__#1_label_A__3.npy,A
v=xTJcASRxbfI__#1_label_A__4.npy,A
v=xTJcASRxbfI__#1_label_A__5.npy,A
v=xTJcASRxbfI__#1_label_A__6.npy,A
v=xTJcASRxbfI__#1_label_A__7.npy,A
v=xTJcASRxbfI__#1_label_A__8.npy,A
v=xTJcASRxbfI__#1_label_A__9.npy,A
v=86HXgfGC7ag__#1_label_A__0.npy,A
v=86HXgfGC7ag__#1_label_A__1.npy,A
v=86HXgfGC7ag__#1_label_A__2.npy,A
v=86HXgfGC7ag__#1_label_A__3.npy,A
v=86HXgfGC7ag__#1_label_A__4.npy,A
v=86HXgfGC7ag__#1_label_A__5.npy,A
v=86HXgfGC7ag__#1_label_A__6.npy,A
v=86HXgfGC7ag__#1_label_A__7.npy,A
v=86HXgfGC7ag__#1_label_A__8.npy,A
v=86HXgfGC7ag__#1_label_A__9.npy,A
Lord.of.War__#00-28-20_00-29-08_label_A__0.npy,A
Lord.of.War__#00-28-20_00-29-08_label_A__1.npy,A
Lord.of.War__#00-28-20_00-29-08_label_A__2.npy,A
Lord.of.War__#00-28-20_00-29-08_label_A__3.npy,A
Lord.of.War__#00-28-20_00-29-08_label_A__4.npy,A
Lord.of.War__#00-28-20_00-29-08_label_A__5.npy,A
Lord.of.War__#00-28-20_00-29-08_label_A__6.npy,A
Lord.of.War__#00-28-20_00-29-08_label_A__7.npy,A
Lord.of.War__#00-28-20_00-29-08_label_A__8.npy,A
Lord.of.War__#00-28-20_00-29-08_label_A__9.npy,A
v=yZ2wlTAN49g__#00-18-00_00-21-07_label_A__0.npy,A
v=yZ2wlTAN49g__#00-18-00_00-21-07_label_A__1.npy,A
v=yZ2wlTAN49g__#00-18-00_00-21-07_label_A__2.npy,A
v=yZ2wlTAN49g__#00-18-00_00-21-07_label_A__3.npy,A
v=yZ2wlTAN49g__#00-18-00_00-21-07_label_A__4.npy,A
v=yZ2wlTAN49g__#00-18-00_00-21-07_label_A__5.npy,A
v=yZ2wlTAN49g__#00-18-00_00-21-07_label_A__6.npy,A
v=yZ2wlTAN49g__#00-18-00_00-21-07_label_A__7.npy,A
v=yZ2wlTAN49g__#00-18-00_00-21-07_label_A__8.npy,A
v=yZ2wlTAN49g__#00-18-00_00-21-07_label_A__9.npy,A
The.Bourne.Legacy.2012__#01-14-41_01-14-59_label_A__0.npy,A
The.Bourne.Legacy.2012__#01-14-41_01-14-59_label_A__1.npy,A
The.Bourne.Legacy.2012__#01-14-41_01-14-59_label_A__2.npy,A
The.Bourne.Legacy.2012__#01-14-41_01-14-59_label_A__3.npy,A
The.Bourne.Legacy.2012__#01-14-41_01-14-59_label_A__4.npy,A
The.Bourne.Legacy.2012__#01-14-41_01-14-59_label_A__5.npy,A
The.Bourne.Legacy.2012__#01-14-41_01-14-59_label_A__6.npy,A
The.Bourne.Legacy.2012__#01-14-41_01-14-59_label_A__7.npy,A
The.Bourne.Legacy.2012__#01-14-41_01-14-59_label_A__8.npy,A
The.Bourne.Legacy.2012__#01-14-41_01-14-59_label_A__9.npy,A
v=Y-h3M082MWc__#1_label_A__0.npy,A
v=Y-h3M082MWc__#1_label_A__1.npy,A
v=Y-h3M082MWc__#1_label_A__2.npy,A
v=Y-h3M082MWc__#1_label_A__3.npy,A
v=Y-h3M082MWc__#1_label_A__4.npy,A
v=Y-h3M082MWc__#1_label_A__5.npy,A
v=Y-h3M082MWc__#1_label_A__6.npy,A
v=Y-h3M082MWc__#1_label_A__7.npy,A
v=Y-h3M082MWc__#1_label_A__8.npy,A
v=Y-h3M082MWc__#1_label_A__9.npy,A
v=yZ2wlTAN49g__#00-15-00_00-18-00_label_A__0.npy,A
v=yZ2wlTAN49g__#00-15-00_00-18-00_label_A__1.npy,A
v=yZ2wlTAN49g__#00-15-00_00-18-00_label_A__2.npy,A
v=yZ2wlTAN49g__#00-15-00_00-18-00_label_A__3.npy,A
v=yZ2wlTAN49g__#00-15-00_00-18-00_label_A__4.npy,A
v=yZ2wlTAN49g__#00-15-00_00-18-00_label_A__5.npy,A
v=yZ2wlTAN49g__#00-15-00_00-18-00_label_A__6.npy,A
v=yZ2wlTAN49g__#00-15-00_00-18-00_label_A__7.npy,A
v=yZ2wlTAN49g__#00-15-00_00-18-00_label_A__8.npy,A
v=yZ2wlTAN49g__#00-15-00_00-18-00_label_A__9.npy,A
Spectre.2015__#01-26-15_01-27-29_label_A__0.npy,A
Spectre.2015__#01-26-15_01-27-29_label_A__1.npy,A
Spectre.2015__#01-26-15_01-27-29_label_A__2.npy,A
Spectre.2015__#01-26-15_01-27-29_label_A__3.npy,A
Spectre.2015__#01-26-15_01-27-29_label_A__4.npy,A
Spectre.2015__#01-26-15_01-27-29_label_A__5.npy,A
Spectre.2015__#01-26-15_01-27-29_label_A__6.npy,A
Spectre.2015__#01-26-15_01-27-29_label_A__7.npy,A
Spectre.2015__#01-26-15_01-27-29_label_A__8.npy,A
Spectre.2015__#01-26-15_01-27-29_label_A__9.npy,A
v=joQ75X2brJ8__#1_label_A__0.npy,A
v=joQ75X2brJ8__#1_label_A__1.npy,A
v=joQ75X2brJ8__#1_label_A__2.npy,A
v=joQ75X2brJ8__#1_label_A__3.npy,A
v=joQ75X2brJ8__#1_label_A__4.npy,A
v=joQ75X2brJ8__#1_label_A__5.npy,A
v=joQ75X2brJ8__#1_label_A__6.npy,A
v=joQ75X2brJ8__#1_label_A__7.npy,A
v=joQ75X2brJ8__#1_label_A__8.npy,A
v=joQ75X2brJ8__#1_label_A__9.npy,A
v=9eME1y6V-T4__#00-48-00_00-54-00_label_A__0.npy,A
v=9eME1y6V-T4__#00-48-00_00-54-00_label_A__1.npy,A
v=9eME1y6V-T4__#00-48-00_00-54-00_label_A__2.npy,A
v=9eME1y6V-T4__#00-48-00_00-54-00_label_A__3.npy,A
v=9eME1y6V-T4__#00-48-00_00-54-00_label_A__4.npy,A
v=9eME1y6V-T4__#00-48-00_00-54-00_label_A__5.npy,A
v=9eME1y6V-T4__#00-48-00_00-54-00_label_A__6.npy,A
v=9eME1y6V-T4__#00-48-00_00-54-00_label_A__7.npy,A
v=9eME1y6V-T4__#00-48-00_00-54-00_label_A__8.npy,A
v=9eME1y6V-T4__#00-48-00_00-54-00_label_A__9.npy,A
Good.Will.Hunting.1997__#01-42-06_01-45-53_label_A__0.npy,A
Good.Will.Hunting.1997__#01-42-06_01-45-53_label_A__1.npy,A
Good.Will.Hunting.1997__#01-42-06_01-45-53_label_A__2.npy,A
Good.Will.Hunting.1997__#01-42-06_01-45-53_label_A__3.npy,A
Good.Will.Hunting.1997__#01-42-06_01-45-53_label_A__4.npy,A
Good.Will.Hunting.1997__#01-42-06_01-45-53_label_A__5.npy,A
Good.Will.Hunting.1997__#01-42-06_01-45-53_label_A__6.npy,A
Good.Will.Hunting.1997__#01-42-06_01-45-53_label_A__7.npy,A
Good.Will.Hunting.1997__#01-42-06_01-45-53_label_A__8.npy,A
Good.Will.Hunting.1997__#01-42-06_01-45-53_label_A__9.npy,A
The.Attorney.2013__#01-09-30_01-16-59_label_A__0.npy,A
The.Attorney.2013__#01-09-30_01-16-59_label_A__1.npy,A
The.Attorney.2013__#01-09-30_01-16-59_label_A__2.npy,A
The.Attorney.2013__#01-09-30_01-16-59_label_A__3.npy,A
The.Attorney.2013__#01-09-30_01-16-59_label_A__4.npy,A
The.Attorney.2013__#01-09-30_01-16-59_label_A__5.npy,A
The.Attorney.2013__#01-09-30_01-16-59_label_A__6.npy,A
The.Attorney.2013__#01-09-30_01-16-59_label_A__7.npy,A
The.Attorney.2013__#01-09-30_01-16-59_label_A__8.npy,A
The.Attorney.2013__#01-09-30_01-16-59_label_A__9.npy,A
v=ZPV2OzkQy1M__#1_label_A__0.npy,A
v=ZPV2OzkQy1M__#1_label_A__1.npy,A
v=ZPV2OzkQy1M__#1_label_A__2.npy,A
v=ZPV2OzkQy1M__#1_label_A__3.npy,A
v=ZPV2OzkQy1M__#1_label_A__4.npy,A
v=ZPV2OzkQy1M__#1_label_A__5.npy,A
v=ZPV2OzkQy1M__#1_label_A__6.npy,A
v=ZPV2OzkQy1M__#1_label_A__7.npy,A
v=ZPV2OzkQy1M__#1_label_A__8.npy,A
v=ZPV2OzkQy1M__#1_label_A__9.npy,A
Casino.Royale.2006__#00-00-37_00-01-52_label_A__0.npy,A
Casino.Royale.2006__#00-00-37_00-01-52_label_A__1.npy,A
Casino.Royale.2006__#00-00-37_00-01-52_label_A__2.npy,A
Casino.Royale.2006__#00-00-37_00-01-52_label_A__3.npy,A
Casino.Royale.2006__#00-00-37_00-01-52_label_A__4.npy,A
Casino.Royale.2006__#00-00-37_00-01-52_label_A__5.npy,A
Casino.Royale.2006__#00-00-37_00-01-52_label_A__6.npy,A
Casino.Royale.2006__#00-00-37_00-01-52_label_A__7.npy,A
Casino.Royale.2006__#00-00-37_00-01-52_label_A__8.npy,A
Casino.Royale.2006__#00-00-37_00-01-52_label_A__9.npy,A
v=vFPQ_NiDBIU__#02-00-00_02-06-00_label_A__0.npy,A
v=vFPQ_NiDBIU__#02-00-00_02-06-00_label_A__1.npy,A
v=vFPQ_NiDBIU__#02-00-00_02-06-00_label_A__2.npy,A
v=vFPQ_NiDBIU__#02-00-00_02-06-00_label_A__3.npy,A
v=vFPQ_NiDBIU__#02-00-00_02-06-00_label_A__4.npy,A
v=vFPQ_NiDBIU__#02-00-00_02-06-00_label_A__5.npy,A
v=vFPQ_NiDBIU__#02-00-00_02-06-00_label_A__6.npy,A
v=vFPQ_NiDBIU__#02-00-00_02-06-00_label_A__7.npy,A
v=vFPQ_NiDBIU__#02-00-00_02-06-00_label_A__8.npy,A
v=vFPQ_NiDBIU__#02-00-00_02-06-00_label_A__9.npy,A
v=png6cUURZB8__#1_label_A__0.npy,A
v=png6cUURZB8__#1_label_A__1.npy,A
v=png6cUURZB8__#1_label_A__2.npy,A
v=png6cUURZB8__#1_label_A__3.npy,A
v=png6cUURZB8__#1_label_A__4.npy,A
v=png6cUURZB8__#1_label_A__5.npy,A
v=png6cUURZB8__#1_label_A__6.npy,A
v=png6cUURZB8__#1_label_A__7.npy,A
v=png6cUURZB8__#1_label_A__8.npy,A
v=png6cUURZB8__#1_label_A__9.npy,A
v=poDgC0LfsDM__#1_label_A__0.npy,A
v=poDgC0LfsDM__#1_label_A__1.npy,A
v=poDgC0LfsDM__#1_label_A__2.npy,A
v=poDgC0LfsDM__#1_label_A__3.npy,A
v=poDgC0LfsDM__#1_label_A__4.npy,A
v=poDgC0LfsDM__#1_label_A__5.npy,A
v=poDgC0LfsDM__#1_label_A__6.npy,A
v=poDgC0LfsDM__#1_label_A__7.npy,A
v=poDgC0LfsDM__#1_label_A__8.npy,A
v=poDgC0LfsDM__#1_label_A__9.npy,A
Ip.Man.2008__#00-24-28_00-25-21_label_A__0.npy,A
Ip.Man.2008__#00-24-28_00-25-21_label_A__1.npy,A
Ip.Man.2008__#00-24-28_00-25-21_label_A__2.npy,A
Ip.Man.2008__#00-24-28_00-25-21_label_A__3.npy,A
Ip.Man.2008__#00-24-28_00-25-21_label_A__4.npy,A
Ip.Man.2008__#00-24-28_00-25-21_label_A__5.npy,A
Ip.Man.2008__#00-24-28_00-25-21_label_A__6.npy,A
Ip.Man.2008__#00-24-28_00-25-21_label_A__7.npy,A
Ip.Man.2008__#00-24-28_00-25-21_label_A__8.npy,A
Ip.Man.2008__#00-24-28_00-25-21_label_A__9.npy,A
v=waM5xzhjG48__#1_label_A__0.npy,A
v=waM5xzhjG48__#1_label_A__1.npy,A
v=waM5xzhjG48__#1_label_A__2.npy,A
v=waM5xzhjG48__#1_label_A__3.npy,A
v=waM5xzhjG48__#1_label_A__4.npy,A
v=waM5xzhjG48__#1_label_A__5.npy,A
v=waM5xzhjG48__#1_label_A__6.npy,A
v=waM5xzhjG48__#1_label_A__7.npy,A
v=waM5xzhjG48__#1_label_A__8.npy,A
v=waM5xzhjG48__#1_label_A__9.npy,A
wangted.2008__#01-20-48_01-22-08_label_A__0.npy,A
wangted.2008__#01-20-48_01-22-08_label_A__1.npy,A
wangted.2008__#01-20-48_01-22-08_label_A__2.npy,A
wangted.2008__#01-20-48_01-22-08_label_A__3.npy,A
wangted.2008__#01-20-48_01-22-08_label_A__4.npy,A
wangted.2008__#01-20-48_01-22-08_label_A__5.npy,A
wangted.2008__#01-20-48_01-22-08_label_A__6.npy,A
wangted.2008__#01-20-48_01-22-08_label_A__7.npy,A
wangted.2008__#01-20-48_01-22-08_label_A__8.npy,A
wangted.2008__#01-20-48_01-22-08_label_A__9.npy,A
Brick.Mansions.2014__#01-22-49_01-24-59_label_A__0.npy,A
Brick.Mansions.2014__#01-22-49_01-24-59_label_A__1.npy,A
Brick.Mansions.2014__#01-22-49_01-24-59_label_A__2.npy,A
Brick.Mansions.2014__#01-22-49_01-24-59_label_A__3.npy,A
Brick.Mansions.2014__#01-22-49_01-24-59_label_A__4.npy,A
Brick.Mansions.2014__#01-22-49_01-24-59_label_A__5.npy,A
Brick.Mansions.2014__#01-22-49_01-24-59_label_A__6.npy,A
Brick.Mansions.2014__#01-22-49_01-24-59_label_A__7.npy,A
Brick.Mansions.2014__#01-22-49_01-24-59_label_A__8.npy,A
Brick.Mansions.2014__#01-22-49_01-24-59_label_A__9.npy,A
v=gLE69BZvGpU__#1_label_A__0.npy,A
v=gLE69BZvGpU__#1_label_A__1.npy,A
v=gLE69BZvGpU__#1_label_A__2.npy,A
v=gLE69BZvGpU__#1_label_A__3.npy,A
v=gLE69BZvGpU__#1_label_A__4.npy,A
v=gLE69BZvGpU__#1_label_A__5.npy,A
v=gLE69BZvGpU__#1_label_A__6.npy,A
v=gLE69BZvGpU__#1_label_A__7.npy,A
v=gLE69BZvGpU__#1_label_A__8.npy,A
v=gLE69BZvGpU__#1_label_A__9.npy,A
v=lRILZpZjv2M__#1_label_A__0.npy,A
v=lRILZpZjv2M__#1_label_A__1.npy,A
v=lRILZpZjv2M__#1_label_A__2.npy,A
v=lRILZpZjv2M__#1_label_A__3.npy,A
v=lRILZpZjv2M__#1_label_A__4.npy,A
v=lRILZpZjv2M__#1_label_A__5.npy,A
v=lRILZpZjv2M__#1_label_A__6.npy,A
v=lRILZpZjv2M__#1_label_A__7.npy,A
v=lRILZpZjv2M__#1_label_A__8.npy,A
v=lRILZpZjv2M__#1_label_A__9.npy,A
Yellow.Sea.2010__#01-13-19_01-14-20_label_A__0.npy,A
Yellow.Sea.2010__#01-13-19_01-14-20_label_A__1.npy,A
Yellow.Sea.2010__#01-13-19_01-14-20_label_A__2.npy,A
Yellow.Sea.2010__#01-13-19_01-14-20_label_A__3.npy,A
Yellow.Sea.2010__#01-13-19_01-14-20_label_A__4.npy,A
Yellow.Sea.2010__#01-13-19_01-14-20_label_A__5.npy,A
Yellow.Sea.2010__#01-13-19_01-14-20_label_A__6.npy,A
Yellow.Sea.2010__#01-13-19_01-14-20_label_A__7.npy,A
Yellow.Sea.2010__#01-13-19_01-14-20_label_A__8.npy,A
Yellow.Sea.2010__#01-13-19_01-14-20_label_A__9.npy,A
v=hdPTRcsFN5w__#00-09-00_00-12-00_label_A__0.npy,A
v=hdPTRcsFN5w__#00-09-00_00-12-00_label_A__1.npy,A
v=hdPTRcsFN5w__#00-09-00_00-12-00_label_A__2.npy,A
v=hdPTRcsFN5w__#00-09-00_00-12-00_label_A__3.npy,A
v=hdPTRcsFN5w__#00-09-00_00-12-00_label_A__4.npy,A
v=hdPTRcsFN5w__#00-09-00_00-12-00_label_A__5.npy,A
v=hdPTRcsFN5w__#00-09-00_00-12-00_label_A__6.npy,A
v=hdPTRcsFN5w__#00-09-00_00-12-00_label_A__7.npy,A
v=hdPTRcsFN5w__#00-09-00_00-12-00_label_A__8.npy,A
v=hdPTRcsFN5w__#00-09-00_00-12-00_label_A__9.npy,A
Good.Will.Hunting.1997__#00-45-40_00-47-30_label_A__0.npy,A
Good.Will.Hunting.1997__#00-45-40_00-47-30_label_A__1.npy,A
Good.Will.Hunting.1997__#00-45-40_00-47-30_label_A__2.npy,A
Good.Will.Hunting.1997__#00-45-40_00-47-30_label_A__3.npy,A
Good.Will.Hunting.1997__#00-45-40_00-47-30_label_A__4.npy,A
Good.Will.Hunting.1997__#00-45-40_00-47-30_label_A__5.npy,A
Good.Will.Hunting.1997__#00-45-40_00-47-30_label_A__6.npy,A
Good.Will.Hunting.1997__#00-45-40_00-47-30_label_A__7.npy,A
Good.Will.Hunting.1997__#00-45-40_00-47-30_label_A__8.npy,A
Good.Will.Hunting.1997__#00-45-40_00-47-30_label_A__9.npy,A
v=PyMgIpzcqVA__#1_label_A__0.npy,A
v=PyMgIpzcqVA__#1_label_A__1.npy,A
v=PyMgIpzcqVA__#1_label_A__2.npy,A
v=PyMgIpzcqVA__#1_label_A__3.npy,A
v=PyMgIpzcqVA__#1_label_A__4.npy,A
v=PyMgIpzcqVA__#1_label_A__5.npy,A
v=PyMgIpzcqVA__#1_label_A__6.npy,A
v=PyMgIpzcqVA__#1_label_A__7.npy,A
v=PyMgIpzcqVA__#1_label_A__8.npy,A
v=PyMgIpzcqVA__#1_label_A__9.npy,A
Fast.Furious.6.2013__#01-57-49_02-02-00_label_A__0.npy,A
Fast.Furious.6.2013__#01-57-49_02-02-00_label_A__1.npy,A
Fast.Furious.6.2013__#01-57-49_02-02-00_label_A__2.npy,A
Fast.Furious.6.2013__#01-57-49_02-02-00_label_A__3.npy,A
Fast.Furious.6.2013__#01-57-49_02-02-00_label_A__4.npy,A
Fast.Furious.6.2013__#01-57-49_02-02-00_label_A__5.npy,A
Fast.Furious.6.2013__#01-57-49_02-02-00_label_A__6.npy,A
Fast.Furious.6.2013__#01-57-49_02-02-00_label_A__7.npy,A
Fast.Furious.6.2013__#01-57-49_02-02-00_label_A__8.npy,A
Fast.Furious.6.2013__#01-57-49_02-02-00_label_A__9.npy,A
Shoplifters.2018__#00-04-20_00-05-35_label_A__0.npy,A
Shoplifters.2018__#00-04-20_00-05-35_label_A__1.npy,A
Shoplifters.2018__#00-04-20_00-05-35_label_A__2.npy,A
Shoplifters.2018__#00-04-20_00-05-35_label_A__3.npy,A
Shoplifters.2018__#00-04-20_00-05-35_label_A__4.npy,A
Shoplifters.2018__#00-04-20_00-05-35_label_A__5.npy,A
Shoplifters.2018__#00-04-20_00-05-35_label_A__6.npy,A
Shoplifters.2018__#00-04-20_00-05-35_label_A__7.npy,A
Shoplifters.2018__#00-04-20_00-05-35_label_A__8.npy,A
Shoplifters.2018__#00-04-20_00-05-35_label_A__9.npy,A
From.Dusk.Till.Dawn.1996__#00-00-36_00-04-16_label_A__0.npy,A
From.Dusk.Till.Dawn.1996__#00-00-36_00-04-16_label_A__1.npy,A
From.Dusk.Till.Dawn.1996__#00-00-36_00-04-16_label_A__2.npy,A
From.Dusk.Till.Dawn.1996__#00-00-36_00-04-16_label_A__3.npy,A
From.Dusk.Till.Dawn.1996__#00-00-36_00-04-16_label_A__4.npy,A
From.Dusk.Till.Dawn.1996__#00-00-36_00-04-16_label_A__5.npy,A
From.Dusk.Till.Dawn.1996__#00-00-36_00-04-16_label_A__6.npy,A
From.Dusk.Till.Dawn.1996__#00-00-36_00-04-16_label_A__7.npy,A
From.Dusk.Till.Dawn.1996__#00-00-36_00-04-16_label_A__8.npy,A
From.Dusk.Till.Dawn.1996__#00-00-36_00-04-16_label_A__9.npy,A
v=cvEJ5WFk2KE__#00-09-00_00-12-00_label_A__0.npy,A
v=cvEJ5WFk2KE__#00-09-00_00-12-00_label_A__1.npy,A
v=cvEJ5WFk2KE__#00-09-00_00-12-00_label_A__2.npy,A
v=cvEJ5WFk2KE__#00-09-00_00-12-00_label_A__3.npy,A
v=cvEJ5WFk2KE__#00-09-00_00-12-00_label_A__4.npy,A
v=cvEJ5WFk2KE__#00-09-00_00-12-00_label_A__5.npy,A
v=cvEJ5WFk2KE__#00-09-00_00-12-00_label_A__6.npy,A
v=cvEJ5WFk2KE__#00-09-00_00-12-00_label_A__7.npy,A
v=cvEJ5WFk2KE__#00-09-00_00-12-00_label_A__8.npy,A
v=cvEJ5WFk2KE__#00-09-00_00-12-00_label_A__9.npy,A
Mission.Impossible.Ghost.Protocol.2011__#00-23-53_00-25-13_label_A__0.npy,A
Mission.Impossible.Ghost.Protocol.2011__#00-23-53_00-25-13_label_A__1.npy,A
Mission.Impossible.Ghost.Protocol.2011__#00-23-53_00-25-13_label_A__2.npy,A
Mission.Impossible.Ghost.Protocol.2011__#00-23-53_00-25-13_label_A__3.npy,A
Mission.Impossible.Ghost.Protocol.2011__#00-23-53_00-25-13_label_A__4.npy,A
Mission.Impossible.Ghost.Protocol.2011__#00-23-53_00-25-13_label_A__5.npy,A
Mission.Impossible.Ghost.Protocol.2011__#00-23-53_00-25-13_label_A__6.npy,A
Mission.Impossible.Ghost.Protocol.2011__#00-23-53_00-25-13_label_A__7.npy,A
Mission.Impossible.Ghost.Protocol.2011__#00-23-53_00-25-13_label_A__8.npy,A
Mission.Impossible.Ghost.Protocol.2011__#00-23-53_00-25-13_label_A__9.npy,A
Still.Walking.2008__#01-09-30_01-16-59_label_A__0.npy,A
Still.Walking.2008__#01-09-30_01-16-59_label_A__1.npy,A
Still.Walking.2008__#01-09-30_01-16-59_label_A__2.npy,A
Still.Walking.2008__#01-09-30_01-16-59_label_A__3.npy,A
Still.Walking.2008__#01-09-30_01-16-59_label_A__4.npy,A
Still.Walking.2008__#01-09-30_01-16-59_label_A__5.npy,A
Still.Walking.2008__#01-09-30_01-16-59_label_A__6.npy,A
Still.Walking.2008__#01-09-30_01-16-59_label_A__7.npy,A
Still.Walking.2008__#01-09-30_01-16-59_label_A__8.npy,A
Still.Walking.2008__#01-09-30_01-16-59_label_A__9.npy,A
Love.Actually.2003__#00-04-20_00-06-05_label_A__0.npy,A
Love.Actually.2003__#00-04-20_00-06-05_label_A__1.npy,A
Love.Actually.2003__#00-04-20_00-06-05_label_A__2.npy,A
Love.Actually.2003__#00-04-20_00-06-05_label_A__3.npy,A
Love.Actually.2003__#00-04-20_00-06-05_label_A__4.npy,A
Love.Actually.2003__#00-04-20_00-06-05_label_A__5.npy,A
Love.Actually.2003__#00-04-20_00-06-05_label_A__6.npy,A
Love.Actually.2003__#00-04-20_00-06-05_label_A__7.npy,A
Love.Actually.2003__#00-04-20_00-06-05_label_A__8.npy,A
Love.Actually.2003__#00-04-20_00-06-05_label_A__9.npy,A
v=qLYjkTEqxEU__#1_label_A__0.npy,A
v=qLYjkTEqxEU__#1_label_A__1.npy,A
v=qLYjkTEqxEU__#1_label_A__2.npy,A
v=qLYjkTEqxEU__#1_label_A__3.npy,A
v=qLYjkTEqxEU__#1_label_A__4.npy,A
v=qLYjkTEqxEU__#1_label_A__5.npy,A
v=qLYjkTEqxEU__#1_label_A__6.npy,A
v=qLYjkTEqxEU__#1_label_A__7.npy,A
v=qLYjkTEqxEU__#1_label_A__8.npy,A
v=qLYjkTEqxEU__#1_label_A__9.npy,A
v=XjRhYP-OXdM__#00-00-00_00-03-00_label_A__0.npy,A
v=XjRhYP-OXdM__#00-00-00_00-03-00_label_A__1.npy,A
v=XjRhYP-OXdM__#00-00-00_00-03-00_label_A__2.npy,A
v=XjRhYP-OXdM__#00-00-00_00-03-00_label_A__3.npy,A
v=XjRhYP-OXdM__#00-00-00_00-03-00_label_A__4.npy,A
v=XjRhYP-OXdM__#00-00-00_00-03-00_label_A__5.npy,A
v=XjRhYP-OXdM__#00-00-00_00-03-00_label_A__6.npy,A
v=XjRhYP-OXdM__#00-00-00_00-03-00_label_A__7.npy,A
v=XjRhYP-OXdM__#00-00-00_00-03-00_label_A__8.npy,A
v=XjRhYP-OXdM__#00-00-00_00-03-00_label_A__9.npy,A
v=LDAwF7mnYE8__#1_label_A__0.npy,A
v=LDAwF7mnYE8__#1_label_A__1.npy,A
v=LDAwF7mnYE8__#1_label_A__2.npy,A
v=LDAwF7mnYE8__#1_label_A__3.npy,A
v=LDAwF7mnYE8__#1_label_A__4.npy,A
v=LDAwF7mnYE8__#1_label_A__5.npy,A
v=LDAwF7mnYE8__#1_label_A__6.npy,A
v=LDAwF7mnYE8__#1_label_A__7.npy,A
v=LDAwF7mnYE8__#1_label_A__8.npy,A
v=LDAwF7mnYE8__#1_label_A__9.npy,A
The.Notebook.2004__#00-03-00_00-04-05_label_A__0.npy,A
The.Notebook.2004__#00-03-00_00-04-05_label_A__1.npy,A
The.Notebook.2004__#00-03-00_00-04-05_label_A__2.npy,A
The.Notebook.2004__#00-03-00_00-04-05_label_A__3.npy,A
The.Notebook.2004__#00-03-00_00-04-05_label_A__4.npy,A
The.Notebook.2004__#00-03-00_00-04-05_label_A__5.npy,A
The.Notebook.2004__#00-03-00_00-04-05_label_A__6.npy,A
The.Notebook.2004__#00-03-00_00-04-05_label_A__7.npy,A
The.Notebook.2004__#00-03-00_00-04-05_label_A__8.npy,A
The.Notebook.2004__#00-03-00_00-04-05_label_A__9.npy,A
Mission.Impossible.Ghost.Protocol.2011__#00-20-02_00-21-12_label_A__0.npy,A
Mission.Impossible.Ghost.Protocol.2011__#00-20-02_00-21-12_label_A__1.npy,A
Mission.Impossible.Ghost.Protocol.2011__#00-20-02_00-21-12_label_A__2.npy,A
Mission.Impossible.Ghost.Protocol.2011__#00-20-02_00-21-12_label_A__3.npy,A
Mission.Impossible.Ghost.Protocol.2011__#00-20-02_00-21-12_label_A__4.npy,A
Mission.Impossible.Ghost.Protocol.2011__#00-20-02_00-21-12_label_A__5.npy,A
Mission.Impossible.Ghost.Protocol.2011__#00-20-02_00-21-12_label_A__6.npy,A
Mission.Impossible.Ghost.Protocol.2011__#00-20-02_00-21-12_label_A__7.npy,A
Mission.Impossible.Ghost.Protocol.2011__#00-20-02_00-21-12_label_A__8.npy,A
Mission.Impossible.Ghost.Protocol.2011__#00-20-02_00-21-12_label_A__9.npy,A
v=aCLf7sUx_UI__#1_label_A__0.npy,A
v=aCLf7sUx_UI__#1_label_A__1.npy,A
v=aCLf7sUx_UI__#1_label_A__2.npy,A
v=aCLf7sUx_UI__#1_label_A__3.npy,A
v=aCLf7sUx_UI__#1_label_A__4.npy,A
v=aCLf7sUx_UI__#1_label_A__5.npy,A
v=aCLf7sUx_UI__#1_label_A__6.npy,A
v=aCLf7sUx_UI__#1_label_A__7.npy,A
v=aCLf7sUx_UI__#1_label_A__8.npy,A
v=aCLf7sUx_UI__#1_label_A__9.npy,A
Yellow.Sea.2010__#01-27-11_01-28-05_label_A__0.npy,A
Yellow.Sea.2010__#01-27-11_01-28-05_label_A__1.npy,A
Yellow.Sea.2010__#01-27-11_01-28-05_label_A__2.npy,A
Yellow.Sea.2010__#01-27-11_01-28-05_label_A__3.npy,A
Yellow.Sea.2010__#01-27-11_01-28-05_label_A__4.npy,A
Yellow.Sea.2010__#01-27-11_01-28-05_label_A__5.npy,A
Yellow.Sea.2010__#01-27-11_01-28-05_label_A__6.npy,A
Yellow.Sea.2010__#01-27-11_01-28-05_label_A__7.npy,A
Yellow.Sea.2010__#01-27-11_01-28-05_label_A__8.npy,A
Yellow.Sea.2010__#01-27-11_01-28-05_label_A__9.npy,A
v=usAvzbDq6-c__#00-24-00_00-27-00_label_A__0.npy,A
v=usAvzbDq6-c__#00-24-00_00-27-00_label_A__1.npy,A
v=usAvzbDq6-c__#00-24-00_00-27-00_label_A__2.npy,A
v=usAvzbDq6-c__#00-24-00_00-27-00_label_A__3.npy,A
v=usAvzbDq6-c__#00-24-00_00-27-00_label_A__4.npy,A
v=usAvzbDq6-c__#00-24-00_00-27-00_label_A__5.npy,A
v=usAvzbDq6-c__#00-24-00_00-27-00_label_A__6.npy,A
v=usAvzbDq6-c__#00-24-00_00-27-00_label_A__7.npy,A
v=usAvzbDq6-c__#00-24-00_00-27-00_label_A__8.npy,A
v=usAvzbDq6-c__#00-24-00_00-27-00_label_A__9.npy,A
A.Beautiful.Mind.2001__#01-46-20_01-48-10_label_A__0.npy,A
A.Beautiful.Mind.2001__#01-46-20_01-48-10_label_A__1.npy,A
A.Beautiful.Mind.2001__#01-46-20_01-48-10_label_A__2.npy,A
A.Beautiful.Mind.2001__#01-46-20_01-48-10_label_A__3.npy,A
A.Beautiful.Mind.2001__#01-46-20_01-48-10_label_A__4.npy,A
A.Beautiful.Mind.2001__#01-46-20_01-48-10_label_A__5.npy,A
A.Beautiful.Mind.2001__#01-46-20_01-48-10_label_A__6.npy,A
A.Beautiful.Mind.2001__#01-46-20_01-48-10_label_A__7.npy,A
A.Beautiful.Mind.2001__#01-46-20_01-48-10_label_A__8.npy,A
A.Beautiful.Mind.2001__#01-46-20_01-48-10_label_A__9.npy,A
Mindhunters.2004__#00-38-50_00-39-40_label_A__0.npy,A
Mindhunters.2004__#00-38-50_00-39-40_label_A__1.npy,A
Mindhunters.2004__#00-38-50_00-39-40_label_A__2.npy,A
Mindhunters.2004__#00-38-50_00-39-40_label_A__3.npy,A
Mindhunters.2004__#00-38-50_00-39-40_label_A__4.npy,A
Mindhunters.2004__#00-38-50_00-39-40_label_A__5.npy,A
Mindhunters.2004__#00-38-50_00-39-40_label_A__6.npy,A
Mindhunters.2004__#00-38-50_00-39-40_label_A__7.npy,A
Mindhunters.2004__#00-38-50_00-39-40_label_A__8.npy,A
Mindhunters.2004__#00-38-50_00-39-40_label_A__9.npy,A
Fury.2014__#01-17-16_01-18-40_label_A__0.npy,A
Fury.2014__#01-17-16_01-18-40_label_A__1.npy,A
Fury.2014__#01-17-16_01-18-40_label_A__2.npy,A
Fury.2014__#01-17-16_01-18-40_label_A__3.npy,A
Fury.2014__#01-17-16_01-18-40_label_A__4.npy,A
Fury.2014__#01-17-16_01-18-40_label_A__5.npy,A
Fury.2014__#01-17-16_01-18-40_label_A__6.npy,A
Fury.2014__#01-17-16_01-18-40_label_A__7.npy,A
Fury.2014__#01-17-16_01-18-40_label_A__8.npy,A
Fury.2014__#01-17-16_01-18-40_label_A__9.npy,A
v=1wR2LfX-R0Q__#1_label_A__0.npy,A
v=1wR2LfX-R0Q__#1_label_A__1.npy,A
v=1wR2LfX-R0Q__#1_label_A__2.npy,A
v=1wR2LfX-R0Q__#1_label_A__3.npy,A
v=1wR2LfX-R0Q__#1_label_A__4.npy,A
v=1wR2LfX-R0Q__#1_label_A__5.npy,A
v=1wR2LfX-R0Q__#1_label_A__6.npy,A
v=1wR2LfX-R0Q__#1_label_A__7.npy,A
v=1wR2LfX-R0Q__#1_label_A__8.npy,A
v=1wR2LfX-R0Q__#1_label_A__9.npy,A
Before.Sunrise.1995__#00-05-52_00-08-22_label_A__0.npy,A
Before.Sunrise.1995__#00-05-52_00-08-22_label_A__1.npy,A
Before.Sunrise.1995__#00-05-52_00-08-22_label_A__2.npy,A
Before.Sunrise.1995__#00-05-52_00-08-22_label_A__3.npy,A
Before.Sunrise.1995__#00-05-52_00-08-22_label_A__4.npy,A
Before.Sunrise.1995__#00-05-52_00-08-22_label_A__5.npy,A
Before.Sunrise.1995__#00-05-52_00-08-22_label_A__6.npy,A
Before.Sunrise.1995__#00-05-52_00-08-22_label_A__7.npy,A
Before.Sunrise.1995__#00-05-52_00-08-22_label_A__8.npy,A
Before.Sunrise.1995__#00-05-52_00-08-22_label_A__9.npy,A
v=enYITYwvPAQ__#00-21-00_00-24-00_label_A__0.npy,A
v=enYITYwvPAQ__#00-21-00_00-24-00_label_A__1.npy,A
v=enYITYwvPAQ__#00-21-00_00-24-00_label_A__2.npy,A
v=enYITYwvPAQ__#00-21-00_00-24-00_label_A__3.npy,A
v=enYITYwvPAQ__#00-21-00_00-24-00_label_A__4.npy,A
v=enYITYwvPAQ__#00-21-00_00-24-00_label_A__5.npy,A
v=enYITYwvPAQ__#00-21-00_00-24-00_label_A__6.npy,A
v=enYITYwvPAQ__#00-21-00_00-24-00_label_A__7.npy,A
v=enYITYwvPAQ__#00-21-00_00-24-00_label_A__8.npy,A
v=enYITYwvPAQ__#00-21-00_00-24-00_label_A__9.npy,A
v=xQHgnSWizWE__#00-03-00_00-06-00_label_A__0.npy,A
v=xQHgnSWizWE__#00-03-00_00-06-00_label_A__1.npy,A
v=xQHgnSWizWE__#00-03-00_00-06-00_label_A__2.npy,A
v=xQHgnSWizWE__#00-03-00_00-06-00_label_A__3.npy,A
v=xQHgnSWizWE__#00-03-00_00-06-00_label_A__4.npy,A
v=xQHgnSWizWE__#00-03-00_00-06-00_label_A__5.npy,A
v=xQHgnSWizWE__#00-03-00_00-06-00_label_A__6.npy,A
v=xQHgnSWizWE__#00-03-00_00-06-00_label_A__7.npy,A
v=xQHgnSWizWE__#00-03-00_00-06-00_label_A__8.npy,A
v=xQHgnSWizWE__#00-03-00_00-06-00_label_A__9.npy,A
v=ljpUIqOjbYA__#1_label_A__0.npy,A
v=ljpUIqOjbYA__#1_label_A__1.npy,A
v=ljpUIqOjbYA__#1_label_A__2.npy,A
v=ljpUIqOjbYA__#1_label_A__3.npy,A
v=ljpUIqOjbYA__#1_label_A__4.npy,A
v=ljpUIqOjbYA__#1_label_A__5.npy,A
v=ljpUIqOjbYA__#1_label_A__6.npy,A
v=ljpUIqOjbYA__#1_label_A__7.npy,A
v=ljpUIqOjbYA__#1_label_A__8.npy,A
v=ljpUIqOjbYA__#1_label_A__9.npy,A
The.Bourne.Identity.2002__#0-25-42_0-26-56_label_A__0.npy,A
The.Bourne.Identity.2002__#0-25-42_0-26-56_label_A__1.npy,A
The.Bourne.Identity.2002__#0-25-42_0-26-56_label_A__2.npy,A
The.Bourne.Identity.2002__#0-25-42_0-26-56_label_A__3.npy,A
The.Bourne.Identity.2002__#0-25-42_0-26-56_label_A__4.npy,A
The.Bourne.Identity.2002__#0-25-42_0-26-56_label_A__5.npy,A
The.Bourne.Identity.2002__#0-25-42_0-26-56_label_A__6.npy,A
The.Bourne.Identity.2002__#0-25-42_0-26-56_label_A__7.npy,A
The.Bourne.Identity.2002__#0-25-42_0-26-56_label_A__8.npy,A
The.Bourne.Identity.2002__#0-25-42_0-26-56_label_A__9.npy,A
Desperado.1995__#00-50-55_00-52-02_label_A__0.npy,A
Desperado.1995__#00-50-55_00-52-02_label_A__1.npy,A
Desperado.1995__#00-50-55_00-52-02_label_A__2.npy,A
Desperado.1995__#00-50-55_00-52-02_label_A__3.npy,A
Desperado.1995__#00-50-55_00-52-02_label_A__4.npy,A
Desperado.1995__#00-50-55_00-52-02_label_A__5.npy,A
Desperado.1995__#00-50-55_00-52-02_label_A__6.npy,A
Desperado.1995__#00-50-55_00-52-02_label_A__7.npy,A
Desperado.1995__#00-50-55_00-52-02_label_A__8.npy,A
Desperado.1995__#00-50-55_00-52-02_label_A__9.npy,A
City.of.God.2002__#00-21-02_00-22-10_label_A__0.npy,A
City.of.God.2002__#00-21-02_00-22-10_label_A__1.npy,A
City.of.God.2002__#00-21-02_00-22-10_label_A__2.npy,A
City.of.God.2002__#00-21-02_00-22-10_label_A__3.npy,A
City.of.God.2002__#00-21-02_00-22-10_label_A__4.npy,A
City.of.God.2002__#00-21-02_00-22-10_label_A__5.npy,A
City.of.God.2002__#00-21-02_00-22-10_label_A__6.npy,A
City.of.God.2002__#00-21-02_00-22-10_label_A__7.npy,A
City.of.God.2002__#00-21-02_00-22-10_label_A__8.npy,A
City.of.God.2002__#00-21-02_00-22-10_label_A__9.npy,A
v=eAgqJnO3kr8__#00-18-00_00-24-00_label_A__0.npy,A
v=eAgqJnO3kr8__#00-18-00_00-24-00_label_A__1.npy,A
v=eAgqJnO3kr8__#00-18-00_00-24-00_label_A__2.npy,A
v=eAgqJnO3kr8__#00-18-00_00-24-00_label_A__3.npy,A
v=eAgqJnO3kr8__#00-18-00_00-24-00_label_A__4.npy,A
v=eAgqJnO3kr8__#00-18-00_00-24-00_label_A__5.npy,A
v=eAgqJnO3kr8__#00-18-00_00-24-00_label_A__6.npy,A
v=eAgqJnO3kr8__#00-18-00_00-24-00_label_A__7.npy,A
v=eAgqJnO3kr8__#00-18-00_00-24-00_label_A__8.npy,A
v=eAgqJnO3kr8__#00-18-00_00-24-00_label_A__9.npy,A
Jason.Bourne.2016__#0-47-00_0-49-00_label_A__0.npy,A
Jason.Bourne.2016__#0-47-00_0-49-00_label_A__1.npy,A
Jason.Bourne.2016__#0-47-00_0-49-00_label_A__2.npy,A
Jason.Bourne.2016__#0-47-00_0-49-00_label_A__3.npy,A
Jason.Bourne.2016__#0-47-00_0-49-00_label_A__4.npy,A
Jason.Bourne.2016__#0-47-00_0-49-00_label_A__5.npy,A
Jason.Bourne.2016__#0-47-00_0-49-00_label_A__6.npy,A
Jason.Bourne.2016__#0-47-00_0-49-00_label_A__7.npy,A
Jason.Bourne.2016__#0-47-00_0-49-00_label_A__8.npy,A
Jason.Bourne.2016__#0-47-00_0-49-00_label_A__9.npy,A
v=VRn8Tc02TbU__#00-12-00_00-15-00_label_A__0.npy,A
v=VRn8Tc02TbU__#00-12-00_00-15-00_label_A__1.npy,A
v=VRn8Tc02TbU__#00-12-00_00-15-00_label_A__2.npy,A
v=VRn8Tc02TbU__#00-12-00_00-15-00_label_A__3.npy,A
v=VRn8Tc02TbU__#00-12-00_00-15-00_label_A__4.npy,A
v=VRn8Tc02TbU__#00-12-00_00-15-00_label_A__5.npy,A
v=VRn8Tc02TbU__#00-12-00_00-15-00_label_A__6.npy,A
v=VRn8Tc02TbU__#00-12-00_00-15-00_label_A__7.npy,A
v=VRn8Tc02TbU__#00-12-00_00-15-00_label_A__8.npy,A
v=VRn8Tc02TbU__#00-12-00_00-15-00_label_A__9.npy,A
Gladiator.2000__#00-25-57_00-27-16_label_A__0.npy,A
Gladiator.2000__#00-25-57_00-27-16_label_A__1.npy,A
Gladiator.2000__#00-25-57_00-27-16_label_A__2.npy,A
Gladiator.2000__#00-25-57_00-27-16_label_A__3.npy,A
Gladiator.2000__#00-25-57_00-27-16_label_A__4.npy,A
Gladiator.2000__#00-25-57_00-27-16_label_A__5.npy,A
Gladiator.2000__#00-25-57_00-27-16_label_A__6.npy,A
Gladiator.2000__#00-25-57_00-27-16_label_A__7.npy,A
Gladiator.2000__#00-25-57_00-27-16_label_A__8.npy,A
Gladiator.2000__#00-25-57_00-27-16_label_A__9.npy,A
v=JzrpCC7XmyE__#00-48-00_00-54-00_label_A__0.npy,A
v=JzrpCC7XmyE__#00-48-00_00-54-00_label_A__1.npy,A
v=JzrpCC7XmyE__#00-48-00_00-54-00_label_A__2.npy,A
v=JzrpCC7XmyE__#00-48-00_00-54-00_label_A__3.npy,A
v=JzrpCC7XmyE__#00-48-00_00-54-00_label_A__4.npy,A
v=JzrpCC7XmyE__#00-48-00_00-54-00_label_A__5.npy,A
v=JzrpCC7XmyE__#00-48-00_00-54-00_label_A__6.npy,A
v=JzrpCC7XmyE__#00-48-00_00-54-00_label_A__7.npy,A
v=JzrpCC7XmyE__#00-48-00_00-54-00_label_A__8.npy,A
v=JzrpCC7XmyE__#00-48-00_00-54-00_label_A__9.npy,A
The.Pursuit.of.Happyness.2006__#01-47-40_01-49-53_label_A__0.npy,A
The.Pursuit.of.Happyness.2006__#01-47-40_01-49-53_label_A__1.npy,A
The.Pursuit.of.Happyness.2006__#01-47-40_01-49-53_label_A__2.npy,A
The.Pursuit.of.Happyness.2006__#01-47-40_01-49-53_label_A__3.npy,A
The.Pursuit.of.Happyness.2006__#01-47-40_01-49-53_label_A__4.npy,A
The.Pursuit.of.Happyness.2006__#01-47-40_01-49-53_label_A__5.npy,A
The.Pursuit.of.Happyness.2006__#01-47-40_01-49-53_label_A__6.npy,A
The.Pursuit.of.Happyness.2006__#01-47-40_01-49-53_label_A__7.npy,A
The.Pursuit.of.Happyness.2006__#01-47-40_01-49-53_label_A__8.npy,A
The.Pursuit.of.Happyness.2006__#01-47-40_01-49-53_label_A__9.npy,A
v=frWVRKgzx40__#1_label_A__0.npy,A
v=frWVRKgzx40__#1_label_A__1.npy,A
v=frWVRKgzx40__#1_label_A__2.npy,A
v=frWVRKgzx40__#1_label_A__3.npy,A
v=frWVRKgzx40__#1_label_A__4.npy,A
v=frWVRKgzx40__#1_label_A__5.npy,A
v=frWVRKgzx40__#1_label_A__6.npy,A
v=frWVRKgzx40__#1_label_A__7.npy,A
v=frWVRKgzx40__#1_label_A__8.npy,A
v=frWVRKgzx40__#1_label_A__9.npy,A
Hear.Me.2009__#01-17-00_01-19-40_label_A__0.npy,A
Hear.Me.2009__#01-17-00_01-19-40_label_A__1.npy,A
Hear.Me.2009__#01-17-00_01-19-40_label_A__2.npy,A
Hear.Me.2009__#01-17-00_01-19-40_label_A__3.npy,A
Hear.Me.2009__#01-17-00_01-19-40_label_A__4.npy,A
Hear.Me.2009__#01-17-00_01-19-40_label_A__5.npy,A
Hear.Me.2009__#01-17-00_01-19-40_label_A__6.npy,A
Hear.Me.2009__#01-17-00_01-19-40_label_A__7.npy,A
Hear.Me.2009__#01-17-00_01-19-40_label_A__8.npy,A
Hear.Me.2009__#01-17-00_01-19-40_label_A__9.npy,A
v=_HKhtGbSyUY__#1_label_A__0.npy,A
v=_HKhtGbSyUY__#1_label_A__1.npy,A
v=_HKhtGbSyUY__#1_label_A__2.npy,A
v=_HKhtGbSyUY__#1_label_A__3.npy,A
v=_HKhtGbSyUY__#1_label_A__4.npy,A
v=_HKhtGbSyUY__#1_label_A__5.npy,A
v=_HKhtGbSyUY__#1_label_A__6.npy,A
v=_HKhtGbSyUY__#1_label_A__7.npy,A
v=_HKhtGbSyUY__#1_label_A__8.npy,A
v=_HKhtGbSyUY__#1_label_A__9.npy,A
v=LMK1VKvqIcU__#1_label_A__0.npy,A
v=LMK1VKvqIcU__#1_label_A__1.npy,A
v=LMK1VKvqIcU__#1_label_A__2.npy,A
v=LMK1VKvqIcU__#1_label_A__3.npy,A
v=LMK1VKvqIcU__#1_label_A__4.npy,A
v=LMK1VKvqIcU__#1_label_A__5.npy,A
v=LMK1VKvqIcU__#1_label_A__6.npy,A
v=LMK1VKvqIcU__#1_label_A__7.npy,A
v=LMK1VKvqIcU__#1_label_A__8.npy,A
v=LMK1VKvqIcU__#1_label_A__9.npy,A
Shoplifters.2018__#00-05-52_00-08-22_label_A__0.npy,A
Shoplifters.2018__#00-05-52_00-08-22_label_A__1.npy,A
Shoplifters.2018__#00-05-52_00-08-22_label_A__2.npy,A
Shoplifters.2018__#00-05-52_00-08-22_label_A__3.npy,A
Shoplifters.2018__#00-05-52_00-08-22_label_A__4.npy,A
Shoplifters.2018__#00-05-52_00-08-22_label_A__5.npy,A
Shoplifters.2018__#00-05-52_00-08-22_label_A__6.npy,A
Shoplifters.2018__#00-05-52_00-08-22_label_A__7.npy,A
Shoplifters.2018__#00-05-52_00-08-22_label_A__8.npy,A
Shoplifters.2018__#00-05-52_00-08-22_label_A__9.npy,A
Shoot.Em.Up.2007__#01-03-21_01-04-29_label_A__0.npy,A
Shoot.Em.Up.2007__#01-03-21_01-04-29_label_A__1.npy,A
Shoot.Em.Up.2007__#01-03-21_01-04-29_label_A__2.npy,A
Shoot.Em.Up.2007__#01-03-21_01-04-29_label_A__3.npy,A
Shoot.Em.Up.2007__#01-03-21_01-04-29_label_A__4.npy,A
Shoot.Em.Up.2007__#01-03-21_01-04-29_label_A__5.npy,A
Shoot.Em.Up.2007__#01-03-21_01-04-29_label_A__6.npy,A
Shoot.Em.Up.2007__#01-03-21_01-04-29_label_A__7.npy,A
Shoot.Em.Up.2007__#01-03-21_01-04-29_label_A__8.npy,A
Shoot.Em.Up.2007__#01-03-21_01-04-29_label_A__9.npy,A
v=Blga2WdKDXs__#1_label_A__0.npy,A
v=Blga2WdKDXs__#1_label_A__1.npy,A
v=Blga2WdKDXs__#1_label_A__2.npy,A
v=Blga2WdKDXs__#1_label_A__3.npy,A
v=Blga2WdKDXs__#1_label_A__4.npy,A
v=Blga2WdKDXs__#1_label_A__5.npy,A
v=Blga2WdKDXs__#1_label_A__6.npy,A
v=Blga2WdKDXs__#1_label_A__7.npy,A
v=Blga2WdKDXs__#1_label_A__8.npy,A
v=Blga2WdKDXs__#1_label_A__9.npy,A
Bad.Boys.II.2003__#02-05-15_02-05-36_label_A__0.npy,A
Bad.Boys.II.2003__#02-05-15_02-05-36_label_A__1.npy,A
Bad.Boys.II.2003__#02-05-15_02-05-36_label_A__2.npy,A
Bad.Boys.II.2003__#02-05-15_02-05-36_label_A__3.npy,A
Bad.Boys.II.2003__#02-05-15_02-05-36_label_A__4.npy,A
Bad.Boys.II.2003__#02-05-15_02-05-36_label_A__5.npy,A
Bad.Boys.II.2003__#02-05-15_02-05-36_label_A__6.npy,A
Bad.Boys.II.2003__#02-05-15_02-05-36_label_A__7.npy,A
Bad.Boys.II.2003__#02-05-15_02-05-36_label_A__8.npy,A
Bad.Boys.II.2003__#02-05-15_02-05-36_label_A__9.npy,A
v=DdWpppXPpSk__#1_label_A__0.npy,A
v=DdWpppXPpSk__#1_label_A__1.npy,A
v=DdWpppXPpSk__#1_label_A__2.npy,A
v=DdWpppXPpSk__#1_label_A__3.npy,A
v=DdWpppXPpSk__#1_label_A__4.npy,A
v=DdWpppXPpSk__#1_label_A__5.npy,A
v=DdWpppXPpSk__#1_label_A__6.npy,A
v=DdWpppXPpSk__#1_label_A__7.npy,A
v=DdWpppXPpSk__#1_label_A__8.npy,A
v=DdWpppXPpSk__#1_label_A__9.npy,A
v=vm5bhOBMXAs__#1_label_A__0.npy,A
v=vm5bhOBMXAs__#1_label_A__1.npy,A
v=vm5bhOBMXAs__#1_label_A__2.npy,A
v=vm5bhOBMXAs__#1_label_A__3.npy,A
v=vm5bhOBMXAs__#1_label_A__4.npy,A
v=vm5bhOBMXAs__#1_label_A__5.npy,A
v=vm5bhOBMXAs__#1_label_A__6.npy,A
v=vm5bhOBMXAs__#1_label_A__7.npy,A
v=vm5bhOBMXAs__#1_label_A__8.npy,A
v=vm5bhOBMXAs__#1_label_A__9.npy,A
GoldenEye.1995__#00-45-43_00-48-10_label_A__0.npy,A
GoldenEye.1995__#00-45-43_00-48-10_label_A__1.npy,A
GoldenEye.1995__#00-45-43_00-48-10_label_A__2.npy,A
GoldenEye.1995__#00-45-43_00-48-10_label_A__3.npy,A
GoldenEye.1995__#00-45-43_00-48-10_label_A__4.npy,A
GoldenEye.1995__#00-45-43_00-48-10_label_A__5.npy,A
GoldenEye.1995__#00-45-43_00-48-10_label_A__6.npy,A
GoldenEye.1995__#00-45-43_00-48-10_label_A__7.npy,A
GoldenEye.1995__#00-45-43_00-48-10_label_A__8.npy,A
GoldenEye.1995__#00-45-43_00-48-10_label_A__9.npy,A
About.Time.2013__#00-25-20_00-29-40_label_A__0.npy,A
About.Time.2013__#00-25-20_00-29-40_label_A__1.npy,A
About.Time.2013__#00-25-20_00-29-40_label_A__2.npy,A
About.Time.2013__#00-25-20_00-29-40_label_A__3.npy,A
About.Time.2013__#00-25-20_00-29-40_label_A__4.npy,A
About.Time.2013__#00-25-20_00-29-40_label_A__5.npy,A
About.Time.2013__#00-25-20_00-29-40_label_A__6.npy,A
About.Time.2013__#00-25-20_00-29-40_label_A__7.npy,A
About.Time.2013__#00-25-20_00-29-40_label_A__8.npy,A
About.Time.2013__#00-25-20_00-29-40_label_A__9.npy,A
Bullet.in.the.Head.1990__#01-17-31_01-18-22_label_A__0.npy,A
Bullet.in.the.Head.1990__#01-17-31_01-18-22_label_A__1.npy,A
Bullet.in.the.Head.1990__#01-17-31_01-18-22_label_A__2.npy,A
Bullet.in.the.Head.1990__#01-17-31_01-18-22_label_A__3.npy,A
Bullet.in.the.Head.1990__#01-17-31_01-18-22_label_A__4.npy,A
Bullet.in.the.Head.1990__#01-17-31_01-18-22_label_A__5.npy,A
Bullet.in.the.Head.1990__#01-17-31_01-18-22_label_A__6.npy,A
Bullet.in.the.Head.1990__#01-17-31_01-18-22_label_A__7.npy,A
Bullet.in.the.Head.1990__#01-17-31_01-18-22_label_A__8.npy,A
Bullet.in.the.Head.1990__#01-17-31_01-18-22_label_A__9.npy,A
The.Attorney.2013__#01-47-35_01-53-40_label_A__0.npy,A
The.Attorney.2013__#01-47-35_01-53-40_label_A__1.npy,A
The.Attorney.2013__#01-47-35_01-53-40_label_A__2.npy,A
The.Attorney.2013__#01-47-35_01-53-40_label_A__3.npy,A
The.Attorney.2013__#01-47-35_01-53-40_label_A__4.npy,A
The.Attorney.2013__#01-47-35_01-53-40_label_A__5.npy,A
The.Attorney.2013__#01-47-35_01-53-40_label_A__6.npy,A
The.Attorney.2013__#01-47-35_01-53-40_label_A__7.npy,A
The.Attorney.2013__#01-47-35_01-53-40_label_A__8.npy,A
The.Attorney.2013__#01-47-35_01-53-40_label_A__9.npy,A
Love.Actually.2003__#00-38-52_00-40-31_label_A__0.npy,A
Love.Actually.2003__#00-38-52_00-40-31_label_A__1.npy,A
Love.Actually.2003__#00-38-52_00-40-31_label_A__2.npy,A
Love.Actually.2003__#00-38-52_00-40-31_label_A__3.npy,A
Love.Actually.2003__#00-38-52_00-40-31_label_A__4.npy,A
Love.Actually.2003__#00-38-52_00-40-31_label_A__5.npy,A
Love.Actually.2003__#00-38-52_00-40-31_label_A__6.npy,A
Love.Actually.2003__#00-38-52_00-40-31_label_A__7.npy,A
Love.Actually.2003__#00-38-52_00-40-31_label_A__8.npy,A
Love.Actually.2003__#00-38-52_00-40-31_label_A__9.npy,A
v=Su_wcUpLYIk__#1_label_A__0.npy,A
v=Su_wcUpLYIk__#1_label_A__1.npy,A
v=Su_wcUpLYIk__#1_label_A__2.npy,A
v=Su_wcUpLYIk__#1_label_A__3.npy,A
v=Su_wcUpLYIk__#1_label_A__4.npy,A
v=Su_wcUpLYIk__#1_label_A__5.npy,A
v=Su_wcUpLYIk__#1_label_A__6.npy,A
v=Su_wcUpLYIk__#1_label_A__7.npy,A
v=Su_wcUpLYIk__#1_label_A__8.npy,A
v=Su_wcUpLYIk__#1_label_A__9.npy,A
v=fkps18H3SXY__#00-24-00_00-30-00_label_A__0.npy,A
v=fkps18H3SXY__#00-24-00_00-30-00_label_A__1.npy,A
v=fkps18H3SXY__#00-24-00_00-30-00_label_A__2.npy,A
v=fkps18H3SXY__#00-24-00_00-30-00_label_A__3.npy,A
v=fkps18H3SXY__#00-24-00_00-30-00_label_A__4.npy,A
v=fkps18H3SXY__#00-24-00_00-30-00_label_A__5.npy,A
v=fkps18H3SXY__#00-24-00_00-30-00_label_A__6.npy,A
v=fkps18H3SXY__#00-24-00_00-30-00_label_A__7.npy,A
v=fkps18H3SXY__#00-24-00_00-30-00_label_A__8.npy,A
v=fkps18H3SXY__#00-24-00_00-30-00_label_A__9.npy,A
Fury.2014__#01-27-52_01-30-09_label_A__0.npy,A
Fury.2014__#01-27-52_01-30-09_label_A__1.npy,A
Fury.2014__#01-27-52_01-30-09_label_A__2.npy,A
Fury.2014__#01-27-52_01-30-09_label_A__3.npy,A
Fury.2014__#01-27-52_01-30-09_label_A__4.npy,A
Fury.2014__#01-27-52_01-30-09_label_A__5.npy,A
Fury.2014__#01-27-52_01-30-09_label_A__6.npy,A
Fury.2014__#01-27-52_01-30-09_label_A__7.npy,A
Fury.2014__#01-27-52_01-30-09_label_A__8.npy,A
Fury.2014__#01-27-52_01-30-09_label_A__9.npy,A
v=Zh3eVBs-5Tc__#1_label_A__0.npy,A
v=Zh3eVBs-5Tc__#1_label_A__1.npy,A
v=Zh3eVBs-5Tc__#1_label_A__2.npy,A
v=Zh3eVBs-5Tc__#1_label_A__3.npy,A
v=Zh3eVBs-5Tc__#1_label_A__4.npy,A
v=Zh3eVBs-5Tc__#1_label_A__5.npy,A
v=Zh3eVBs-5Tc__#1_label_A__6.npy,A
v=Zh3eVBs-5Tc__#1_label_A__7.npy,A
v=Zh3eVBs-5Tc__#1_label_A__8.npy,A
v=Zh3eVBs-5Tc__#1_label_A__9.npy,A
The.Intouchables.2011__#00-11-00_00-15-08_label_A__0.npy,A
The.Intouchables.2011__#00-11-00_00-15-08_label_A__1.npy,A
The.Intouchables.2011__#00-11-00_00-15-08_label_A__2.npy,A
The.Intouchables.2011__#00-11-00_00-15-08_label_A__3.npy,A
The.Intouchables.2011__#00-11-00_00-15-08_label_A__4.npy,A
The.Intouchables.2011__#00-11-00_00-15-08_label_A__5.npy,A
The.Intouchables.2011__#00-11-00_00-15-08_label_A__6.npy,A
The.Intouchables.2011__#00-11-00_00-15-08_label_A__7.npy,A
The.Intouchables.2011__#00-11-00_00-15-08_label_A__8.npy,A
The.Intouchables.2011__#00-11-00_00-15-08_label_A__9.npy,A
Quantum.Of.Solace.2008__#00-33-42_00-36-22_label_A__0.npy,A
Quantum.Of.Solace.2008__#00-33-42_00-36-22_label_A__1.npy,A
Quantum.Of.Solace.2008__#00-33-42_00-36-22_label_A__2.npy,A
Quantum.Of.Solace.2008__#00-33-42_00-36-22_label_A__3.npy,A
Quantum.Of.Solace.2008__#00-33-42_00-36-22_label_A__4.npy,A
Quantum.Of.Solace.2008__#00-33-42_00-36-22_label_A__5.npy,A
Quantum.Of.Solace.2008__#00-33-42_00-36-22_label_A__6.npy,A
Quantum.Of.Solace.2008__#00-33-42_00-36-22_label_A__7.npy,A
Quantum.Of.Solace.2008__#00-33-42_00-36-22_label_A__8.npy,A
Quantum.Of.Solace.2008__#00-33-42_00-36-22_label_A__9.npy,A
The.Intouchables.2011__#00-05-52_00-08-22_label_A__0.npy,A
The.Intouchables.2011__#00-05-52_00-08-22_label_A__1.npy,A
The.Intouchables.2011__#00-05-52_00-08-22_label_A__2.npy,A
The.Intouchables.2011__#00-05-52_00-08-22_label_A__3.npy,A
The.Intouchables.2011__#00-05-52_00-08-22_label_A__4.npy,A
The.Intouchables.2011__#00-05-52_00-08-22_label_A__5.npy,A
The.Intouchables.2011__#00-05-52_00-08-22_label_A__6.npy,A
The.Intouchables.2011__#00-05-52_00-08-22_label_A__7.npy,A
The.Intouchables.2011__#00-05-52_00-08-22_label_A__8.npy,A
The.Intouchables.2011__#00-05-52_00-08-22_label_A__9.npy,A
v=fkps18H3SXY__#02-24-00_02-30-00_label_A__0.npy,A
v=fkps18H3SXY__#02-24-00_02-30-00_label_A__1.npy,A
v=fkps18H3SXY__#02-24-00_02-30-00_label_A__2.npy,A
v=fkps18H3SXY__#02-24-00_02-30-00_label_A__3.npy,A
v=fkps18H3SXY__#02-24-00_02-30-00_label_A__4.npy,A
v=fkps18H3SXY__#02-24-00_02-30-00_label_A__5.npy,A
v=fkps18H3SXY__#02-24-00_02-30-00_label_A__6.npy,A
v=fkps18H3SXY__#02-24-00_02-30-00_label_A__7.npy,A
v=fkps18H3SXY__#02-24-00_02-30-00_label_A__8.npy,A
v=fkps18H3SXY__#02-24-00_02-30-00_label_A__9.npy,A
v=yGnKHxNVibw__#1_label_A__0.npy,A
v=yGnKHxNVibw__#1_label_A__1.npy,A
v=yGnKHxNVibw__#1_label_A__2.npy,A
v=yGnKHxNVibw__#1_label_A__3.npy,A
v=yGnKHxNVibw__#1_label_A__4.npy,A
v=yGnKHxNVibw__#1_label_A__5.npy,A
v=yGnKHxNVibw__#1_label_A__6.npy,A
v=yGnKHxNVibw__#1_label_A__7.npy,A
v=yGnKHxNVibw__#1_label_A__8.npy,A
v=yGnKHxNVibw__#1_label_A__9.npy,A
v=5Rtsav021Rs__#00-00-00_00-03-00_label_A__0.npy,A
v=5Rtsav021Rs__#00-00-00_00-03-00_label_A__1.npy,A
v=5Rtsav021Rs__#00-00-00_00-03-00_label_A__2.npy,A
v=5Rtsav021Rs__#00-00-00_00-03-00_label_A__3.npy,A
v=5Rtsav021Rs__#00-00-00_00-03-00_label_A__4.npy,A
v=5Rtsav021Rs__#00-00-00_00-03-00_label_A__5.npy,A
v=5Rtsav021Rs__#00-00-00_00-03-00_label_A__6.npy,A
v=5Rtsav021Rs__#00-00-00_00-03-00_label_A__7.npy,A
v=5Rtsav021Rs__#00-00-00_00-03-00_label_A__8.npy,A
v=5Rtsav021Rs__#00-00-00_00-03-00_label_A__9.npy,A
Good.Will.Hunting.1997__#01-39-05_01-41-00_label_A__0.npy,A
Good.Will.Hunting.1997__#01-39-05_01-41-00_label_A__1.npy,A
Good.Will.Hunting.1997__#01-39-05_01-41-00_label_A__2.npy,A
Good.Will.Hunting.1997__#01-39-05_01-41-00_label_A__3.npy,A
Good.Will.Hunting.1997__#01-39-05_01-41-00_label_A__4.npy,A
Good.Will.Hunting.1997__#01-39-05_01-41-00_label_A__5.npy,A
Good.Will.Hunting.1997__#01-39-05_01-41-00_label_A__6.npy,A
Good.Will.Hunting.1997__#01-39-05_01-41-00_label_A__7.npy,A
Good.Will.Hunting.1997__#01-39-05_01-41-00_label_A__8.npy,A
Good.Will.Hunting.1997__#01-39-05_01-41-00_label_A__9.npy,A
Love.Death.and.Robots.S01E10__#0-03-55_0-05-25_label_A__0.npy,A
Love.Death.and.Robots.S01E10__#0-03-55_0-05-25_label_A__1.npy,A
Love.Death.and.Robots.S01E10__#0-03-55_0-05-25_label_A__2.npy,A
Love.Death.and.Robots.S01E10__#0-03-55_0-05-25_label_A__3.npy,A
Love.Death.and.Robots.S01E10__#0-03-55_0-05-25_label_A__4.npy,A
Love.Death.and.Robots.S01E10__#0-03-55_0-05-25_label_A__5.npy,A
Love.Death.and.Robots.S01E10__#0-03-55_0-05-25_label_A__6.npy,A
Love.Death.and.Robots.S01E10__#0-03-55_0-05-25_label_A__7.npy,A
Love.Death.and.Robots.S01E10__#0-03-55_0-05-25_label_A__8.npy,A
Love.Death.and.Robots.S01E10__#0-03-55_0-05-25_label_A__9.npy,A
Love.Death.and.Robots.S01E02__#00-08-47_00-10-00_label_A__0.npy,A
Love.Death.and.Robots.S01E02__#00-08-47_00-10-00_label_A__1.npy,A
Love.Death.and.Robots.S01E02__#00-08-47_00-10-00_label_A__2.npy,A
Love.Death.and.Robots.S01E02__#00-08-47_00-10-00_label_A__3.npy,A
Love.Death.and.Robots.S01E02__#00-08-47_00-10-00_label_A__4.npy,A
Love.Death.and.Robots.S01E02__#00-08-47_00-10-00_label_A__5.npy,A
Love.Death.and.Robots.S01E02__#00-08-47_00-10-00_label_A__6.npy,A
Love.Death.and.Robots.S01E02__#00-08-47_00-10-00_label_A__7.npy,A
Love.Death.and.Robots.S01E02__#00-08-47_00-10-00_label_A__8.npy,A
Love.Death.and.Robots.S01E02__#00-08-47_00-10-00_label_A__9.npy,A
v=tPwuLLL64HM__#1_label_A__0.npy,A
v=tPwuLLL64HM__#1_label_A__1.npy,A
v=tPwuLLL64HM__#1_label_A__2.npy,A
v=tPwuLLL64HM__#1_label_A__3.npy,A
v=tPwuLLL64HM__#1_label_A__4.npy,A
v=tPwuLLL64HM__#1_label_A__5.npy,A
v=tPwuLLL64HM__#1_label_A__6.npy,A
v=tPwuLLL64HM__#1_label_A__7.npy,A
v=tPwuLLL64HM__#1_label_A__8.npy,A
v=tPwuLLL64HM__#1_label_A__9.npy,A
v=VRn8Tc02TbU__#00-09-00_00-12-00_label_A__0.npy,A
v=VRn8Tc02TbU__#00-09-00_00-12-00_label_A__1.npy,A
v=VRn8Tc02TbU__#00-09-00_00-12-00_label_A__2.npy,A
v=VRn8Tc02TbU__#00-09-00_00-12-00_label_A__3.npy,A
v=VRn8Tc02TbU__#00-09-00_00-12-00_label_A__4.npy,A
v=VRn8Tc02TbU__#00-09-00_00-12-00_label_A__5.npy,A
v=VRn8Tc02TbU__#00-09-00_00-12-00_label_A__6.npy,A
v=VRn8Tc02TbU__#00-09-00_00-12-00_label_A__7.npy,A
v=VRn8Tc02TbU__#00-09-00_00-12-00_label_A__8.npy,A
v=VRn8Tc02TbU__#00-09-00_00-12-00_label_A__9.npy,A
v=0vVOXlgHC1U__#00-00-00_00-06-00_label_A__0.npy,A
v=0vVOXlgHC1U__#00-00-00_00-06-00_label_A__1.npy,A
v=0vVOXlgHC1U__#00-00-00_00-06-00_label_A__2.npy,A
v=0vVOXlgHC1U__#00-00-00_00-06-00_label_A__3.npy,A
v=0vVOXlgHC1U__#00-00-00_00-06-00_label_A__4.npy,A
v=0vVOXlgHC1U__#00-00-00_00-06-00_label_A__5.npy,A
v=0vVOXlgHC1U__#00-00-00_00-06-00_label_A__6.npy,A
v=0vVOXlgHC1U__#00-00-00_00-06-00_label_A__7.npy,A
v=0vVOXlgHC1U__#00-00-00_00-06-00_label_A__8.npy,A
v=0vVOXlgHC1U__#00-00-00_00-06-00_label_A__9.npy,A
The.Notebook.2004__#01-42-06_01-45-53_label_A__0.npy,A
The.Notebook.2004__#01-42-06_01-45-53_label_A__1.npy,A
The.Notebook.2004__#01-42-06_01-45-53_label_A__2.npy,A
The.Notebook.2004__#01-42-06_01-45-53_label_A__3.npy,A
The.Notebook.2004__#01-42-06_01-45-53_label_A__4.npy,A
The.Notebook.2004__#01-42-06_01-45-53_label_A__5.npy,A
The.Notebook.2004__#01-42-06_01-45-53_label_A__6.npy,A
The.Notebook.2004__#01-42-06_01-45-53_label_A__7.npy,A
The.Notebook.2004__#01-42-06_01-45-53_label_A__8.npy,A
The.Notebook.2004__#01-42-06_01-45-53_label_A__9.npy,A
NewAdd.NBA-2017.12.25_CLE@GSW__#00-21-00_00-44-20_label_A__0.npy,A
NewAdd.NBA-2017.12.25_CLE@GSW__#00-21-00_00-44-20_label_A__1.npy,A
NewAdd.NBA-2017.12.25_CLE@GSW__#00-21-00_00-44-20_label_A__2.npy,A
NewAdd.NBA-2017.12.25_CLE@GSW__#00-21-00_00-44-20_label_A__3.npy,A
NewAdd.NBA-2017.12.25_CLE@GSW__#00-21-00_00-44-20_label_A__4.npy,A
NewAdd.NBA-2017.12.25_CLE@GSW__#00-21-00_00-44-20_label_A__5.npy,A
NewAdd.NBA-2017.12.25_CLE@GSW__#00-21-00_00-44-20_label_A__6.npy,A
NewAdd.NBA-2017.12.25_CLE@GSW__#00-21-00_00-44-20_label_A__7.npy,A
NewAdd.NBA-2017.12.25_CLE@GSW__#00-21-00_00-44-20_label_A__8.npy,A
NewAdd.NBA-2017.12.25_CLE@GSW__#00-21-00_00-44-20_label_A__9.npy,A
Thelma...Louise.1991__#00-23-40_00-24-40_label_A__0.npy,A
Thelma...Louise.1991__#00-23-40_00-24-40_label_A__1.npy,A
Thelma...Louise.1991__#00-23-40_00-24-40_label_A__2.npy,A
Thelma...Louise.1991__#00-23-40_00-24-40_label_A__3.npy,A
Thelma...Louise.1991__#00-23-40_00-24-40_label_A__4.npy,A
Thelma...Louise.1991__#00-23-40_00-24-40_label_A__5.npy,A
Thelma...Louise.1991__#00-23-40_00-24-40_label_A__6.npy,A
Thelma...Louise.1991__#00-23-40_00-24-40_label_A__7.npy,A
Thelma...Louise.1991__#00-23-40_00-24-40_label_A__8.npy,A
Thelma...Louise.1991__#00-23-40_00-24-40_label_A__9.npy,A
v=vFPQ_NiDBIU__#00-48-00_00-54-00_label_A__0.npy,A
v=vFPQ_NiDBIU__#00-48-00_00-54-00_label_A__1.npy,A
v=vFPQ_NiDBIU__#00-48-00_00-54-00_label_A__2.npy,A
v=vFPQ_NiDBIU__#00-48-00_00-54-00_label_A__3.npy,A
v=vFPQ_NiDBIU__#00-48-00_00-54-00_label_A__4.npy,A
v=vFPQ_NiDBIU__#00-48-00_00-54-00_label_A__5.npy,A
v=vFPQ_NiDBIU__#00-48-00_00-54-00_label_A__6.npy,A
v=vFPQ_NiDBIU__#00-48-00_00-54-00_label_A__7.npy,A
v=vFPQ_NiDBIU__#00-48-00_00-54-00_label_A__8.npy,A
v=vFPQ_NiDBIU__#00-48-00_00-54-00_label_A__9.npy,A
v=5BEugKgdrxU__#1_label_A__0.npy,A
v=5BEugKgdrxU__#1_label_A__1.npy,A
v=5BEugKgdrxU__#1_label_A__2.npy,A
v=5BEugKgdrxU__#1_label_A__3.npy,A
v=5BEugKgdrxU__#1_label_A__4.npy,A
v=5BEugKgdrxU__#1_label_A__5.npy,A
v=5BEugKgdrxU__#1_label_A__6.npy,A
v=5BEugKgdrxU__#1_label_A__7.npy,A
v=5BEugKgdrxU__#1_label_A__8.npy,A
v=5BEugKgdrxU__#1_label_A__9.npy,A
Love.Actually.2003__#02-02-50_02-09-20_label_A__0.npy,A
Love.Actually.2003__#02-02-50_02-09-20_label_A__1.npy,A
Love.Actually.2003__#02-02-50_02-09-20_label_A__2.npy,A
Love.Actually.2003__#02-02-50_02-09-20_label_A__3.npy,A
Love.Actually.2003__#02-02-50_02-09-20_label_A__4.npy,A
Love.Actually.2003__#02-02-50_02-09-20_label_A__5.npy,A
Love.Actually.2003__#02-02-50_02-09-20_label_A__6.npy,A
Love.Actually.2003__#02-02-50_02-09-20_label_A__7.npy,A
Love.Actually.2003__#02-02-50_02-09-20_label_A__8.npy,A
Love.Actually.2003__#02-02-50_02-09-20_label_A__9.npy,A
v=xi0JMS1rulo__#1_label_A__0.npy,A
v=xi0JMS1rulo__#1_label_A__1.npy,A
v=xi0JMS1rulo__#1_label_A__2.npy,A
v=xi0JMS1rulo__#1_label_A__3.npy,A
v=xi0JMS1rulo__#1_label_A__4.npy,A
v=xi0JMS1rulo__#1_label_A__5.npy,A
v=xi0JMS1rulo__#1_label_A__6.npy,A
v=xi0JMS1rulo__#1_label_A__7.npy,A
v=xi0JMS1rulo__#1_label_A__8.npy,A
v=xi0JMS1rulo__#1_label_A__9.npy,A
The.Bourne.Ultimatum.2007__#01-14-45_01-15-50_label_A__0.npy,A
The.Bourne.Ultimatum.2007__#01-14-45_01-15-50_label_A__1.npy,A
The.Bourne.Ultimatum.2007__#01-14-45_01-15-50_label_A__2.npy,A
The.Bourne.Ultimatum.2007__#01-14-45_01-15-50_label_A__3.npy,A
The.Bourne.Ultimatum.2007__#01-14-45_01-15-50_label_A__4.npy,A
The.Bourne.Ultimatum.2007__#01-14-45_01-15-50_label_A__5.npy,A
The.Bourne.Ultimatum.2007__#01-14-45_01-15-50_label_A__6.npy,A
The.Bourne.Ultimatum.2007__#01-14-45_01-15-50_label_A__7.npy,A
The.Bourne.Ultimatum.2007__#01-14-45_01-15-50_label_A__8.npy,A
The.Bourne.Ultimatum.2007__#01-14-45_01-15-50_label_A__9.npy,A
v=gR7Ca17_80o__#1_label_A__0.npy,A
v=gR7Ca17_80o__#1_label_A__1.npy,A
v=gR7Ca17_80o__#1_label_A__2.npy,A
v=gR7Ca17_80o__#1_label_A__3.npy,A
v=gR7Ca17_80o__#1_label_A__4.npy,A
v=gR7Ca17_80o__#1_label_A__5.npy,A
v=gR7Ca17_80o__#1_label_A__6.npy,A
v=gR7Ca17_80o__#1_label_A__7.npy,A
v=gR7Ca17_80o__#1_label_A__8.npy,A
v=gR7Ca17_80o__#1_label_A__9.npy,A
The.Pursuit.of.Happyness.2006__#00-05-52_00-08-22_label_A__0.npy,A
The.Pursuit.of.Happyness.2006__#00-05-52_00-08-22_label_A__1.npy,A
The.Pursuit.of.Happyness.2006__#00-05-52_00-08-22_label_A__2.npy,A
The.Pursuit.of.Happyness.2006__#00-05-52_00-08-22_label_A__3.npy,A
The.Pursuit.of.Happyness.2006__#00-05-52_00-08-22_label_A__4.npy,A
The.Pursuit.of.Happyness.2006__#00-05-52_00-08-22_label_A__5.npy,A
The.Pursuit.of.Happyness.2006__#00-05-52_00-08-22_label_A__6.npy,A
The.Pursuit.of.Happyness.2006__#00-05-52_00-08-22_label_A__7.npy,A
The.Pursuit.of.Happyness.2006__#00-05-52_00-08-22_label_A__8.npy,A
The.Pursuit.of.Happyness.2006__#00-05-52_00-08-22_label_A__9.npy,A
Before.Sunrise.1995__#00-11-00_00-15-08_label_A__0.npy,A
Before.Sunrise.1995__#00-11-00_00-15-08_label_A__1.npy,A
Before.Sunrise.1995__#00-11-00_00-15-08_label_A__2.npy,A
Before.Sunrise.1995__#00-11-00_00-15-08_label_A__3.npy,A
Before.Sunrise.1995__#00-11-00_00-15-08_label_A__4.npy,A
Before.Sunrise.1995__#00-11-00_00-15-08_label_A__5.npy,A
Before.Sunrise.1995__#00-11-00_00-15-08_label_A__6.npy,A
Before.Sunrise.1995__#00-11-00_00-15-08_label_A__7.npy,A
Before.Sunrise.1995__#00-11-00_00-15-08_label_A__8.npy,A
Before.Sunrise.1995__#00-11-00_00-15-08_label_A__9.npy,A
v=SdYFFo_tsfk__#01-24-00_01-30-00_label_A__0.npy,A
v=SdYFFo_tsfk__#01-24-00_01-30-00_label_A__1.npy,A
v=SdYFFo_tsfk__#01-24-00_01-30-00_label_A__2.npy,A
v=SdYFFo_tsfk__#01-24-00_01-30-00_label_A__3.npy,A
v=SdYFFo_tsfk__#01-24-00_01-30-00_label_A__4.npy,A
v=SdYFFo_tsfk__#01-24-00_01-30-00_label_A__5.npy,A
v=SdYFFo_tsfk__#01-24-00_01-30-00_label_A__6.npy,A
v=SdYFFo_tsfk__#01-24-00_01-30-00_label_A__7.npy,A
v=SdYFFo_tsfk__#01-24-00_01-30-00_label_A__8.npy,A
v=SdYFFo_tsfk__#01-24-00_01-30-00_label_A__9.npy,A
Bad.Boys.II.2003__#00-16-16_00-20-25_label_A__0.npy,A
Bad.Boys.II.2003__#00-16-16_00-20-25_label_A__1.npy,A
Bad.Boys.II.2003__#00-16-16_00-20-25_label_A__2.npy,A
Bad.Boys.II.2003__#00-16-16_00-20-25_label_A__3.npy,A
Bad.Boys.II.2003__#00-16-16_00-20-25_label_A__4.npy,A
Bad.Boys.II.2003__#00-16-16_00-20-25_label_A__5.npy,A
Bad.Boys.II.2003__#00-16-16_00-20-25_label_A__6.npy,A
Bad.Boys.II.2003__#00-16-16_00-20-25_label_A__7.npy,A
Bad.Boys.II.2003__#00-16-16_00-20-25_label_A__8.npy,A
Bad.Boys.II.2003__#00-16-16_00-20-25_label_A__9.npy,A
v=dM4c8z0d6Pw__#1_label_A__0.npy,A
v=dM4c8z0d6Pw__#1_label_A__1.npy,A
v=dM4c8z0d6Pw__#1_label_A__2.npy,A
v=dM4c8z0d6Pw__#1_label_A__3.npy,A
v=dM4c8z0d6Pw__#1_label_A__4.npy,A
v=dM4c8z0d6Pw__#1_label_A__5.npy,A
v=dM4c8z0d6Pw__#1_label_A__6.npy,A
v=dM4c8z0d6Pw__#1_label_A__7.npy,A
v=dM4c8z0d6Pw__#1_label_A__8.npy,A
v=dM4c8z0d6Pw__#1_label_A__9.npy,A
v=XF7VVP6pZqg__#1_label_A__0.npy,A
v=XF7VVP6pZqg__#1_label_A__1.npy,A
v=XF7VVP6pZqg__#1_label_A__2.npy,A
v=XF7VVP6pZqg__#1_label_A__3.npy,A
v=XF7VVP6pZqg__#1_label_A__4.npy,A
v=XF7VVP6pZqg__#1_label_A__5.npy,A
v=XF7VVP6pZqg__#1_label_A__6.npy,A
v=XF7VVP6pZqg__#1_label_A__7.npy,A
v=XF7VVP6pZqg__#1_label_A__8.npy,A
v=XF7VVP6pZqg__#1_label_A__9.npy,A
Good.Will.Hunting.1997__#00-57-20_00-58-17_label_A__0.npy,A
Good.Will.Hunting.1997__#00-57-20_00-58-17_label_A__1.npy,A
Good.Will.Hunting.1997__#00-57-20_00-58-17_label_A__2.npy,A
Good.Will.Hunting.1997__#00-57-20_00-58-17_label_A__3.npy,A
Good.Will.Hunting.1997__#00-57-20_00-58-17_label_A__4.npy,A
Good.Will.Hunting.1997__#00-57-20_00-58-17_label_A__5.npy,A
Good.Will.Hunting.1997__#00-57-20_00-58-17_label_A__6.npy,A
Good.Will.Hunting.1997__#00-57-20_00-58-17_label_A__7.npy,A
Good.Will.Hunting.1997__#00-57-20_00-58-17_label_A__8.npy,A
Good.Will.Hunting.1997__#00-57-20_00-58-17_label_A__9.npy,A
v=udWxy9CzcfU__#1_label_A__0.npy,A
v=udWxy9CzcfU__#1_label_A__1.npy,A
v=udWxy9CzcfU__#1_label_A__2.npy,A
v=udWxy9CzcfU__#1_label_A__3.npy,A
v=udWxy9CzcfU__#1_label_A__4.npy,A
v=udWxy9CzcfU__#1_label_A__5.npy,A
v=udWxy9CzcfU__#1_label_A__6.npy,A
v=udWxy9CzcfU__#1_label_A__7.npy,A
v=udWxy9CzcfU__#1_label_A__8.npy,A
v=udWxy9CzcfU__#1_label_A__9.npy,A
v=JmFOOK5rX6E__#1_label_A__0.npy,A
v=JmFOOK5rX6E__#1_label_A__1.npy,A
v=JmFOOK5rX6E__#1_label_A__2.npy,A
v=JmFOOK5rX6E__#1_label_A__3.npy,A
v=JmFOOK5rX6E__#1_label_A__4.npy,A
v=JmFOOK5rX6E__#1_label_A__5.npy,A
v=JmFOOK5rX6E__#1_label_A__6.npy,A
v=JmFOOK5rX6E__#1_label_A__7.npy,A
v=JmFOOK5rX6E__#1_label_A__8.npy,A
v=JmFOOK5rX6E__#1_label_A__9.npy,A
v=DgVYczWF7oQ__#1_label_A__0.npy,A
v=DgVYczWF7oQ__#1_label_A__1.npy,A
v=DgVYczWF7oQ__#1_label_A__2.npy,A
v=DgVYczWF7oQ__#1_label_A__3.npy,A
v=DgVYczWF7oQ__#1_label_A__4.npy,A
v=DgVYczWF7oQ__#1_label_A__5.npy,A
v=DgVYczWF7oQ__#1_label_A__6.npy,A
v=DgVYczWF7oQ__#1_label_A__7.npy,A
v=DgVYczWF7oQ__#1_label_A__8.npy,A
v=DgVYczWF7oQ__#1_label_A__9.npy,A
One.Day.2011__#00-03-00_00-04-05_label_A__0.npy,A
One.Day.2011__#00-03-00_00-04-05_label_A__1.npy,A
One.Day.2011__#00-03-00_00-04-05_label_A__2.npy,A
One.Day.2011__#00-03-00_00-04-05_label_A__3.npy,A
One.Day.2011__#00-03-00_00-04-05_label_A__4.npy,A
One.Day.2011__#00-03-00_00-04-05_label_A__5.npy,A
One.Day.2011__#00-03-00_00-04-05_label_A__6.npy,A
One.Day.2011__#00-03-00_00-04-05_label_A__7.npy,A
One.Day.2011__#00-03-00_00-04-05_label_A__8.npy,A
One.Day.2011__#00-03-00_00-04-05_label_A__9.npy,A
Love.Me.If.You.Dare.2003__#00-17-30_00-19-10_label_A__0.npy,A
Love.Me.If.You.Dare.2003__#00-17-30_00-19-10_label_A__1.npy,A
Love.Me.If.You.Dare.2003__#00-17-30_00-19-10_label_A__2.npy,A
Love.Me.If.You.Dare.2003__#00-17-30_00-19-10_label_A__3.npy,A
Love.Me.If.You.Dare.2003__#00-17-30_00-19-10_label_A__4.npy,A
Love.Me.If.You.Dare.2003__#00-17-30_00-19-10_label_A__5.npy,A
Love.Me.If.You.Dare.2003__#00-17-30_00-19-10_label_A__6.npy,A
Love.Me.If.You.Dare.2003__#00-17-30_00-19-10_label_A__7.npy,A
Love.Me.If.You.Dare.2003__#00-17-30_00-19-10_label_A__8.npy,A
Love.Me.If.You.Dare.2003__#00-17-30_00-19-10_label_A__9.npy,A
City.of.God.2002__#00-58-51_00-59-52_label_A__0.npy,A
City.of.God.2002__#00-58-51_00-59-52_label_A__1.npy,A
City.of.God.2002__#00-58-51_00-59-52_label_A__2.npy,A
City.of.God.2002__#00-58-51_00-59-52_label_A__3.npy,A
City.of.God.2002__#00-58-51_00-59-52_label_A__4.npy,A
City.of.God.2002__#00-58-51_00-59-52_label_A__5.npy,A
City.of.God.2002__#00-58-51_00-59-52_label_A__6.npy,A
City.of.God.2002__#00-58-51_00-59-52_label_A__7.npy,A
City.of.God.2002__#00-58-51_00-59-52_label_A__8.npy,A
City.of.God.2002__#00-58-51_00-59-52_label_A__9.npy,A
The.Secret.Life.of.Walter.Mitty.2013__#01-32-00_01-36-08_label_A__0.npy,A
The.Secret.Life.of.Walter.Mitty.2013__#01-32-00_01-36-08_label_A__1.npy,A
The.Secret.Life.of.Walter.Mitty.2013__#01-32-00_01-36-08_label_A__2.npy,A
The.Secret.Life.of.Walter.Mitty.2013__#01-32-00_01-36-08_label_A__3.npy,A
The.Secret.Life.of.Walter.Mitty.2013__#01-32-00_01-36-08_label_A__4.npy,A
The.Secret.Life.of.Walter.Mitty.2013__#01-32-00_01-36-08_label_A__5.npy,A
The.Secret.Life.of.Walter.Mitty.2013__#01-32-00_01-36-08_label_A__6.npy,A
The.Secret.Life.of.Walter.Mitty.2013__#01-32-00_01-36-08_label_A__7.npy,A
The.Secret.Life.of.Walter.Mitty.2013__#01-32-00_01-36-08_label_A__8.npy,A
The.Secret.Life.of.Walter.Mitty.2013__#01-32-00_01-36-08_label_A__9.npy,A
New.Kids.Turbo.2010__#00-04-24_00-06-30_label_A__0.npy,A
New.Kids.Turbo.2010__#00-04-24_00-06-30_label_A__1.npy,A
New.Kids.Turbo.2010__#00-04-24_00-06-30_label_A__2.npy,A
New.Kids.Turbo.2010__#00-04-24_00-06-30_label_A__3.npy,A
New.Kids.Turbo.2010__#00-04-24_00-06-30_label_A__4.npy,A
New.Kids.Turbo.2010__#00-04-24_00-06-30_label_A__5.npy,A
New.Kids.Turbo.2010__#00-04-24_00-06-30_label_A__6.npy,A
New.Kids.Turbo.2010__#00-04-24_00-06-30_label_A__7.npy,A
New.Kids.Turbo.2010__#00-04-24_00-06-30_label_A__8.npy,A
New.Kids.Turbo.2010__#00-04-24_00-06-30_label_A__9.npy,A
The.Secret.Life.of.Walter.Mitty.2013__#01-09-30_01-16-59_label_A__0.npy,A
The.Secret.Life.of.Walter.Mitty.2013__#01-09-30_01-16-59_label_A__1.npy,A
The.Secret.Life.of.Walter.Mitty.2013__#01-09-30_01-16-59_label_A__2.npy,A
The.Secret.Life.of.Walter.Mitty.2013__#01-09-30_01-16-59_label_A__3.npy,A
The.Secret.Life.of.Walter.Mitty.2013__#01-09-30_01-16-59_label_A__4.npy,A
The.Secret.Life.of.Walter.Mitty.2013__#01-09-30_01-16-59_label_A__5.npy,A
The.Secret.Life.of.Walter.Mitty.2013__#01-09-30_01-16-59_label_A__6.npy,A
The.Secret.Life.of.Walter.Mitty.2013__#01-09-30_01-16-59_label_A__7.npy,A
The.Secret.Life.of.Walter.Mitty.2013__#01-09-30_01-16-59_label_A__8.npy,A
The.Secret.Life.of.Walter.Mitty.2013__#01-09-30_01-16-59_label_A__9.npy,A
Bullet.in.the.Head.1990__#00-48-53_00-51-45_label_A__0.npy,A
Bullet.in.the.Head.1990__#00-48-53_00-51-45_label_A__1.npy,A
Bullet.in.the.Head.1990__#00-48-53_00-51-45_label_A__2.npy,A
Bullet.in.the.Head.1990__#00-48-53_00-51-45_label_A__3.npy,A
Bullet.in.the.Head.1990__#00-48-53_00-51-45_label_A__4.npy,A
Bullet.in.the.Head.1990__#00-48-53_00-51-45_label_A__5.npy,A
Bullet.in.the.Head.1990__#00-48-53_00-51-45_label_A__6.npy,A
Bullet.in.the.Head.1990__#00-48-53_00-51-45_label_A__7.npy,A
Bullet.in.the.Head.1990__#00-48-53_00-51-45_label_A__8.npy,A
Bullet.in.the.Head.1990__#00-48-53_00-51-45_label_A__9.npy,A
Good.Will.Hunting.1997__#01-33-18_01-36-11_label_A__0.npy,A
Good.Will.Hunting.1997__#01-33-18_01-36-11_label_A__1.npy,A
Good.Will.Hunting.1997__#01-33-18_01-36-11_label_A__2.npy,A
Good.Will.Hunting.1997__#01-33-18_01-36-11_label_A__3.npy,A
Good.Will.Hunting.1997__#01-33-18_01-36-11_label_A__4.npy,A
Good.Will.Hunting.1997__#01-33-18_01-36-11_label_A__5.npy,A
Good.Will.Hunting.1997__#01-33-18_01-36-11_label_A__6.npy,A
Good.Will.Hunting.1997__#01-33-18_01-36-11_label_A__7.npy,A
Good.Will.Hunting.1997__#01-33-18_01-36-11_label_A__8.npy,A
Good.Will.Hunting.1997__#01-33-18_01-36-11_label_A__9.npy,A
Flipped.2010__#00-25-20_00-29-20_label_A__0.npy,A
Flipped.2010__#00-25-20_00-29-20_label_A__1.npy,A
Flipped.2010__#00-25-20_00-29-20_label_A__2.npy,A
Flipped.2010__#00-25-20_00-29-20_label_A__3.npy,A
Flipped.2010__#00-25-20_00-29-20_label_A__4.npy,A
Flipped.2010__#00-25-20_00-29-20_label_A__5.npy,A
Flipped.2010__#00-25-20_00-29-20_label_A__6.npy,A
Flipped.2010__#00-25-20_00-29-20_label_A__7.npy,A
Flipped.2010__#00-25-20_00-29-20_label_A__8.npy,A
Flipped.2010__#00-25-20_00-29-20_label_A__9.npy,A
The.Intouchables.2011__#00-17-30_00-19-10_label_A__0.npy,A
The.Intouchables.2011__#00-17-30_00-19-10_label_A__1.npy,A
The.Intouchables.2011__#00-17-30_00-19-10_label_A__2.npy,A
The.Intouchables.2011__#00-17-30_00-19-10_label_A__3.npy,A
The.Intouchables.2011__#00-17-30_00-19-10_label_A__4.npy,A
The.Intouchables.2011__#00-17-30_00-19-10_label_A__5.npy,A
The.Intouchables.2011__#00-17-30_00-19-10_label_A__6.npy,A
The.Intouchables.2011__#00-17-30_00-19-10_label_A__7.npy,A
The.Intouchables.2011__#00-17-30_00-19-10_label_A__8.npy,A
The.Intouchables.2011__#00-17-30_00-19-10_label_A__9.npy,A
v=CqSDWoAhvLU__#1_label_A__0.npy,A
v=CqSDWoAhvLU__#1_label_A__1.npy,A
v=CqSDWoAhvLU__#1_label_A__2.npy,A
v=CqSDWoAhvLU__#1_label_A__3.npy,A
v=CqSDWoAhvLU__#1_label_A__4.npy,A
v=CqSDWoAhvLU__#1_label_A__5.npy,A
v=CqSDWoAhvLU__#1_label_A__6.npy,A
v=CqSDWoAhvLU__#1_label_A__7.npy,A
v=CqSDWoAhvLU__#1_label_A__8.npy,A
v=CqSDWoAhvLU__#1_label_A__9.npy,A
v=_f2LLG_CPRQ__#1_label_A__0.npy,A
v=_f2LLG_CPRQ__#1_label_A__1.npy,A
v=_f2LLG_CPRQ__#1_label_A__2.npy,A
v=_f2LLG_CPRQ__#1_label_A__3.npy,A
v=_f2LLG_CPRQ__#1_label_A__4.npy,A
v=_f2LLG_CPRQ__#1_label_A__5.npy,A
v=_f2LLG_CPRQ__#1_label_A__6.npy,A
v=_f2LLG_CPRQ__#1_label_A__7.npy,A
v=_f2LLG_CPRQ__#1_label_A__8.npy,A
v=_f2LLG_CPRQ__#1_label_A__9.npy,A
v=iLvIBv-_ihY__#1_label_A__0.npy,A
v=iLvIBv-_ihY__#1_label_A__1.npy,A
v=iLvIBv-_ihY__#1_label_A__2.npy,A
v=iLvIBv-_ihY__#1_label_A__3.npy,A
v=iLvIBv-_ihY__#1_label_A__4.npy,A
v=iLvIBv-_ihY__#1_label_A__5.npy,A
v=iLvIBv-_ihY__#1_label_A__6.npy,A
v=iLvIBv-_ihY__#1_label_A__7.npy,A
v=iLvIBv-_ihY__#1_label_A__8.npy,A
v=iLvIBv-_ihY__#1_label_A__9.npy,A
Ip.Man.3.2015__#01-18-33_01-19-26_label_A__0.npy,A
Ip.Man.3.2015__#01-18-33_01-19-26_label_A__1.npy,A
Ip.Man.3.2015__#01-18-33_01-19-26_label_A__2.npy,A
Ip.Man.3.2015__#01-18-33_01-19-26_label_A__3.npy,A
Ip.Man.3.2015__#01-18-33_01-19-26_label_A__4.npy,A
Ip.Man.3.2015__#01-18-33_01-19-26_label_A__5.npy,A
Ip.Man.3.2015__#01-18-33_01-19-26_label_A__6.npy,A
Ip.Man.3.2015__#01-18-33_01-19-26_label_A__7.npy,A
Ip.Man.3.2015__#01-18-33_01-19-26_label_A__8.npy,A
Ip.Man.3.2015__#01-18-33_01-19-26_label_A__9.npy,A
Be.with.You.2018__#00-11-00_00-15-08_label_A__0.npy,A
Be.with.You.2018__#00-11-00_00-15-08_label_A__1.npy,A
Be.with.You.2018__#00-11-00_00-15-08_label_A__2.npy,A
Be.with.You.2018__#00-11-00_00-15-08_label_A__3.npy,A
Be.with.You.2018__#00-11-00_00-15-08_label_A__4.npy,A
Be.with.You.2018__#00-11-00_00-15-08_label_A__5.npy,A
Be.with.You.2018__#00-11-00_00-15-08_label_A__6.npy,A
Be.with.You.2018__#00-11-00_00-15-08_label_A__7.npy,A
Be.with.You.2018__#00-11-00_00-15-08_label_A__8.npy,A
Be.with.You.2018__#00-11-00_00-15-08_label_A__9.npy,A
v=VR_5nywcUuQ__#1_label_A__0.npy,A
v=VR_5nywcUuQ__#1_label_A__1.npy,A
v=VR_5nywcUuQ__#1_label_A__2.npy,A
v=VR_5nywcUuQ__#1_label_A__3.npy,A
v=VR_5nywcUuQ__#1_label_A__4.npy,A
v=VR_5nywcUuQ__#1_label_A__5.npy,A
v=VR_5nywcUuQ__#1_label_A__6.npy,A
v=VR_5nywcUuQ__#1_label_A__7.npy,A
v=VR_5nywcUuQ__#1_label_A__8.npy,A
v=VR_5nywcUuQ__#1_label_A__9.npy,A
v=itGX1CuGYiw__#1_label_A__0.npy,A
v=itGX1CuGYiw__#1_label_A__1.npy,A
v=itGX1CuGYiw__#1_label_A__2.npy,A
v=itGX1CuGYiw__#1_label_A__3.npy,A
v=itGX1CuGYiw__#1_label_A__4.npy,A
v=itGX1CuGYiw__#1_label_A__5.npy,A
v=itGX1CuGYiw__#1_label_A__6.npy,A
v=itGX1CuGYiw__#1_label_A__7.npy,A
v=itGX1CuGYiw__#1_label_A__8.npy,A
v=itGX1CuGYiw__#1_label_A__9.npy,A
Tropa.de.Elite.2007__#00-12-10_00-13-30_label_A__0.npy,A
Tropa.de.Elite.2007__#00-12-10_00-13-30_label_A__1.npy,A
Tropa.de.Elite.2007__#00-12-10_00-13-30_label_A__2.npy,A
Tropa.de.Elite.2007__#00-12-10_00-13-30_label_A__3.npy,A
Tropa.de.Elite.2007__#00-12-10_00-13-30_label_A__4.npy,A
Tropa.de.Elite.2007__#00-12-10_00-13-30_label_A__5.npy,A
Tropa.de.Elite.2007__#00-12-10_00-13-30_label_A__6.npy,A
Tropa.de.Elite.2007__#00-12-10_00-13-30_label_A__7.npy,A
Tropa.de.Elite.2007__#00-12-10_00-13-30_label_A__8.npy,A
Tropa.de.Elite.2007__#00-12-10_00-13-30_label_A__9.npy,A
v=Wfo1lz6nntg__#1_label_A__0.npy,A
v=Wfo1lz6nntg__#1_label_A__1.npy,A
v=Wfo1lz6nntg__#1_label_A__2.npy,A
v=Wfo1lz6nntg__#1_label_A__3.npy,A
v=Wfo1lz6nntg__#1_label_A__4.npy,A
v=Wfo1lz6nntg__#1_label_A__5.npy,A
v=Wfo1lz6nntg__#1_label_A__6.npy,A
v=Wfo1lz6nntg__#1_label_A__7.npy,A
v=Wfo1lz6nntg__#1_label_A__8.npy,A
v=Wfo1lz6nntg__#1_label_A__9.npy,A
v=GZcVXqgQqx4__#1_label_A__0.npy,A
v=GZcVXqgQqx4__#1_label_A__1.npy,A
v=GZcVXqgQqx4__#1_label_A__2.npy,A
v=GZcVXqgQqx4__#1_label_A__3.npy,A
v=GZcVXqgQqx4__#1_label_A__4.npy,A
v=GZcVXqgQqx4__#1_label_A__5.npy,A
v=GZcVXqgQqx4__#1_label_A__6.npy,A
v=GZcVXqgQqx4__#1_label_A__7.npy,A
v=GZcVXqgQqx4__#1_label_A__8.npy,A
v=GZcVXqgQqx4__#1_label_A__9.npy,A
v=WjO4zweaD2w__#1_label_A__0.npy,A
v=WjO4zweaD2w__#1_label_A__1.npy,A
v=WjO4zweaD2w__#1_label_A__2.npy,A
v=WjO4zweaD2w__#1_label_A__3.npy,A
v=WjO4zweaD2w__#1_label_A__4.npy,A
v=WjO4zweaD2w__#1_label_A__5.npy,A
v=WjO4zweaD2w__#1_label_A__6.npy,A
v=WjO4zweaD2w__#1_label_A__7.npy,A
v=WjO4zweaD2w__#1_label_A__8.npy,A
v=WjO4zweaD2w__#1_label_A__9.npy,A
v=XYIQL0np5mI__#1_label_A__0.npy,A
v=XYIQL0np5mI__#1_label_A__1.npy,A
v=XYIQL0np5mI__#1_label_A__2.npy,A
v=XYIQL0np5mI__#1_label_A__3.npy,A
v=XYIQL0np5mI__#1_label_A__4.npy,A
v=XYIQL0np5mI__#1_label_A__5.npy,A
v=XYIQL0np5mI__#1_label_A__6.npy,A
v=XYIQL0np5mI__#1_label_A__7.npy,A
v=XYIQL0np5mI__#1_label_A__8.npy,A
v=XYIQL0np5mI__#1_label_A__9.npy,A
v=JvHGTMhzmnw__#1_label_A__0.npy,A
v=JvHGTMhzmnw__#1_label_A__1.npy,A
v=JvHGTMhzmnw__#1_label_A__2.npy,A
v=JvHGTMhzmnw__#1_label_A__3.npy,A
v=JvHGTMhzmnw__#1_label_A__4.npy,A
v=JvHGTMhzmnw__#1_label_A__5.npy,A
v=JvHGTMhzmnw__#1_label_A__6.npy,A
v=JvHGTMhzmnw__#1_label_A__7.npy,A
v=JvHGTMhzmnw__#1_label_A__8.npy,A
v=JvHGTMhzmnw__#1_label_A__9.npy,A
v=cr88_Xq2hMg__#1_label_A__0.npy,A
v=cr88_Xq2hMg__#1_label_A__1.npy,A
v=cr88_Xq2hMg__#1_label_A__2.npy,A
v=cr88_Xq2hMg__#1_label_A__3.npy,A
v=cr88_Xq2hMg__#1_label_A__4.npy,A
v=cr88_Xq2hMg__#1_label_A__5.npy,A
v=cr88_Xq2hMg__#1_label_A__6.npy,A
v=cr88_Xq2hMg__#1_label_A__7.npy,A
v=cr88_Xq2hMg__#1_label_A__8.npy,A
v=cr88_Xq2hMg__#1_label_A__9.npy,A
Spectre.2015__#01-38-08_01-39-40_label_A__0.npy,A
Spectre.2015__#01-38-08_01-39-40_label_A__1.npy,A
Spectre.2015__#01-38-08_01-39-40_label_A__2.npy,A
Spectre.2015__#01-38-08_01-39-40_label_A__3.npy,A
Spectre.2015__#01-38-08_01-39-40_label_A__4.npy,A
Spectre.2015__#01-38-08_01-39-40_label_A__5.npy,A
Spectre.2015__#01-38-08_01-39-40_label_A__6.npy,A
Spectre.2015__#01-38-08_01-39-40_label_A__7.npy,A
Spectre.2015__#01-38-08_01-39-40_label_A__8.npy,A
Spectre.2015__#01-38-08_01-39-40_label_A__9.npy,A
Rush.Hour.1998.BluRay__#00-09-35_00-10-55_label_A__0.npy,A
Rush.Hour.1998.BluRay__#00-09-35_00-10-55_label_A__1.npy,A
Rush.Hour.1998.BluRay__#00-09-35_00-10-55_label_A__2.npy,A
Rush.Hour.1998.BluRay__#00-09-35_00-10-55_label_A__3.npy,A
Rush.Hour.1998.BluRay__#00-09-35_00-10-55_label_A__4.npy,A
Rush.Hour.1998.BluRay__#00-09-35_00-10-55_label_A__5.npy,A
Rush.Hour.1998.BluRay__#00-09-35_00-10-55_label_A__6.npy,A
Rush.Hour.1998.BluRay__#00-09-35_00-10-55_label_A__7.npy,A
Rush.Hour.1998.BluRay__#00-09-35_00-10-55_label_A__8.npy,A
Rush.Hour.1998.BluRay__#00-09-35_00-10-55_label_A__9.npy,A
v=7EGsd9BtaoA__#1_label_A__0.npy,A
v=7EGsd9BtaoA__#1_label_A__1.npy,A
v=7EGsd9BtaoA__#1_label_A__2.npy,A
v=7EGsd9BtaoA__#1_label_A__3.npy,A
v=7EGsd9BtaoA__#1_label_A__4.npy,A
v=7EGsd9BtaoA__#1_label_A__5.npy,A
v=7EGsd9BtaoA__#1_label_A__6.npy,A
v=7EGsd9BtaoA__#1_label_A__7.npy,A
v=7EGsd9BtaoA__#1_label_A__8.npy,A
v=7EGsd9BtaoA__#1_label_A__9.npy,A
v=qV4YYnXdQCc__#00-06-00_00-09-00_label_A__0.npy,A
v=qV4YYnXdQCc__#00-06-00_00-09-00_label_A__1.npy,A
v=qV4YYnXdQCc__#00-06-00_00-09-00_label_A__2.npy,A
v=qV4YYnXdQCc__#00-06-00_00-09-00_label_A__3.npy,A
v=qV4YYnXdQCc__#00-06-00_00-09-00_label_A__4.npy,A
v=qV4YYnXdQCc__#00-06-00_00-09-00_label_A__5.npy,A
v=qV4YYnXdQCc__#00-06-00_00-09-00_label_A__6.npy,A
v=qV4YYnXdQCc__#00-06-00_00-09-00_label_A__7.npy,A
v=qV4YYnXdQCc__#00-06-00_00-09-00_label_A__8.npy,A
v=qV4YYnXdQCc__#00-06-00_00-09-00_label_A__9.npy,A
Salt.2010__#00-38-13_00-39-13_label_A__0.npy,A
Salt.2010__#00-38-13_00-39-13_label_A__1.npy,A
Salt.2010__#00-38-13_00-39-13_label_A__2.npy,A
Salt.2010__#00-38-13_00-39-13_label_A__3.npy,A
Salt.2010__#00-38-13_00-39-13_label_A__4.npy,A
Salt.2010__#00-38-13_00-39-13_label_A__5.npy,A
Salt.2010__#00-38-13_00-39-13_label_A__6.npy,A
Salt.2010__#00-38-13_00-39-13_label_A__7.npy,A
Salt.2010__#00-38-13_00-39-13_label_A__8.npy,A
Salt.2010__#00-38-13_00-39-13_label_A__9.npy,A
v=hWjyp5tZvbg__#1_label_A__0.npy,A
v=hWjyp5tZvbg__#1_label_A__1.npy,A
v=hWjyp5tZvbg__#1_label_A__2.npy,A
v=hWjyp5tZvbg__#1_label_A__3.npy,A
v=hWjyp5tZvbg__#1_label_A__4.npy,A
v=hWjyp5tZvbg__#1_label_A__5.npy,A
v=hWjyp5tZvbg__#1_label_A__6.npy,A
v=hWjyp5tZvbg__#1_label_A__7.npy,A
v=hWjyp5tZvbg__#1_label_A__8.npy,A
v=hWjyp5tZvbg__#1_label_A__9.npy,A
v=WYMLA4U9HDI__#1_label_A__0.npy,A
v=WYMLA4U9HDI__#1_label_A__1.npy,A
v=WYMLA4U9HDI__#1_label_A__2.npy,A
v=WYMLA4U9HDI__#1_label_A__3.npy,A
v=WYMLA4U9HDI__#1_label_A__4.npy,A
v=WYMLA4U9HDI__#1_label_A__5.npy,A
v=WYMLA4U9HDI__#1_label_A__6.npy,A
v=WYMLA4U9HDI__#1_label_A__7.npy,A
v=WYMLA4U9HDI__#1_label_A__8.npy,A
v=WYMLA4U9HDI__#1_label_A__9.npy,A
A.Beautiful.Mind.2001__#00-05-52_00-08-22_label_A__0.npy,A
A.Beautiful.Mind.2001__#00-05-52_00-08-22_label_A__1.npy,A
A.Beautiful.Mind.2001__#00-05-52_00-08-22_label_A__2.npy,A
A.Beautiful.Mind.2001__#00-05-52_00-08-22_label_A__3.npy,A
A.Beautiful.Mind.2001__#00-05-52_00-08-22_label_A__4.npy,A
A.Beautiful.Mind.2001__#00-05-52_00-08-22_label_A__5.npy,A
A.Beautiful.Mind.2001__#00-05-52_00-08-22_label_A__6.npy,A
A.Beautiful.Mind.2001__#00-05-52_00-08-22_label_A__7.npy,A
A.Beautiful.Mind.2001__#00-05-52_00-08-22_label_A__8.npy,A
A.Beautiful.Mind.2001__#00-05-52_00-08-22_label_A__9.npy,A
Yellow.Sea.2010__#00-15-34_00-16-47_label_A__0.npy,A
Yellow.Sea.2010__#00-15-34_00-16-47_label_A__1.npy,A
Yellow.Sea.2010__#00-15-34_00-16-47_label_A__2.npy,A
Yellow.Sea.2010__#00-15-34_00-16-47_label_A__3.npy,A
Yellow.Sea.2010__#00-15-34_00-16-47_label_A__4.npy,A
Yellow.Sea.2010__#00-15-34_00-16-47_label_A__5.npy,A
Yellow.Sea.2010__#00-15-34_00-16-47_label_A__6.npy,A
Yellow.Sea.2010__#00-15-34_00-16-47_label_A__7.npy,A
Yellow.Sea.2010__#00-15-34_00-16-47_label_A__8.npy,A
Yellow.Sea.2010__#00-15-34_00-16-47_label_A__9.npy,A
Death.Proof.2007__#00-13-52_00-16-22_label_A__0.npy,A
Death.Proof.2007__#00-13-52_00-16-22_label_A__1.npy,A
Death.Proof.2007__#00-13-52_00-16-22_label_A__2.npy,A
Death.Proof.2007__#00-13-52_00-16-22_label_A__3.npy,A
Death.Proof.2007__#00-13-52_00-16-22_label_A__4.npy,A
Death.Proof.2007__#00-13-52_00-16-22_label_A__5.npy,A
Death.Proof.2007__#00-13-52_00-16-22_label_A__6.npy,A
Death.Proof.2007__#00-13-52_00-16-22_label_A__7.npy,A
Death.Proof.2007__#00-13-52_00-16-22_label_A__8.npy,A
Death.Proof.2007__#00-13-52_00-16-22_label_A__9.npy,A
Salt.2010__#01-23-40_01-25-00_label_A__0.npy,A
Salt.2010__#01-23-40_01-25-00_label_A__1.npy,A
Salt.2010__#01-23-40_01-25-00_label_A__2.npy,A
Salt.2010__#01-23-40_01-25-00_label_A__3.npy,A
Salt.2010__#01-23-40_01-25-00_label_A__4.npy,A
Salt.2010__#01-23-40_01-25-00_label_A__5.npy,A
Salt.2010__#01-23-40_01-25-00_label_A__6.npy,A
Salt.2010__#01-23-40_01-25-00_label_A__7.npy,A
Salt.2010__#01-23-40_01-25-00_label_A__8.npy,A
Salt.2010__#01-23-40_01-25-00_label_A__9.npy,A
v=-88mOGutFXE__#1_label_A__0.npy,A
v=-88mOGutFXE__#1_label_A__1.npy,A
v=-88mOGutFXE__#1_label_A__2.npy,A
v=-88mOGutFXE__#1_label_A__3.npy,A
v=-88mOGutFXE__#1_label_A__4.npy,A
v=-88mOGutFXE__#1_label_A__5.npy,A
v=-88mOGutFXE__#1_label_A__6.npy,A
v=-88mOGutFXE__#1_label_A__7.npy,A
v=-88mOGutFXE__#1_label_A__8.npy,A
v=-88mOGutFXE__#1_label_A__9.npy,A
Shoot.Em.Up.2007__#00-41-32_00-43-32_label_A__0.npy,A
Shoot.Em.Up.2007__#00-41-32_00-43-32_label_A__1.npy,A
Shoot.Em.Up.2007__#00-41-32_00-43-32_label_A__2.npy,A
Shoot.Em.Up.2007__#00-41-32_00-43-32_label_A__3.npy,A
Shoot.Em.Up.2007__#00-41-32_00-43-32_label_A__4.npy,A
Shoot.Em.Up.2007__#00-41-32_00-43-32_label_A__5.npy,A
Shoot.Em.Up.2007__#00-41-32_00-43-32_label_A__6.npy,A
Shoot.Em.Up.2007__#00-41-32_00-43-32_label_A__7.npy,A
Shoot.Em.Up.2007__#00-41-32_00-43-32_label_A__8.npy,A
Shoot.Em.Up.2007__#00-41-32_00-43-32_label_A__9.npy,A
v=Yr41_8QOTF8__#00-24-00_00-27-00_label_A__0.npy,A
v=Yr41_8QOTF8__#00-24-00_00-27-00_label_A__1.npy,A
v=Yr41_8QOTF8__#00-24-00_00-27-00_label_A__2.npy,A
v=Yr41_8QOTF8__#00-24-00_00-27-00_label_A__3.npy,A
v=Yr41_8QOTF8__#00-24-00_00-27-00_label_A__4.npy,A
v=Yr41_8QOTF8__#00-24-00_00-27-00_label_A__5.npy,A
v=Yr41_8QOTF8__#00-24-00_00-27-00_label_A__6.npy,A
v=Yr41_8QOTF8__#00-24-00_00-27-00_label_A__7.npy,A
v=Yr41_8QOTF8__#00-24-00_00-27-00_label_A__8.npy,A
v=Yr41_8QOTF8__#00-24-00_00-27-00_label_A__9.npy,A
A.Beautiful.Mind.2001__#01-58-20_02-05-00_label_A__0.npy,A
A.Beautiful.Mind.2001__#01-58-20_02-05-00_label_A__1.npy,A
A.Beautiful.Mind.2001__#01-58-20_02-05-00_label_A__2.npy,A
A.Beautiful.Mind.2001__#01-58-20_02-05-00_label_A__3.npy,A
A.Beautiful.Mind.2001__#01-58-20_02-05-00_label_A__4.npy,A
A.Beautiful.Mind.2001__#01-58-20_02-05-00_label_A__5.npy,A
A.Beautiful.Mind.2001__#01-58-20_02-05-00_label_A__6.npy,A
A.Beautiful.Mind.2001__#01-58-20_02-05-00_label_A__7.npy,A
A.Beautiful.Mind.2001__#01-58-20_02-05-00_label_A__8.npy,A
A.Beautiful.Mind.2001__#01-58-20_02-05-00_label_A__9.npy,A
v=AndzwGcYF4w__#1_label_A__0.npy,A
v=AndzwGcYF4w__#1_label_A__1.npy,A
v=AndzwGcYF4w__#1_label_A__2.npy,A
v=AndzwGcYF4w__#1_label_A__3.npy,A
v=AndzwGcYF4w__#1_label_A__4.npy,A
v=AndzwGcYF4w__#1_label_A__5.npy,A
v=AndzwGcYF4w__#1_label_A__6.npy,A
v=AndzwGcYF4w__#1_label_A__7.npy,A
v=AndzwGcYF4w__#1_label_A__8.npy,A
v=AndzwGcYF4w__#1_label_A__9.npy,A
About.Time.2013__#00-42-52_00-45-31_label_A__0.npy,A
About.Time.2013__#00-42-52_00-45-31_label_A__1.npy,A
About.Time.2013__#00-42-52_00-45-31_label_A__2.npy,A
About.Time.2013__#00-42-52_00-45-31_label_A__3.npy,A
About.Time.2013__#00-42-52_00-45-31_label_A__4.npy,A
About.Time.2013__#00-42-52_00-45-31_label_A__5.npy,A
About.Time.2013__#00-42-52_00-45-31_label_A__6.npy,A
About.Time.2013__#00-42-52_00-45-31_label_A__7.npy,A
About.Time.2013__#00-42-52_00-45-31_label_A__8.npy,A
About.Time.2013__#00-42-52_00-45-31_label_A__9.npy,A
v=YigOHqXuFT0__#1_label_A__0.npy,A
v=YigOHqXuFT0__#1_label_A__1.npy,A
v=YigOHqXuFT0__#1_label_A__2.npy,A
v=YigOHqXuFT0__#1_label_A__3.npy,A
v=YigOHqXuFT0__#1_label_A__4.npy,A
v=YigOHqXuFT0__#1_label_A__5.npy,A
v=YigOHqXuFT0__#1_label_A__6.npy,A
v=YigOHqXuFT0__#1_label_A__7.npy,A
v=YigOHqXuFT0__#1_label_A__8.npy,A
v=YigOHqXuFT0__#1_label_A__9.npy,A
v=bY3PQdcFWh0__#1_label_A__0.npy,A
v=bY3PQdcFWh0__#1_label_A__1.npy,A
v=bY3PQdcFWh0__#1_label_A__2.npy,A
v=bY3PQdcFWh0__#1_label_A__3.npy,A
v=bY3PQdcFWh0__#1_label_A__4.npy,A
v=bY3PQdcFWh0__#1_label_A__5.npy,A
v=bY3PQdcFWh0__#1_label_A__6.npy,A
v=bY3PQdcFWh0__#1_label_A__7.npy,A
v=bY3PQdcFWh0__#1_label_A__8.npy,A
v=bY3PQdcFWh0__#1_label_A__9.npy,A
Mission.Impossible.V.Rogue.Nation.2015__#00-06-43_00-09-00_label_A__0.npy,A
Mission.Impossible.V.Rogue.Nation.2015__#00-06-43_00-09-00_label_A__1.npy,A
Mission.Impossible.V.Rogue.Nation.2015__#00-06-43_00-09-00_label_A__2.npy,A
Mission.Impossible.V.Rogue.Nation.2015__#00-06-43_00-09-00_label_A__3.npy,A
Mission.Impossible.V.Rogue.Nation.2015__#00-06-43_00-09-00_label_A__4.npy,A
Mission.Impossible.V.Rogue.Nation.2015__#00-06-43_00-09-00_label_A__5.npy,A
Mission.Impossible.V.Rogue.Nation.2015__#00-06-43_00-09-00_label_A__6.npy,A
Mission.Impossible.V.Rogue.Nation.2015__#00-06-43_00-09-00_label_A__7.npy,A
Mission.Impossible.V.Rogue.Nation.2015__#00-06-43_00-09-00_label_A__8.npy,A
Mission.Impossible.V.Rogue.Nation.2015__#00-06-43_00-09-00_label_A__9.npy,A
v=NXRLOf-zp2s__#1_label_A__0.npy,A
v=NXRLOf-zp2s__#1_label_A__1.npy,A
v=NXRLOf-zp2s__#1_label_A__2.npy,A
v=NXRLOf-zp2s__#1_label_A__3.npy,A
v=NXRLOf-zp2s__#1_label_A__4.npy,A
v=NXRLOf-zp2s__#1_label_A__5.npy,A
v=NXRLOf-zp2s__#1_label_A__6.npy,A
v=NXRLOf-zp2s__#1_label_A__7.npy,A
v=NXRLOf-zp2s__#1_label_A__8.npy,A
v=NXRLOf-zp2s__#1_label_A__9.npy,A
v=n-LQZPL4QSA__#1_label_A__0.npy,A
v=n-LQZPL4QSA__#1_label_A__1.npy,A
v=n-LQZPL4QSA__#1_label_A__2.npy,A
v=n-LQZPL4QSA__#1_label_A__3.npy,A
v=n-LQZPL4QSA__#1_label_A__4.npy,A
v=n-LQZPL4QSA__#1_label_A__5.npy,A
v=n-LQZPL4QSA__#1_label_A__6.npy,A
v=n-LQZPL4QSA__#1_label_A__7.npy,A
v=n-LQZPL4QSA__#1_label_A__8.npy,A
v=n-LQZPL4QSA__#1_label_A__9.npy,A
v=rkBKECbTVz4__#1_label_A__0.npy,A
v=rkBKECbTVz4__#1_label_A__1.npy,A
v=rkBKECbTVz4__#1_label_A__2.npy,A
v=rkBKECbTVz4__#1_label_A__3.npy,A
v=rkBKECbTVz4__#1_label_A__4.npy,A
v=rkBKECbTVz4__#1_label_A__5.npy,A
v=rkBKECbTVz4__#1_label_A__6.npy,A
v=rkBKECbTVz4__#1_label_A__7.npy,A
v=rkBKECbTVz4__#1_label_A__8.npy,A
v=rkBKECbTVz4__#1_label_A__9.npy,A
v=eAgqJnO3kr8__#00-00-00_00-06-00_label_A__0.npy,A
v=eAgqJnO3kr8__#00-00-00_00-06-00_label_A__1.npy,A
v=eAgqJnO3kr8__#00-00-00_00-06-00_label_A__2.npy,A
v=eAgqJnO3kr8__#00-00-00_00-06-00_label_A__3.npy,A
v=eAgqJnO3kr8__#00-00-00_00-06-00_label_A__4.npy,A
v=eAgqJnO3kr8__#00-00-00_00-06-00_label_A__5.npy,A
v=eAgqJnO3kr8__#00-00-00_00-06-00_label_A__6.npy,A
v=eAgqJnO3kr8__#00-00-00_00-06-00_label_A__7.npy,A
v=eAgqJnO3kr8__#00-00-00_00-06-00_label_A__8.npy,A
v=eAgqJnO3kr8__#00-00-00_00-06-00_label_A__9.npy,A
From.Dusk.Till.Dawn.1996__#00-17-24_00-20-39_label_A__0.npy,A
From.Dusk.Till.Dawn.1996__#00-17-24_00-20-39_label_A__1.npy,A
From.Dusk.Till.Dawn.1996__#00-17-24_00-20-39_label_A__2.npy,A
From.Dusk.Till.Dawn.1996__#00-17-24_00-20-39_label_A__3.npy,A
From.Dusk.Till.Dawn.1996__#00-17-24_00-20-39_label_A__4.npy,A
From.Dusk.Till.Dawn.1996__#00-17-24_00-20-39_label_A__5.npy,A
From.Dusk.Till.Dawn.1996__#00-17-24_00-20-39_label_A__6.npy,A
From.Dusk.Till.Dawn.1996__#00-17-24_00-20-39_label_A__7.npy,A
From.Dusk.Till.Dawn.1996__#00-17-24_00-20-39_label_A__8.npy,A
From.Dusk.Till.Dawn.1996__#00-17-24_00-20-39_label_A__9.npy,A
Fast.Furious.6.2013__#00-10-20_00-11-50_label_A__0.npy,A
Fast.Furious.6.2013__#00-10-20_00-11-50_label_A__1.npy,A
Fast.Furious.6.2013__#00-10-20_00-11-50_label_A__2.npy,A
Fast.Furious.6.2013__#00-10-20_00-11-50_label_A__3.npy,A
Fast.Furious.6.2013__#00-10-20_00-11-50_label_A__4.npy,A
Fast.Furious.6.2013__#00-10-20_00-11-50_label_A__5.npy,A
Fast.Furious.6.2013__#00-10-20_00-11-50_label_A__6.npy,A
Fast.Furious.6.2013__#00-10-20_00-11-50_label_A__7.npy,A
Fast.Furious.6.2013__#00-10-20_00-11-50_label_A__8.npy,A
Fast.Furious.6.2013__#00-10-20_00-11-50_label_A__9.npy,A
v=ziUW4DM40Qg__#1_label_A__0.npy,A
v=ziUW4DM40Qg__#1_label_A__1.npy,A
v=ziUW4DM40Qg__#1_label_A__2.npy,A
v=ziUW4DM40Qg__#1_label_A__3.npy,A
v=ziUW4DM40Qg__#1_label_A__4.npy,A
v=ziUW4DM40Qg__#1_label_A__5.npy,A
v=ziUW4DM40Qg__#1_label_A__6.npy,A
v=ziUW4DM40Qg__#1_label_A__7.npy,A
v=ziUW4DM40Qg__#1_label_A__8.npy,A
v=ziUW4DM40Qg__#1_label_A__9.npy,A
Your.Name.2016__#01-09-30_01-16-59_label_A__0.npy,A
Your.Name.2016__#01-09-30_01-16-59_label_A__1.npy,A
Your.Name.2016__#01-09-30_01-16-59_label_A__2.npy,A
Your.Name.2016__#01-09-30_01-16-59_label_A__3.npy,A
Your.Name.2016__#01-09-30_01-16-59_label_A__4.npy,A
Your.Name.2016__#01-09-30_01-16-59_label_A__5.npy,A
Your.Name.2016__#01-09-30_01-16-59_label_A__6.npy,A
Your.Name.2016__#01-09-30_01-16-59_label_A__7.npy,A
Your.Name.2016__#01-09-30_01-16-59_label_A__8.npy,A
Your.Name.2016__#01-09-30_01-16-59_label_A__9.npy,A
v=5eN8R6C7AZg__#1_label_A__0.npy,A
v=5eN8R6C7AZg__#1_label_A__1.npy,A
v=5eN8R6C7AZg__#1_label_A__2.npy,A
v=5eN8R6C7AZg__#1_label_A__3.npy,A
v=5eN8R6C7AZg__#1_label_A__4.npy,A
v=5eN8R6C7AZg__#1_label_A__5.npy,A
v=5eN8R6C7AZg__#1_label_A__6.npy,A
v=5eN8R6C7AZg__#1_label_A__7.npy,A
v=5eN8R6C7AZg__#1_label_A__8.npy,A
v=5eN8R6C7AZg__#1_label_A__9.npy,A
God.Bless.America.2011__#01-15-20_01-16-40_label_A__0.npy,A
God.Bless.America.2011__#01-15-20_01-16-40_label_A__1.npy,A
God.Bless.America.2011__#01-15-20_01-16-40_label_A__2.npy,A
God.Bless.America.2011__#01-15-20_01-16-40_label_A__3.npy,A
God.Bless.America.2011__#01-15-20_01-16-40_label_A__4.npy,A
God.Bless.America.2011__#01-15-20_01-16-40_label_A__5.npy,A
God.Bless.America.2011__#01-15-20_01-16-40_label_A__6.npy,A
God.Bless.America.2011__#01-15-20_01-16-40_label_A__7.npy,A
God.Bless.America.2011__#01-15-20_01-16-40_label_A__8.npy,A
God.Bless.America.2011__#01-15-20_01-16-40_label_A__9.npy,A
Before.Sunrise.1995__#00-20-35_00-23-06_label_A__0.npy,A
Before.Sunrise.1995__#00-20-35_00-23-06_label_A__1.npy,A
Before.Sunrise.1995__#00-20-35_00-23-06_label_A__2.npy,A
Before.Sunrise.1995__#00-20-35_00-23-06_label_A__3.npy,A
Before.Sunrise.1995__#00-20-35_00-23-06_label_A__4.npy,A
Before.Sunrise.1995__#00-20-35_00-23-06_label_A__5.npy,A
Before.Sunrise.1995__#00-20-35_00-23-06_label_A__6.npy,A
Before.Sunrise.1995__#00-20-35_00-23-06_label_A__7.npy,A
Before.Sunrise.1995__#00-20-35_00-23-06_label_A__8.npy,A
Before.Sunrise.1995__#00-20-35_00-23-06_label_A__9.npy,A
v=RC0qc_f_okM__#1_label_A__0.npy,A
v=RC0qc_f_okM__#1_label_A__1.npy,A
v=RC0qc_f_okM__#1_label_A__2.npy,A
v=RC0qc_f_okM__#1_label_A__3.npy,A
v=RC0qc_f_okM__#1_label_A__4.npy,A
v=RC0qc_f_okM__#1_label_A__5.npy,A
v=RC0qc_f_okM__#1_label_A__6.npy,A
v=RC0qc_f_okM__#1_label_A__7.npy,A
v=RC0qc_f_okM__#1_label_A__8.npy,A
v=RC0qc_f_okM__#1_label_A__9.npy,A
Be.with.You.2018__#00-58-18_01-02-30_label_A__0.npy,A
Be.with.You.2018__#00-58-18_01-02-30_label_A__1.npy,A
Be.with.You.2018__#00-58-18_01-02-30_label_A__2.npy,A
Be.with.You.2018__#00-58-18_01-02-30_label_A__3.npy,A
Be.with.You.2018__#00-58-18_01-02-30_label_A__4.npy,A
Be.with.You.2018__#00-58-18_01-02-30_label_A__5.npy,A
Be.with.You.2018__#00-58-18_01-02-30_label_A__6.npy,A
Be.with.You.2018__#00-58-18_01-02-30_label_A__7.npy,A
Be.with.You.2018__#00-58-18_01-02-30_label_A__8.npy,A
Be.with.You.2018__#00-58-18_01-02-30_label_A__9.npy,A
The.Attorney.2013__#00-23-50_00-24-31_label_A__0.npy,A
The.Attorney.2013__#00-23-50_00-24-31_label_A__1.npy,A
The.Attorney.2013__#00-23-50_00-24-31_label_A__2.npy,A
The.Attorney.2013__#00-23-50_00-24-31_label_A__3.npy,A
The.Attorney.2013__#00-23-50_00-24-31_label_A__4.npy,A
The.Attorney.2013__#00-23-50_00-24-31_label_A__5.npy,A
The.Attorney.2013__#00-23-50_00-24-31_label_A__6.npy,A
The.Attorney.2013__#00-23-50_00-24-31_label_A__7.npy,A
The.Attorney.2013__#00-23-50_00-24-31_label_A__8.npy,A
The.Attorney.2013__#00-23-50_00-24-31_label_A__9.npy,A
v=p2ggHwtb-Zg__#00-15-00_00-18-00_label_A__0.npy,A
v=p2ggHwtb-Zg__#00-15-00_00-18-00_label_A__1.npy,A
v=p2ggHwtb-Zg__#00-15-00_00-18-00_label_A__2.npy,A
v=p2ggHwtb-Zg__#00-15-00_00-18-00_label_A__3.npy,A
v=p2ggHwtb-Zg__#00-15-00_00-18-00_label_A__4.npy,A
v=p2ggHwtb-Zg__#00-15-00_00-18-00_label_A__5.npy,A
v=p2ggHwtb-Zg__#00-15-00_00-18-00_label_A__6.npy,A
v=p2ggHwtb-Zg__#00-15-00_00-18-00_label_A__7.npy,A
v=p2ggHwtb-Zg__#00-15-00_00-18-00_label_A__8.npy,A
v=p2ggHwtb-Zg__#00-15-00_00-18-00_label_A__9.npy,A
v=HaQ29cSAXZA__#1_label_A__0.npy,A
v=HaQ29cSAXZA__#1_label_A__1.npy,A
v=HaQ29cSAXZA__#1_label_A__2.npy,A
v=HaQ29cSAXZA__#1_label_A__3.npy,A
v=HaQ29cSAXZA__#1_label_A__4.npy,A
v=HaQ29cSAXZA__#1_label_A__5.npy,A
v=HaQ29cSAXZA__#1_label_A__6.npy,A
v=HaQ29cSAXZA__#1_label_A__7.npy,A
v=HaQ29cSAXZA__#1_label_A__8.npy,A
v=HaQ29cSAXZA__#1_label_A__9.npy,A
Mindhunters.2004__#00-45-50_00-46-28_label_A__0.npy,A
Mindhunters.2004__#00-45-50_00-46-28_label_A__1.npy,A
Mindhunters.2004__#00-45-50_00-46-28_label_A__2.npy,A
Mindhunters.2004__#00-45-50_00-46-28_label_A__3.npy,A
Mindhunters.2004__#00-45-50_00-46-28_label_A__4.npy,A
Mindhunters.2004__#00-45-50_00-46-28_label_A__5.npy,A
Mindhunters.2004__#00-45-50_00-46-28_label_A__6.npy,A
Mindhunters.2004__#00-45-50_00-46-28_label_A__7.npy,A
Mindhunters.2004__#00-45-50_00-46-28_label_A__8.npy,A
Mindhunters.2004__#00-45-50_00-46-28_label_A__9.npy,A
Good.Will.Hunting.1997__#00-32-07_00-35-00_label_A__0.npy,A
Good.Will.Hunting.1997__#00-32-07_00-35-00_label_A__1.npy,A
Good.Will.Hunting.1997__#00-32-07_00-35-00_label_A__2.npy,A
Good.Will.Hunting.1997__#00-32-07_00-35-00_label_A__3.npy,A
Good.Will.Hunting.1997__#00-32-07_00-35-00_label_A__4.npy,A
Good.Will.Hunting.1997__#00-32-07_00-35-00_label_A__5.npy,A
Good.Will.Hunting.1997__#00-32-07_00-35-00_label_A__6.npy,A
Good.Will.Hunting.1997__#00-32-07_00-35-00_label_A__7.npy,A
Good.Will.Hunting.1997__#00-32-07_00-35-00_label_A__8.npy,A
Good.Will.Hunting.1997__#00-32-07_00-35-00_label_A__9.npy,A
v=q2SP66Jb6Cw__#00-18-00_00-24-00_label_A__0.npy,A
v=q2SP66Jb6Cw__#00-18-00_00-24-00_label_A__1.npy,A
v=q2SP66Jb6Cw__#00-18-00_00-24-00_label_A__2.npy,A
v=q2SP66Jb6Cw__#00-18-00_00-24-00_label_A__3.npy,A
v=q2SP66Jb6Cw__#00-18-00_00-24-00_label_A__4.npy,A
v=q2SP66Jb6Cw__#00-18-00_00-24-00_label_A__5.npy,A
v=q2SP66Jb6Cw__#00-18-00_00-24-00_label_A__6.npy,A
v=q2SP66Jb6Cw__#00-18-00_00-24-00_label_A__7.npy,A
v=q2SP66Jb6Cw__#00-18-00_00-24-00_label_A__8.npy,A
v=q2SP66Jb6Cw__#00-18-00_00-24-00_label_A__9.npy,A
v=Fi2duT26AxI__#1_label_A__0.npy,A
v=Fi2duT26AxI__#1_label_A__1.npy,A
v=Fi2duT26AxI__#1_label_A__2.npy,A
v=Fi2duT26AxI__#1_label_A__3.npy,A
v=Fi2duT26AxI__#1_label_A__4.npy,A
v=Fi2duT26AxI__#1_label_A__5.npy,A
v=Fi2duT26AxI__#1_label_A__6.npy,A
v=Fi2duT26AxI__#1_label_A__7.npy,A
v=Fi2duT26AxI__#1_label_A__8.npy,A
v=Fi2duT26AxI__#1_label_A__9.npy,A
Desperado.1995__#00-46-34_00-47-46_label_A__0.npy,A
Desperado.1995__#00-46-34_00-47-46_label_A__1.npy,A
Desperado.1995__#00-46-34_00-47-46_label_A__2.npy,A
Desperado.1995__#00-46-34_00-47-46_label_A__3.npy,A
Desperado.1995__#00-46-34_00-47-46_label_A__4.npy,A
Desperado.1995__#00-46-34_00-47-46_label_A__5.npy,A
Desperado.1995__#00-46-34_00-47-46_label_A__6.npy,A
Desperado.1995__#00-46-34_00-47-46_label_A__7.npy,A
Desperado.1995__#00-46-34_00-47-46_label_A__8.npy,A
Desperado.1995__#00-46-34_00-47-46_label_A__9.npy,A
The.Attorney.2013__#01-20-00_01-22-08_label_A__0.npy,A
The.Attorney.2013__#01-20-00_01-22-08_label_A__1.npy,A
The.Attorney.2013__#01-20-00_01-22-08_label_A__2.npy,A
The.Attorney.2013__#01-20-00_01-22-08_label_A__3.npy,A
The.Attorney.2013__#01-20-00_01-22-08_label_A__4.npy,A
The.Attorney.2013__#01-20-00_01-22-08_label_A__5.npy,A
The.Attorney.2013__#01-20-00_01-22-08_label_A__6.npy,A
The.Attorney.2013__#01-20-00_01-22-08_label_A__7.npy,A
The.Attorney.2013__#01-20-00_01-22-08_label_A__8.npy,A
The.Attorney.2013__#01-20-00_01-22-08_label_A__9.npy,A
v=tlFJIG9mTGQ__#00-00-00_00-03-00_label_A__0.npy,A
v=tlFJIG9mTGQ__#00-00-00_00-03-00_label_A__1.npy,A
v=tlFJIG9mTGQ__#00-00-00_00-03-00_label_A__2.npy,A
v=tlFJIG9mTGQ__#00-00-00_00-03-00_label_A__3.npy,A
v=tlFJIG9mTGQ__#00-00-00_00-03-00_label_A__4.npy,A
v=tlFJIG9mTGQ__#00-00-00_00-03-00_label_A__5.npy,A
v=tlFJIG9mTGQ__#00-00-00_00-03-00_label_A__6.npy,A
v=tlFJIG9mTGQ__#00-00-00_00-03-00_label_A__7.npy,A
v=tlFJIG9mTGQ__#00-00-00_00-03-00_label_A__8.npy,A
v=tlFJIG9mTGQ__#00-00-00_00-03-00_label_A__9.npy,A
Lord.of.War__#00-29-20_00-30-07_label_A__0.npy,A
Lord.of.War__#00-29-20_00-30-07_label_A__1.npy,A
Lord.of.War__#00-29-20_00-30-07_label_A__2.npy,A
Lord.of.War__#00-29-20_00-30-07_label_A__3.npy,A
Lord.of.War__#00-29-20_00-30-07_label_A__4.npy,A
Lord.of.War__#00-29-20_00-30-07_label_A__5.npy,A
Lord.of.War__#00-29-20_00-30-07_label_A__6.npy,A
Lord.of.War__#00-29-20_00-30-07_label_A__7.npy,A
Lord.of.War__#00-29-20_00-30-07_label_A__8.npy,A
Lord.of.War__#00-29-20_00-30-07_label_A__9.npy,A
v=-RdREpFcycY__#1_label_A__0.npy,A
v=-RdREpFcycY__#1_label_A__1.npy,A
v=-RdREpFcycY__#1_label_A__2.npy,A
v=-RdREpFcycY__#1_label_A__3.npy,A
v=-RdREpFcycY__#1_label_A__4.npy,A
v=-RdREpFcycY__#1_label_A__5.npy,A
v=-RdREpFcycY__#1_label_A__6.npy,A
v=-RdREpFcycY__#1_label_A__7.npy,A
v=-RdREpFcycY__#1_label_A__8.npy,A
v=-RdREpFcycY__#1_label_A__9.npy,A
Good.Will.Hunting.1997__#00-20-35_00-23-06_label_A__0.npy,A
Good.Will.Hunting.1997__#00-20-35_00-23-06_label_A__1.npy,A
Good.Will.Hunting.1997__#00-20-35_00-23-06_label_A__2.npy,A
Good.Will.Hunting.1997__#00-20-35_00-23-06_label_A__3.npy,A
Good.Will.Hunting.1997__#00-20-35_00-23-06_label_A__4.npy,A
Good.Will.Hunting.1997__#00-20-35_00-23-06_label_A__5.npy,A
Good.Will.Hunting.1997__#00-20-35_00-23-06_label_A__6.npy,A
Good.Will.Hunting.1997__#00-20-35_00-23-06_label_A__7.npy,A
Good.Will.Hunting.1997__#00-20-35_00-23-06_label_A__8.npy,A
Good.Will.Hunting.1997__#00-20-35_00-23-06_label_A__9.npy,A
The.Pursuit.of.Happyness.2006__#01-04-40_01-06-59_label_A__0.npy,A
The.Pursuit.of.Happyness.2006__#01-04-40_01-06-59_label_A__1.npy,A
The.Pursuit.of.Happyness.2006__#01-04-40_01-06-59_label_A__2.npy,A
The.Pursuit.of.Happyness.2006__#01-04-40_01-06-59_label_A__3.npy,A
The.Pursuit.of.Happyness.2006__#01-04-40_01-06-59_label_A__4.npy,A
The.Pursuit.of.Happyness.2006__#01-04-40_01-06-59_label_A__5.npy,A
The.Pursuit.of.Happyness.2006__#01-04-40_01-06-59_label_A__6.npy,A
The.Pursuit.of.Happyness.2006__#01-04-40_01-06-59_label_A__7.npy,A
The.Pursuit.of.Happyness.2006__#01-04-40_01-06-59_label_A__8.npy,A
The.Pursuit.of.Happyness.2006__#01-04-40_01-06-59_label_A__9.npy,A
v=0vVOXlgHC1U__#01-00-00_01-06-00_label_A__0.npy,A
v=0vVOXlgHC1U__#01-00-00_01-06-00_label_A__1.npy,A
v=0vVOXlgHC1U__#01-00-00_01-06-00_label_A__2.npy,A
v=0vVOXlgHC1U__#01-00-00_01-06-00_label_A__3.npy,A
v=0vVOXlgHC1U__#01-00-00_01-06-00_label_A__4.npy,A
v=0vVOXlgHC1U__#01-00-00_01-06-00_label_A__5.npy,A
v=0vVOXlgHC1U__#01-00-00_01-06-00_label_A__6.npy,A
v=0vVOXlgHC1U__#01-00-00_01-06-00_label_A__7.npy,A
v=0vVOXlgHC1U__#01-00-00_01-06-00_label_A__8.npy,A
v=0vVOXlgHC1U__#01-00-00_01-06-00_label_A__9.npy,A
v=tG-IGNvfrg8__#1_label_A__0.npy,A
v=tG-IGNvfrg8__#1_label_A__1.npy,A
v=tG-IGNvfrg8__#1_label_A__2.npy,A
v=tG-IGNvfrg8__#1_label_A__3.npy,A
v=tG-IGNvfrg8__#1_label_A__4.npy,A
v=tG-IGNvfrg8__#1_label_A__5.npy,A
v=tG-IGNvfrg8__#1_label_A__6.npy,A
v=tG-IGNvfrg8__#1_label_A__7.npy,A
v=tG-IGNvfrg8__#1_label_A__8.npy,A
v=tG-IGNvfrg8__#1_label_A__9.npy,A
v=JzrpCC7XmyE__#00-18-00_00-24-00_label_A__0.npy,A
v=JzrpCC7XmyE__#00-18-00_00-24-00_label_A__1.npy,A
v=JzrpCC7XmyE__#00-18-00_00-24-00_label_A__2.npy,A
v=JzrpCC7XmyE__#00-18-00_00-24-00_label_A__3.npy,A
v=JzrpCC7XmyE__#00-18-00_00-24-00_label_A__4.npy,A
v=JzrpCC7XmyE__#00-18-00_00-24-00_label_A__5.npy,A
v=JzrpCC7XmyE__#00-18-00_00-24-00_label_A__6.npy,A
v=JzrpCC7XmyE__#00-18-00_00-24-00_label_A__7.npy,A
v=JzrpCC7XmyE__#00-18-00_00-24-00_label_A__8.npy,A
v=JzrpCC7XmyE__#00-18-00_00-24-00_label_A__9.npy,A
Kill.Bill.Vol.1.2003__#01-10-40_01-12-54_label_A__0.npy,A
Kill.Bill.Vol.1.2003__#01-10-40_01-12-54_label_A__1.npy,A
Kill.Bill.Vol.1.2003__#01-10-40_01-12-54_label_A__2.npy,A
Kill.Bill.Vol.1.2003__#01-10-40_01-12-54_label_A__3.npy,A
Kill.Bill.Vol.1.2003__#01-10-40_01-12-54_label_A__4.npy,A
Kill.Bill.Vol.1.2003__#01-10-40_01-12-54_label_A__5.npy,A
Kill.Bill.Vol.1.2003__#01-10-40_01-12-54_label_A__6.npy,A
Kill.Bill.Vol.1.2003__#01-10-40_01-12-54_label_A__7.npy,A
Kill.Bill.Vol.1.2003__#01-10-40_01-12-54_label_A__8.npy,A
Kill.Bill.Vol.1.2003__#01-10-40_01-12-54_label_A__9.npy,A
v=vFPQ_NiDBIU__#01-12-00_01-18-00_label_A__0.npy,A
v=vFPQ_NiDBIU__#01-12-00_01-18-00_label_A__1.npy,A
v=vFPQ_NiDBIU__#01-12-00_01-18-00_label_A__2.npy,A
v=vFPQ_NiDBIU__#01-12-00_01-18-00_label_A__3.npy,A
v=vFPQ_NiDBIU__#01-12-00_01-18-00_label_A__4.npy,A
v=vFPQ_NiDBIU__#01-12-00_01-18-00_label_A__5.npy,A
v=vFPQ_NiDBIU__#01-12-00_01-18-00_label_A__6.npy,A
v=vFPQ_NiDBIU__#01-12-00_01-18-00_label_A__7.npy,A
v=vFPQ_NiDBIU__#01-12-00_01-18-00_label_A__8.npy,A
v=vFPQ_NiDBIU__#01-12-00_01-18-00_label_A__9.npy,A
v=vFPQ_NiDBIU__#02-48-00_02-54-00_label_A__0.npy,A
v=vFPQ_NiDBIU__#02-48-00_02-54-00_label_A__1.npy,A
v=vFPQ_NiDBIU__#02-48-00_02-54-00_label_A__2.npy,A
v=vFPQ_NiDBIU__#02-48-00_02-54-00_label_A__3.npy,A
v=vFPQ_NiDBIU__#02-48-00_02-54-00_label_A__4.npy,A
v=vFPQ_NiDBIU__#02-48-00_02-54-00_label_A__5.npy,A
v=vFPQ_NiDBIU__#02-48-00_02-54-00_label_A__6.npy,A
v=vFPQ_NiDBIU__#02-48-00_02-54-00_label_A__7.npy,A
v=vFPQ_NiDBIU__#02-48-00_02-54-00_label_A__8.npy,A
v=vFPQ_NiDBIU__#02-48-00_02-54-00_label_A__9.npy,A
v=cUFVR5sgbt0__#1_label_A__0.npy,A
v=cUFVR5sgbt0__#1_label_A__1.npy,A
v=cUFVR5sgbt0__#1_label_A__2.npy,A
v=cUFVR5sgbt0__#1_label_A__3.npy,A
v=cUFVR5sgbt0__#1_label_A__4.npy,A
v=cUFVR5sgbt0__#1_label_A__5.npy,A
v=cUFVR5sgbt0__#1_label_A__6.npy,A
v=cUFVR5sgbt0__#1_label_A__7.npy,A
v=cUFVR5sgbt0__#1_label_A__8.npy,A
v=cUFVR5sgbt0__#1_label_A__9.npy,A
The.Secret.Life.of.Walter.Mitty.2013__#00-43-52_00-46-55_label_A__0.npy,A
The.Secret.Life.of.Walter.Mitty.2013__#00-43-52_00-46-55_label_A__1.npy,A
The.Secret.Life.of.Walter.Mitty.2013__#00-43-52_00-46-55_label_A__2.npy,A
The.Secret.Life.of.Walter.Mitty.2013__#00-43-52_00-46-55_label_A__3.npy,A
The.Secret.Life.of.Walter.Mitty.2013__#00-43-52_00-46-55_label_A__4.npy,A
The.Secret.Life.of.Walter.Mitty.2013__#00-43-52_00-46-55_label_A__5.npy,A
The.Secret.Life.of.Walter.Mitty.2013__#00-43-52_00-46-55_label_A__6.npy,A
The.Secret.Life.of.Walter.Mitty.2013__#00-43-52_00-46-55_label_A__7.npy,A
The.Secret.Life.of.Walter.Mitty.2013__#00-43-52_00-46-55_label_A__8.npy,A
The.Secret.Life.of.Walter.Mitty.2013__#00-43-52_00-46-55_label_A__9.npy,A
v=VXB7zNPUX3Y__#1_label_A__0.npy,A
v=VXB7zNPUX3Y__#1_label_A__1.npy,A
v=VXB7zNPUX3Y__#1_label_A__2.npy,A
v=VXB7zNPUX3Y__#1_label_A__3.npy,A
v=VXB7zNPUX3Y__#1_label_A__4.npy,A
v=VXB7zNPUX3Y__#1_label_A__5.npy,A
v=VXB7zNPUX3Y__#1_label_A__6.npy,A
v=VXB7zNPUX3Y__#1_label_A__7.npy,A
v=VXB7zNPUX3Y__#1_label_A__8.npy,A
v=VXB7zNPUX3Y__#1_label_A__9.npy,A
v=uWBjiJ1hMW4__#1_label_A__0.npy,A
v=uWBjiJ1hMW4__#1_label_A__1.npy,A
v=uWBjiJ1hMW4__#1_label_A__2.npy,A
v=uWBjiJ1hMW4__#1_label_A__3.npy,A
v=uWBjiJ1hMW4__#1_label_A__4.npy,A
v=uWBjiJ1hMW4__#1_label_A__5.npy,A
v=uWBjiJ1hMW4__#1_label_A__6.npy,A
v=uWBjiJ1hMW4__#1_label_A__7.npy,A
v=uWBjiJ1hMW4__#1_label_A__8.npy,A
v=uWBjiJ1hMW4__#1_label_A__9.npy,A
Good.Will.Hunting.1997__#01-52-20_01-58-00_label_A__0.npy,A
Good.Will.Hunting.1997__#01-52-20_01-58-00_label_A__1.npy,A
Good.Will.Hunting.1997__#01-52-20_01-58-00_label_A__2.npy,A
Good.Will.Hunting.1997__#01-52-20_01-58-00_label_A__3.npy,A
Good.Will.Hunting.1997__#01-52-20_01-58-00_label_A__4.npy,A
Good.Will.Hunting.1997__#01-52-20_01-58-00_label_A__5.npy,A
Good.Will.Hunting.1997__#01-52-20_01-58-00_label_A__6.npy,A
Good.Will.Hunting.1997__#01-52-20_01-58-00_label_A__7.npy,A
Good.Will.Hunting.1997__#01-52-20_01-58-00_label_A__8.npy,A
Good.Will.Hunting.1997__#01-52-20_01-58-00_label_A__9.npy,A
v=MyM5G7fo7Gg__#00-24-00_00-27-00_label_A__0.npy,A
v=MyM5G7fo7Gg__#00-24-00_00-27-00_label_A__1.npy,A
v=MyM5G7fo7Gg__#00-24-00_00-27-00_label_A__2.npy,A
v=MyM5G7fo7Gg__#00-24-00_00-27-00_label_A__3.npy,A
v=MyM5G7fo7Gg__#00-24-00_00-27-00_label_A__4.npy,A
v=MyM5G7fo7Gg__#00-24-00_00-27-00_label_A__5.npy,A
v=MyM5G7fo7Gg__#00-24-00_00-27-00_label_A__6.npy,A
v=MyM5G7fo7Gg__#00-24-00_00-27-00_label_A__7.npy,A
v=MyM5G7fo7Gg__#00-24-00_00-27-00_label_A__8.npy,A
v=MyM5G7fo7Gg__#00-24-00_00-27-00_label_A__9.npy,A
v=q7xm7vimDOA__#1_label_A__0.npy,A
v=q7xm7vimDOA__#1_label_A__1.npy,A
v=q7xm7vimDOA__#1_label_A__2.npy,A
v=q7xm7vimDOA__#1_label_A__3.npy,A
v=q7xm7vimDOA__#1_label_A__4.npy,A
v=q7xm7vimDOA__#1_label_A__5.npy,A
v=q7xm7vimDOA__#1_label_A__6.npy,A
v=q7xm7vimDOA__#1_label_A__7.npy,A
v=q7xm7vimDOA__#1_label_A__8.npy,A
v=q7xm7vimDOA__#1_label_A__9.npy,A
v=oqLvcX7yo9w__#1_label_A__0.npy,A
v=oqLvcX7yo9w__#1_label_A__1.npy,A
v=oqLvcX7yo9w__#1_label_A__2.npy,A
v=oqLvcX7yo9w__#1_label_A__3.npy,A
v=oqLvcX7yo9w__#1_label_A__4.npy,A
v=oqLvcX7yo9w__#1_label_A__5.npy,A
v=oqLvcX7yo9w__#1_label_A__6.npy,A
v=oqLvcX7yo9w__#1_label_A__7.npy,A
v=oqLvcX7yo9w__#1_label_A__8.npy,A
v=oqLvcX7yo9w__#1_label_A__9.npy,A
v=hy9O_tg3pOk__#1_label_A__0.npy,A
v=hy9O_tg3pOk__#1_label_A__1.npy,A
v=hy9O_tg3pOk__#1_label_A__2.npy,A
v=hy9O_tg3pOk__#1_label_A__3.npy,A
v=hy9O_tg3pOk__#1_label_A__4.npy,A
v=hy9O_tg3pOk__#1_label_A__5.npy,A
v=hy9O_tg3pOk__#1_label_A__6.npy,A
v=hy9O_tg3pOk__#1_label_A__7.npy,A
v=hy9O_tg3pOk__#1_label_A__8.npy,A
v=hy9O_tg3pOk__#1_label_A__9.npy,A
Mission.Impossible.Fallout.2018__#00-17-22_00-20-52_label_A__0.npy,A
Mission.Impossible.Fallout.2018__#00-17-22_00-20-52_label_A__1.npy,A
Mission.Impossible.Fallout.2018__#00-17-22_00-20-52_label_A__2.npy,A
Mission.Impossible.Fallout.2018__#00-17-22_00-20-52_label_A__3.npy,A
Mission.Impossible.Fallout.2018__#00-17-22_00-20-52_label_A__4.npy,A
Mission.Impossible.Fallout.2018__#00-17-22_00-20-52_label_A__5.npy,A
Mission.Impossible.Fallout.2018__#00-17-22_00-20-52_label_A__6.npy,A
Mission.Impossible.Fallout.2018__#00-17-22_00-20-52_label_A__7.npy,A
Mission.Impossible.Fallout.2018__#00-17-22_00-20-52_label_A__8.npy,A
Mission.Impossible.Fallout.2018__#00-17-22_00-20-52_label_A__9.npy,A
The.Bourne.Ultimatum.2007__#01-44-21_01-46-05_label_A__0.npy,A
The.Bourne.Ultimatum.2007__#01-44-21_01-46-05_label_A__1.npy,A
The.Bourne.Ultimatum.2007__#01-44-21_01-46-05_label_A__2.npy,A
The.Bourne.Ultimatum.2007__#01-44-21_01-46-05_label_A__3.npy,A
The.Bourne.Ultimatum.2007__#01-44-21_01-46-05_label_A__4.npy,A
The.Bourne.Ultimatum.2007__#01-44-21_01-46-05_label_A__5.npy,A
The.Bourne.Ultimatum.2007__#01-44-21_01-46-05_label_A__6.npy,A
The.Bourne.Ultimatum.2007__#01-44-21_01-46-05_label_A__7.npy,A
The.Bourne.Ultimatum.2007__#01-44-21_01-46-05_label_A__8.npy,A
The.Bourne.Ultimatum.2007__#01-44-21_01-46-05_label_A__9.npy,A
Yellow.Sea.2010__#00-08-05_00-09-11_label_A__0.npy,A
Yellow.Sea.2010__#00-08-05_00-09-11_label_A__1.npy,A
Yellow.Sea.2010__#00-08-05_00-09-11_label_A__2.npy,A
Yellow.Sea.2010__#00-08-05_00-09-11_label_A__3.npy,A
Yellow.Sea.2010__#00-08-05_00-09-11_label_A__4.npy,A
Yellow.Sea.2010__#00-08-05_00-09-11_label_A__5.npy,A
Yellow.Sea.2010__#00-08-05_00-09-11_label_A__6.npy,A
Yellow.Sea.2010__#00-08-05_00-09-11_label_A__7.npy,A
Yellow.Sea.2010__#00-08-05_00-09-11_label_A__8.npy,A
Yellow.Sea.2010__#00-08-05_00-09-11_label_A__9.npy,A
Spectre.2015__#01-15-30_01-16-30_label_A__0.npy,A
Spectre.2015__#01-15-30_01-16-30_label_A__1.npy,A
Spectre.2015__#01-15-30_01-16-30_label_A__2.npy,A
Spectre.2015__#01-15-30_01-16-30_label_A__3.npy,A
Spectre.2015__#01-15-30_01-16-30_label_A__4.npy,A
Spectre.2015__#01-15-30_01-16-30_label_A__5.npy,A
Spectre.2015__#01-15-30_01-16-30_label_A__6.npy,A
Spectre.2015__#01-15-30_01-16-30_label_A__7.npy,A
Spectre.2015__#01-15-30_01-16-30_label_A__8.npy,A
Spectre.2015__#01-15-30_01-16-30_label_A__9.npy,A
Hear.Me.2009__#00-20-35_00-23-06_label_A__0.npy,A
Hear.Me.2009__#00-20-35_00-23-06_label_A__1.npy,A
Hear.Me.2009__#00-20-35_00-23-06_label_A__2.npy,A
Hear.Me.2009__#00-20-35_00-23-06_label_A__3.npy,A
Hear.Me.2009__#00-20-35_00-23-06_label_A__4.npy,A
Hear.Me.2009__#00-20-35_00-23-06_label_A__5.npy,A
Hear.Me.2009__#00-20-35_00-23-06_label_A__6.npy,A
Hear.Me.2009__#00-20-35_00-23-06_label_A__7.npy,A
Hear.Me.2009__#00-20-35_00-23-06_label_A__8.npy,A
Hear.Me.2009__#00-20-35_00-23-06_label_A__9.npy,A
v=fcnkJ0ZiA20__#1_label_A__0.npy,A
v=fcnkJ0ZiA20__#1_label_A__1.npy,A
v=fcnkJ0ZiA20__#1_label_A__2.npy,A
v=fcnkJ0ZiA20__#1_label_A__3.npy,A
v=fcnkJ0ZiA20__#1_label_A__4.npy,A
v=fcnkJ0ZiA20__#1_label_A__5.npy,A
v=fcnkJ0ZiA20__#1_label_A__6.npy,A
v=fcnkJ0ZiA20__#1_label_A__7.npy,A
v=fcnkJ0ZiA20__#1_label_A__8.npy,A
v=fcnkJ0ZiA20__#1_label_A__9.npy,A
Yellow.Sea.2010__#01-44-02_01-45-02_label_A__0.npy,A
Yellow.Sea.2010__#01-44-02_01-45-02_label_A__1.npy,A
Yellow.Sea.2010__#01-44-02_01-45-02_label_A__2.npy,A
Yellow.Sea.2010__#01-44-02_01-45-02_label_A__3.npy,A
Yellow.Sea.2010__#01-44-02_01-45-02_label_A__4.npy,A
Yellow.Sea.2010__#01-44-02_01-45-02_label_A__5.npy,A
Yellow.Sea.2010__#01-44-02_01-45-02_label_A__6.npy,A
Yellow.Sea.2010__#01-44-02_01-45-02_label_A__7.npy,A
Yellow.Sea.2010__#01-44-02_01-45-02_label_A__8.npy,A
Yellow.Sea.2010__#01-44-02_01-45-02_label_A__9.npy,A
v=vFPQ_NiDBIU__#03-06-00_03-13-06_label_A__0.npy,A
v=vFPQ_NiDBIU__#03-06-00_03-13-06_label_A__1.npy,A
v=vFPQ_NiDBIU__#03-06-00_03-13-06_label_A__2.npy,A
v=vFPQ_NiDBIU__#03-06-00_03-13-06_label_A__3.npy,A
v=vFPQ_NiDBIU__#03-06-00_03-13-06_label_A__4.npy,A
v=vFPQ_NiDBIU__#03-06-00_03-13-06_label_A__5.npy,A
v=vFPQ_NiDBIU__#03-06-00_03-13-06_label_A__6.npy,A
v=vFPQ_NiDBIU__#03-06-00_03-13-06_label_A__7.npy,A
v=vFPQ_NiDBIU__#03-06-00_03-13-06_label_A__8.npy,A
v=vFPQ_NiDBIU__#03-06-00_03-13-06_label_A__9.npy,A
Shoplifters.2018__#01-34-18_01-38-11_label_A__0.npy,A
Shoplifters.2018__#01-34-18_01-38-11_label_A__1.npy,A
Shoplifters.2018__#01-34-18_01-38-11_label_A__2.npy,A
Shoplifters.2018__#01-34-18_01-38-11_label_A__3.npy,A
Shoplifters.2018__#01-34-18_01-38-11_label_A__4.npy,A
Shoplifters.2018__#01-34-18_01-38-11_label_A__5.npy,A
Shoplifters.2018__#01-34-18_01-38-11_label_A__6.npy,A
Shoplifters.2018__#01-34-18_01-38-11_label_A__7.npy,A
Shoplifters.2018__#01-34-18_01-38-11_label_A__8.npy,A
Shoplifters.2018__#01-34-18_01-38-11_label_A__9.npy,A
v=vCdBIRtsL6o__#1_label_A__0.npy,A
v=vCdBIRtsL6o__#1_label_A__1.npy,A
v=vCdBIRtsL6o__#1_label_A__2.npy,A
v=vCdBIRtsL6o__#1_label_A__3.npy,A
v=vCdBIRtsL6o__#1_label_A__4.npy,A
v=vCdBIRtsL6o__#1_label_A__5.npy,A
v=vCdBIRtsL6o__#1_label_A__6.npy,A
v=vCdBIRtsL6o__#1_label_A__7.npy,A
v=vCdBIRtsL6o__#1_label_A__8.npy,A
v=vCdBIRtsL6o__#1_label_A__9.npy,A
v=lMXcMGxidG8__#1_label_A__0.npy,A
v=lMXcMGxidG8__#1_label_A__1.npy,A
v=lMXcMGxidG8__#1_label_A__2.npy,A
v=lMXcMGxidG8__#1_label_A__3.npy,A
v=lMXcMGxidG8__#1_label_A__4.npy,A
v=lMXcMGxidG8__#1_label_A__5.npy,A
v=lMXcMGxidG8__#1_label_A__6.npy,A
v=lMXcMGxidG8__#1_label_A__7.npy,A
v=lMXcMGxidG8__#1_label_A__8.npy,A
v=lMXcMGxidG8__#1_label_A__9.npy,A
Desperado.1995__#00-12-36_00-14-51_label_A__0.npy,A
Desperado.1995__#00-12-36_00-14-51_label_A__1.npy,A
Desperado.1995__#00-12-36_00-14-51_label_A__2.npy,A
Desperado.1995__#00-12-36_00-14-51_label_A__3.npy,A
Desperado.1995__#00-12-36_00-14-51_label_A__4.npy,A
Desperado.1995__#00-12-36_00-14-51_label_A__5.npy,A
Desperado.1995__#00-12-36_00-14-51_label_A__6.npy,A
Desperado.1995__#00-12-36_00-14-51_label_A__7.npy,A
Desperado.1995__#00-12-36_00-14-51_label_A__8.npy,A
Desperado.1995__#00-12-36_00-14-51_label_A__9.npy,A
Hear.Me.2009__#01-26-10_01-28-00_label_A__0.npy,A
Hear.Me.2009__#01-26-10_01-28-00_label_A__1.npy,A
Hear.Me.2009__#01-26-10_01-28-00_label_A__2.npy,A
Hear.Me.2009__#01-26-10_01-28-00_label_A__3.npy,A
Hear.Me.2009__#01-26-10_01-28-00_label_A__4.npy,A
Hear.Me.2009__#01-26-10_01-28-00_label_A__5.npy,A
Hear.Me.2009__#01-26-10_01-28-00_label_A__6.npy,A
Hear.Me.2009__#01-26-10_01-28-00_label_A__7.npy,A
Hear.Me.2009__#01-26-10_01-28-00_label_A__8.npy,A
Hear.Me.2009__#01-26-10_01-28-00_label_A__9.npy,A
Yellow.Sea.2010__#00-03-45_00-04-53_label_A__0.npy,A
Yellow.Sea.2010__#00-03-45_00-04-53_label_A__1.npy,A
Yellow.Sea.2010__#00-03-45_00-04-53_label_A__2.npy,A
Yellow.Sea.2010__#00-03-45_00-04-53_label_A__3.npy,A
Yellow.Sea.2010__#00-03-45_00-04-53_label_A__4.npy,A
Yellow.Sea.2010__#00-03-45_00-04-53_label_A__5.npy,A
Yellow.Sea.2010__#00-03-45_00-04-53_label_A__6.npy,A
Yellow.Sea.2010__#00-03-45_00-04-53_label_A__7.npy,A
Yellow.Sea.2010__#00-03-45_00-04-53_label_A__8.npy,A
Yellow.Sea.2010__#00-03-45_00-04-53_label_A__9.npy,A
v=2QeZPWlLufc__#1_label_A__0.npy,A
v=2QeZPWlLufc__#1_label_A__1.npy,A
v=2QeZPWlLufc__#1_label_A__2.npy,A
v=2QeZPWlLufc__#1_label_A__3.npy,A
v=2QeZPWlLufc__#1_label_A__4.npy,A
v=2QeZPWlLufc__#1_label_A__5.npy,A
v=2QeZPWlLufc__#1_label_A__6.npy,A
v=2QeZPWlLufc__#1_label_A__7.npy,A
v=2QeZPWlLufc__#1_label_A__8.npy,A
v=2QeZPWlLufc__#1_label_A__9.npy,A
Jason.Bourne.2016__#0-34-23_0-36-10_label_A__0.npy,A
Jason.Bourne.2016__#0-34-23_0-36-10_label_A__1.npy,A
Jason.Bourne.2016__#0-34-23_0-36-10_label_A__2.npy,A
Jason.Bourne.2016__#0-34-23_0-36-10_label_A__3.npy,A
Jason.Bourne.2016__#0-34-23_0-36-10_label_A__4.npy,A
Jason.Bourne.2016__#0-34-23_0-36-10_label_A__5.npy,A
Jason.Bourne.2016__#0-34-23_0-36-10_label_A__6.npy,A
Jason.Bourne.2016__#0-34-23_0-36-10_label_A__7.npy,A
Jason.Bourne.2016__#0-34-23_0-36-10_label_A__8.npy,A
Jason.Bourne.2016__#0-34-23_0-36-10_label_A__9.npy,A
Fast.Furious.2009__#01-15-20_01-17-50_label_A__0.npy,A
Fast.Furious.2009__#01-15-20_01-17-50_label_A__1.npy,A
Fast.Furious.2009__#01-15-20_01-17-50_label_A__2.npy,A
Fast.Furious.2009__#01-15-20_01-17-50_label_A__3.npy,A
Fast.Furious.2009__#01-15-20_01-17-50_label_A__4.npy,A
Fast.Furious.2009__#01-15-20_01-17-50_label_A__5.npy,A
Fast.Furious.2009__#01-15-20_01-17-50_label_A__6.npy,A
Fast.Furious.2009__#01-15-20_01-17-50_label_A__7.npy,A
Fast.Furious.2009__#01-15-20_01-17-50_label_A__8.npy,A
Fast.Furious.2009__#01-15-20_01-17-50_label_A__9.npy,A
v=fAMLG8M2oRw__#1_label_A__0.npy,A
v=fAMLG8M2oRw__#1_label_A__1.npy,A
v=fAMLG8M2oRw__#1_label_A__2.npy,A
v=fAMLG8M2oRw__#1_label_A__3.npy,A
v=fAMLG8M2oRw__#1_label_A__4.npy,A
v=fAMLG8M2oRw__#1_label_A__5.npy,A
v=fAMLG8M2oRw__#1_label_A__6.npy,A
v=fAMLG8M2oRw__#1_label_A__7.npy,A
v=fAMLG8M2oRw__#1_label_A__8.npy,A
v=fAMLG8M2oRw__#1_label_A__9.npy,A
v=fkps18H3SXY__#01-42-00_01-48-00_label_A__0.npy,A
v=fkps18H3SXY__#01-42-00_01-48-00_label_A__1.npy,A
v=fkps18H3SXY__#01-42-00_01-48-00_label_A__2.npy,A
v=fkps18H3SXY__#01-42-00_01-48-00_label_A__3.npy,A
v=fkps18H3SXY__#01-42-00_01-48-00_label_A__4.npy,A
v=fkps18H3SXY__#01-42-00_01-48-00_label_A__5.npy,A
v=fkps18H3SXY__#01-42-00_01-48-00_label_A__6.npy,A
v=fkps18H3SXY__#01-42-00_01-48-00_label_A__7.npy,A
v=fkps18H3SXY__#01-42-00_01-48-00_label_A__8.npy,A
v=fkps18H3SXY__#01-42-00_01-48-00_label_A__9.npy,A
v=9eME1y6V-T4__#02-12-00_02-18-00_label_A__0.npy,A
v=9eME1y6V-T4__#02-12-00_02-18-00_label_A__1.npy,A
v=9eME1y6V-T4__#02-12-00_02-18-00_label_A__2.npy,A
v=9eME1y6V-T4__#02-12-00_02-18-00_label_A__3.npy,A
v=9eME1y6V-T4__#02-12-00_02-18-00_label_A__4.npy,A
v=9eME1y6V-T4__#02-12-00_02-18-00_label_A__5.npy,A
v=9eME1y6V-T4__#02-12-00_02-18-00_label_A__6.npy,A
v=9eME1y6V-T4__#02-12-00_02-18-00_label_A__7.npy,A
v=9eME1y6V-T4__#02-12-00_02-18-00_label_A__8.npy,A
v=9eME1y6V-T4__#02-12-00_02-18-00_label_A__9.npy,A
v=sCAYM6G0efk__#1_label_A__0.npy,A
v=sCAYM6G0efk__#1_label_A__1.npy,A
v=sCAYM6G0efk__#1_label_A__2.npy,A
v=sCAYM6G0efk__#1_label_A__3.npy,A
v=sCAYM6G0efk__#1_label_A__4.npy,A
v=sCAYM6G0efk__#1_label_A__5.npy,A
v=sCAYM6G0efk__#1_label_A__6.npy,A
v=sCAYM6G0efk__#1_label_A__7.npy,A
v=sCAYM6G0efk__#1_label_A__8.npy,A
v=sCAYM6G0efk__#1_label_A__9.npy,A
About.Time.2013__#00-08-55_00-10-50_label_A__0.npy,A
About.Time.2013__#00-08-55_00-10-50_label_A__1.npy,A
About.Time.2013__#00-08-55_00-10-50_label_A__2.npy,A
About.Time.2013__#00-08-55_00-10-50_label_A__3.npy,A
About.Time.2013__#00-08-55_00-10-50_label_A__4.npy,A
About.Time.2013__#00-08-55_00-10-50_label_A__5.npy,A
About.Time.2013__#00-08-55_00-10-50_label_A__6.npy,A
About.Time.2013__#00-08-55_00-10-50_label_A__7.npy,A
About.Time.2013__#00-08-55_00-10-50_label_A__8.npy,A
About.Time.2013__#00-08-55_00-10-50_label_A__9.npy,A
The.Pursuit.of.Happyness.2006__#00-42-52_00-45-31_label_A__0.npy,A
The.Pursuit.of.Happyness.2006__#00-42-52_00-45-31_label_A__1.npy,A
The.Pursuit.of.Happyness.2006__#00-42-52_00-45-31_label_A__2.npy,A
The.Pursuit.of.Happyness.2006__#00-42-52_00-45-31_label_A__3.npy,A
The.Pursuit.of.Happyness.2006__#00-42-52_00-45-31_label_A__4.npy,A
The.Pursuit.of.Happyness.2006__#00-42-52_00-45-31_label_A__5.npy,A
The.Pursuit.of.Happyness.2006__#00-42-52_00-45-31_label_A__6.npy,A
The.Pursuit.of.Happyness.2006__#00-42-52_00-45-31_label_A__7.npy,A
The.Pursuit.of.Happyness.2006__#00-42-52_00-45-31_label_A__8.npy,A
The.Pursuit.of.Happyness.2006__#00-42-52_00-45-31_label_A__9.npy,A
Your.Name.2016__#00-01-45_00-02-44_label_A__0.npy,A
Your.Name.2016__#00-01-45_00-02-44_label_A__1.npy,A
Your.Name.2016__#00-01-45_00-02-44_label_A__2.npy,A
Your.Name.2016__#00-01-45_00-02-44_label_A__3.npy,A
Your.Name.2016__#00-01-45_00-02-44_label_A__4.npy,A
Your.Name.2016__#00-01-45_00-02-44_label_A__5.npy,A
Your.Name.2016__#00-01-45_00-02-44_label_A__6.npy,A
Your.Name.2016__#00-01-45_00-02-44_label_A__7.npy,A
Your.Name.2016__#00-01-45_00-02-44_label_A__8.npy,A
Your.Name.2016__#00-01-45_00-02-44_label_A__9.npy,A
v=x-Cgkgj5KR0__#00-21-00_00-23-13_label_A__0.npy,A
v=x-Cgkgj5KR0__#00-21-00_00-23-13_label_A__1.npy,A
v=x-Cgkgj5KR0__#00-21-00_00-23-13_label_A__2.npy,A
v=x-Cgkgj5KR0__#00-21-00_00-23-13_label_A__3.npy,A
v=x-Cgkgj5KR0__#00-21-00_00-23-13_label_A__4.npy,A
v=x-Cgkgj5KR0__#00-21-00_00-23-13_label_A__5.npy,A
v=x-Cgkgj5KR0__#00-21-00_00-23-13_label_A__6.npy,A
v=x-Cgkgj5KR0__#00-21-00_00-23-13_label_A__7.npy,A
v=x-Cgkgj5KR0__#00-21-00_00-23-13_label_A__8.npy,A
v=x-Cgkgj5KR0__#00-21-00_00-23-13_label_A__9.npy,A
Fast.Five.2011__#01-05-32_01-06-05_label_A__0.npy,A
Fast.Five.2011__#01-05-32_01-06-05_label_A__1.npy,A
Fast.Five.2011__#01-05-32_01-06-05_label_A__2.npy,A
Fast.Five.2011__#01-05-32_01-06-05_label_A__3.npy,A
Fast.Five.2011__#01-05-32_01-06-05_label_A__4.npy,A
Fast.Five.2011__#01-05-32_01-06-05_label_A__5.npy,A
Fast.Five.2011__#01-05-32_01-06-05_label_A__6.npy,A
Fast.Five.2011__#01-05-32_01-06-05_label_A__7.npy,A
Fast.Five.2011__#01-05-32_01-06-05_label_A__8.npy,A
Fast.Five.2011__#01-05-32_01-06-05_label_A__9.npy,A
Before.Sunrise.1995__#01-28-31_01-31-00_label_A__0.npy,A
Before.Sunrise.1995__#01-28-31_01-31-00_label_A__1.npy,A
Before.Sunrise.1995__#01-28-31_01-31-00_label_A__2.npy,A
Before.Sunrise.1995__#01-28-31_01-31-00_label_A__3.npy,A
Before.Sunrise.1995__#01-28-31_01-31-00_label_A__4.npy,A
Before.Sunrise.1995__#01-28-31_01-31-00_label_A__5.npy,A
Before.Sunrise.1995__#01-28-31_01-31-00_label_A__6.npy,A
Before.Sunrise.1995__#01-28-31_01-31-00_label_A__7.npy,A
Before.Sunrise.1995__#01-28-31_01-31-00_label_A__8.npy,A
Before.Sunrise.1995__#01-28-31_01-31-00_label_A__9.npy,A
The.Secret.Life.of.Walter.Mitty.2013__#00-05-52_00-08-22_label_A__0.npy,A
The.Secret.Life.of.Walter.Mitty.2013__#00-05-52_00-08-22_label_A__1.npy,A
The.Secret.Life.of.Walter.Mitty.2013__#00-05-52_00-08-22_label_A__2.npy,A
The.Secret.Life.of.Walter.Mitty.2013__#00-05-52_00-08-22_label_A__3.npy,A
The.Secret.Life.of.Walter.Mitty.2013__#00-05-52_00-08-22_label_A__4.npy,A
The.Secret.Life.of.Walter.Mitty.2013__#00-05-52_00-08-22_label_A__5.npy,A
The.Secret.Life.of.Walter.Mitty.2013__#00-05-52_00-08-22_label_A__6.npy,A
The.Secret.Life.of.Walter.Mitty.2013__#00-05-52_00-08-22_label_A__7.npy,A
The.Secret.Life.of.Walter.Mitty.2013__#00-05-52_00-08-22_label_A__8.npy,A
The.Secret.Life.of.Walter.Mitty.2013__#00-05-52_00-08-22_label_A__9.npy,A
v=NeAC-MfTZzU__#00-09-00_00-12-00_label_A__0.npy,A
v=NeAC-MfTZzU__#00-09-00_00-12-00_label_A__1.npy,A
v=NeAC-MfTZzU__#00-09-00_00-12-00_label_A__2.npy,A
v=NeAC-MfTZzU__#00-09-00_00-12-00_label_A__3.npy,A
v=NeAC-MfTZzU__#00-09-00_00-12-00_label_A__4.npy,A
v=NeAC-MfTZzU__#00-09-00_00-12-00_label_A__5.npy,A
v=NeAC-MfTZzU__#00-09-00_00-12-00_label_A__6.npy,A
v=NeAC-MfTZzU__#00-09-00_00-12-00_label_A__7.npy,A
v=NeAC-MfTZzU__#00-09-00_00-12-00_label_A__8.npy,A
v=NeAC-MfTZzU__#00-09-00_00-12-00_label_A__9.npy,A
Salt.2010__#00-57-55_01-01-01_label_A__0.npy,A
Salt.2010__#00-57-55_01-01-01_label_A__1.npy,A
Salt.2010__#00-57-55_01-01-01_label_A__2.npy,A
Salt.2010__#00-57-55_01-01-01_label_A__3.npy,A
Salt.2010__#00-57-55_01-01-01_label_A__4.npy,A
Salt.2010__#00-57-55_01-01-01_label_A__5.npy,A
Salt.2010__#00-57-55_01-01-01_label_A__6.npy,A
Salt.2010__#00-57-55_01-01-01_label_A__7.npy,A
Salt.2010__#00-57-55_01-01-01_label_A__8.npy,A
Salt.2010__#00-57-55_01-01-01_label_A__9.npy,A
v=LKMhuHk-AJo__#1_label_A__0.npy,A
v=LKMhuHk-AJo__#1_label_A__1.npy,A
v=LKMhuHk-AJo__#1_label_A__2.npy,A
v=LKMhuHk-AJo__#1_label_A__3.npy,A
v=LKMhuHk-AJo__#1_label_A__4.npy,A
v=LKMhuHk-AJo__#1_label_A__5.npy,A
v=LKMhuHk-AJo__#1_label_A__6.npy,A
v=LKMhuHk-AJo__#1_label_A__7.npy,A
v=LKMhuHk-AJo__#1_label_A__8.npy,A
v=LKMhuHk-AJo__#1_label_A__9.npy,A
Kingsman.The.Golden.Circle.2017__#00-50-38_00-51-42_label_A__0.npy,A
Kingsman.The.Golden.Circle.2017__#00-50-38_00-51-42_label_A__1.npy,A
Kingsman.The.Golden.Circle.2017__#00-50-38_00-51-42_label_A__2.npy,A
Kingsman.The.Golden.Circle.2017__#00-50-38_00-51-42_label_A__3.npy,A
Kingsman.The.Golden.Circle.2017__#00-50-38_00-51-42_label_A__4.npy,A
Kingsman.The.Golden.Circle.2017__#00-50-38_00-51-42_label_A__5.npy,A
Kingsman.The.Golden.Circle.2017__#00-50-38_00-51-42_label_A__6.npy,A
Kingsman.The.Golden.Circle.2017__#00-50-38_00-51-42_label_A__7.npy,A
Kingsman.The.Golden.Circle.2017__#00-50-38_00-51-42_label_A__8.npy,A
Kingsman.The.Golden.Circle.2017__#00-50-38_00-51-42_label_A__9.npy,A
v=l6o4KXvm_AM__#1_label_A__0.npy,A
v=l6o4KXvm_AM__#1_label_A__1.npy,A
v=l6o4KXvm_AM__#1_label_A__2.npy,A
v=l6o4KXvm_AM__#1_label_A__3.npy,A
v=l6o4KXvm_AM__#1_label_A__4.npy,A
v=l6o4KXvm_AM__#1_label_A__5.npy,A
v=l6o4KXvm_AM__#1_label_A__6.npy,A
v=l6o4KXvm_AM__#1_label_A__7.npy,A
v=l6o4KXvm_AM__#1_label_A__8.npy,A
v=l6o4KXvm_AM__#1_label_A__9.npy,A
v=yZ2wlTAN49g__#00-06-00_00-09-00_label_A__0.npy,A
v=yZ2wlTAN49g__#00-06-00_00-09-00_label_A__1.npy,A
v=yZ2wlTAN49g__#00-06-00_00-09-00_label_A__2.npy,A
v=yZ2wlTAN49g__#00-06-00_00-09-00_label_A__3.npy,A
v=yZ2wlTAN49g__#00-06-00_00-09-00_label_A__4.npy,A
v=yZ2wlTAN49g__#00-06-00_00-09-00_label_A__5.npy,A
v=yZ2wlTAN49g__#00-06-00_00-09-00_label_A__6.npy,A
v=yZ2wlTAN49g__#00-06-00_00-09-00_label_A__7.npy,A
v=yZ2wlTAN49g__#00-06-00_00-09-00_label_A__8.npy,A
v=yZ2wlTAN49g__#00-06-00_00-09-00_label_A__9.npy,A
v=p3NshF6UCKg__#1_label_A__0.npy,A
v=p3NshF6UCKg__#1_label_A__1.npy,A
v=p3NshF6UCKg__#1_label_A__2.npy,A
v=p3NshF6UCKg__#1_label_A__3.npy,A
v=p3NshF6UCKg__#1_label_A__4.npy,A
v=p3NshF6UCKg__#1_label_A__5.npy,A
v=p3NshF6UCKg__#1_label_A__6.npy,A
v=p3NshF6UCKg__#1_label_A__7.npy,A
v=p3NshF6UCKg__#1_label_A__8.npy,A
v=p3NshF6UCKg__#1_label_A__9.npy,A
Deadpool.2.2018__#0-09-10_0-10-50_label_A__0.npy,A
Deadpool.2.2018__#0-09-10_0-10-50_label_A__1.npy,A
Deadpool.2.2018__#0-09-10_0-10-50_label_A__2.npy,A
Deadpool.2.2018__#0-09-10_0-10-50_label_A__3.npy,A
Deadpool.2.2018__#0-09-10_0-10-50_label_A__4.npy,A
Deadpool.2.2018__#0-09-10_0-10-50_label_A__5.npy,A
Deadpool.2.2018__#0-09-10_0-10-50_label_A__6.npy,A
Deadpool.2.2018__#0-09-10_0-10-50_label_A__7.npy,A
Deadpool.2.2018__#0-09-10_0-10-50_label_A__8.npy,A
Deadpool.2.2018__#0-09-10_0-10-50_label_A__9.npy,A
v=0vVOXlgHC1U__#00-06-00_00-12-00_label_A__0.npy,A
v=0vVOXlgHC1U__#00-06-00_00-12-00_label_A__1.npy,A
v=0vVOXlgHC1U__#00-06-00_00-12-00_label_A__2.npy,A
v=0vVOXlgHC1U__#00-06-00_00-12-00_label_A__3.npy,A
v=0vVOXlgHC1U__#00-06-00_00-12-00_label_A__4.npy,A
v=0vVOXlgHC1U__#00-06-00_00-12-00_label_A__5.npy,A
v=0vVOXlgHC1U__#00-06-00_00-12-00_label_A__6.npy,A
v=0vVOXlgHC1U__#00-06-00_00-12-00_label_A__7.npy,A
v=0vVOXlgHC1U__#00-06-00_00-12-00_label_A__8.npy,A
v=0vVOXlgHC1U__#00-06-00_00-12-00_label_A__9.npy,A
v=pzhkPfZwk20__#1_label_A__0.npy,A
v=pzhkPfZwk20__#1_label_A__1.npy,A
v=pzhkPfZwk20__#1_label_A__2.npy,A
v=pzhkPfZwk20__#1_label_A__3.npy,A
v=pzhkPfZwk20__#1_label_A__4.npy,A
v=pzhkPfZwk20__#1_label_A__5.npy,A
v=pzhkPfZwk20__#1_label_A__6.npy,A
v=pzhkPfZwk20__#1_label_A__7.npy,A
v=pzhkPfZwk20__#1_label_A__8.npy,A
v=pzhkPfZwk20__#1_label_A__9.npy,A
v=nC2izmw0I9c__#1_label_A__0.npy,A
v=nC2izmw0I9c__#1_label_A__1.npy,A
v=nC2izmw0I9c__#1_label_A__2.npy,A
v=nC2izmw0I9c__#1_label_A__3.npy,A
v=nC2izmw0I9c__#1_label_A__4.npy,A
v=nC2izmw0I9c__#1_label_A__5.npy,A
v=nC2izmw0I9c__#1_label_A__6.npy,A
v=nC2izmw0I9c__#1_label_A__7.npy,A
v=nC2izmw0I9c__#1_label_A__8.npy,A
v=nC2izmw0I9c__#1_label_A__9.npy,A
v=RjrEQaG5jPM__#1_label_A__0.npy,A
v=RjrEQaG5jPM__#1_label_A__1.npy,A
v=RjrEQaG5jPM__#1_label_A__2.npy,A
v=RjrEQaG5jPM__#1_label_A__3.npy,A
v=RjrEQaG5jPM__#1_label_A__4.npy,A
v=RjrEQaG5jPM__#1_label_A__5.npy,A
v=RjrEQaG5jPM__#1_label_A__6.npy,A
v=RjrEQaG5jPM__#1_label_A__7.npy,A
v=RjrEQaG5jPM__#1_label_A__8.npy,A
v=RjrEQaG5jPM__#1_label_A__9.npy,A
The.Bourne.Ultimatum.2007__#0-04-37_0-05-50_label_A__0.npy,A
The.Bourne.Ultimatum.2007__#0-04-37_0-05-50_label_A__1.npy,A
The.Bourne.Ultimatum.2007__#0-04-37_0-05-50_label_A__2.npy,A
The.Bourne.Ultimatum.2007__#0-04-37_0-05-50_label_A__3.npy,A
The.Bourne.Ultimatum.2007__#0-04-37_0-05-50_label_A__4.npy,A
The.Bourne.Ultimatum.2007__#0-04-37_0-05-50_label_A__5.npy,A
The.Bourne.Ultimatum.2007__#0-04-37_0-05-50_label_A__6.npy,A
The.Bourne.Ultimatum.2007__#0-04-37_0-05-50_label_A__7.npy,A
The.Bourne.Ultimatum.2007__#0-04-37_0-05-50_label_A__8.npy,A
The.Bourne.Ultimatum.2007__#0-04-37_0-05-50_label_A__9.npy,A
Fast.Five.2011__#00-07-53_00-08-53_label_A__0.npy,A
Fast.Five.2011__#00-07-53_00-08-53_label_A__1.npy,A
Fast.Five.2011__#00-07-53_00-08-53_label_A__2.npy,A
Fast.Five.2011__#00-07-53_00-08-53_label_A__3.npy,A
Fast.Five.2011__#00-07-53_00-08-53_label_A__4.npy,A
Fast.Five.2011__#00-07-53_00-08-53_label_A__5.npy,A
Fast.Five.2011__#00-07-53_00-08-53_label_A__6.npy,A
Fast.Five.2011__#00-07-53_00-08-53_label_A__7.npy,A
Fast.Five.2011__#00-07-53_00-08-53_label_A__8.npy,A
Fast.Five.2011__#00-07-53_00-08-53_label_A__9.npy,A
v=3QEKJG5pujA__#1_label_A__0.npy,A
v=3QEKJG5pujA__#1_label_A__1.npy,A
v=3QEKJG5pujA__#1_label_A__2.npy,A
v=3QEKJG5pujA__#1_label_A__3.npy,A
v=3QEKJG5pujA__#1_label_A__4.npy,A
v=3QEKJG5pujA__#1_label_A__5.npy,A
v=3QEKJG5pujA__#1_label_A__6.npy,A
v=3QEKJG5pujA__#1_label_A__7.npy,A
v=3QEKJG5pujA__#1_label_A__8.npy,A
v=3QEKJG5pujA__#1_label_A__9.npy,A
Salt.2010__#00-40-10_00-42-22_label_A__0.npy,A
Salt.2010__#00-40-10_00-42-22_label_A__1.npy,A
Salt.2010__#00-40-10_00-42-22_label_A__2.npy,A
Salt.2010__#00-40-10_00-42-22_label_A__3.npy,A
Salt.2010__#00-40-10_00-42-22_label_A__4.npy,A
Salt.2010__#00-40-10_00-42-22_label_A__5.npy,A
Salt.2010__#00-40-10_00-42-22_label_A__6.npy,A
Salt.2010__#00-40-10_00-42-22_label_A__7.npy,A
Salt.2010__#00-40-10_00-42-22_label_A__8.npy,A
Salt.2010__#00-40-10_00-42-22_label_A__9.npy,A
v=KfQjfSmjaZo__#1_label_A__0.npy,A
v=KfQjfSmjaZo__#1_label_A__1.npy,A
v=KfQjfSmjaZo__#1_label_A__2.npy,A
v=KfQjfSmjaZo__#1_label_A__3.npy,A
v=KfQjfSmjaZo__#1_label_A__4.npy,A
v=KfQjfSmjaZo__#1_label_A__5.npy,A
v=KfQjfSmjaZo__#1_label_A__6.npy,A
v=KfQjfSmjaZo__#1_label_A__7.npy,A
v=KfQjfSmjaZo__#1_label_A__8.npy,A
v=KfQjfSmjaZo__#1_label_A__9.npy,A
Jason.Bourne.2016__#01-24-46_01-25-35_label_A__0.npy,A
Jason.Bourne.2016__#01-24-46_01-25-35_label_A__1.npy,A
Jason.Bourne.2016__#01-24-46_01-25-35_label_A__2.npy,A
Jason.Bourne.2016__#01-24-46_01-25-35_label_A__3.npy,A
Jason.Bourne.2016__#01-24-46_01-25-35_label_A__4.npy,A
Jason.Bourne.2016__#01-24-46_01-25-35_label_A__5.npy,A
Jason.Bourne.2016__#01-24-46_01-25-35_label_A__6.npy,A
Jason.Bourne.2016__#01-24-46_01-25-35_label_A__7.npy,A
Jason.Bourne.2016__#01-24-46_01-25-35_label_A__8.npy,A
Jason.Bourne.2016__#01-24-46_01-25-35_label_A__9.npy,A
v=ILNDWCLVnpw__#1_label_A__0.npy,A
v=ILNDWCLVnpw__#1_label_A__1.npy,A
v=ILNDWCLVnpw__#1_label_A__2.npy,A
v=ILNDWCLVnpw__#1_label_A__3.npy,A
v=ILNDWCLVnpw__#1_label_A__4.npy,A
v=ILNDWCLVnpw__#1_label_A__5.npy,A
v=ILNDWCLVnpw__#1_label_A__6.npy,A
v=ILNDWCLVnpw__#1_label_A__7.npy,A
v=ILNDWCLVnpw__#1_label_A__8.npy,A
v=ILNDWCLVnpw__#1_label_A__9.npy,A
v=m7D-67xqwYE__#1_label_A__0.npy,A
v=m7D-67xqwYE__#1_label_A__1.npy,A
v=m7D-67xqwYE__#1_label_A__2.npy,A
v=m7D-67xqwYE__#1_label_A__3.npy,A
v=m7D-67xqwYE__#1_label_A__4.npy,A
v=m7D-67xqwYE__#1_label_A__5.npy,A
v=m7D-67xqwYE__#1_label_A__6.npy,A
v=m7D-67xqwYE__#1_label_A__7.npy,A
v=m7D-67xqwYE__#1_label_A__8.npy,A
v=m7D-67xqwYE__#1_label_A__9.npy,A
v=IPGgY-ac63Y__#1_label_A__0.npy,A
v=IPGgY-ac63Y__#1_label_A__1.npy,A
v=IPGgY-ac63Y__#1_label_A__2.npy,A
v=IPGgY-ac63Y__#1_label_A__3.npy,A
v=IPGgY-ac63Y__#1_label_A__4.npy,A
v=IPGgY-ac63Y__#1_label_A__5.npy,A
v=IPGgY-ac63Y__#1_label_A__6.npy,A
v=IPGgY-ac63Y__#1_label_A__7.npy,A
v=IPGgY-ac63Y__#1_label_A__8.npy,A
v=IPGgY-ac63Y__#1_label_A__9.npy,A
v=SayEoUZ-Hm4__#1_label_A__0.npy,A
v=SayEoUZ-Hm4__#1_label_A__1.npy,A
v=SayEoUZ-Hm4__#1_label_A__2.npy,A
v=SayEoUZ-Hm4__#1_label_A__3.npy,A
v=SayEoUZ-Hm4__#1_label_A__4.npy,A
v=SayEoUZ-Hm4__#1_label_A__5.npy,A
v=SayEoUZ-Hm4__#1_label_A__6.npy,A
v=SayEoUZ-Hm4__#1_label_A__7.npy,A
v=SayEoUZ-Hm4__#1_label_A__8.npy,A
v=SayEoUZ-Hm4__#1_label_A__9.npy,A
v=eAgqJnO3kr8__#00-12-00_00-18-00_label_A__0.npy,A
v=eAgqJnO3kr8__#00-12-00_00-18-00_label_A__1.npy,A
v=eAgqJnO3kr8__#00-12-00_00-18-00_label_A__2.npy,A
v=eAgqJnO3kr8__#00-12-00_00-18-00_label_A__3.npy,A
v=eAgqJnO3kr8__#00-12-00_00-18-00_label_A__4.npy,A
v=eAgqJnO3kr8__#00-12-00_00-18-00_label_A__5.npy,A
v=eAgqJnO3kr8__#00-12-00_00-18-00_label_A__6.npy,A
v=eAgqJnO3kr8__#00-12-00_00-18-00_label_A__7.npy,A
v=eAgqJnO3kr8__#00-12-00_00-18-00_label_A__8.npy,A
v=eAgqJnO3kr8__#00-12-00_00-18-00_label_A__9.npy,A
Law.Abiding.Citizen.2009__#00-13-05_00-14-51_label_A__0.npy,A
Law.Abiding.Citizen.2009__#00-13-05_00-14-51_label_A__1.npy,A
Law.Abiding.Citizen.2009__#00-13-05_00-14-51_label_A__2.npy,A
Law.Abiding.Citizen.2009__#00-13-05_00-14-51_label_A__3.npy,A
Law.Abiding.Citizen.2009__#00-13-05_00-14-51_label_A__4.npy,A
Law.Abiding.Citizen.2009__#00-13-05_00-14-51_label_A__5.npy,A
Law.Abiding.Citizen.2009__#00-13-05_00-14-51_label_A__6.npy,A
Law.Abiding.Citizen.2009__#00-13-05_00-14-51_label_A__7.npy,A
Law.Abiding.Citizen.2009__#00-13-05_00-14-51_label_A__8.npy,A
Law.Abiding.Citizen.2009__#00-13-05_00-14-51_label_A__9.npy,A
v=MEJxdpOILcw__#1_label_A__0.npy,A
v=MEJxdpOILcw__#1_label_A__1.npy,A
v=MEJxdpOILcw__#1_label_A__2.npy,A
v=MEJxdpOILcw__#1_label_A__3.npy,A
v=MEJxdpOILcw__#1_label_A__4.npy,A
v=MEJxdpOILcw__#1_label_A__5.npy,A
v=MEJxdpOILcw__#1_label_A__6.npy,A
v=MEJxdpOILcw__#1_label_A__7.npy,A
v=MEJxdpOILcw__#1_label_A__8.npy,A
v=MEJxdpOILcw__#1_label_A__9.npy,A
v=f6j3YWgVBto__#00-01-00_00-01-50_label_A__0.npy,A
v=f6j3YWgVBto__#00-01-00_00-01-50_label_A__1.npy,A
v=f6j3YWgVBto__#00-01-00_00-01-50_label_A__2.npy,A
v=f6j3YWgVBto__#00-01-00_00-01-50_label_A__3.npy,A
v=f6j3YWgVBto__#00-01-00_00-01-50_label_A__4.npy,A
v=f6j3YWgVBto__#00-01-00_00-01-50_label_A__5.npy,A
v=f6j3YWgVBto__#00-01-00_00-01-50_label_A__6.npy,A
v=f6j3YWgVBto__#00-01-00_00-01-50_label_A__7.npy,A
v=f6j3YWgVBto__#00-01-00_00-01-50_label_A__8.npy,A
v=f6j3YWgVBto__#00-01-00_00-01-50_label_A__9.npy,A
Taken.3.2014__#00-24-37_00-25-46_label_A__0.npy,A
Taken.3.2014__#00-24-37_00-25-46_label_A__1.npy,A
Taken.3.2014__#00-24-37_00-25-46_label_A__2.npy,A
Taken.3.2014__#00-24-37_00-25-46_label_A__3.npy,A
Taken.3.2014__#00-24-37_00-25-46_label_A__4.npy,A
Taken.3.2014__#00-24-37_00-25-46_label_A__5.npy,A
Taken.3.2014__#00-24-37_00-25-46_label_A__6.npy,A
Taken.3.2014__#00-24-37_00-25-46_label_A__7.npy,A
Taken.3.2014__#00-24-37_00-25-46_label_A__8.npy,A
Taken.3.2014__#00-24-37_00-25-46_label_A__9.npy,A
Braveheart.1995__#01-39-55_01-42-30_label_A__0.npy,A
Braveheart.1995__#01-39-55_01-42-30_label_A__1.npy,A
Braveheart.1995__#01-39-55_01-42-30_label_A__2.npy,A
Braveheart.1995__#01-39-55_01-42-30_label_A__3.npy,A
Braveheart.1995__#01-39-55_01-42-30_label_A__4.npy,A
Braveheart.1995__#01-39-55_01-42-30_label_A__5.npy,A
Braveheart.1995__#01-39-55_01-42-30_label_A__6.npy,A
Braveheart.1995__#01-39-55_01-42-30_label_A__7.npy,A
Braveheart.1995__#01-39-55_01-42-30_label_A__8.npy,A
Braveheart.1995__#01-39-55_01-42-30_label_A__9.npy,A
v=f5C3vtUZJtE__#1_label_A__0.npy,A
v=f5C3vtUZJtE__#1_label_A__1.npy,A
v=f5C3vtUZJtE__#1_label_A__2.npy,A
v=f5C3vtUZJtE__#1_label_A__3.npy,A
v=f5C3vtUZJtE__#1_label_A__4.npy,A
v=f5C3vtUZJtE__#1_label_A__5.npy,A
v=f5C3vtUZJtE__#1_label_A__6.npy,A
v=f5C3vtUZJtE__#1_label_A__7.npy,A
v=f5C3vtUZJtE__#1_label_A__8.npy,A
v=f5C3vtUZJtE__#1_label_A__9.npy,A
Hear.Me.2009__#00-17-30_00-19-10_label_A__0.npy,A
Hear.Me.2009__#00-17-30_00-19-10_label_A__1.npy,A
Hear.Me.2009__#00-17-30_00-19-10_label_A__2.npy,A
Hear.Me.2009__#00-17-30_00-19-10_label_A__3.npy,A
Hear.Me.2009__#00-17-30_00-19-10_label_A__4.npy,A
Hear.Me.2009__#00-17-30_00-19-10_label_A__5.npy,A
Hear.Me.2009__#00-17-30_00-19-10_label_A__6.npy,A
Hear.Me.2009__#00-17-30_00-19-10_label_A__7.npy,A
Hear.Me.2009__#00-17-30_00-19-10_label_A__8.npy,A
Hear.Me.2009__#00-17-30_00-19-10_label_A__9.npy,A
v=8cTqh9tMz_I__#1_label_A__0.npy,A
v=8cTqh9tMz_I__#1_label_A__1.npy,A
v=8cTqh9tMz_I__#1_label_A__2.npy,A
v=8cTqh9tMz_I__#1_label_A__3.npy,A
v=8cTqh9tMz_I__#1_label_A__4.npy,A
v=8cTqh9tMz_I__#1_label_A__5.npy,A
v=8cTqh9tMz_I__#1_label_A__6.npy,A
v=8cTqh9tMz_I__#1_label_A__7.npy,A
v=8cTqh9tMz_I__#1_label_A__8.npy,A
v=8cTqh9tMz_I__#1_label_A__9.npy,A
Haywire.2011__#01-05-21_01-06-37_label_A__0.npy,A
Haywire.2011__#01-05-21_01-06-37_label_A__1.npy,A
Haywire.2011__#01-05-21_01-06-37_label_A__2.npy,A
Haywire.2011__#01-05-21_01-06-37_label_A__3.npy,A
Haywire.2011__#01-05-21_01-06-37_label_A__4.npy,A
Haywire.2011__#01-05-21_01-06-37_label_A__5.npy,A
Haywire.2011__#01-05-21_01-06-37_label_A__6.npy,A
Haywire.2011__#01-05-21_01-06-37_label_A__7.npy,A
Haywire.2011__#01-05-21_01-06-37_label_A__8.npy,A
Haywire.2011__#01-05-21_01-06-37_label_A__9.npy,A
Salt.2010__#00-19-42_00-20-30_label_A__0.npy,A
Salt.2010__#00-19-42_00-20-30_label_A__1.npy,A
Salt.2010__#00-19-42_00-20-30_label_A__2.npy,A
Salt.2010__#00-19-42_00-20-30_label_A__3.npy,A
Salt.2010__#00-19-42_00-20-30_label_A__4.npy,A
Salt.2010__#00-19-42_00-20-30_label_A__5.npy,A
Salt.2010__#00-19-42_00-20-30_label_A__6.npy,A
Salt.2010__#00-19-42_00-20-30_label_A__7.npy,A
Salt.2010__#00-19-42_00-20-30_label_A__8.npy,A
Salt.2010__#00-19-42_00-20-30_label_A__9.npy,A
The.Intouchables.2011__#01-39-05_01-41-00_label_A__0.npy,A
The.Intouchables.2011__#01-39-05_01-41-00_label_A__1.npy,A
The.Intouchables.2011__#01-39-05_01-41-00_label_A__2.npy,A
The.Intouchables.2011__#01-39-05_01-41-00_label_A__3.npy,A
The.Intouchables.2011__#01-39-05_01-41-00_label_A__4.npy,A
The.Intouchables.2011__#01-39-05_01-41-00_label_A__5.npy,A
The.Intouchables.2011__#01-39-05_01-41-00_label_A__6.npy,A
The.Intouchables.2011__#01-39-05_01-41-00_label_A__7.npy,A
The.Intouchables.2011__#01-39-05_01-41-00_label_A__8.npy,A
The.Intouchables.2011__#01-39-05_01-41-00_label_A__9.npy,A
Love.Me.If.You.Dare.2003__#00-16-18_00-17-27_label_A__0.npy,A
Love.Me.If.You.Dare.2003__#00-16-18_00-17-27_label_A__1.npy,A
Love.Me.If.You.Dare.2003__#00-16-18_00-17-27_label_A__2.npy,A
Love.Me.If.You.Dare.2003__#00-16-18_00-17-27_label_A__3.npy,A
Love.Me.If.You.Dare.2003__#00-16-18_00-17-27_label_A__4.npy,A
Love.Me.If.You.Dare.2003__#00-16-18_00-17-27_label_A__5.npy,A
Love.Me.If.You.Dare.2003__#00-16-18_00-17-27_label_A__6.npy,A
Love.Me.If.You.Dare.2003__#00-16-18_00-17-27_label_A__7.npy,A
Love.Me.If.You.Dare.2003__#00-16-18_00-17-27_label_A__8.npy,A
Love.Me.If.You.Dare.2003__#00-16-18_00-17-27_label_A__9.npy,A
v=zzP5qr-ZxHY__#1_label_A__0.npy,A
v=zzP5qr-ZxHY__#1_label_A__1.npy,A
v=zzP5qr-ZxHY__#1_label_A__2.npy,A
v=zzP5qr-ZxHY__#1_label_A__3.npy,A
v=zzP5qr-ZxHY__#1_label_A__4.npy,A
v=zzP5qr-ZxHY__#1_label_A__5.npy,A
v=zzP5qr-ZxHY__#1_label_A__6.npy,A
v=zzP5qr-ZxHY__#1_label_A__7.npy,A
v=zzP5qr-ZxHY__#1_label_A__8.npy,A
v=zzP5qr-ZxHY__#1_label_A__9.npy,A
About.Time.2013__#00-16-18_00-17-27_label_A__0.npy,A
About.Time.2013__#00-16-18_00-17-27_label_A__1.npy,A
About.Time.2013__#00-16-18_00-17-27_label_A__2.npy,A
About.Time.2013__#00-16-18_00-17-27_label_A__3.npy,A
About.Time.2013__#00-16-18_00-17-27_label_A__4.npy,A
About.Time.2013__#00-16-18_00-17-27_label_A__5.npy,A
About.Time.2013__#00-16-18_00-17-27_label_A__6.npy,A
About.Time.2013__#00-16-18_00-17-27_label_A__7.npy,A
About.Time.2013__#00-16-18_00-17-27_label_A__8.npy,A
About.Time.2013__#00-16-18_00-17-27_label_A__9.npy,A
