video,label
Black.Hawk.Down.2001__#00-02-54_00-04-27_label_B4-0-0__0.npy,B4-0-0
Black.Hawk.Down.2001__#00-02-54_00-04-27_label_B4-0-0__1.npy,B4-0-0
Black.Hawk.Down.2001__#00-02-54_00-04-27_label_B4-0-0__2.npy,B4-0-0
Black.Hawk.Down.2001__#00-02-54_00-04-27_label_B4-0-0__3.npy,B4-0-0
Black.Hawk.Down.2001__#00-02-54_00-04-27_label_B4-0-0__4.npy,B4-0-0
Black.Hawk.Down.2001__#00-02-54_00-04-27_label_B4-0-0__5.npy,B4-0-0
Black.Hawk.Down.2001__#00-02-54_00-04-27_label_B4-0-0__6.npy,B4-0-0
Black.Hawk.Down.2001__#00-02-54_00-04-27_label_B4-0-0__7.npy,B4-0-0
Black.Hawk.Down.2001__#00-02-54_00-04-27_label_B4-0-0__8.npy,B4-0-0
Black.Hawk.Down.2001__#00-02-54_00-04-27_label_B4-0-0__9.npy,B4-0-0
Black.Hawk.Down.2001__#01-23-28_01-24-47_label_B4-0-0__0.npy,B4-0-0
Black.Hawk.Down.2001__#01-23-28_01-24-47_label_B4-0-0__1.npy,B4-0-0
Black.Hawk.Down.2001__#01-23-28_01-24-47_label_B4-0-0__2.npy,B4-0-0
Black.Hawk.Down.2001__#01-23-28_01-24-47_label_B4-0-0__3.npy,B4-0-0
Black.Hawk.Down.2001__#01-23-28_01-24-47_label_B4-0-0__4.npy,B4-0-0
Black.Hawk.Down.2001__#01-23-28_01-24-47_label_B4-0-0__5.npy,B4-0-0
Black.Hawk.Down.2001__#01-23-28_01-24-47_label_B4-0-0__6.npy,B4-0-0
Black.Hawk.Down.2001__#01-23-28_01-24-47_label_B4-0-0__7.npy,B4-0-0
Black.Hawk.Down.2001__#01-23-28_01-24-47_label_B4-0-0__8.npy,B4-0-0
Black.Hawk.Down.2001__#01-23-28_01-24-47_label_B4-0-0__9.npy,B4-0-0
Brick.Mansions.2014__#00-00-54_00-01-24_label_B4-0-0__0.npy,B4-0-0
Brick.Mansions.2014__#00-00-54_00-01-24_label_B4-0-0__1.npy,B4-0-0
Brick.Mansions.2014__#00-00-54_00-01-24_label_B4-0-0__2.npy,B4-0-0
Brick.Mansions.2014__#00-00-54_00-01-24_label_B4-0-0__3.npy,B4-0-0
Brick.Mansions.2014__#00-00-54_00-01-24_label_B4-0-0__4.npy,B4-0-0
Brick.Mansions.2014__#00-00-54_00-01-24_label_B4-0-0__5.npy,B4-0-0
Brick.Mansions.2014__#00-00-54_00-01-24_label_B4-0-0__6.npy,B4-0-0
Brick.Mansions.2014__#00-00-54_00-01-24_label_B4-0-0__7.npy,B4-0-0
Brick.Mansions.2014__#00-00-54_00-01-24_label_B4-0-0__8.npy,B4-0-0
Brick.Mansions.2014__#00-00-54_00-01-24_label_B4-0-0__9.npy,B4-0-0
Jason.Bourne.2016__#0-16-14_0-16-43_label_B4-0-0__0.npy,B4-0-0
Jason.Bourne.2016__#0-16-14_0-16-43_label_B4-0-0__1.npy,B4-0-0
Jason.Bourne.2016__#0-16-14_0-16-43_label_B4-0-0__2.npy,B4-0-0
Jason.Bourne.2016__#0-16-14_0-16-43_label_B4-0-0__3.npy,B4-0-0
Jason.Bourne.2016__#0-16-14_0-16-43_label_B4-0-0__4.npy,B4-0-0
Jason.Bourne.2016__#0-16-14_0-16-43_label_B4-0-0__5.npy,B4-0-0
Jason.Bourne.2016__#0-16-14_0-16-43_label_B4-0-0__6.npy,B4-0-0
Jason.Bourne.2016__#0-16-14_0-16-43_label_B4-0-0__7.npy,B4-0-0
Jason.Bourne.2016__#0-16-14_0-16-43_label_B4-0-0__8.npy,B4-0-0
Jason.Bourne.2016__#0-16-14_0-16-43_label_B4-0-0__9.npy,B4-0-0
Jason.Bourne.2016__#0-22-15_0-22-52_label_B4-0-0__0.npy,B4-0-0
Jason.Bourne.2016__#0-22-15_0-22-52_label_B4-0-0__1.npy,B4-0-0
Jason.Bourne.2016__#0-22-15_0-22-52_label_B4-0-0__2.npy,B4-0-0
Jason.Bourne.2016__#0-22-15_0-22-52_label_B4-0-0__3.npy,B4-0-0
Jason.Bourne.2016__#0-22-15_0-22-52_label_B4-0-0__4.npy,B4-0-0
Jason.Bourne.2016__#0-22-15_0-22-52_label_B4-0-0__5.npy,B4-0-0
Jason.Bourne.2016__#0-22-15_0-22-52_label_B4-0-0__6.npy,B4-0-0
Jason.Bourne.2016__#0-22-15_0-22-52_label_B4-0-0__7.npy,B4-0-0
Jason.Bourne.2016__#0-22-15_0-22-52_label_B4-0-0__8.npy,B4-0-0
Jason.Bourne.2016__#0-22-15_0-22-52_label_B4-0-0__9.npy,B4-0-0
Jason.Bourne.2016__#0-23-49_0-25-22_label_B4-0-0__0.npy,B4-0-0
Jason.Bourne.2016__#0-23-49_0-25-22_label_B4-0-0__1.npy,B4-0-0
Jason.Bourne.2016__#0-23-49_0-25-22_label_B4-0-0__2.npy,B4-0-0
Jason.Bourne.2016__#0-23-49_0-25-22_label_B4-0-0__3.npy,B4-0-0
Jason.Bourne.2016__#0-23-49_0-25-22_label_B4-0-0__4.npy,B4-0-0
Jason.Bourne.2016__#0-23-49_0-25-22_label_B4-0-0__5.npy,B4-0-0
Jason.Bourne.2016__#0-23-49_0-25-22_label_B4-0-0__6.npy,B4-0-0
Jason.Bourne.2016__#0-23-49_0-25-22_label_B4-0-0__7.npy,B4-0-0
Jason.Bourne.2016__#0-23-49_0-25-22_label_B4-0-0__8.npy,B4-0-0
Jason.Bourne.2016__#0-23-49_0-25-22_label_B4-0-0__9.npy,B4-0-0
Jason.Bourne.2016__#0-26-38_0-26-55_label_B4-0-0__0.npy,B4-0-0
Jason.Bourne.2016__#0-26-38_0-26-55_label_B4-0-0__1.npy,B4-0-0
Jason.Bourne.2016__#0-26-38_0-26-55_label_B4-0-0__2.npy,B4-0-0
Jason.Bourne.2016__#0-26-38_0-26-55_label_B4-0-0__3.npy,B4-0-0
Jason.Bourne.2016__#0-26-38_0-26-55_label_B4-0-0__4.npy,B4-0-0
Jason.Bourne.2016__#0-26-38_0-26-55_label_B4-0-0__5.npy,B4-0-0
Jason.Bourne.2016__#0-26-38_0-26-55_label_B4-0-0__6.npy,B4-0-0
Jason.Bourne.2016__#0-26-38_0-26-55_label_B4-0-0__7.npy,B4-0-0
Jason.Bourne.2016__#0-26-38_0-26-55_label_B4-0-0__8.npy,B4-0-0
Jason.Bourne.2016__#0-26-38_0-26-55_label_B4-0-0__9.npy,B4-0-0
Jason.Bourne.2016__#0-30-38_0-31-45_label_B4-0-0__0.npy,B4-0-0
Jason.Bourne.2016__#0-30-38_0-31-45_label_B4-0-0__1.npy,B4-0-0
Jason.Bourne.2016__#0-30-38_0-31-45_label_B4-0-0__2.npy,B4-0-0
Jason.Bourne.2016__#0-30-38_0-31-45_label_B4-0-0__3.npy,B4-0-0
Jason.Bourne.2016__#0-30-38_0-31-45_label_B4-0-0__4.npy,B4-0-0
Jason.Bourne.2016__#0-30-38_0-31-45_label_B4-0-0__5.npy,B4-0-0
Jason.Bourne.2016__#0-30-38_0-31-45_label_B4-0-0__6.npy,B4-0-0
Jason.Bourne.2016__#0-30-38_0-31-45_label_B4-0-0__7.npy,B4-0-0
Jason.Bourne.2016__#0-30-38_0-31-45_label_B4-0-0__8.npy,B4-0-0
Jason.Bourne.2016__#0-30-38_0-31-45_label_B4-0-0__9.npy,B4-0-0
v=-PSYPrE5LrQ__#1_label_B4-0-0__0.npy,B4-0-0
v=-PSYPrE5LrQ__#1_label_B4-0-0__1.npy,B4-0-0
v=-PSYPrE5LrQ__#1_label_B4-0-0__2.npy,B4-0-0
v=-PSYPrE5LrQ__#1_label_B4-0-0__3.npy,B4-0-0
v=-PSYPrE5LrQ__#1_label_B4-0-0__4.npy,B4-0-0
v=-PSYPrE5LrQ__#1_label_B4-0-0__5.npy,B4-0-0
v=-PSYPrE5LrQ__#1_label_B4-0-0__6.npy,B4-0-0
v=-PSYPrE5LrQ__#1_label_B4-0-0__7.npy,B4-0-0
v=-PSYPrE5LrQ__#1_label_B4-0-0__8.npy,B4-0-0
v=-PSYPrE5LrQ__#1_label_B4-0-0__9.npy,B4-0-0
v=-boWwzJqEhQ__#1_label_B4-0-0__0.npy,B4-0-0
v=-boWwzJqEhQ__#1_label_B4-0-0__1.npy,B4-0-0
v=-boWwzJqEhQ__#1_label_B4-0-0__2.npy,B4-0-0
v=-boWwzJqEhQ__#1_label_B4-0-0__3.npy,B4-0-0
v=-boWwzJqEhQ__#1_label_B4-0-0__4.npy,B4-0-0
v=-boWwzJqEhQ__#1_label_B4-0-0__5.npy,B4-0-0
v=-boWwzJqEhQ__#1_label_B4-0-0__6.npy,B4-0-0
v=-boWwzJqEhQ__#1_label_B4-0-0__7.npy,B4-0-0
v=-boWwzJqEhQ__#1_label_B4-0-0__8.npy,B4-0-0
v=-boWwzJqEhQ__#1_label_B4-0-0__9.npy,B4-0-0
v=-pvf8ftpRWg__#1_label_B4-0-0__0.npy,B4-0-0
v=-pvf8ftpRWg__#1_label_B4-0-0__1.npy,B4-0-0
v=-pvf8ftpRWg__#1_label_B4-0-0__2.npy,B4-0-0
v=-pvf8ftpRWg__#1_label_B4-0-0__3.npy,B4-0-0
v=-pvf8ftpRWg__#1_label_B4-0-0__4.npy,B4-0-0
v=-pvf8ftpRWg__#1_label_B4-0-0__5.npy,B4-0-0
v=-pvf8ftpRWg__#1_label_B4-0-0__6.npy,B4-0-0
v=-pvf8ftpRWg__#1_label_B4-0-0__7.npy,B4-0-0
v=-pvf8ftpRWg__#1_label_B4-0-0__8.npy,B4-0-0
v=-pvf8ftpRWg__#1_label_B4-0-0__9.npy,B4-0-0
v=-uaaOVNBQJI__#1_label_B4-0-0__0.npy,B4-0-0
v=-uaaOVNBQJI__#1_label_B4-0-0__1.npy,B4-0-0
v=-uaaOVNBQJI__#1_label_B4-0-0__2.npy,B4-0-0
v=-uaaOVNBQJI__#1_label_B4-0-0__3.npy,B4-0-0
v=-uaaOVNBQJI__#1_label_B4-0-0__4.npy,B4-0-0
v=-uaaOVNBQJI__#1_label_B4-0-0__5.npy,B4-0-0
v=-uaaOVNBQJI__#1_label_B4-0-0__6.npy,B4-0-0
v=-uaaOVNBQJI__#1_label_B4-0-0__7.npy,B4-0-0
v=-uaaOVNBQJI__#1_label_B4-0-0__8.npy,B4-0-0
v=-uaaOVNBQJI__#1_label_B4-0-0__9.npy,B4-0-0
v=00UDa4PVpw0__#1_label_B4-0-0__0.npy,B4-0-0
v=00UDa4PVpw0__#1_label_B4-0-0__1.npy,B4-0-0
v=00UDa4PVpw0__#1_label_B4-0-0__2.npy,B4-0-0
v=00UDa4PVpw0__#1_label_B4-0-0__3.npy,B4-0-0
v=00UDa4PVpw0__#1_label_B4-0-0__4.npy,B4-0-0
v=00UDa4PVpw0__#1_label_B4-0-0__5.npy,B4-0-0
v=00UDa4PVpw0__#1_label_B4-0-0__6.npy,B4-0-0
v=00UDa4PVpw0__#1_label_B4-0-0__7.npy,B4-0-0
v=00UDa4PVpw0__#1_label_B4-0-0__8.npy,B4-0-0
v=00UDa4PVpw0__#1_label_B4-0-0__9.npy,B4-0-0
v=0J7I718Gs9A__#1_label_B4-0-0__0.npy,B4-0-0
v=0J7I718Gs9A__#1_label_B4-0-0__1.npy,B4-0-0
v=0J7I718Gs9A__#1_label_B4-0-0__2.npy,B4-0-0
v=0J7I718Gs9A__#1_label_B4-0-0__3.npy,B4-0-0
v=0J7I718Gs9A__#1_label_B4-0-0__4.npy,B4-0-0
v=0J7I718Gs9A__#1_label_B4-0-0__5.npy,B4-0-0
v=0J7I718Gs9A__#1_label_B4-0-0__6.npy,B4-0-0
v=0J7I718Gs9A__#1_label_B4-0-0__7.npy,B4-0-0
v=0J7I718Gs9A__#1_label_B4-0-0__8.npy,B4-0-0
v=0J7I718Gs9A__#1_label_B4-0-0__9.npy,B4-0-0
v=0N5-9mps6z4__#1_label_B4-0-0__0.npy,B4-0-0
v=0N5-9mps6z4__#1_label_B4-0-0__1.npy,B4-0-0
v=0N5-9mps6z4__#1_label_B4-0-0__2.npy,B4-0-0
v=0N5-9mps6z4__#1_label_B4-0-0__3.npy,B4-0-0
v=0N5-9mps6z4__#1_label_B4-0-0__4.npy,B4-0-0
v=0N5-9mps6z4__#1_label_B4-0-0__5.npy,B4-0-0
v=0N5-9mps6z4__#1_label_B4-0-0__6.npy,B4-0-0
v=0N5-9mps6z4__#1_label_B4-0-0__7.npy,B4-0-0
v=0N5-9mps6z4__#1_label_B4-0-0__8.npy,B4-0-0
v=0N5-9mps6z4__#1_label_B4-0-0__9.npy,B4-0-0
v=0Ym0O9Phueo__#1_label_B4-0-0__0.npy,B4-0-0
v=0Ym0O9Phueo__#1_label_B4-0-0__1.npy,B4-0-0
v=0Ym0O9Phueo__#1_label_B4-0-0__2.npy,B4-0-0
v=0Ym0O9Phueo__#1_label_B4-0-0__3.npy,B4-0-0
v=0Ym0O9Phueo__#1_label_B4-0-0__4.npy,B4-0-0
v=0Ym0O9Phueo__#1_label_B4-0-0__5.npy,B4-0-0
v=0Ym0O9Phueo__#1_label_B4-0-0__6.npy,B4-0-0
v=0Ym0O9Phueo__#1_label_B4-0-0__7.npy,B4-0-0
v=0Ym0O9Phueo__#1_label_B4-0-0__8.npy,B4-0-0
v=0Ym0O9Phueo__#1_label_B4-0-0__9.npy,B4-0-0
v=16u0FU8Dq0Q__#1_label_B4-0-0__0.npy,B4-0-0
v=16u0FU8Dq0Q__#1_label_B4-0-0__1.npy,B4-0-0
v=16u0FU8Dq0Q__#1_label_B4-0-0__2.npy,B4-0-0
v=16u0FU8Dq0Q__#1_label_B4-0-0__3.npy,B4-0-0
v=16u0FU8Dq0Q__#1_label_B4-0-0__4.npy,B4-0-0
v=16u0FU8Dq0Q__#1_label_B4-0-0__5.npy,B4-0-0
v=16u0FU8Dq0Q__#1_label_B4-0-0__6.npy,B4-0-0
v=16u0FU8Dq0Q__#1_label_B4-0-0__7.npy,B4-0-0
v=16u0FU8Dq0Q__#1_label_B4-0-0__8.npy,B4-0-0
v=16u0FU8Dq0Q__#1_label_B4-0-0__9.npy,B4-0-0
v=1YSzFo5_DcU__#1_label_B4-0-0__0.npy,B4-0-0
v=1YSzFo5_DcU__#1_label_B4-0-0__1.npy,B4-0-0
v=1YSzFo5_DcU__#1_label_B4-0-0__2.npy,B4-0-0
v=1YSzFo5_DcU__#1_label_B4-0-0__3.npy,B4-0-0
v=1YSzFo5_DcU__#1_label_B4-0-0__4.npy,B4-0-0
v=1YSzFo5_DcU__#1_label_B4-0-0__5.npy,B4-0-0
v=1YSzFo5_DcU__#1_label_B4-0-0__6.npy,B4-0-0
v=1YSzFo5_DcU__#1_label_B4-0-0__7.npy,B4-0-0
v=1YSzFo5_DcU__#1_label_B4-0-0__8.npy,B4-0-0
v=1YSzFo5_DcU__#1_label_B4-0-0__9.npy,B4-0-0
v=1bglsyniUE4__#1_label_B4-0-0__0.npy,B4-0-0
v=1bglsyniUE4__#1_label_B4-0-0__1.npy,B4-0-0
v=1bglsyniUE4__#1_label_B4-0-0__2.npy,B4-0-0
v=1bglsyniUE4__#1_label_B4-0-0__3.npy,B4-0-0
v=1bglsyniUE4__#1_label_B4-0-0__4.npy,B4-0-0
v=1bglsyniUE4__#1_label_B4-0-0__5.npy,B4-0-0
v=1bglsyniUE4__#1_label_B4-0-0__6.npy,B4-0-0
v=1bglsyniUE4__#1_label_B4-0-0__7.npy,B4-0-0
v=1bglsyniUE4__#1_label_B4-0-0__8.npy,B4-0-0
v=1bglsyniUE4__#1_label_B4-0-0__9.npy,B4-0-0
v=1eyrO-nbaB0__#1_label_B4-0-0__0.npy,B4-0-0
v=1eyrO-nbaB0__#1_label_B4-0-0__1.npy,B4-0-0
v=1eyrO-nbaB0__#1_label_B4-0-0__2.npy,B4-0-0
v=1eyrO-nbaB0__#1_label_B4-0-0__3.npy,B4-0-0
v=1eyrO-nbaB0__#1_label_B4-0-0__4.npy,B4-0-0
v=1eyrO-nbaB0__#1_label_B4-0-0__5.npy,B4-0-0
v=1eyrO-nbaB0__#1_label_B4-0-0__6.npy,B4-0-0
v=1eyrO-nbaB0__#1_label_B4-0-0__7.npy,B4-0-0
v=1eyrO-nbaB0__#1_label_B4-0-0__8.npy,B4-0-0
v=1eyrO-nbaB0__#1_label_B4-0-0__9.npy,B4-0-0
v=1jWM8Ry9kxM__#1_label_B4-0-0__0.npy,B4-0-0
v=1jWM8Ry9kxM__#1_label_B4-0-0__1.npy,B4-0-0
v=1jWM8Ry9kxM__#1_label_B4-0-0__2.npy,B4-0-0
v=1jWM8Ry9kxM__#1_label_B4-0-0__3.npy,B4-0-0
v=1jWM8Ry9kxM__#1_label_B4-0-0__4.npy,B4-0-0
v=1jWM8Ry9kxM__#1_label_B4-0-0__5.npy,B4-0-0
v=1jWM8Ry9kxM__#1_label_B4-0-0__6.npy,B4-0-0
v=1jWM8Ry9kxM__#1_label_B4-0-0__7.npy,B4-0-0
v=1jWM8Ry9kxM__#1_label_B4-0-0__8.npy,B4-0-0
v=1jWM8Ry9kxM__#1_label_B4-0-0__9.npy,B4-0-0
v=1uJo9wvzYiw__#1_label_B4-0-0__0.npy,B4-0-0
v=1uJo9wvzYiw__#1_label_B4-0-0__1.npy,B4-0-0
v=1uJo9wvzYiw__#1_label_B4-0-0__2.npy,B4-0-0
v=1uJo9wvzYiw__#1_label_B4-0-0__3.npy,B4-0-0
v=1uJo9wvzYiw__#1_label_B4-0-0__4.npy,B4-0-0
v=1uJo9wvzYiw__#1_label_B4-0-0__5.npy,B4-0-0
v=1uJo9wvzYiw__#1_label_B4-0-0__6.npy,B4-0-0
v=1uJo9wvzYiw__#1_label_B4-0-0__7.npy,B4-0-0
v=1uJo9wvzYiw__#1_label_B4-0-0__8.npy,B4-0-0
v=1uJo9wvzYiw__#1_label_B4-0-0__9.npy,B4-0-0
v=2att1HJqH2o__#1_label_B4-0-0__0.npy,B4-0-0
v=2att1HJqH2o__#1_label_B4-0-0__1.npy,B4-0-0
v=2att1HJqH2o__#1_label_B4-0-0__2.npy,B4-0-0
v=2att1HJqH2o__#1_label_B4-0-0__3.npy,B4-0-0
v=2att1HJqH2o__#1_label_B4-0-0__4.npy,B4-0-0
v=2att1HJqH2o__#1_label_B4-0-0__5.npy,B4-0-0
v=2att1HJqH2o__#1_label_B4-0-0__6.npy,B4-0-0
v=2att1HJqH2o__#1_label_B4-0-0__7.npy,B4-0-0
v=2att1HJqH2o__#1_label_B4-0-0__8.npy,B4-0-0
v=2att1HJqH2o__#1_label_B4-0-0__9.npy,B4-0-0
v=2eLHANhvuj4__#1_label_B4-0-0__0.npy,B4-0-0
v=2eLHANhvuj4__#1_label_B4-0-0__1.npy,B4-0-0
v=2eLHANhvuj4__#1_label_B4-0-0__2.npy,B4-0-0
v=2eLHANhvuj4__#1_label_B4-0-0__3.npy,B4-0-0
v=2eLHANhvuj4__#1_label_B4-0-0__4.npy,B4-0-0
v=2eLHANhvuj4__#1_label_B4-0-0__5.npy,B4-0-0
v=2eLHANhvuj4__#1_label_B4-0-0__6.npy,B4-0-0
v=2eLHANhvuj4__#1_label_B4-0-0__7.npy,B4-0-0
v=2eLHANhvuj4__#1_label_B4-0-0__8.npy,B4-0-0
v=2eLHANhvuj4__#1_label_B4-0-0__9.npy,B4-0-0
v=2ncA53czMOg__#00-00-00_00-00-58_label_B4-0-0__0.npy,B4-0-0
v=2ncA53czMOg__#00-00-00_00-00-58_label_B4-0-0__1.npy,B4-0-0
v=2ncA53czMOg__#00-00-00_00-00-58_label_B4-0-0__2.npy,B4-0-0
v=2ncA53czMOg__#00-00-00_00-00-58_label_B4-0-0__3.npy,B4-0-0
v=2ncA53czMOg__#00-00-00_00-00-58_label_B4-0-0__4.npy,B4-0-0
v=2ncA53czMOg__#00-00-00_00-00-58_label_B4-0-0__5.npy,B4-0-0
v=2ncA53czMOg__#00-00-00_00-00-58_label_B4-0-0__6.npy,B4-0-0
v=2ncA53czMOg__#00-00-00_00-00-58_label_B4-0-0__7.npy,B4-0-0
v=2ncA53czMOg__#00-00-00_00-00-58_label_B4-0-0__8.npy,B4-0-0
v=2ncA53czMOg__#00-00-00_00-00-58_label_B4-0-0__9.npy,B4-0-0
v=2ncA53czMOg__#00-00-58_00-01-51_label_B4-0-0__0.npy,B4-0-0
v=2ncA53czMOg__#00-00-58_00-01-51_label_B4-0-0__1.npy,B4-0-0
v=2ncA53czMOg__#00-00-58_00-01-51_label_B4-0-0__2.npy,B4-0-0
v=2ncA53czMOg__#00-00-58_00-01-51_label_B4-0-0__3.npy,B4-0-0
v=2ncA53czMOg__#00-00-58_00-01-51_label_B4-0-0__4.npy,B4-0-0
v=2ncA53czMOg__#00-00-58_00-01-51_label_B4-0-0__5.npy,B4-0-0
v=2ncA53czMOg__#00-00-58_00-01-51_label_B4-0-0__6.npy,B4-0-0
v=2ncA53czMOg__#00-00-58_00-01-51_label_B4-0-0__7.npy,B4-0-0
v=2ncA53czMOg__#00-00-58_00-01-51_label_B4-0-0__8.npy,B4-0-0
v=2ncA53czMOg__#00-00-58_00-01-51_label_B4-0-0__9.npy,B4-0-0
v=2ncA53czMOg__#00-01-51_00-02-40_label_B4-0-0__0.npy,B4-0-0
v=2ncA53czMOg__#00-01-51_00-02-40_label_B4-0-0__1.npy,B4-0-0
v=2ncA53czMOg__#00-01-51_00-02-40_label_B4-0-0__2.npy,B4-0-0
v=2ncA53czMOg__#00-01-51_00-02-40_label_B4-0-0__3.npy,B4-0-0
v=2ncA53czMOg__#00-01-51_00-02-40_label_B4-0-0__4.npy,B4-0-0
v=2ncA53czMOg__#00-01-51_00-02-40_label_B4-0-0__5.npy,B4-0-0
v=2ncA53czMOg__#00-01-51_00-02-40_label_B4-0-0__6.npy,B4-0-0
v=2ncA53czMOg__#00-01-51_00-02-40_label_B4-0-0__7.npy,B4-0-0
v=2ncA53czMOg__#00-01-51_00-02-40_label_B4-0-0__8.npy,B4-0-0
v=2ncA53czMOg__#00-01-51_00-02-40_label_B4-0-0__9.npy,B4-0-0
v=2ncA53czMOg__#00-02-40_00-03-55_label_B4-0-0__0.npy,B4-0-0
v=2ncA53czMOg__#00-02-40_00-03-55_label_B4-0-0__1.npy,B4-0-0
v=2ncA53czMOg__#00-02-40_00-03-55_label_B4-0-0__2.npy,B4-0-0
v=2ncA53czMOg__#00-02-40_00-03-55_label_B4-0-0__3.npy,B4-0-0
v=2ncA53czMOg__#00-02-40_00-03-55_label_B4-0-0__4.npy,B4-0-0
v=2ncA53czMOg__#00-02-40_00-03-55_label_B4-0-0__5.npy,B4-0-0
v=2ncA53czMOg__#00-02-40_00-03-55_label_B4-0-0__6.npy,B4-0-0
v=2ncA53czMOg__#00-02-40_00-03-55_label_B4-0-0__7.npy,B4-0-0
v=2ncA53czMOg__#00-02-40_00-03-55_label_B4-0-0__8.npy,B4-0-0
v=2ncA53czMOg__#00-02-40_00-03-55_label_B4-0-0__9.npy,B4-0-0
v=2ncA53czMOg__#00-03-55_00-05-41_label_B4-0-0__0.npy,B4-0-0
v=2ncA53czMOg__#00-03-55_00-05-41_label_B4-0-0__1.npy,B4-0-0
v=2ncA53czMOg__#00-03-55_00-05-41_label_B4-0-0__2.npy,B4-0-0
v=2ncA53czMOg__#00-03-55_00-05-41_label_B4-0-0__3.npy,B4-0-0
v=2ncA53czMOg__#00-03-55_00-05-41_label_B4-0-0__4.npy,B4-0-0
v=2ncA53czMOg__#00-03-55_00-05-41_label_B4-0-0__5.npy,B4-0-0
v=2ncA53czMOg__#00-03-55_00-05-41_label_B4-0-0__6.npy,B4-0-0
v=2ncA53czMOg__#00-03-55_00-05-41_label_B4-0-0__7.npy,B4-0-0
v=2ncA53czMOg__#00-03-55_00-05-41_label_B4-0-0__8.npy,B4-0-0
v=2ncA53czMOg__#00-03-55_00-05-41_label_B4-0-0__9.npy,B4-0-0
v=32OW6cu4Ypk__#1_label_B4-0-0__0.npy,B4-0-0
v=32OW6cu4Ypk__#1_label_B4-0-0__1.npy,B4-0-0
v=32OW6cu4Ypk__#1_label_B4-0-0__2.npy,B4-0-0
v=32OW6cu4Ypk__#1_label_B4-0-0__3.npy,B4-0-0
v=32OW6cu4Ypk__#1_label_B4-0-0__4.npy,B4-0-0
v=32OW6cu4Ypk__#1_label_B4-0-0__5.npy,B4-0-0
v=32OW6cu4Ypk__#1_label_B4-0-0__6.npy,B4-0-0
v=32OW6cu4Ypk__#1_label_B4-0-0__7.npy,B4-0-0
v=32OW6cu4Ypk__#1_label_B4-0-0__8.npy,B4-0-0
v=32OW6cu4Ypk__#1_label_B4-0-0__9.npy,B4-0-0
v=3NcXHsSOzTg__#1_label_B4-0-0__0.npy,B4-0-0
v=3NcXHsSOzTg__#1_label_B4-0-0__1.npy,B4-0-0
v=3NcXHsSOzTg__#1_label_B4-0-0__2.npy,B4-0-0
v=3NcXHsSOzTg__#1_label_B4-0-0__3.npy,B4-0-0
v=3NcXHsSOzTg__#1_label_B4-0-0__4.npy,B4-0-0
v=3NcXHsSOzTg__#1_label_B4-0-0__5.npy,B4-0-0
v=3NcXHsSOzTg__#1_label_B4-0-0__6.npy,B4-0-0
v=3NcXHsSOzTg__#1_label_B4-0-0__7.npy,B4-0-0
v=3NcXHsSOzTg__#1_label_B4-0-0__8.npy,B4-0-0
v=3NcXHsSOzTg__#1_label_B4-0-0__9.npy,B4-0-0
v=3a-sg-FsoGw__#1_label_B4-0-0__0.npy,B4-0-0
v=3a-sg-FsoGw__#1_label_B4-0-0__1.npy,B4-0-0
v=3a-sg-FsoGw__#1_label_B4-0-0__2.npy,B4-0-0
v=3a-sg-FsoGw__#1_label_B4-0-0__3.npy,B4-0-0
v=3a-sg-FsoGw__#1_label_B4-0-0__4.npy,B4-0-0
v=3a-sg-FsoGw__#1_label_B4-0-0__5.npy,B4-0-0
v=3a-sg-FsoGw__#1_label_B4-0-0__6.npy,B4-0-0
v=3a-sg-FsoGw__#1_label_B4-0-0__7.npy,B4-0-0
v=3a-sg-FsoGw__#1_label_B4-0-0__8.npy,B4-0-0
v=3a-sg-FsoGw__#1_label_B4-0-0__9.npy,B4-0-0
v=3qlylxu7wvc__#1_label_B4-0-0__0.npy,B4-0-0
v=3qlylxu7wvc__#1_label_B4-0-0__1.npy,B4-0-0
v=3qlylxu7wvc__#1_label_B4-0-0__2.npy,B4-0-0
v=3qlylxu7wvc__#1_label_B4-0-0__3.npy,B4-0-0
v=3qlylxu7wvc__#1_label_B4-0-0__4.npy,B4-0-0
v=3qlylxu7wvc__#1_label_B4-0-0__5.npy,B4-0-0
v=3qlylxu7wvc__#1_label_B4-0-0__6.npy,B4-0-0
v=3qlylxu7wvc__#1_label_B4-0-0__7.npy,B4-0-0
v=3qlylxu7wvc__#1_label_B4-0-0__8.npy,B4-0-0
v=3qlylxu7wvc__#1_label_B4-0-0__9.npy,B4-0-0
v=4VzOUKODdZ4__#1_label_B4-0-0__0.npy,B4-0-0
v=4VzOUKODdZ4__#1_label_B4-0-0__1.npy,B4-0-0
v=4VzOUKODdZ4__#1_label_B4-0-0__2.npy,B4-0-0
v=4VzOUKODdZ4__#1_label_B4-0-0__3.npy,B4-0-0
v=4VzOUKODdZ4__#1_label_B4-0-0__4.npy,B4-0-0
v=4VzOUKODdZ4__#1_label_B4-0-0__5.npy,B4-0-0
v=4VzOUKODdZ4__#1_label_B4-0-0__6.npy,B4-0-0
v=4VzOUKODdZ4__#1_label_B4-0-0__7.npy,B4-0-0
v=4VzOUKODdZ4__#1_label_B4-0-0__8.npy,B4-0-0
v=4VzOUKODdZ4__#1_label_B4-0-0__9.npy,B4-0-0
v=4dZv0Ld52QQ__#1_label_B4-0-0__0.npy,B4-0-0
v=4dZv0Ld52QQ__#1_label_B4-0-0__1.npy,B4-0-0
v=4dZv0Ld52QQ__#1_label_B4-0-0__2.npy,B4-0-0
v=4dZv0Ld52QQ__#1_label_B4-0-0__3.npy,B4-0-0
v=4dZv0Ld52QQ__#1_label_B4-0-0__4.npy,B4-0-0
v=4dZv0Ld52QQ__#1_label_B4-0-0__5.npy,B4-0-0
v=4dZv0Ld52QQ__#1_label_B4-0-0__6.npy,B4-0-0
v=4dZv0Ld52QQ__#1_label_B4-0-0__7.npy,B4-0-0
v=4dZv0Ld52QQ__#1_label_B4-0-0__8.npy,B4-0-0
v=4dZv0Ld52QQ__#1_label_B4-0-0__9.npy,B4-0-0
v=4tQ4ZWTFR6c__#1_label_B4-0-0__0.npy,B4-0-0
v=4tQ4ZWTFR6c__#1_label_B4-0-0__1.npy,B4-0-0
v=4tQ4ZWTFR6c__#1_label_B4-0-0__2.npy,B4-0-0
v=4tQ4ZWTFR6c__#1_label_B4-0-0__3.npy,B4-0-0
v=4tQ4ZWTFR6c__#1_label_B4-0-0__4.npy,B4-0-0
v=4tQ4ZWTFR6c__#1_label_B4-0-0__5.npy,B4-0-0
v=4tQ4ZWTFR6c__#1_label_B4-0-0__6.npy,B4-0-0
v=4tQ4ZWTFR6c__#1_label_B4-0-0__7.npy,B4-0-0
v=4tQ4ZWTFR6c__#1_label_B4-0-0__8.npy,B4-0-0
v=4tQ4ZWTFR6c__#1_label_B4-0-0__9.npy,B4-0-0
v=4uXbF8bt-SQ__#1_label_B4-0-0__0.npy,B4-0-0
v=4uXbF8bt-SQ__#1_label_B4-0-0__1.npy,B4-0-0
v=4uXbF8bt-SQ__#1_label_B4-0-0__2.npy,B4-0-0
v=4uXbF8bt-SQ__#1_label_B4-0-0__3.npy,B4-0-0
v=4uXbF8bt-SQ__#1_label_B4-0-0__4.npy,B4-0-0
v=4uXbF8bt-SQ__#1_label_B4-0-0__5.npy,B4-0-0
v=4uXbF8bt-SQ__#1_label_B4-0-0__6.npy,B4-0-0
v=4uXbF8bt-SQ__#1_label_B4-0-0__7.npy,B4-0-0
v=4uXbF8bt-SQ__#1_label_B4-0-0__8.npy,B4-0-0
v=4uXbF8bt-SQ__#1_label_B4-0-0__9.npy,B4-0-0
v=4xBNjEbLekg__#1_label_B4-0-0__0.npy,B4-0-0
v=4xBNjEbLekg__#1_label_B4-0-0__1.npy,B4-0-0
v=4xBNjEbLekg__#1_label_B4-0-0__2.npy,B4-0-0
v=4xBNjEbLekg__#1_label_B4-0-0__3.npy,B4-0-0
v=4xBNjEbLekg__#1_label_B4-0-0__4.npy,B4-0-0
v=4xBNjEbLekg__#1_label_B4-0-0__5.npy,B4-0-0
v=4xBNjEbLekg__#1_label_B4-0-0__6.npy,B4-0-0
v=4xBNjEbLekg__#1_label_B4-0-0__7.npy,B4-0-0
v=4xBNjEbLekg__#1_label_B4-0-0__8.npy,B4-0-0
v=4xBNjEbLekg__#1_label_B4-0-0__9.npy,B4-0-0
v=5Ef6_XODxHg__#1_label_B4-0-0__0.npy,B4-0-0
v=5Ef6_XODxHg__#1_label_B4-0-0__1.npy,B4-0-0
v=5Ef6_XODxHg__#1_label_B4-0-0__2.npy,B4-0-0
v=5Ef6_XODxHg__#1_label_B4-0-0__3.npy,B4-0-0
v=5Ef6_XODxHg__#1_label_B4-0-0__4.npy,B4-0-0
v=5Ef6_XODxHg__#1_label_B4-0-0__5.npy,B4-0-0
v=5Ef6_XODxHg__#1_label_B4-0-0__6.npy,B4-0-0
v=5Ef6_XODxHg__#1_label_B4-0-0__7.npy,B4-0-0
v=5Ef6_XODxHg__#1_label_B4-0-0__8.npy,B4-0-0
v=5Ef6_XODxHg__#1_label_B4-0-0__9.npy,B4-0-0
v=5OGEr2Q-75M__#1_label_B4-0-0__0.npy,B4-0-0
v=5OGEr2Q-75M__#1_label_B4-0-0__1.npy,B4-0-0
v=5OGEr2Q-75M__#1_label_B4-0-0__2.npy,B4-0-0
v=5OGEr2Q-75M__#1_label_B4-0-0__3.npy,B4-0-0
v=5OGEr2Q-75M__#1_label_B4-0-0__4.npy,B4-0-0
v=5OGEr2Q-75M__#1_label_B4-0-0__5.npy,B4-0-0
v=5OGEr2Q-75M__#1_label_B4-0-0__6.npy,B4-0-0
v=5OGEr2Q-75M__#1_label_B4-0-0__7.npy,B4-0-0
v=5OGEr2Q-75M__#1_label_B4-0-0__8.npy,B4-0-0
v=5OGEr2Q-75M__#1_label_B4-0-0__9.npy,B4-0-0
v=5ZzZKy99v6k__#1_label_B4-0-0__0.npy,B4-0-0
v=5ZzZKy99v6k__#1_label_B4-0-0__1.npy,B4-0-0
v=5ZzZKy99v6k__#1_label_B4-0-0__2.npy,B4-0-0
v=5ZzZKy99v6k__#1_label_B4-0-0__3.npy,B4-0-0
v=5ZzZKy99v6k__#1_label_B4-0-0__4.npy,B4-0-0
v=5ZzZKy99v6k__#1_label_B4-0-0__5.npy,B4-0-0
v=5ZzZKy99v6k__#1_label_B4-0-0__6.npy,B4-0-0
v=5ZzZKy99v6k__#1_label_B4-0-0__7.npy,B4-0-0
v=5ZzZKy99v6k__#1_label_B4-0-0__8.npy,B4-0-0
v=5ZzZKy99v6k__#1_label_B4-0-0__9.npy,B4-0-0
v=5gCHS7CsjsE__#1_label_B4-0-0__0.npy,B4-0-0
v=5gCHS7CsjsE__#1_label_B4-0-0__1.npy,B4-0-0
v=5gCHS7CsjsE__#1_label_B4-0-0__2.npy,B4-0-0
v=5gCHS7CsjsE__#1_label_B4-0-0__3.npy,B4-0-0
v=5gCHS7CsjsE__#1_label_B4-0-0__4.npy,B4-0-0
v=5gCHS7CsjsE__#1_label_B4-0-0__5.npy,B4-0-0
v=5gCHS7CsjsE__#1_label_B4-0-0__6.npy,B4-0-0
v=5gCHS7CsjsE__#1_label_B4-0-0__7.npy,B4-0-0
v=5gCHS7CsjsE__#1_label_B4-0-0__8.npy,B4-0-0
v=5gCHS7CsjsE__#1_label_B4-0-0__9.npy,B4-0-0
v=5gOoBB_BxRM__#1_label_B4-0-0__0.npy,B4-0-0
v=5gOoBB_BxRM__#1_label_B4-0-0__1.npy,B4-0-0
v=5gOoBB_BxRM__#1_label_B4-0-0__2.npy,B4-0-0
v=5gOoBB_BxRM__#1_label_B4-0-0__3.npy,B4-0-0
v=5gOoBB_BxRM__#1_label_B4-0-0__4.npy,B4-0-0
v=5gOoBB_BxRM__#1_label_B4-0-0__5.npy,B4-0-0
v=5gOoBB_BxRM__#1_label_B4-0-0__6.npy,B4-0-0
v=5gOoBB_BxRM__#1_label_B4-0-0__7.npy,B4-0-0
v=5gOoBB_BxRM__#1_label_B4-0-0__8.npy,B4-0-0
v=5gOoBB_BxRM__#1_label_B4-0-0__9.npy,B4-0-0
v=5plpAWiJ9VA__#1_label_B4-0-0__0.npy,B4-0-0
v=5plpAWiJ9VA__#1_label_B4-0-0__1.npy,B4-0-0
v=5plpAWiJ9VA__#1_label_B4-0-0__2.npy,B4-0-0
v=5plpAWiJ9VA__#1_label_B4-0-0__3.npy,B4-0-0
v=5plpAWiJ9VA__#1_label_B4-0-0__4.npy,B4-0-0
v=5plpAWiJ9VA__#1_label_B4-0-0__5.npy,B4-0-0
v=5plpAWiJ9VA__#1_label_B4-0-0__6.npy,B4-0-0
v=5plpAWiJ9VA__#1_label_B4-0-0__7.npy,B4-0-0
v=5plpAWiJ9VA__#1_label_B4-0-0__8.npy,B4-0-0
v=5plpAWiJ9VA__#1_label_B4-0-0__9.npy,B4-0-0
v=5vF4si3hoRA__#1_label_B4-0-0__0.npy,B4-0-0
v=5vF4si3hoRA__#1_label_B4-0-0__1.npy,B4-0-0
v=5vF4si3hoRA__#1_label_B4-0-0__2.npy,B4-0-0
v=5vF4si3hoRA__#1_label_B4-0-0__3.npy,B4-0-0
v=5vF4si3hoRA__#1_label_B4-0-0__4.npy,B4-0-0
v=5vF4si3hoRA__#1_label_B4-0-0__5.npy,B4-0-0
v=5vF4si3hoRA__#1_label_B4-0-0__6.npy,B4-0-0
v=5vF4si3hoRA__#1_label_B4-0-0__7.npy,B4-0-0
v=5vF4si3hoRA__#1_label_B4-0-0__8.npy,B4-0-0
v=5vF4si3hoRA__#1_label_B4-0-0__9.npy,B4-0-0
v=5wHHm-dCFyo__#1_label_B4-0-0__0.npy,B4-0-0
v=5wHHm-dCFyo__#1_label_B4-0-0__1.npy,B4-0-0
v=5wHHm-dCFyo__#1_label_B4-0-0__2.npy,B4-0-0
v=5wHHm-dCFyo__#1_label_B4-0-0__3.npy,B4-0-0
v=5wHHm-dCFyo__#1_label_B4-0-0__4.npy,B4-0-0
v=5wHHm-dCFyo__#1_label_B4-0-0__5.npy,B4-0-0
v=5wHHm-dCFyo__#1_label_B4-0-0__6.npy,B4-0-0
v=5wHHm-dCFyo__#1_label_B4-0-0__7.npy,B4-0-0
v=5wHHm-dCFyo__#1_label_B4-0-0__8.npy,B4-0-0
v=5wHHm-dCFyo__#1_label_B4-0-0__9.npy,B4-0-0
v=68eshtx9qaM__#1_label_B4-0-0__0.npy,B4-0-0
v=68eshtx9qaM__#1_label_B4-0-0__1.npy,B4-0-0
v=68eshtx9qaM__#1_label_B4-0-0__2.npy,B4-0-0
v=68eshtx9qaM__#1_label_B4-0-0__3.npy,B4-0-0
v=68eshtx9qaM__#1_label_B4-0-0__4.npy,B4-0-0
v=68eshtx9qaM__#1_label_B4-0-0__5.npy,B4-0-0
v=68eshtx9qaM__#1_label_B4-0-0__6.npy,B4-0-0
v=68eshtx9qaM__#1_label_B4-0-0__7.npy,B4-0-0
v=68eshtx9qaM__#1_label_B4-0-0__8.npy,B4-0-0
v=68eshtx9qaM__#1_label_B4-0-0__9.npy,B4-0-0
v=6AdDLhPwpp4__#1_label_B4-0-0__0.npy,B4-0-0
v=6AdDLhPwpp4__#1_label_B4-0-0__1.npy,B4-0-0
v=6AdDLhPwpp4__#1_label_B4-0-0__2.npy,B4-0-0
v=6AdDLhPwpp4__#1_label_B4-0-0__3.npy,B4-0-0
v=6AdDLhPwpp4__#1_label_B4-0-0__4.npy,B4-0-0
v=6AdDLhPwpp4__#1_label_B4-0-0__5.npy,B4-0-0
v=6AdDLhPwpp4__#1_label_B4-0-0__6.npy,B4-0-0
v=6AdDLhPwpp4__#1_label_B4-0-0__7.npy,B4-0-0
v=6AdDLhPwpp4__#1_label_B4-0-0__8.npy,B4-0-0
v=6AdDLhPwpp4__#1_label_B4-0-0__9.npy,B4-0-0
v=6aQoC1M-jEY__#1_label_B4-0-0__0.npy,B4-0-0
v=6aQoC1M-jEY__#1_label_B4-0-0__1.npy,B4-0-0
v=6aQoC1M-jEY__#1_label_B4-0-0__2.npy,B4-0-0
v=6aQoC1M-jEY__#1_label_B4-0-0__3.npy,B4-0-0
v=6aQoC1M-jEY__#1_label_B4-0-0__4.npy,B4-0-0
v=6aQoC1M-jEY__#1_label_B4-0-0__5.npy,B4-0-0
v=6aQoC1M-jEY__#1_label_B4-0-0__6.npy,B4-0-0
v=6aQoC1M-jEY__#1_label_B4-0-0__7.npy,B4-0-0
v=6aQoC1M-jEY__#1_label_B4-0-0__8.npy,B4-0-0
v=6aQoC1M-jEY__#1_label_B4-0-0__9.npy,B4-0-0
v=7JBlGKPgKrU__#1_label_B4-0-0__0.npy,B4-0-0
v=7JBlGKPgKrU__#1_label_B4-0-0__1.npy,B4-0-0
v=7JBlGKPgKrU__#1_label_B4-0-0__2.npy,B4-0-0
v=7JBlGKPgKrU__#1_label_B4-0-0__3.npy,B4-0-0
v=7JBlGKPgKrU__#1_label_B4-0-0__4.npy,B4-0-0
v=7JBlGKPgKrU__#1_label_B4-0-0__5.npy,B4-0-0
v=7JBlGKPgKrU__#1_label_B4-0-0__6.npy,B4-0-0
v=7JBlGKPgKrU__#1_label_B4-0-0__7.npy,B4-0-0
v=7JBlGKPgKrU__#1_label_B4-0-0__8.npy,B4-0-0
v=7JBlGKPgKrU__#1_label_B4-0-0__9.npy,B4-0-0
v=7JKWRE9yx5M__#1_label_B4-0-0__0.npy,B4-0-0
v=7JKWRE9yx5M__#1_label_B4-0-0__1.npy,B4-0-0
v=7JKWRE9yx5M__#1_label_B4-0-0__2.npy,B4-0-0
v=7JKWRE9yx5M__#1_label_B4-0-0__3.npy,B4-0-0
v=7JKWRE9yx5M__#1_label_B4-0-0__4.npy,B4-0-0
v=7JKWRE9yx5M__#1_label_B4-0-0__5.npy,B4-0-0
v=7JKWRE9yx5M__#1_label_B4-0-0__6.npy,B4-0-0
v=7JKWRE9yx5M__#1_label_B4-0-0__7.npy,B4-0-0
v=7JKWRE9yx5M__#1_label_B4-0-0__8.npy,B4-0-0
v=7JKWRE9yx5M__#1_label_B4-0-0__9.npy,B4-0-0
v=7OM8znTZYkk__#1_label_B4-0-0__0.npy,B4-0-0
v=7OM8znTZYkk__#1_label_B4-0-0__1.npy,B4-0-0
v=7OM8znTZYkk__#1_label_B4-0-0__2.npy,B4-0-0
v=7OM8znTZYkk__#1_label_B4-0-0__3.npy,B4-0-0
v=7OM8znTZYkk__#1_label_B4-0-0__4.npy,B4-0-0
v=7OM8znTZYkk__#1_label_B4-0-0__5.npy,B4-0-0
v=7OM8znTZYkk__#1_label_B4-0-0__6.npy,B4-0-0
v=7OM8znTZYkk__#1_label_B4-0-0__7.npy,B4-0-0
v=7OM8znTZYkk__#1_label_B4-0-0__8.npy,B4-0-0
v=7OM8znTZYkk__#1_label_B4-0-0__9.npy,B4-0-0
v=7PXpgxmogSc__#1_label_B4-0-0__0.npy,B4-0-0
v=7PXpgxmogSc__#1_label_B4-0-0__1.npy,B4-0-0
v=7PXpgxmogSc__#1_label_B4-0-0__2.npy,B4-0-0
v=7PXpgxmogSc__#1_label_B4-0-0__3.npy,B4-0-0
v=7PXpgxmogSc__#1_label_B4-0-0__4.npy,B4-0-0
v=7PXpgxmogSc__#1_label_B4-0-0__5.npy,B4-0-0
v=7PXpgxmogSc__#1_label_B4-0-0__6.npy,B4-0-0
v=7PXpgxmogSc__#1_label_B4-0-0__7.npy,B4-0-0
v=7PXpgxmogSc__#1_label_B4-0-0__8.npy,B4-0-0
v=7PXpgxmogSc__#1_label_B4-0-0__9.npy,B4-0-0
v=7_9OJnRnZjU__#1_label_B4-0-0__0.npy,B4-0-0
v=7_9OJnRnZjU__#1_label_B4-0-0__1.npy,B4-0-0
v=7_9OJnRnZjU__#1_label_B4-0-0__2.npy,B4-0-0
v=7_9OJnRnZjU__#1_label_B4-0-0__3.npy,B4-0-0
v=7_9OJnRnZjU__#1_label_B4-0-0__4.npy,B4-0-0
v=7_9OJnRnZjU__#1_label_B4-0-0__5.npy,B4-0-0
v=7_9OJnRnZjU__#1_label_B4-0-0__6.npy,B4-0-0
v=7_9OJnRnZjU__#1_label_B4-0-0__7.npy,B4-0-0
v=7_9OJnRnZjU__#1_label_B4-0-0__8.npy,B4-0-0
v=7_9OJnRnZjU__#1_label_B4-0-0__9.npy,B4-0-0
v=7bTAoATiuuc__#1_label_B4-0-0__0.npy,B4-0-0
v=7bTAoATiuuc__#1_label_B4-0-0__1.npy,B4-0-0
v=7bTAoATiuuc__#1_label_B4-0-0__2.npy,B4-0-0
v=7bTAoATiuuc__#1_label_B4-0-0__3.npy,B4-0-0
v=7bTAoATiuuc__#1_label_B4-0-0__4.npy,B4-0-0
v=7bTAoATiuuc__#1_label_B4-0-0__5.npy,B4-0-0
v=7bTAoATiuuc__#1_label_B4-0-0__6.npy,B4-0-0
v=7bTAoATiuuc__#1_label_B4-0-0__7.npy,B4-0-0
v=7bTAoATiuuc__#1_label_B4-0-0__8.npy,B4-0-0
v=7bTAoATiuuc__#1_label_B4-0-0__9.npy,B4-0-0
v=7q46-34clh4__#1_label_B4-0-0__0.npy,B4-0-0
v=7q46-34clh4__#1_label_B4-0-0__1.npy,B4-0-0
v=7q46-34clh4__#1_label_B4-0-0__2.npy,B4-0-0
v=7q46-34clh4__#1_label_B4-0-0__3.npy,B4-0-0
v=7q46-34clh4__#1_label_B4-0-0__4.npy,B4-0-0
v=7q46-34clh4__#1_label_B4-0-0__5.npy,B4-0-0
v=7q46-34clh4__#1_label_B4-0-0__6.npy,B4-0-0
v=7q46-34clh4__#1_label_B4-0-0__7.npy,B4-0-0
v=7q46-34clh4__#1_label_B4-0-0__8.npy,B4-0-0
v=7q46-34clh4__#1_label_B4-0-0__9.npy,B4-0-0
v=88yP_20Lgqg__#1_label_B4-0-0__0.npy,B4-0-0
v=88yP_20Lgqg__#1_label_B4-0-0__1.npy,B4-0-0
v=88yP_20Lgqg__#1_label_B4-0-0__2.npy,B4-0-0
v=88yP_20Lgqg__#1_label_B4-0-0__3.npy,B4-0-0
v=88yP_20Lgqg__#1_label_B4-0-0__4.npy,B4-0-0
v=88yP_20Lgqg__#1_label_B4-0-0__5.npy,B4-0-0
v=88yP_20Lgqg__#1_label_B4-0-0__6.npy,B4-0-0
v=88yP_20Lgqg__#1_label_B4-0-0__7.npy,B4-0-0
v=88yP_20Lgqg__#1_label_B4-0-0__8.npy,B4-0-0
v=88yP_20Lgqg__#1_label_B4-0-0__9.npy,B4-0-0
v=8PB-nyWvdgM__#1_label_B4-0-0__0.npy,B4-0-0
v=8PB-nyWvdgM__#1_label_B4-0-0__1.npy,B4-0-0
v=8PB-nyWvdgM__#1_label_B4-0-0__2.npy,B4-0-0
v=8PB-nyWvdgM__#1_label_B4-0-0__3.npy,B4-0-0
v=8PB-nyWvdgM__#1_label_B4-0-0__4.npy,B4-0-0
v=8PB-nyWvdgM__#1_label_B4-0-0__5.npy,B4-0-0
v=8PB-nyWvdgM__#1_label_B4-0-0__6.npy,B4-0-0
v=8PB-nyWvdgM__#1_label_B4-0-0__7.npy,B4-0-0
v=8PB-nyWvdgM__#1_label_B4-0-0__8.npy,B4-0-0
v=8PB-nyWvdgM__#1_label_B4-0-0__9.npy,B4-0-0
v=8TDaA_4tR-U__#1_label_B4-0-0__0.npy,B4-0-0
v=8TDaA_4tR-U__#1_label_B4-0-0__1.npy,B4-0-0
v=8TDaA_4tR-U__#1_label_B4-0-0__2.npy,B4-0-0
v=8TDaA_4tR-U__#1_label_B4-0-0__3.npy,B4-0-0
v=8TDaA_4tR-U__#1_label_B4-0-0__4.npy,B4-0-0
v=8TDaA_4tR-U__#1_label_B4-0-0__5.npy,B4-0-0
v=8TDaA_4tR-U__#1_label_B4-0-0__6.npy,B4-0-0
v=8TDaA_4tR-U__#1_label_B4-0-0__7.npy,B4-0-0
v=8TDaA_4tR-U__#1_label_B4-0-0__8.npy,B4-0-0
v=8TDaA_4tR-U__#1_label_B4-0-0__9.npy,B4-0-0
v=8lvtYiOiCQU__#1_label_B4-0-0__0.npy,B4-0-0
v=8lvtYiOiCQU__#1_label_B4-0-0__1.npy,B4-0-0
v=8lvtYiOiCQU__#1_label_B4-0-0__2.npy,B4-0-0
v=8lvtYiOiCQU__#1_label_B4-0-0__3.npy,B4-0-0
v=8lvtYiOiCQU__#1_label_B4-0-0__4.npy,B4-0-0
v=8lvtYiOiCQU__#1_label_B4-0-0__5.npy,B4-0-0
v=8lvtYiOiCQU__#1_label_B4-0-0__6.npy,B4-0-0
v=8lvtYiOiCQU__#1_label_B4-0-0__7.npy,B4-0-0
v=8lvtYiOiCQU__#1_label_B4-0-0__8.npy,B4-0-0
v=8lvtYiOiCQU__#1_label_B4-0-0__9.npy,B4-0-0
v=8m8zfrJEcN8__#1_label_B4-0-0__0.npy,B4-0-0
v=8m8zfrJEcN8__#1_label_B4-0-0__1.npy,B4-0-0
v=8m8zfrJEcN8__#1_label_B4-0-0__2.npy,B4-0-0
v=8m8zfrJEcN8__#1_label_B4-0-0__3.npy,B4-0-0
v=8m8zfrJEcN8__#1_label_B4-0-0__4.npy,B4-0-0
v=8m8zfrJEcN8__#1_label_B4-0-0__5.npy,B4-0-0
v=8m8zfrJEcN8__#1_label_B4-0-0__6.npy,B4-0-0
v=8m8zfrJEcN8__#1_label_B4-0-0__7.npy,B4-0-0
v=8m8zfrJEcN8__#1_label_B4-0-0__8.npy,B4-0-0
v=8m8zfrJEcN8__#1_label_B4-0-0__9.npy,B4-0-0
v=9Qmks0QVI40__#00-00-00_00-01-58_label_B4-0-0__0.npy,B4-0-0
v=9Qmks0QVI40__#00-00-00_00-01-58_label_B4-0-0__1.npy,B4-0-0
v=9Qmks0QVI40__#00-00-00_00-01-58_label_B4-0-0__2.npy,B4-0-0
v=9Qmks0QVI40__#00-00-00_00-01-58_label_B4-0-0__3.npy,B4-0-0
v=9Qmks0QVI40__#00-00-00_00-01-58_label_B4-0-0__4.npy,B4-0-0
v=9Qmks0QVI40__#00-00-00_00-01-58_label_B4-0-0__5.npy,B4-0-0
v=9Qmks0QVI40__#00-00-00_00-01-58_label_B4-0-0__6.npy,B4-0-0
v=9Qmks0QVI40__#00-00-00_00-01-58_label_B4-0-0__7.npy,B4-0-0
v=9Qmks0QVI40__#00-00-00_00-01-58_label_B4-0-0__8.npy,B4-0-0
v=9Qmks0QVI40__#00-00-00_00-01-58_label_B4-0-0__9.npy,B4-0-0
v=9Qmks0QVI40__#00-01-58_00-04-40_label_B4-0-0__0.npy,B4-0-0
v=9Qmks0QVI40__#00-01-58_00-04-40_label_B4-0-0__1.npy,B4-0-0
v=9Qmks0QVI40__#00-01-58_00-04-40_label_B4-0-0__2.npy,B4-0-0
v=9Qmks0QVI40__#00-01-58_00-04-40_label_B4-0-0__3.npy,B4-0-0
v=9Qmks0QVI40__#00-01-58_00-04-40_label_B4-0-0__4.npy,B4-0-0
v=9Qmks0QVI40__#00-01-58_00-04-40_label_B4-0-0__5.npy,B4-0-0
v=9Qmks0QVI40__#00-01-58_00-04-40_label_B4-0-0__6.npy,B4-0-0
v=9Qmks0QVI40__#00-01-58_00-04-40_label_B4-0-0__7.npy,B4-0-0
v=9Qmks0QVI40__#00-01-58_00-04-40_label_B4-0-0__8.npy,B4-0-0
v=9Qmks0QVI40__#00-01-58_00-04-40_label_B4-0-0__9.npy,B4-0-0
v=9_wk5nlx3pg__#1_label_B4-0-0__0.npy,B4-0-0
v=9_wk5nlx3pg__#1_label_B4-0-0__1.npy,B4-0-0
v=9_wk5nlx3pg__#1_label_B4-0-0__2.npy,B4-0-0
v=9_wk5nlx3pg__#1_label_B4-0-0__3.npy,B4-0-0
v=9_wk5nlx3pg__#1_label_B4-0-0__4.npy,B4-0-0
v=9_wk5nlx3pg__#1_label_B4-0-0__5.npy,B4-0-0
v=9_wk5nlx3pg__#1_label_B4-0-0__6.npy,B4-0-0
v=9_wk5nlx3pg__#1_label_B4-0-0__7.npy,B4-0-0
v=9_wk5nlx3pg__#1_label_B4-0-0__8.npy,B4-0-0
v=9_wk5nlx3pg__#1_label_B4-0-0__9.npy,B4-0-0
v=9hbxsGFK4I4__#1_label_B4-0-0__0.npy,B4-0-0
v=9hbxsGFK4I4__#1_label_B4-0-0__1.npy,B4-0-0
v=9hbxsGFK4I4__#1_label_B4-0-0__2.npy,B4-0-0
v=9hbxsGFK4I4__#1_label_B4-0-0__3.npy,B4-0-0
v=9hbxsGFK4I4__#1_label_B4-0-0__4.npy,B4-0-0
v=9hbxsGFK4I4__#1_label_B4-0-0__5.npy,B4-0-0
v=9hbxsGFK4I4__#1_label_B4-0-0__6.npy,B4-0-0
v=9hbxsGFK4I4__#1_label_B4-0-0__7.npy,B4-0-0
v=9hbxsGFK4I4__#1_label_B4-0-0__8.npy,B4-0-0
v=9hbxsGFK4I4__#1_label_B4-0-0__9.npy,B4-0-0
v=9zmKVlflJ1c__#1_label_B4-0-0__0.npy,B4-0-0
v=9zmKVlflJ1c__#1_label_B4-0-0__1.npy,B4-0-0
v=9zmKVlflJ1c__#1_label_B4-0-0__2.npy,B4-0-0
v=9zmKVlflJ1c__#1_label_B4-0-0__3.npy,B4-0-0
v=9zmKVlflJ1c__#1_label_B4-0-0__4.npy,B4-0-0
v=9zmKVlflJ1c__#1_label_B4-0-0__5.npy,B4-0-0
v=9zmKVlflJ1c__#1_label_B4-0-0__6.npy,B4-0-0
v=9zmKVlflJ1c__#1_label_B4-0-0__7.npy,B4-0-0
v=9zmKVlflJ1c__#1_label_B4-0-0__8.npy,B4-0-0
v=9zmKVlflJ1c__#1_label_B4-0-0__9.npy,B4-0-0
v=ADQNFs9bfFk__#00-00-58_00-01-51_label_B4-0-0__0.npy,B4-0-0
v=ADQNFs9bfFk__#00-00-58_00-01-51_label_B4-0-0__1.npy,B4-0-0
v=ADQNFs9bfFk__#00-00-58_00-01-51_label_B4-0-0__2.npy,B4-0-0
v=ADQNFs9bfFk__#00-00-58_00-01-51_label_B4-0-0__3.npy,B4-0-0
v=ADQNFs9bfFk__#00-00-58_00-01-51_label_B4-0-0__4.npy,B4-0-0
v=ADQNFs9bfFk__#00-00-58_00-01-51_label_B4-0-0__5.npy,B4-0-0
v=ADQNFs9bfFk__#00-00-58_00-01-51_label_B4-0-0__6.npy,B4-0-0
v=ADQNFs9bfFk__#00-00-58_00-01-51_label_B4-0-0__7.npy,B4-0-0
v=ADQNFs9bfFk__#00-00-58_00-01-51_label_B4-0-0__8.npy,B4-0-0
v=ADQNFs9bfFk__#00-00-58_00-01-51_label_B4-0-0__9.npy,B4-0-0
v=ADQNFs9bfFk__#00-01-51_00-03-03_label_B4-0-0__0.npy,B4-0-0
v=ADQNFs9bfFk__#00-01-51_00-03-03_label_B4-0-0__1.npy,B4-0-0
v=ADQNFs9bfFk__#00-01-51_00-03-03_label_B4-0-0__2.npy,B4-0-0
v=ADQNFs9bfFk__#00-01-51_00-03-03_label_B4-0-0__3.npy,B4-0-0
v=ADQNFs9bfFk__#00-01-51_00-03-03_label_B4-0-0__4.npy,B4-0-0
v=ADQNFs9bfFk__#00-01-51_00-03-03_label_B4-0-0__5.npy,B4-0-0
v=ADQNFs9bfFk__#00-01-51_00-03-03_label_B4-0-0__6.npy,B4-0-0
v=ADQNFs9bfFk__#00-01-51_00-03-03_label_B4-0-0__7.npy,B4-0-0
v=ADQNFs9bfFk__#00-01-51_00-03-03_label_B4-0-0__8.npy,B4-0-0
v=ADQNFs9bfFk__#00-01-51_00-03-03_label_B4-0-0__9.npy,B4-0-0
v=ADQNFs9bfFk__#00-03-03_00-04-55_label_B4-0-0__0.npy,B4-0-0
v=ADQNFs9bfFk__#00-03-03_00-04-55_label_B4-0-0__1.npy,B4-0-0
v=ADQNFs9bfFk__#00-03-03_00-04-55_label_B4-0-0__2.npy,B4-0-0
v=ADQNFs9bfFk__#00-03-03_00-04-55_label_B4-0-0__3.npy,B4-0-0
v=ADQNFs9bfFk__#00-03-03_00-04-55_label_B4-0-0__4.npy,B4-0-0
v=ADQNFs9bfFk__#00-03-03_00-04-55_label_B4-0-0__5.npy,B4-0-0
v=ADQNFs9bfFk__#00-03-03_00-04-55_label_B4-0-0__6.npy,B4-0-0
v=ADQNFs9bfFk__#00-03-03_00-04-55_label_B4-0-0__7.npy,B4-0-0
v=ADQNFs9bfFk__#00-03-03_00-04-55_label_B4-0-0__8.npy,B4-0-0
v=ADQNFs9bfFk__#00-03-03_00-04-55_label_B4-0-0__9.npy,B4-0-0
v=AF9p0YA0hyA__#00-00-00_00-00-45_label_B4-0-0__0.npy,B4-0-0
v=AF9p0YA0hyA__#00-00-00_00-00-45_label_B4-0-0__1.npy,B4-0-0
v=AF9p0YA0hyA__#00-00-00_00-00-45_label_B4-0-0__2.npy,B4-0-0
v=AF9p0YA0hyA__#00-00-00_00-00-45_label_B4-0-0__3.npy,B4-0-0
v=AF9p0YA0hyA__#00-00-00_00-00-45_label_B4-0-0__4.npy,B4-0-0
v=AF9p0YA0hyA__#00-00-00_00-00-45_label_B4-0-0__5.npy,B4-0-0
v=AF9p0YA0hyA__#00-00-00_00-00-45_label_B4-0-0__6.npy,B4-0-0
v=AF9p0YA0hyA__#00-00-00_00-00-45_label_B4-0-0__7.npy,B4-0-0
v=AF9p0YA0hyA__#00-00-00_00-00-45_label_B4-0-0__8.npy,B4-0-0
v=AF9p0YA0hyA__#00-00-00_00-00-45_label_B4-0-0__9.npy,B4-0-0
v=AF9p0YA0hyA__#00-01-44_00-03-03_label_B4-0-0__0.npy,B4-0-0
v=AF9p0YA0hyA__#00-01-44_00-03-03_label_B4-0-0__1.npy,B4-0-0
v=AF9p0YA0hyA__#00-01-44_00-03-03_label_B4-0-0__2.npy,B4-0-0
v=AF9p0YA0hyA__#00-01-44_00-03-03_label_B4-0-0__3.npy,B4-0-0
v=AF9p0YA0hyA__#00-01-44_00-03-03_label_B4-0-0__4.npy,B4-0-0
v=AF9p0YA0hyA__#00-01-44_00-03-03_label_B4-0-0__5.npy,B4-0-0
v=AF9p0YA0hyA__#00-01-44_00-03-03_label_B4-0-0__6.npy,B4-0-0
v=AF9p0YA0hyA__#00-01-44_00-03-03_label_B4-0-0__7.npy,B4-0-0
v=AF9p0YA0hyA__#00-01-44_00-03-03_label_B4-0-0__8.npy,B4-0-0
v=AF9p0YA0hyA__#00-01-44_00-03-03_label_B4-0-0__9.npy,B4-0-0
v=AF9p0YA0hyA__#00-04-20_00-06-25_label_B4-0-0__0.npy,B4-0-0
v=AF9p0YA0hyA__#00-04-20_00-06-25_label_B4-0-0__1.npy,B4-0-0
v=AF9p0YA0hyA__#00-04-20_00-06-25_label_B4-0-0__2.npy,B4-0-0
v=AF9p0YA0hyA__#00-04-20_00-06-25_label_B4-0-0__3.npy,B4-0-0
v=AF9p0YA0hyA__#00-04-20_00-06-25_label_B4-0-0__4.npy,B4-0-0
v=AF9p0YA0hyA__#00-04-20_00-06-25_label_B4-0-0__5.npy,B4-0-0
v=AF9p0YA0hyA__#00-04-20_00-06-25_label_B4-0-0__6.npy,B4-0-0
v=AF9p0YA0hyA__#00-04-20_00-06-25_label_B4-0-0__7.npy,B4-0-0
v=AF9p0YA0hyA__#00-04-20_00-06-25_label_B4-0-0__8.npy,B4-0-0
v=AF9p0YA0hyA__#00-04-20_00-06-25_label_B4-0-0__9.npy,B4-0-0
v=AhmF5p2Z7Ec__#1_label_B4-0-0__0.npy,B4-0-0
v=AhmF5p2Z7Ec__#1_label_B4-0-0__1.npy,B4-0-0
v=AhmF5p2Z7Ec__#1_label_B4-0-0__2.npy,B4-0-0
v=AhmF5p2Z7Ec__#1_label_B4-0-0__3.npy,B4-0-0
v=AhmF5p2Z7Ec__#1_label_B4-0-0__4.npy,B4-0-0
v=AhmF5p2Z7Ec__#1_label_B4-0-0__5.npy,B4-0-0
v=AhmF5p2Z7Ec__#1_label_B4-0-0__6.npy,B4-0-0
v=AhmF5p2Z7Ec__#1_label_B4-0-0__7.npy,B4-0-0
v=AhmF5p2Z7Ec__#1_label_B4-0-0__8.npy,B4-0-0
v=AhmF5p2Z7Ec__#1_label_B4-0-0__9.npy,B4-0-0
v=ArWppRtdTTQ__#1_label_B4-0-0__0.npy,B4-0-0
v=ArWppRtdTTQ__#1_label_B4-0-0__1.npy,B4-0-0
v=ArWppRtdTTQ__#1_label_B4-0-0__2.npy,B4-0-0
v=ArWppRtdTTQ__#1_label_B4-0-0__3.npy,B4-0-0
v=ArWppRtdTTQ__#1_label_B4-0-0__4.npy,B4-0-0
v=ArWppRtdTTQ__#1_label_B4-0-0__5.npy,B4-0-0
v=ArWppRtdTTQ__#1_label_B4-0-0__6.npy,B4-0-0
v=ArWppRtdTTQ__#1_label_B4-0-0__7.npy,B4-0-0
v=ArWppRtdTTQ__#1_label_B4-0-0__8.npy,B4-0-0
v=ArWppRtdTTQ__#1_label_B4-0-0__9.npy,B4-0-0
v=ArmaSAbnnAk__#1_label_B4-0-0__0.npy,B4-0-0
v=ArmaSAbnnAk__#1_label_B4-0-0__1.npy,B4-0-0
v=ArmaSAbnnAk__#1_label_B4-0-0__2.npy,B4-0-0
v=ArmaSAbnnAk__#1_label_B4-0-0__3.npy,B4-0-0
v=ArmaSAbnnAk__#1_label_B4-0-0__4.npy,B4-0-0
v=ArmaSAbnnAk__#1_label_B4-0-0__5.npy,B4-0-0
v=ArmaSAbnnAk__#1_label_B4-0-0__6.npy,B4-0-0
v=ArmaSAbnnAk__#1_label_B4-0-0__7.npy,B4-0-0
v=ArmaSAbnnAk__#1_label_B4-0-0__8.npy,B4-0-0
v=ArmaSAbnnAk__#1_label_B4-0-0__9.npy,B4-0-0
v=BXR3d22BhHs__#00-00-00_00-02-00_label_B4-0-0__0.npy,B4-0-0
v=BXR3d22BhHs__#00-00-00_00-02-00_label_B4-0-0__1.npy,B4-0-0
v=BXR3d22BhHs__#00-00-00_00-02-00_label_B4-0-0__2.npy,B4-0-0
v=BXR3d22BhHs__#00-00-00_00-02-00_label_B4-0-0__3.npy,B4-0-0
v=BXR3d22BhHs__#00-00-00_00-02-00_label_B4-0-0__4.npy,B4-0-0
v=BXR3d22BhHs__#00-00-00_00-02-00_label_B4-0-0__5.npy,B4-0-0
v=BXR3d22BhHs__#00-00-00_00-02-00_label_B4-0-0__6.npy,B4-0-0
v=BXR3d22BhHs__#00-00-00_00-02-00_label_B4-0-0__7.npy,B4-0-0
v=BXR3d22BhHs__#00-00-00_00-02-00_label_B4-0-0__8.npy,B4-0-0
v=BXR3d22BhHs__#00-00-00_00-02-00_label_B4-0-0__9.npy,B4-0-0
v=BXR3d22BhHs__#00-02-00_00-03-06_label_B4-0-0__0.npy,B4-0-0
v=BXR3d22BhHs__#00-02-00_00-03-06_label_B4-0-0__1.npy,B4-0-0
v=BXR3d22BhHs__#00-02-00_00-03-06_label_B4-0-0__2.npy,B4-0-0
v=BXR3d22BhHs__#00-02-00_00-03-06_label_B4-0-0__3.npy,B4-0-0
v=BXR3d22BhHs__#00-02-00_00-03-06_label_B4-0-0__4.npy,B4-0-0
v=BXR3d22BhHs__#00-02-00_00-03-06_label_B4-0-0__5.npy,B4-0-0
v=BXR3d22BhHs__#00-02-00_00-03-06_label_B4-0-0__6.npy,B4-0-0
v=BXR3d22BhHs__#00-02-00_00-03-06_label_B4-0-0__7.npy,B4-0-0
v=BXR3d22BhHs__#00-02-00_00-03-06_label_B4-0-0__8.npy,B4-0-0
v=BXR3d22BhHs__#00-02-00_00-03-06_label_B4-0-0__9.npy,B4-0-0
v=BXR3d22BhHs__#00-03-06_00-04-00_label_B4-0-0__0.npy,B4-0-0
v=BXR3d22BhHs__#00-03-06_00-04-00_label_B4-0-0__1.npy,B4-0-0
v=BXR3d22BhHs__#00-03-06_00-04-00_label_B4-0-0__2.npy,B4-0-0
v=BXR3d22BhHs__#00-03-06_00-04-00_label_B4-0-0__3.npy,B4-0-0
v=BXR3d22BhHs__#00-03-06_00-04-00_label_B4-0-0__4.npy,B4-0-0
v=BXR3d22BhHs__#00-03-06_00-04-00_label_B4-0-0__5.npy,B4-0-0
v=BXR3d22BhHs__#00-03-06_00-04-00_label_B4-0-0__6.npy,B4-0-0
v=BXR3d22BhHs__#00-03-06_00-04-00_label_B4-0-0__7.npy,B4-0-0
v=BXR3d22BhHs__#00-03-06_00-04-00_label_B4-0-0__8.npy,B4-0-0
v=BXR3d22BhHs__#00-03-06_00-04-00_label_B4-0-0__9.npy,B4-0-0
v=BXR3d22BhHs__#00-04-00_00-06-00_label_B4-0-0__0.npy,B4-0-0
v=BXR3d22BhHs__#00-04-00_00-06-00_label_B4-0-0__1.npy,B4-0-0
v=BXR3d22BhHs__#00-04-00_00-06-00_label_B4-0-0__2.npy,B4-0-0
v=BXR3d22BhHs__#00-04-00_00-06-00_label_B4-0-0__3.npy,B4-0-0
v=BXR3d22BhHs__#00-04-00_00-06-00_label_B4-0-0__4.npy,B4-0-0
v=BXR3d22BhHs__#00-04-00_00-06-00_label_B4-0-0__5.npy,B4-0-0
v=BXR3d22BhHs__#00-04-00_00-06-00_label_B4-0-0__6.npy,B4-0-0
v=BXR3d22BhHs__#00-04-00_00-06-00_label_B4-0-0__7.npy,B4-0-0
v=BXR3d22BhHs__#00-04-00_00-06-00_label_B4-0-0__8.npy,B4-0-0
v=BXR3d22BhHs__#00-04-00_00-06-00_label_B4-0-0__9.npy,B4-0-0
v=BXR3d22BhHs__#00-08-00_00-10-00_label_B4-0-0__0.npy,B4-0-0
v=BXR3d22BhHs__#00-08-00_00-10-00_label_B4-0-0__1.npy,B4-0-0
v=BXR3d22BhHs__#00-08-00_00-10-00_label_B4-0-0__2.npy,B4-0-0
v=BXR3d22BhHs__#00-08-00_00-10-00_label_B4-0-0__3.npy,B4-0-0
v=BXR3d22BhHs__#00-08-00_00-10-00_label_B4-0-0__4.npy,B4-0-0
v=BXR3d22BhHs__#00-08-00_00-10-00_label_B4-0-0__5.npy,B4-0-0
v=BXR3d22BhHs__#00-08-00_00-10-00_label_B4-0-0__6.npy,B4-0-0
v=BXR3d22BhHs__#00-08-00_00-10-00_label_B4-0-0__7.npy,B4-0-0
v=BXR3d22BhHs__#00-08-00_00-10-00_label_B4-0-0__8.npy,B4-0-0
v=BXR3d22BhHs__#00-08-00_00-10-00_label_B4-0-0__9.npy,B4-0-0
v=BXR3d22BhHs__#00-10-00_00-12-00_label_B4-0-0__0.npy,B4-0-0
v=BXR3d22BhHs__#00-10-00_00-12-00_label_B4-0-0__1.npy,B4-0-0
v=BXR3d22BhHs__#00-10-00_00-12-00_label_B4-0-0__2.npy,B4-0-0
v=BXR3d22BhHs__#00-10-00_00-12-00_label_B4-0-0__3.npy,B4-0-0
v=BXR3d22BhHs__#00-10-00_00-12-00_label_B4-0-0__4.npy,B4-0-0
v=BXR3d22BhHs__#00-10-00_00-12-00_label_B4-0-0__5.npy,B4-0-0
v=BXR3d22BhHs__#00-10-00_00-12-00_label_B4-0-0__6.npy,B4-0-0
v=BXR3d22BhHs__#00-10-00_00-12-00_label_B4-0-0__7.npy,B4-0-0
v=BXR3d22BhHs__#00-10-00_00-12-00_label_B4-0-0__8.npy,B4-0-0
v=BXR3d22BhHs__#00-10-00_00-12-00_label_B4-0-0__9.npy,B4-0-0
v=BXR3d22BhHs__#00-12-00_00-13-50_label_B4-0-0__0.npy,B4-0-0
v=BXR3d22BhHs__#00-12-00_00-13-50_label_B4-0-0__1.npy,B4-0-0
v=BXR3d22BhHs__#00-12-00_00-13-50_label_B4-0-0__2.npy,B4-0-0
v=BXR3d22BhHs__#00-12-00_00-13-50_label_B4-0-0__3.npy,B4-0-0
v=BXR3d22BhHs__#00-12-00_00-13-50_label_B4-0-0__4.npy,B4-0-0
v=BXR3d22BhHs__#00-12-00_00-13-50_label_B4-0-0__5.npy,B4-0-0
v=BXR3d22BhHs__#00-12-00_00-13-50_label_B4-0-0__6.npy,B4-0-0
v=BXR3d22BhHs__#00-12-00_00-13-50_label_B4-0-0__7.npy,B4-0-0
v=BXR3d22BhHs__#00-12-00_00-13-50_label_B4-0-0__8.npy,B4-0-0
v=BXR3d22BhHs__#00-12-00_00-13-50_label_B4-0-0__9.npy,B4-0-0
v=Bpg0UfpuUAs__#1_label_B4-0-0__0.npy,B4-0-0
v=Bpg0UfpuUAs__#1_label_B4-0-0__1.npy,B4-0-0
v=Bpg0UfpuUAs__#1_label_B4-0-0__2.npy,B4-0-0
v=Bpg0UfpuUAs__#1_label_B4-0-0__3.npy,B4-0-0
v=Bpg0UfpuUAs__#1_label_B4-0-0__4.npy,B4-0-0
v=Bpg0UfpuUAs__#1_label_B4-0-0__5.npy,B4-0-0
v=Bpg0UfpuUAs__#1_label_B4-0-0__6.npy,B4-0-0
v=Bpg0UfpuUAs__#1_label_B4-0-0__7.npy,B4-0-0
v=Bpg0UfpuUAs__#1_label_B4-0-0__8.npy,B4-0-0
v=Bpg0UfpuUAs__#1_label_B4-0-0__9.npy,B4-0-0
v=BpwNn29rpo0__#1_label_B4-0-0__0.npy,B4-0-0
v=BpwNn29rpo0__#1_label_B4-0-0__1.npy,B4-0-0
v=BpwNn29rpo0__#1_label_B4-0-0__2.npy,B4-0-0
v=BpwNn29rpo0__#1_label_B4-0-0__3.npy,B4-0-0
v=BpwNn29rpo0__#1_label_B4-0-0__4.npy,B4-0-0
v=BpwNn29rpo0__#1_label_B4-0-0__5.npy,B4-0-0
v=BpwNn29rpo0__#1_label_B4-0-0__6.npy,B4-0-0
v=BpwNn29rpo0__#1_label_B4-0-0__7.npy,B4-0-0
v=BpwNn29rpo0__#1_label_B4-0-0__8.npy,B4-0-0
v=BpwNn29rpo0__#1_label_B4-0-0__9.npy,B4-0-0
v=BzdfTtOPVnA__#1_label_B4-0-0__0.npy,B4-0-0
v=BzdfTtOPVnA__#1_label_B4-0-0__1.npy,B4-0-0
v=BzdfTtOPVnA__#1_label_B4-0-0__2.npy,B4-0-0
v=BzdfTtOPVnA__#1_label_B4-0-0__3.npy,B4-0-0
v=BzdfTtOPVnA__#1_label_B4-0-0__4.npy,B4-0-0
v=BzdfTtOPVnA__#1_label_B4-0-0__5.npy,B4-0-0
v=BzdfTtOPVnA__#1_label_B4-0-0__6.npy,B4-0-0
v=BzdfTtOPVnA__#1_label_B4-0-0__7.npy,B4-0-0
v=BzdfTtOPVnA__#1_label_B4-0-0__8.npy,B4-0-0
v=BzdfTtOPVnA__#1_label_B4-0-0__9.npy,B4-0-0
v=C8-ufLan6B8__#1_label_B4-0-0__0.npy,B4-0-0
v=C8-ufLan6B8__#1_label_B4-0-0__1.npy,B4-0-0
v=C8-ufLan6B8__#1_label_B4-0-0__2.npy,B4-0-0
v=C8-ufLan6B8__#1_label_B4-0-0__3.npy,B4-0-0
v=C8-ufLan6B8__#1_label_B4-0-0__4.npy,B4-0-0
v=C8-ufLan6B8__#1_label_B4-0-0__5.npy,B4-0-0
v=C8-ufLan6B8__#1_label_B4-0-0__6.npy,B4-0-0
v=C8-ufLan6B8__#1_label_B4-0-0__7.npy,B4-0-0
v=C8-ufLan6B8__#1_label_B4-0-0__8.npy,B4-0-0
v=C8-ufLan6B8__#1_label_B4-0-0__9.npy,B4-0-0
v=CDcRpCHfRgs__#1_label_B4-0-0__0.npy,B4-0-0
v=CDcRpCHfRgs__#1_label_B4-0-0__1.npy,B4-0-0
v=CDcRpCHfRgs__#1_label_B4-0-0__2.npy,B4-0-0
v=CDcRpCHfRgs__#1_label_B4-0-0__3.npy,B4-0-0
v=CDcRpCHfRgs__#1_label_B4-0-0__4.npy,B4-0-0
v=CDcRpCHfRgs__#1_label_B4-0-0__5.npy,B4-0-0
v=CDcRpCHfRgs__#1_label_B4-0-0__6.npy,B4-0-0
v=CDcRpCHfRgs__#1_label_B4-0-0__7.npy,B4-0-0
v=CDcRpCHfRgs__#1_label_B4-0-0__8.npy,B4-0-0
v=CDcRpCHfRgs__#1_label_B4-0-0__9.npy,B4-0-0
v=CFfc4UWzVB8__#00-00-30_00-03-39_label_B4-0-0__0.npy,B4-0-0
v=CFfc4UWzVB8__#00-00-30_00-03-39_label_B4-0-0__1.npy,B4-0-0
v=CFfc4UWzVB8__#00-00-30_00-03-39_label_B4-0-0__2.npy,B4-0-0
v=CFfc4UWzVB8__#00-00-30_00-03-39_label_B4-0-0__3.npy,B4-0-0
v=CFfc4UWzVB8__#00-00-30_00-03-39_label_B4-0-0__4.npy,B4-0-0
v=CFfc4UWzVB8__#00-00-30_00-03-39_label_B4-0-0__5.npy,B4-0-0
v=CFfc4UWzVB8__#00-00-30_00-03-39_label_B4-0-0__6.npy,B4-0-0
v=CFfc4UWzVB8__#00-00-30_00-03-39_label_B4-0-0__7.npy,B4-0-0
v=CFfc4UWzVB8__#00-00-30_00-03-39_label_B4-0-0__8.npy,B4-0-0
v=CFfc4UWzVB8__#00-00-30_00-03-39_label_B4-0-0__9.npy,B4-0-0
v=CFfc4UWzVB8__#00-03-39_00-05-44_label_B4-0-0__0.npy,B4-0-0
v=CFfc4UWzVB8__#00-03-39_00-05-44_label_B4-0-0__1.npy,B4-0-0
v=CFfc4UWzVB8__#00-03-39_00-05-44_label_B4-0-0__2.npy,B4-0-0
v=CFfc4UWzVB8__#00-03-39_00-05-44_label_B4-0-0__3.npy,B4-0-0
v=CFfc4UWzVB8__#00-03-39_00-05-44_label_B4-0-0__4.npy,B4-0-0
v=CFfc4UWzVB8__#00-03-39_00-05-44_label_B4-0-0__5.npy,B4-0-0
v=CFfc4UWzVB8__#00-03-39_00-05-44_label_B4-0-0__6.npy,B4-0-0
v=CFfc4UWzVB8__#00-03-39_00-05-44_label_B4-0-0__7.npy,B4-0-0
v=CFfc4UWzVB8__#00-03-39_00-05-44_label_B4-0-0__8.npy,B4-0-0
v=CFfc4UWzVB8__#00-03-39_00-05-44_label_B4-0-0__9.npy,B4-0-0
v=CaoDCPDrQ18__#1_label_B4-0-0__0.npy,B4-0-0
v=CaoDCPDrQ18__#1_label_B4-0-0__1.npy,B4-0-0
v=CaoDCPDrQ18__#1_label_B4-0-0__2.npy,B4-0-0
v=CaoDCPDrQ18__#1_label_B4-0-0__3.npy,B4-0-0
v=CaoDCPDrQ18__#1_label_B4-0-0__4.npy,B4-0-0
v=CaoDCPDrQ18__#1_label_B4-0-0__5.npy,B4-0-0
v=CaoDCPDrQ18__#1_label_B4-0-0__6.npy,B4-0-0
v=CaoDCPDrQ18__#1_label_B4-0-0__7.npy,B4-0-0
v=CaoDCPDrQ18__#1_label_B4-0-0__8.npy,B4-0-0
v=CaoDCPDrQ18__#1_label_B4-0-0__9.npy,B4-0-0
v=CfBsOsymicI__#1_label_B4-0-0__0.npy,B4-0-0
v=CfBsOsymicI__#1_label_B4-0-0__1.npy,B4-0-0
v=CfBsOsymicI__#1_label_B4-0-0__2.npy,B4-0-0
v=CfBsOsymicI__#1_label_B4-0-0__3.npy,B4-0-0
v=CfBsOsymicI__#1_label_B4-0-0__4.npy,B4-0-0
v=CfBsOsymicI__#1_label_B4-0-0__5.npy,B4-0-0
v=CfBsOsymicI__#1_label_B4-0-0__6.npy,B4-0-0
v=CfBsOsymicI__#1_label_B4-0-0__7.npy,B4-0-0
v=CfBsOsymicI__#1_label_B4-0-0__8.npy,B4-0-0
v=CfBsOsymicI__#1_label_B4-0-0__9.npy,B4-0-0
v=CoYFjryuFjs__#1_label_B4-0-0__0.npy,B4-0-0
v=CoYFjryuFjs__#1_label_B4-0-0__1.npy,B4-0-0
v=CoYFjryuFjs__#1_label_B4-0-0__2.npy,B4-0-0
v=CoYFjryuFjs__#1_label_B4-0-0__3.npy,B4-0-0
v=CoYFjryuFjs__#1_label_B4-0-0__4.npy,B4-0-0
v=CoYFjryuFjs__#1_label_B4-0-0__5.npy,B4-0-0
v=CoYFjryuFjs__#1_label_B4-0-0__6.npy,B4-0-0
v=CoYFjryuFjs__#1_label_B4-0-0__7.npy,B4-0-0
v=CoYFjryuFjs__#1_label_B4-0-0__8.npy,B4-0-0
v=CoYFjryuFjs__#1_label_B4-0-0__9.npy,B4-0-0
v=CoxsDkB-rWU__#00-00-00_00-01-20_label_B4-0-0__0.npy,B4-0-0
v=CoxsDkB-rWU__#00-00-00_00-01-20_label_B4-0-0__1.npy,B4-0-0
v=CoxsDkB-rWU__#00-00-00_00-01-20_label_B4-0-0__2.npy,B4-0-0
v=CoxsDkB-rWU__#00-00-00_00-01-20_label_B4-0-0__3.npy,B4-0-0
v=CoxsDkB-rWU__#00-00-00_00-01-20_label_B4-0-0__4.npy,B4-0-0
v=CoxsDkB-rWU__#00-00-00_00-01-20_label_B4-0-0__5.npy,B4-0-0
v=CoxsDkB-rWU__#00-00-00_00-01-20_label_B4-0-0__6.npy,B4-0-0
v=CoxsDkB-rWU__#00-00-00_00-01-20_label_B4-0-0__7.npy,B4-0-0
v=CoxsDkB-rWU__#00-00-00_00-01-20_label_B4-0-0__8.npy,B4-0-0
v=CoxsDkB-rWU__#00-00-00_00-01-20_label_B4-0-0__9.npy,B4-0-0
v=CoxsDkB-rWU__#00-01-20_00-07-06_label_B4-0-0__0.npy,B4-0-0
v=CoxsDkB-rWU__#00-01-20_00-07-06_label_B4-0-0__1.npy,B4-0-0
v=CoxsDkB-rWU__#00-01-20_00-07-06_label_B4-0-0__2.npy,B4-0-0
v=CoxsDkB-rWU__#00-01-20_00-07-06_label_B4-0-0__3.npy,B4-0-0
v=CoxsDkB-rWU__#00-01-20_00-07-06_label_B4-0-0__4.npy,B4-0-0
v=CoxsDkB-rWU__#00-01-20_00-07-06_label_B4-0-0__5.npy,B4-0-0
v=CoxsDkB-rWU__#00-01-20_00-07-06_label_B4-0-0__6.npy,B4-0-0
v=CoxsDkB-rWU__#00-01-20_00-07-06_label_B4-0-0__7.npy,B4-0-0
v=CoxsDkB-rWU__#00-01-20_00-07-06_label_B4-0-0__8.npy,B4-0-0
v=CoxsDkB-rWU__#00-01-20_00-07-06_label_B4-0-0__9.npy,B4-0-0
v=CoxsDkB-rWU__#00-10-30_00-14-50_label_B4-0-0__0.npy,B4-0-0
v=CoxsDkB-rWU__#00-10-30_00-14-50_label_B4-0-0__1.npy,B4-0-0
v=CoxsDkB-rWU__#00-10-30_00-14-50_label_B4-0-0__2.npy,B4-0-0
v=CoxsDkB-rWU__#00-10-30_00-14-50_label_B4-0-0__3.npy,B4-0-0
v=CoxsDkB-rWU__#00-10-30_00-14-50_label_B4-0-0__4.npy,B4-0-0
v=CoxsDkB-rWU__#00-10-30_00-14-50_label_B4-0-0__5.npy,B4-0-0
v=CoxsDkB-rWU__#00-10-30_00-14-50_label_B4-0-0__6.npy,B4-0-0
v=CoxsDkB-rWU__#00-10-30_00-14-50_label_B4-0-0__7.npy,B4-0-0
v=CoxsDkB-rWU__#00-10-30_00-14-50_label_B4-0-0__8.npy,B4-0-0
v=CoxsDkB-rWU__#00-10-30_00-14-50_label_B4-0-0__9.npy,B4-0-0
v=CvLPZjcxvCI__#1_label_B4-0-0__0.npy,B4-0-0
v=CvLPZjcxvCI__#1_label_B4-0-0__1.npy,B4-0-0
v=CvLPZjcxvCI__#1_label_B4-0-0__2.npy,B4-0-0
v=CvLPZjcxvCI__#1_label_B4-0-0__3.npy,B4-0-0
v=CvLPZjcxvCI__#1_label_B4-0-0__4.npy,B4-0-0
v=CvLPZjcxvCI__#1_label_B4-0-0__5.npy,B4-0-0
v=CvLPZjcxvCI__#1_label_B4-0-0__6.npy,B4-0-0
v=CvLPZjcxvCI__#1_label_B4-0-0__7.npy,B4-0-0
v=CvLPZjcxvCI__#1_label_B4-0-0__8.npy,B4-0-0
v=CvLPZjcxvCI__#1_label_B4-0-0__9.npy,B4-0-0
v=D8MZwMzs9rA__#1_label_B4-0-0__0.npy,B4-0-0
v=D8MZwMzs9rA__#1_label_B4-0-0__1.npy,B4-0-0
v=D8MZwMzs9rA__#1_label_B4-0-0__2.npy,B4-0-0
v=D8MZwMzs9rA__#1_label_B4-0-0__3.npy,B4-0-0
v=D8MZwMzs9rA__#1_label_B4-0-0__4.npy,B4-0-0
v=D8MZwMzs9rA__#1_label_B4-0-0__5.npy,B4-0-0
v=D8MZwMzs9rA__#1_label_B4-0-0__6.npy,B4-0-0
v=D8MZwMzs9rA__#1_label_B4-0-0__7.npy,B4-0-0
v=D8MZwMzs9rA__#1_label_B4-0-0__8.npy,B4-0-0
v=D8MZwMzs9rA__#1_label_B4-0-0__9.npy,B4-0-0
v=D9GCQHpZHtI__#1_label_B4-0-0__0.npy,B4-0-0
v=D9GCQHpZHtI__#1_label_B4-0-0__1.npy,B4-0-0
v=D9GCQHpZHtI__#1_label_B4-0-0__2.npy,B4-0-0
v=D9GCQHpZHtI__#1_label_B4-0-0__3.npy,B4-0-0
v=D9GCQHpZHtI__#1_label_B4-0-0__4.npy,B4-0-0
v=D9GCQHpZHtI__#1_label_B4-0-0__5.npy,B4-0-0
v=D9GCQHpZHtI__#1_label_B4-0-0__6.npy,B4-0-0
v=D9GCQHpZHtI__#1_label_B4-0-0__7.npy,B4-0-0
v=D9GCQHpZHtI__#1_label_B4-0-0__8.npy,B4-0-0
v=D9GCQHpZHtI__#1_label_B4-0-0__9.npy,B4-0-0
v=DD3jfKr8e-k__#00-01-40_00-04-27_label_B4-0-0__0.npy,B4-0-0
v=DD3jfKr8e-k__#00-01-40_00-04-27_label_B4-0-0__1.npy,B4-0-0
v=DD3jfKr8e-k__#00-01-40_00-04-27_label_B4-0-0__2.npy,B4-0-0
v=DD3jfKr8e-k__#00-01-40_00-04-27_label_B4-0-0__3.npy,B4-0-0
v=DD3jfKr8e-k__#00-01-40_00-04-27_label_B4-0-0__4.npy,B4-0-0
v=DD3jfKr8e-k__#00-01-40_00-04-27_label_B4-0-0__5.npy,B4-0-0
v=DD3jfKr8e-k__#00-01-40_00-04-27_label_B4-0-0__6.npy,B4-0-0
v=DD3jfKr8e-k__#00-01-40_00-04-27_label_B4-0-0__7.npy,B4-0-0
v=DD3jfKr8e-k__#00-01-40_00-04-27_label_B4-0-0__8.npy,B4-0-0
v=DD3jfKr8e-k__#00-01-40_00-04-27_label_B4-0-0__9.npy,B4-0-0
v=DD3jfKr8e-k__#00-04-27_00-07-08_label_B4-0-0__0.npy,B4-0-0
v=DD3jfKr8e-k__#00-04-27_00-07-08_label_B4-0-0__1.npy,B4-0-0
v=DD3jfKr8e-k__#00-04-27_00-07-08_label_B4-0-0__2.npy,B4-0-0
v=DD3jfKr8e-k__#00-04-27_00-07-08_label_B4-0-0__3.npy,B4-0-0
v=DD3jfKr8e-k__#00-04-27_00-07-08_label_B4-0-0__4.npy,B4-0-0
v=DD3jfKr8e-k__#00-04-27_00-07-08_label_B4-0-0__5.npy,B4-0-0
v=DD3jfKr8e-k__#00-04-27_00-07-08_label_B4-0-0__6.npy,B4-0-0
v=DD3jfKr8e-k__#00-04-27_00-07-08_label_B4-0-0__7.npy,B4-0-0
v=DD3jfKr8e-k__#00-04-27_00-07-08_label_B4-0-0__8.npy,B4-0-0
v=DD3jfKr8e-k__#00-04-27_00-07-08_label_B4-0-0__9.npy,B4-0-0
v=DJ5o69v-oY8__#1_label_B4-0-0__0.npy,B4-0-0
v=DJ5o69v-oY8__#1_label_B4-0-0__1.npy,B4-0-0
v=DJ5o69v-oY8__#1_label_B4-0-0__2.npy,B4-0-0
v=DJ5o69v-oY8__#1_label_B4-0-0__3.npy,B4-0-0
v=DJ5o69v-oY8__#1_label_B4-0-0__4.npy,B4-0-0
v=DJ5o69v-oY8__#1_label_B4-0-0__5.npy,B4-0-0
v=DJ5o69v-oY8__#1_label_B4-0-0__6.npy,B4-0-0
v=DJ5o69v-oY8__#1_label_B4-0-0__7.npy,B4-0-0
v=DJ5o69v-oY8__#1_label_B4-0-0__8.npy,B4-0-0
v=DJ5o69v-oY8__#1_label_B4-0-0__9.npy,B4-0-0
v=Dh-3BlhAOnE__#00-13-36_00-15-20_label_B4-0-0__0.npy,B4-0-0
v=Dh-3BlhAOnE__#00-13-36_00-15-20_label_B4-0-0__1.npy,B4-0-0
v=Dh-3BlhAOnE__#00-13-36_00-15-20_label_B4-0-0__2.npy,B4-0-0
v=Dh-3BlhAOnE__#00-13-36_00-15-20_label_B4-0-0__3.npy,B4-0-0
v=Dh-3BlhAOnE__#00-13-36_00-15-20_label_B4-0-0__4.npy,B4-0-0
v=Dh-3BlhAOnE__#00-13-36_00-15-20_label_B4-0-0__5.npy,B4-0-0
v=Dh-3BlhAOnE__#00-13-36_00-15-20_label_B4-0-0__6.npy,B4-0-0
v=Dh-3BlhAOnE__#00-13-36_00-15-20_label_B4-0-0__7.npy,B4-0-0
v=Dh-3BlhAOnE__#00-13-36_00-15-20_label_B4-0-0__8.npy,B4-0-0
v=Dh-3BlhAOnE__#00-13-36_00-15-20_label_B4-0-0__9.npy,B4-0-0
v=EkzP5Sf3x40__#1_label_B4-0-0__0.npy,B4-0-0
v=EkzP5Sf3x40__#1_label_B4-0-0__1.npy,B4-0-0
v=EkzP5Sf3x40__#1_label_B4-0-0__2.npy,B4-0-0
v=EkzP5Sf3x40__#1_label_B4-0-0__3.npy,B4-0-0
v=EkzP5Sf3x40__#1_label_B4-0-0__4.npy,B4-0-0
v=EkzP5Sf3x40__#1_label_B4-0-0__5.npy,B4-0-0
v=EkzP5Sf3x40__#1_label_B4-0-0__6.npy,B4-0-0
v=EkzP5Sf3x40__#1_label_B4-0-0__7.npy,B4-0-0
v=EkzP5Sf3x40__#1_label_B4-0-0__8.npy,B4-0-0
v=EkzP5Sf3x40__#1_label_B4-0-0__9.npy,B4-0-0
v=F1ZSPzNiyNE__#1_label_B4-0-0__0.npy,B4-0-0
v=F1ZSPzNiyNE__#1_label_B4-0-0__1.npy,B4-0-0
v=F1ZSPzNiyNE__#1_label_B4-0-0__2.npy,B4-0-0
v=F1ZSPzNiyNE__#1_label_B4-0-0__3.npy,B4-0-0
v=F1ZSPzNiyNE__#1_label_B4-0-0__4.npy,B4-0-0
v=F1ZSPzNiyNE__#1_label_B4-0-0__5.npy,B4-0-0
v=F1ZSPzNiyNE__#1_label_B4-0-0__6.npy,B4-0-0
v=F1ZSPzNiyNE__#1_label_B4-0-0__7.npy,B4-0-0
v=F1ZSPzNiyNE__#1_label_B4-0-0__8.npy,B4-0-0
v=F1ZSPzNiyNE__#1_label_B4-0-0__9.npy,B4-0-0
v=F3weyKD1nlQ__#1_label_B4-0-0__0.npy,B4-0-0
v=F3weyKD1nlQ__#1_label_B4-0-0__1.npy,B4-0-0
v=F3weyKD1nlQ__#1_label_B4-0-0__2.npy,B4-0-0
v=F3weyKD1nlQ__#1_label_B4-0-0__3.npy,B4-0-0
v=F3weyKD1nlQ__#1_label_B4-0-0__4.npy,B4-0-0
v=F3weyKD1nlQ__#1_label_B4-0-0__5.npy,B4-0-0
v=F3weyKD1nlQ__#1_label_B4-0-0__6.npy,B4-0-0
v=F3weyKD1nlQ__#1_label_B4-0-0__7.npy,B4-0-0
v=F3weyKD1nlQ__#1_label_B4-0-0__8.npy,B4-0-0
v=F3weyKD1nlQ__#1_label_B4-0-0__9.npy,B4-0-0
v=FAZdUTI2xBI__#1_label_B4-0-0__0.npy,B4-0-0
v=FAZdUTI2xBI__#1_label_B4-0-0__1.npy,B4-0-0
v=FAZdUTI2xBI__#1_label_B4-0-0__2.npy,B4-0-0
v=FAZdUTI2xBI__#1_label_B4-0-0__3.npy,B4-0-0
v=FAZdUTI2xBI__#1_label_B4-0-0__4.npy,B4-0-0
v=FAZdUTI2xBI__#1_label_B4-0-0__5.npy,B4-0-0
v=FAZdUTI2xBI__#1_label_B4-0-0__6.npy,B4-0-0
v=FAZdUTI2xBI__#1_label_B4-0-0__7.npy,B4-0-0
v=FAZdUTI2xBI__#1_label_B4-0-0__8.npy,B4-0-0
v=FAZdUTI2xBI__#1_label_B4-0-0__9.npy,B4-0-0
v=FMsqgy1euFM__#1_label_B4-0-0__0.npy,B4-0-0
v=FMsqgy1euFM__#1_label_B4-0-0__1.npy,B4-0-0
v=FMsqgy1euFM__#1_label_B4-0-0__2.npy,B4-0-0
v=FMsqgy1euFM__#1_label_B4-0-0__3.npy,B4-0-0
v=FMsqgy1euFM__#1_label_B4-0-0__4.npy,B4-0-0
v=FMsqgy1euFM__#1_label_B4-0-0__5.npy,B4-0-0
v=FMsqgy1euFM__#1_label_B4-0-0__6.npy,B4-0-0
v=FMsqgy1euFM__#1_label_B4-0-0__7.npy,B4-0-0
v=FMsqgy1euFM__#1_label_B4-0-0__8.npy,B4-0-0
v=FMsqgy1euFM__#1_label_B4-0-0__9.npy,B4-0-0
v=FRj2K0ulD8Q__#00-00-57_00-02-06_label_B4-0-0__0.npy,B4-0-0
v=FRj2K0ulD8Q__#00-00-57_00-02-06_label_B4-0-0__1.npy,B4-0-0
v=FRj2K0ulD8Q__#00-00-57_00-02-06_label_B4-0-0__2.npy,B4-0-0
v=FRj2K0ulD8Q__#00-00-57_00-02-06_label_B4-0-0__3.npy,B4-0-0
v=FRj2K0ulD8Q__#00-00-57_00-02-06_label_B4-0-0__4.npy,B4-0-0
v=FRj2K0ulD8Q__#00-00-57_00-02-06_label_B4-0-0__5.npy,B4-0-0
v=FRj2K0ulD8Q__#00-00-57_00-02-06_label_B4-0-0__6.npy,B4-0-0
v=FRj2K0ulD8Q__#00-00-57_00-02-06_label_B4-0-0__7.npy,B4-0-0
v=FRj2K0ulD8Q__#00-00-57_00-02-06_label_B4-0-0__8.npy,B4-0-0
v=FRj2K0ulD8Q__#00-00-57_00-02-06_label_B4-0-0__9.npy,B4-0-0
v=FRj2K0ulD8Q__#00-02-06_00-04-16_label_B4-0-0__0.npy,B4-0-0
v=FRj2K0ulD8Q__#00-02-06_00-04-16_label_B4-0-0__1.npy,B4-0-0
v=FRj2K0ulD8Q__#00-02-06_00-04-16_label_B4-0-0__2.npy,B4-0-0
v=FRj2K0ulD8Q__#00-02-06_00-04-16_label_B4-0-0__3.npy,B4-0-0
v=FRj2K0ulD8Q__#00-02-06_00-04-16_label_B4-0-0__4.npy,B4-0-0
v=FRj2K0ulD8Q__#00-02-06_00-04-16_label_B4-0-0__5.npy,B4-0-0
v=FRj2K0ulD8Q__#00-02-06_00-04-16_label_B4-0-0__6.npy,B4-0-0
v=FRj2K0ulD8Q__#00-02-06_00-04-16_label_B4-0-0__7.npy,B4-0-0
v=FRj2K0ulD8Q__#00-02-06_00-04-16_label_B4-0-0__8.npy,B4-0-0
v=FRj2K0ulD8Q__#00-02-06_00-04-16_label_B4-0-0__9.npy,B4-0-0
v=FdA-ojxyKLU__#1_label_B4-0-0__0.npy,B4-0-0
v=FdA-ojxyKLU__#1_label_B4-0-0__1.npy,B4-0-0
v=FdA-ojxyKLU__#1_label_B4-0-0__2.npy,B4-0-0
v=FdA-ojxyKLU__#1_label_B4-0-0__3.npy,B4-0-0
v=FdA-ojxyKLU__#1_label_B4-0-0__4.npy,B4-0-0
v=FdA-ojxyKLU__#1_label_B4-0-0__5.npy,B4-0-0
v=FdA-ojxyKLU__#1_label_B4-0-0__6.npy,B4-0-0
v=FdA-ojxyKLU__#1_label_B4-0-0__7.npy,B4-0-0
v=FdA-ojxyKLU__#1_label_B4-0-0__8.npy,B4-0-0
v=FdA-ojxyKLU__#1_label_B4-0-0__9.npy,B4-0-0
v=FzMOkrfv0uQ__#1_label_B4-0-0__0.npy,B4-0-0
v=FzMOkrfv0uQ__#1_label_B4-0-0__1.npy,B4-0-0
v=FzMOkrfv0uQ__#1_label_B4-0-0__2.npy,B4-0-0
v=FzMOkrfv0uQ__#1_label_B4-0-0__3.npy,B4-0-0
v=FzMOkrfv0uQ__#1_label_B4-0-0__4.npy,B4-0-0
v=FzMOkrfv0uQ__#1_label_B4-0-0__5.npy,B4-0-0
v=FzMOkrfv0uQ__#1_label_B4-0-0__6.npy,B4-0-0
v=FzMOkrfv0uQ__#1_label_B4-0-0__7.npy,B4-0-0
v=FzMOkrfv0uQ__#1_label_B4-0-0__8.npy,B4-0-0
v=FzMOkrfv0uQ__#1_label_B4-0-0__9.npy,B4-0-0
v=GeQ5tcbDabk__#1_label_B4-0-0__0.npy,B4-0-0
v=GeQ5tcbDabk__#1_label_B4-0-0__1.npy,B4-0-0
v=GeQ5tcbDabk__#1_label_B4-0-0__2.npy,B4-0-0
v=GeQ5tcbDabk__#1_label_B4-0-0__3.npy,B4-0-0
v=GeQ5tcbDabk__#1_label_B4-0-0__4.npy,B4-0-0
v=GeQ5tcbDabk__#1_label_B4-0-0__5.npy,B4-0-0
v=GeQ5tcbDabk__#1_label_B4-0-0__6.npy,B4-0-0
v=GeQ5tcbDabk__#1_label_B4-0-0__7.npy,B4-0-0
v=GeQ5tcbDabk__#1_label_B4-0-0__8.npy,B4-0-0
v=GeQ5tcbDabk__#1_label_B4-0-0__9.npy,B4-0-0
v=GmN002rn6qY__#1_label_B4-0-0__0.npy,B4-0-0
v=GmN002rn6qY__#1_label_B4-0-0__1.npy,B4-0-0
v=GmN002rn6qY__#1_label_B4-0-0__2.npy,B4-0-0
v=GmN002rn6qY__#1_label_B4-0-0__3.npy,B4-0-0
v=GmN002rn6qY__#1_label_B4-0-0__4.npy,B4-0-0
v=GmN002rn6qY__#1_label_B4-0-0__5.npy,B4-0-0
v=GmN002rn6qY__#1_label_B4-0-0__6.npy,B4-0-0
v=GmN002rn6qY__#1_label_B4-0-0__7.npy,B4-0-0
v=GmN002rn6qY__#1_label_B4-0-0__8.npy,B4-0-0
v=GmN002rn6qY__#1_label_B4-0-0__9.npy,B4-0-0
v=H9Hta84rfGw__#1_label_B4-0-0__0.npy,B4-0-0
v=H9Hta84rfGw__#1_label_B4-0-0__1.npy,B4-0-0
v=H9Hta84rfGw__#1_label_B4-0-0__2.npy,B4-0-0
v=H9Hta84rfGw__#1_label_B4-0-0__3.npy,B4-0-0
v=H9Hta84rfGw__#1_label_B4-0-0__4.npy,B4-0-0
v=H9Hta84rfGw__#1_label_B4-0-0__5.npy,B4-0-0
v=H9Hta84rfGw__#1_label_B4-0-0__6.npy,B4-0-0
v=H9Hta84rfGw__#1_label_B4-0-0__7.npy,B4-0-0
v=H9Hta84rfGw__#1_label_B4-0-0__8.npy,B4-0-0
v=H9Hta84rfGw__#1_label_B4-0-0__9.npy,B4-0-0
v=HECMVdl-9SQ__#1_label_B4-0-0__0.npy,B4-0-0
v=HECMVdl-9SQ__#1_label_B4-0-0__1.npy,B4-0-0
v=HECMVdl-9SQ__#1_label_B4-0-0__2.npy,B4-0-0
v=HECMVdl-9SQ__#1_label_B4-0-0__3.npy,B4-0-0
v=HECMVdl-9SQ__#1_label_B4-0-0__4.npy,B4-0-0
v=HECMVdl-9SQ__#1_label_B4-0-0__5.npy,B4-0-0
v=HECMVdl-9SQ__#1_label_B4-0-0__6.npy,B4-0-0
v=HECMVdl-9SQ__#1_label_B4-0-0__7.npy,B4-0-0
v=HECMVdl-9SQ__#1_label_B4-0-0__8.npy,B4-0-0
v=HECMVdl-9SQ__#1_label_B4-0-0__9.npy,B4-0-0
v=HFDTrWLsGEE__#1_label_B4-0-0__0.npy,B4-0-0
v=HFDTrWLsGEE__#1_label_B4-0-0__1.npy,B4-0-0
v=HFDTrWLsGEE__#1_label_B4-0-0__2.npy,B4-0-0
v=HFDTrWLsGEE__#1_label_B4-0-0__3.npy,B4-0-0
v=HFDTrWLsGEE__#1_label_B4-0-0__4.npy,B4-0-0
v=HFDTrWLsGEE__#1_label_B4-0-0__5.npy,B4-0-0
v=HFDTrWLsGEE__#1_label_B4-0-0__6.npy,B4-0-0
v=HFDTrWLsGEE__#1_label_B4-0-0__7.npy,B4-0-0
v=HFDTrWLsGEE__#1_label_B4-0-0__8.npy,B4-0-0
v=HFDTrWLsGEE__#1_label_B4-0-0__9.npy,B4-0-0
v=HkxSLJKE2cY__#1_label_B4-0-0__0.npy,B4-0-0
v=HkxSLJKE2cY__#1_label_B4-0-0__1.npy,B4-0-0
v=HkxSLJKE2cY__#1_label_B4-0-0__2.npy,B4-0-0
v=HkxSLJKE2cY__#1_label_B4-0-0__3.npy,B4-0-0
v=HkxSLJKE2cY__#1_label_B4-0-0__4.npy,B4-0-0
v=HkxSLJKE2cY__#1_label_B4-0-0__5.npy,B4-0-0
v=HkxSLJKE2cY__#1_label_B4-0-0__6.npy,B4-0-0
v=HkxSLJKE2cY__#1_label_B4-0-0__7.npy,B4-0-0
v=HkxSLJKE2cY__#1_label_B4-0-0__8.npy,B4-0-0
v=HkxSLJKE2cY__#1_label_B4-0-0__9.npy,B4-0-0
v=HvKP87256WI__#1_label_B4-0-0__0.npy,B4-0-0
v=HvKP87256WI__#1_label_B4-0-0__1.npy,B4-0-0
v=HvKP87256WI__#1_label_B4-0-0__2.npy,B4-0-0
v=HvKP87256WI__#1_label_B4-0-0__3.npy,B4-0-0
v=HvKP87256WI__#1_label_B4-0-0__4.npy,B4-0-0
v=HvKP87256WI__#1_label_B4-0-0__5.npy,B4-0-0
v=HvKP87256WI__#1_label_B4-0-0__6.npy,B4-0-0
v=HvKP87256WI__#1_label_B4-0-0__7.npy,B4-0-0
v=HvKP87256WI__#1_label_B4-0-0__8.npy,B4-0-0
v=HvKP87256WI__#1_label_B4-0-0__9.npy,B4-0-0
v=I-h-YIj4jRw__#1_label_B4-0-0__0.npy,B4-0-0
v=I-h-YIj4jRw__#1_label_B4-0-0__1.npy,B4-0-0
v=I-h-YIj4jRw__#1_label_B4-0-0__2.npy,B4-0-0
v=I-h-YIj4jRw__#1_label_B4-0-0__3.npy,B4-0-0
v=I-h-YIj4jRw__#1_label_B4-0-0__4.npy,B4-0-0
v=I-h-YIj4jRw__#1_label_B4-0-0__5.npy,B4-0-0
v=I-h-YIj4jRw__#1_label_B4-0-0__6.npy,B4-0-0
v=I-h-YIj4jRw__#1_label_B4-0-0__7.npy,B4-0-0
v=I-h-YIj4jRw__#1_label_B4-0-0__8.npy,B4-0-0
v=I-h-YIj4jRw__#1_label_B4-0-0__9.npy,B4-0-0
v=I6L7CBhVvaY__#1_label_B4-0-0__0.npy,B4-0-0
v=I6L7CBhVvaY__#1_label_B4-0-0__1.npy,B4-0-0
v=I6L7CBhVvaY__#1_label_B4-0-0__2.npy,B4-0-0
v=I6L7CBhVvaY__#1_label_B4-0-0__3.npy,B4-0-0
v=I6L7CBhVvaY__#1_label_B4-0-0__4.npy,B4-0-0
v=I6L7CBhVvaY__#1_label_B4-0-0__5.npy,B4-0-0
v=I6L7CBhVvaY__#1_label_B4-0-0__6.npy,B4-0-0
v=I6L7CBhVvaY__#1_label_B4-0-0__7.npy,B4-0-0
v=I6L7CBhVvaY__#1_label_B4-0-0__8.npy,B4-0-0
v=I6L7CBhVvaY__#1_label_B4-0-0__9.npy,B4-0-0
v=IBpgMD1Kls0__#1_label_B4-0-0__0.npy,B4-0-0
v=IBpgMD1Kls0__#1_label_B4-0-0__1.npy,B4-0-0
v=IBpgMD1Kls0__#1_label_B4-0-0__2.npy,B4-0-0
v=IBpgMD1Kls0__#1_label_B4-0-0__3.npy,B4-0-0
v=IBpgMD1Kls0__#1_label_B4-0-0__4.npy,B4-0-0
v=IBpgMD1Kls0__#1_label_B4-0-0__5.npy,B4-0-0
v=IBpgMD1Kls0__#1_label_B4-0-0__6.npy,B4-0-0
v=IBpgMD1Kls0__#1_label_B4-0-0__7.npy,B4-0-0
v=IBpgMD1Kls0__#1_label_B4-0-0__8.npy,B4-0-0
v=IBpgMD1Kls0__#1_label_B4-0-0__9.npy,B4-0-0
v=IDiqhkK_ucw__#1_label_B4-0-0__0.npy,B4-0-0
v=IDiqhkK_ucw__#1_label_B4-0-0__1.npy,B4-0-0
v=IDiqhkK_ucw__#1_label_B4-0-0__2.npy,B4-0-0
v=IDiqhkK_ucw__#1_label_B4-0-0__3.npy,B4-0-0
v=IDiqhkK_ucw__#1_label_B4-0-0__4.npy,B4-0-0
v=IDiqhkK_ucw__#1_label_B4-0-0__5.npy,B4-0-0
v=IDiqhkK_ucw__#1_label_B4-0-0__6.npy,B4-0-0
v=IDiqhkK_ucw__#1_label_B4-0-0__7.npy,B4-0-0
v=IDiqhkK_ucw__#1_label_B4-0-0__8.npy,B4-0-0
v=IDiqhkK_ucw__#1_label_B4-0-0__9.npy,B4-0-0
v=IMvuoGji3yU__#1_label_B4-0-0__0.npy,B4-0-0
v=IMvuoGji3yU__#1_label_B4-0-0__1.npy,B4-0-0
v=IMvuoGji3yU__#1_label_B4-0-0__2.npy,B4-0-0
v=IMvuoGji3yU__#1_label_B4-0-0__3.npy,B4-0-0
v=IMvuoGji3yU__#1_label_B4-0-0__4.npy,B4-0-0
v=IMvuoGji3yU__#1_label_B4-0-0__5.npy,B4-0-0
v=IMvuoGji3yU__#1_label_B4-0-0__6.npy,B4-0-0
v=IMvuoGji3yU__#1_label_B4-0-0__7.npy,B4-0-0
v=IMvuoGji3yU__#1_label_B4-0-0__8.npy,B4-0-0
v=IMvuoGji3yU__#1_label_B4-0-0__9.npy,B4-0-0
v=IUYaSgwdC0g__#1_label_B4-0-0__0.npy,B4-0-0
v=IUYaSgwdC0g__#1_label_B4-0-0__1.npy,B4-0-0
v=IUYaSgwdC0g__#1_label_B4-0-0__2.npy,B4-0-0
v=IUYaSgwdC0g__#1_label_B4-0-0__3.npy,B4-0-0
v=IUYaSgwdC0g__#1_label_B4-0-0__4.npy,B4-0-0
v=IUYaSgwdC0g__#1_label_B4-0-0__5.npy,B4-0-0
v=IUYaSgwdC0g__#1_label_B4-0-0__6.npy,B4-0-0
v=IUYaSgwdC0g__#1_label_B4-0-0__7.npy,B4-0-0
v=IUYaSgwdC0g__#1_label_B4-0-0__8.npy,B4-0-0
v=IUYaSgwdC0g__#1_label_B4-0-0__9.npy,B4-0-0
v=Iaon8hM2UbM__#00-00-00_00-30-06_label_B4-0-0__0.npy,B4-0-0
v=Iaon8hM2UbM__#00-00-00_00-30-06_label_B4-0-0__1.npy,B4-0-0
v=Iaon8hM2UbM__#00-00-00_00-30-06_label_B4-0-0__2.npy,B4-0-0
v=Iaon8hM2UbM__#00-00-00_00-30-06_label_B4-0-0__3.npy,B4-0-0
v=Iaon8hM2UbM__#00-00-00_00-30-06_label_B4-0-0__4.npy,B4-0-0
v=Iaon8hM2UbM__#00-00-00_00-30-06_label_B4-0-0__5.npy,B4-0-0
v=Iaon8hM2UbM__#00-00-00_00-30-06_label_B4-0-0__6.npy,B4-0-0
v=Iaon8hM2UbM__#00-00-00_00-30-06_label_B4-0-0__7.npy,B4-0-0
v=Iaon8hM2UbM__#00-00-00_00-30-06_label_B4-0-0__8.npy,B4-0-0
v=Iaon8hM2UbM__#00-00-00_00-30-06_label_B4-0-0__9.npy,B4-0-0
v=J4qmLs5S1Wg__#1_label_B4-0-0__0.npy,B4-0-0
v=J4qmLs5S1Wg__#1_label_B4-0-0__1.npy,B4-0-0
v=J4qmLs5S1Wg__#1_label_B4-0-0__2.npy,B4-0-0
v=J4qmLs5S1Wg__#1_label_B4-0-0__3.npy,B4-0-0
v=J4qmLs5S1Wg__#1_label_B4-0-0__4.npy,B4-0-0
v=J4qmLs5S1Wg__#1_label_B4-0-0__5.npy,B4-0-0
v=J4qmLs5S1Wg__#1_label_B4-0-0__6.npy,B4-0-0
v=J4qmLs5S1Wg__#1_label_B4-0-0__7.npy,B4-0-0
v=J4qmLs5S1Wg__#1_label_B4-0-0__8.npy,B4-0-0
v=J4qmLs5S1Wg__#1_label_B4-0-0__9.npy,B4-0-0
v=JICOcHmkzfA__#1_label_B4-0-0__0.npy,B4-0-0
v=JICOcHmkzfA__#1_label_B4-0-0__1.npy,B4-0-0
v=JICOcHmkzfA__#1_label_B4-0-0__2.npy,B4-0-0
v=JICOcHmkzfA__#1_label_B4-0-0__3.npy,B4-0-0
v=JICOcHmkzfA__#1_label_B4-0-0__4.npy,B4-0-0
v=JICOcHmkzfA__#1_label_B4-0-0__5.npy,B4-0-0
v=JICOcHmkzfA__#1_label_B4-0-0__6.npy,B4-0-0
v=JICOcHmkzfA__#1_label_B4-0-0__7.npy,B4-0-0
v=JICOcHmkzfA__#1_label_B4-0-0__8.npy,B4-0-0
v=JICOcHmkzfA__#1_label_B4-0-0__9.npy,B4-0-0
v=JSD-dBpNfjw__#1_label_B4-0-0__0.npy,B4-0-0
v=JSD-dBpNfjw__#1_label_B4-0-0__1.npy,B4-0-0
v=JSD-dBpNfjw__#1_label_B4-0-0__2.npy,B4-0-0
v=JSD-dBpNfjw__#1_label_B4-0-0__3.npy,B4-0-0
v=JSD-dBpNfjw__#1_label_B4-0-0__4.npy,B4-0-0
v=JSD-dBpNfjw__#1_label_B4-0-0__5.npy,B4-0-0
v=JSD-dBpNfjw__#1_label_B4-0-0__6.npy,B4-0-0
v=JSD-dBpNfjw__#1_label_B4-0-0__7.npy,B4-0-0
v=JSD-dBpNfjw__#1_label_B4-0-0__8.npy,B4-0-0
v=JSD-dBpNfjw__#1_label_B4-0-0__9.npy,B4-0-0
v=JXDcm8YXvds__#1_label_B4-0-0__0.npy,B4-0-0
v=JXDcm8YXvds__#1_label_B4-0-0__1.npy,B4-0-0
v=JXDcm8YXvds__#1_label_B4-0-0__2.npy,B4-0-0
v=JXDcm8YXvds__#1_label_B4-0-0__3.npy,B4-0-0
v=JXDcm8YXvds__#1_label_B4-0-0__4.npy,B4-0-0
v=JXDcm8YXvds__#1_label_B4-0-0__5.npy,B4-0-0
v=JXDcm8YXvds__#1_label_B4-0-0__6.npy,B4-0-0
v=JXDcm8YXvds__#1_label_B4-0-0__7.npy,B4-0-0
v=JXDcm8YXvds__#1_label_B4-0-0__8.npy,B4-0-0
v=JXDcm8YXvds__#1_label_B4-0-0__9.npy,B4-0-0
v=JmyqqQt19oE__#1_label_B4-0-0__0.npy,B4-0-0
v=JmyqqQt19oE__#1_label_B4-0-0__1.npy,B4-0-0
v=JmyqqQt19oE__#1_label_B4-0-0__2.npy,B4-0-0
v=JmyqqQt19oE__#1_label_B4-0-0__3.npy,B4-0-0
v=JmyqqQt19oE__#1_label_B4-0-0__4.npy,B4-0-0
v=JmyqqQt19oE__#1_label_B4-0-0__5.npy,B4-0-0
v=JmyqqQt19oE__#1_label_B4-0-0__6.npy,B4-0-0
v=JmyqqQt19oE__#1_label_B4-0-0__7.npy,B4-0-0
v=JmyqqQt19oE__#1_label_B4-0-0__8.npy,B4-0-0
v=JmyqqQt19oE__#1_label_B4-0-0__9.npy,B4-0-0
v=JwiFgzcz0GE__#1_label_B4-0-0__0.npy,B4-0-0
v=JwiFgzcz0GE__#1_label_B4-0-0__1.npy,B4-0-0
v=JwiFgzcz0GE__#1_label_B4-0-0__2.npy,B4-0-0
v=JwiFgzcz0GE__#1_label_B4-0-0__3.npy,B4-0-0
v=JwiFgzcz0GE__#1_label_B4-0-0__4.npy,B4-0-0
v=JwiFgzcz0GE__#1_label_B4-0-0__5.npy,B4-0-0
v=JwiFgzcz0GE__#1_label_B4-0-0__6.npy,B4-0-0
v=JwiFgzcz0GE__#1_label_B4-0-0__7.npy,B4-0-0
v=JwiFgzcz0GE__#1_label_B4-0-0__8.npy,B4-0-0
v=JwiFgzcz0GE__#1_label_B4-0-0__9.npy,B4-0-0
v=K2ey8AKU6rk__#1_label_B4-0-0__0.npy,B4-0-0
v=K2ey8AKU6rk__#1_label_B4-0-0__1.npy,B4-0-0
v=K2ey8AKU6rk__#1_label_B4-0-0__2.npy,B4-0-0
v=K2ey8AKU6rk__#1_label_B4-0-0__3.npy,B4-0-0
v=K2ey8AKU6rk__#1_label_B4-0-0__4.npy,B4-0-0
v=K2ey8AKU6rk__#1_label_B4-0-0__5.npy,B4-0-0
v=K2ey8AKU6rk__#1_label_B4-0-0__6.npy,B4-0-0
v=K2ey8AKU6rk__#1_label_B4-0-0__7.npy,B4-0-0
v=K2ey8AKU6rk__#1_label_B4-0-0__8.npy,B4-0-0
v=K2ey8AKU6rk__#1_label_B4-0-0__9.npy,B4-0-0
v=KEHqR6Y0opE__#1_label_B4-0-0__0.npy,B4-0-0
v=KEHqR6Y0opE__#1_label_B4-0-0__1.npy,B4-0-0
v=KEHqR6Y0opE__#1_label_B4-0-0__2.npy,B4-0-0
v=KEHqR6Y0opE__#1_label_B4-0-0__3.npy,B4-0-0
v=KEHqR6Y0opE__#1_label_B4-0-0__4.npy,B4-0-0
v=KEHqR6Y0opE__#1_label_B4-0-0__5.npy,B4-0-0
v=KEHqR6Y0opE__#1_label_B4-0-0__6.npy,B4-0-0
v=KEHqR6Y0opE__#1_label_B4-0-0__7.npy,B4-0-0
v=KEHqR6Y0opE__#1_label_B4-0-0__8.npy,B4-0-0
v=KEHqR6Y0opE__#1_label_B4-0-0__9.npy,B4-0-0
v=KG1SyO8GXCU__#1_label_B4-0-0__0.npy,B4-0-0
v=KG1SyO8GXCU__#1_label_B4-0-0__1.npy,B4-0-0
v=KG1SyO8GXCU__#1_label_B4-0-0__2.npy,B4-0-0
v=KG1SyO8GXCU__#1_label_B4-0-0__3.npy,B4-0-0
v=KG1SyO8GXCU__#1_label_B4-0-0__4.npy,B4-0-0
v=KG1SyO8GXCU__#1_label_B4-0-0__5.npy,B4-0-0
v=KG1SyO8GXCU__#1_label_B4-0-0__6.npy,B4-0-0
v=KG1SyO8GXCU__#1_label_B4-0-0__7.npy,B4-0-0
v=KG1SyO8GXCU__#1_label_B4-0-0__8.npy,B4-0-0
v=KG1SyO8GXCU__#1_label_B4-0-0__9.npy,B4-0-0
v=KTx-EjoAAMw__#1_label_B4-0-0__0.npy,B4-0-0
v=KTx-EjoAAMw__#1_label_B4-0-0__1.npy,B4-0-0
v=KTx-EjoAAMw__#1_label_B4-0-0__2.npy,B4-0-0
v=KTx-EjoAAMw__#1_label_B4-0-0__3.npy,B4-0-0
v=KTx-EjoAAMw__#1_label_B4-0-0__4.npy,B4-0-0
v=KTx-EjoAAMw__#1_label_B4-0-0__5.npy,B4-0-0
v=KTx-EjoAAMw__#1_label_B4-0-0__6.npy,B4-0-0
v=KTx-EjoAAMw__#1_label_B4-0-0__7.npy,B4-0-0
v=KTx-EjoAAMw__#1_label_B4-0-0__8.npy,B4-0-0
v=KTx-EjoAAMw__#1_label_B4-0-0__9.npy,B4-0-0
v=KUiVz3rW_Rg__#1_label_B4-0-0__0.npy,B4-0-0
v=KUiVz3rW_Rg__#1_label_B4-0-0__1.npy,B4-0-0
v=KUiVz3rW_Rg__#1_label_B4-0-0__2.npy,B4-0-0
v=KUiVz3rW_Rg__#1_label_B4-0-0__3.npy,B4-0-0
v=KUiVz3rW_Rg__#1_label_B4-0-0__4.npy,B4-0-0
v=KUiVz3rW_Rg__#1_label_B4-0-0__5.npy,B4-0-0
v=KUiVz3rW_Rg__#1_label_B4-0-0__6.npy,B4-0-0
v=KUiVz3rW_Rg__#1_label_B4-0-0__7.npy,B4-0-0
v=KUiVz3rW_Rg__#1_label_B4-0-0__8.npy,B4-0-0
v=KUiVz3rW_Rg__#1_label_B4-0-0__9.npy,B4-0-0
v=KeJw6U9_VeY__#1_label_B4-0-0__0.npy,B4-0-0
v=KeJw6U9_VeY__#1_label_B4-0-0__1.npy,B4-0-0
v=KeJw6U9_VeY__#1_label_B4-0-0__2.npy,B4-0-0
v=KeJw6U9_VeY__#1_label_B4-0-0__3.npy,B4-0-0
v=KeJw6U9_VeY__#1_label_B4-0-0__4.npy,B4-0-0
v=KeJw6U9_VeY__#1_label_B4-0-0__5.npy,B4-0-0
v=KeJw6U9_VeY__#1_label_B4-0-0__6.npy,B4-0-0
v=KeJw6U9_VeY__#1_label_B4-0-0__7.npy,B4-0-0
v=KeJw6U9_VeY__#1_label_B4-0-0__8.npy,B4-0-0
v=KeJw6U9_VeY__#1_label_B4-0-0__9.npy,B4-0-0
v=KkeBFSNtw1M__#1_label_B4-0-0__0.npy,B4-0-0
v=KkeBFSNtw1M__#1_label_B4-0-0__1.npy,B4-0-0
v=KkeBFSNtw1M__#1_label_B4-0-0__2.npy,B4-0-0
v=KkeBFSNtw1M__#1_label_B4-0-0__3.npy,B4-0-0
v=KkeBFSNtw1M__#1_label_B4-0-0__4.npy,B4-0-0
v=KkeBFSNtw1M__#1_label_B4-0-0__5.npy,B4-0-0
v=KkeBFSNtw1M__#1_label_B4-0-0__6.npy,B4-0-0
v=KkeBFSNtw1M__#1_label_B4-0-0__7.npy,B4-0-0
v=KkeBFSNtw1M__#1_label_B4-0-0__8.npy,B4-0-0
v=KkeBFSNtw1M__#1_label_B4-0-0__9.npy,B4-0-0
v=KsjzuLCuV9U__#1_label_B4-0-0__0.npy,B4-0-0
v=KsjzuLCuV9U__#1_label_B4-0-0__1.npy,B4-0-0
v=KsjzuLCuV9U__#1_label_B4-0-0__2.npy,B4-0-0
v=KsjzuLCuV9U__#1_label_B4-0-0__3.npy,B4-0-0
v=KsjzuLCuV9U__#1_label_B4-0-0__4.npy,B4-0-0
v=KsjzuLCuV9U__#1_label_B4-0-0__5.npy,B4-0-0
v=KsjzuLCuV9U__#1_label_B4-0-0__6.npy,B4-0-0
v=KsjzuLCuV9U__#1_label_B4-0-0__7.npy,B4-0-0
v=KsjzuLCuV9U__#1_label_B4-0-0__8.npy,B4-0-0
v=KsjzuLCuV9U__#1_label_B4-0-0__9.npy,B4-0-0
v=L1ir_7vgdKg__#1_label_B4-0-0__0.npy,B4-0-0
v=L1ir_7vgdKg__#1_label_B4-0-0__1.npy,B4-0-0
v=L1ir_7vgdKg__#1_label_B4-0-0__2.npy,B4-0-0
v=L1ir_7vgdKg__#1_label_B4-0-0__3.npy,B4-0-0
v=L1ir_7vgdKg__#1_label_B4-0-0__4.npy,B4-0-0
v=L1ir_7vgdKg__#1_label_B4-0-0__5.npy,B4-0-0
v=L1ir_7vgdKg__#1_label_B4-0-0__6.npy,B4-0-0
v=L1ir_7vgdKg__#1_label_B4-0-0__7.npy,B4-0-0
v=L1ir_7vgdKg__#1_label_B4-0-0__8.npy,B4-0-0
v=L1ir_7vgdKg__#1_label_B4-0-0__9.npy,B4-0-0
v=L94knHdVxbo__#1_label_B4-0-0__0.npy,B4-0-0
v=L94knHdVxbo__#1_label_B4-0-0__1.npy,B4-0-0
v=L94knHdVxbo__#1_label_B4-0-0__2.npy,B4-0-0
v=L94knHdVxbo__#1_label_B4-0-0__3.npy,B4-0-0
v=L94knHdVxbo__#1_label_B4-0-0__4.npy,B4-0-0
v=L94knHdVxbo__#1_label_B4-0-0__5.npy,B4-0-0
v=L94knHdVxbo__#1_label_B4-0-0__6.npy,B4-0-0
v=L94knHdVxbo__#1_label_B4-0-0__7.npy,B4-0-0
v=L94knHdVxbo__#1_label_B4-0-0__8.npy,B4-0-0
v=L94knHdVxbo__#1_label_B4-0-0__9.npy,B4-0-0
v=LkkoipoWeSs__#00-00-00_00-02-57_label_B4-0-0__0.npy,B4-0-0
v=LkkoipoWeSs__#00-00-00_00-02-57_label_B4-0-0__1.npy,B4-0-0
v=LkkoipoWeSs__#00-00-00_00-02-57_label_B4-0-0__2.npy,B4-0-0
v=LkkoipoWeSs__#00-00-00_00-02-57_label_B4-0-0__3.npy,B4-0-0
v=LkkoipoWeSs__#00-00-00_00-02-57_label_B4-0-0__4.npy,B4-0-0
v=LkkoipoWeSs__#00-00-00_00-02-57_label_B4-0-0__5.npy,B4-0-0
v=LkkoipoWeSs__#00-00-00_00-02-57_label_B4-0-0__6.npy,B4-0-0
v=LkkoipoWeSs__#00-00-00_00-02-57_label_B4-0-0__7.npy,B4-0-0
v=LkkoipoWeSs__#00-00-00_00-02-57_label_B4-0-0__8.npy,B4-0-0
v=LkkoipoWeSs__#00-00-00_00-02-57_label_B4-0-0__9.npy,B4-0-0
v=LkkoipoWeSs__#00-02-57_00-05-06_label_B4-0-0__0.npy,B4-0-0
v=LkkoipoWeSs__#00-02-57_00-05-06_label_B4-0-0__1.npy,B4-0-0
v=LkkoipoWeSs__#00-02-57_00-05-06_label_B4-0-0__2.npy,B4-0-0
v=LkkoipoWeSs__#00-02-57_00-05-06_label_B4-0-0__3.npy,B4-0-0
v=LkkoipoWeSs__#00-02-57_00-05-06_label_B4-0-0__4.npy,B4-0-0
v=LkkoipoWeSs__#00-02-57_00-05-06_label_B4-0-0__5.npy,B4-0-0
v=LkkoipoWeSs__#00-02-57_00-05-06_label_B4-0-0__6.npy,B4-0-0
v=LkkoipoWeSs__#00-02-57_00-05-06_label_B4-0-0__7.npy,B4-0-0
v=LkkoipoWeSs__#00-02-57_00-05-06_label_B4-0-0__8.npy,B4-0-0
v=LkkoipoWeSs__#00-02-57_00-05-06_label_B4-0-0__9.npy,B4-0-0
v=LkkoipoWeSs__#00-05-06_00-08-16_label_B4-0-0__0.npy,B4-0-0
v=LkkoipoWeSs__#00-05-06_00-08-16_label_B4-0-0__1.npy,B4-0-0
v=LkkoipoWeSs__#00-05-06_00-08-16_label_B4-0-0__2.npy,B4-0-0
v=LkkoipoWeSs__#00-05-06_00-08-16_label_B4-0-0__3.npy,B4-0-0
v=LkkoipoWeSs__#00-05-06_00-08-16_label_B4-0-0__4.npy,B4-0-0
v=LkkoipoWeSs__#00-05-06_00-08-16_label_B4-0-0__5.npy,B4-0-0
v=LkkoipoWeSs__#00-05-06_00-08-16_label_B4-0-0__6.npy,B4-0-0
v=LkkoipoWeSs__#00-05-06_00-08-16_label_B4-0-0__7.npy,B4-0-0
v=LkkoipoWeSs__#00-05-06_00-08-16_label_B4-0-0__8.npy,B4-0-0
v=LkkoipoWeSs__#00-05-06_00-08-16_label_B4-0-0__9.npy,B4-0-0
v=LkkoipoWeSs__#00-08-16_00-13-14_label_B4-0-0__0.npy,B4-0-0
v=LkkoipoWeSs__#00-08-16_00-13-14_label_B4-0-0__1.npy,B4-0-0
v=LkkoipoWeSs__#00-08-16_00-13-14_label_B4-0-0__2.npy,B4-0-0
v=LkkoipoWeSs__#00-08-16_00-13-14_label_B4-0-0__3.npy,B4-0-0
v=LkkoipoWeSs__#00-08-16_00-13-14_label_B4-0-0__4.npy,B4-0-0
v=LkkoipoWeSs__#00-08-16_00-13-14_label_B4-0-0__5.npy,B4-0-0
v=LkkoipoWeSs__#00-08-16_00-13-14_label_B4-0-0__6.npy,B4-0-0
v=LkkoipoWeSs__#00-08-16_00-13-14_label_B4-0-0__7.npy,B4-0-0
v=LkkoipoWeSs__#00-08-16_00-13-14_label_B4-0-0__8.npy,B4-0-0
v=LkkoipoWeSs__#00-08-16_00-13-14_label_B4-0-0__9.npy,B4-0-0
v=LxWWnIuUaMY__#1_label_B4-0-0__0.npy,B4-0-0
v=LxWWnIuUaMY__#1_label_B4-0-0__1.npy,B4-0-0
v=LxWWnIuUaMY__#1_label_B4-0-0__2.npy,B4-0-0
v=LxWWnIuUaMY__#1_label_B4-0-0__3.npy,B4-0-0
v=LxWWnIuUaMY__#1_label_B4-0-0__4.npy,B4-0-0
v=LxWWnIuUaMY__#1_label_B4-0-0__5.npy,B4-0-0
v=LxWWnIuUaMY__#1_label_B4-0-0__6.npy,B4-0-0
v=LxWWnIuUaMY__#1_label_B4-0-0__7.npy,B4-0-0
v=LxWWnIuUaMY__#1_label_B4-0-0__8.npy,B4-0-0
v=LxWWnIuUaMY__#1_label_B4-0-0__9.npy,B4-0-0
v=MeDcqvFz3l4__#1_label_B4-0-0__0.npy,B4-0-0
v=MeDcqvFz3l4__#1_label_B4-0-0__1.npy,B4-0-0
v=MeDcqvFz3l4__#1_label_B4-0-0__2.npy,B4-0-0
v=MeDcqvFz3l4__#1_label_B4-0-0__3.npy,B4-0-0
v=MeDcqvFz3l4__#1_label_B4-0-0__4.npy,B4-0-0
v=MeDcqvFz3l4__#1_label_B4-0-0__5.npy,B4-0-0
v=MeDcqvFz3l4__#1_label_B4-0-0__6.npy,B4-0-0
v=MeDcqvFz3l4__#1_label_B4-0-0__7.npy,B4-0-0
v=MeDcqvFz3l4__#1_label_B4-0-0__8.npy,B4-0-0
v=MeDcqvFz3l4__#1_label_B4-0-0__9.npy,B4-0-0
v=MfgGJY_eZ4Q__#00-00-00_00-00-57_label_B4-0-0__0.npy,B4-0-0
v=MfgGJY_eZ4Q__#00-00-00_00-00-57_label_B4-0-0__1.npy,B4-0-0
v=MfgGJY_eZ4Q__#00-00-00_00-00-57_label_B4-0-0__2.npy,B4-0-0
v=MfgGJY_eZ4Q__#00-00-00_00-00-57_label_B4-0-0__3.npy,B4-0-0
v=MfgGJY_eZ4Q__#00-00-00_00-00-57_label_B4-0-0__4.npy,B4-0-0
v=MfgGJY_eZ4Q__#00-00-00_00-00-57_label_B4-0-0__5.npy,B4-0-0
v=MfgGJY_eZ4Q__#00-00-00_00-00-57_label_B4-0-0__6.npy,B4-0-0
v=MfgGJY_eZ4Q__#00-00-00_00-00-57_label_B4-0-0__7.npy,B4-0-0
v=MfgGJY_eZ4Q__#00-00-00_00-00-57_label_B4-0-0__8.npy,B4-0-0
v=MfgGJY_eZ4Q__#00-00-00_00-00-57_label_B4-0-0__9.npy,B4-0-0
v=MfgGJY_eZ4Q__#00-00-57_00-08-06_label_B4-0-0__0.npy,B4-0-0
v=MfgGJY_eZ4Q__#00-00-57_00-08-06_label_B4-0-0__1.npy,B4-0-0
v=MfgGJY_eZ4Q__#00-00-57_00-08-06_label_B4-0-0__2.npy,B4-0-0
v=MfgGJY_eZ4Q__#00-00-57_00-08-06_label_B4-0-0__3.npy,B4-0-0
v=MfgGJY_eZ4Q__#00-00-57_00-08-06_label_B4-0-0__4.npy,B4-0-0
v=MfgGJY_eZ4Q__#00-00-57_00-08-06_label_B4-0-0__5.npy,B4-0-0
v=MfgGJY_eZ4Q__#00-00-57_00-08-06_label_B4-0-0__6.npy,B4-0-0
v=MfgGJY_eZ4Q__#00-00-57_00-08-06_label_B4-0-0__7.npy,B4-0-0
v=MfgGJY_eZ4Q__#00-00-57_00-08-06_label_B4-0-0__8.npy,B4-0-0
v=MfgGJY_eZ4Q__#00-00-57_00-08-06_label_B4-0-0__9.npy,B4-0-0
v=MmudJafnQh0__#1_label_B4-0-0__0.npy,B4-0-0
v=MmudJafnQh0__#1_label_B4-0-0__1.npy,B4-0-0
v=MmudJafnQh0__#1_label_B4-0-0__2.npy,B4-0-0
v=MmudJafnQh0__#1_label_B4-0-0__3.npy,B4-0-0
v=MmudJafnQh0__#1_label_B4-0-0__4.npy,B4-0-0
v=MmudJafnQh0__#1_label_B4-0-0__5.npy,B4-0-0
v=MmudJafnQh0__#1_label_B4-0-0__6.npy,B4-0-0
v=MmudJafnQh0__#1_label_B4-0-0__7.npy,B4-0-0
v=MmudJafnQh0__#1_label_B4-0-0__8.npy,B4-0-0
v=MmudJafnQh0__#1_label_B4-0-0__9.npy,B4-0-0
v=MoR9-BcV_0c__#1_label_B4-0-0__0.npy,B4-0-0
v=MoR9-BcV_0c__#1_label_B4-0-0__1.npy,B4-0-0
v=MoR9-BcV_0c__#1_label_B4-0-0__2.npy,B4-0-0
v=MoR9-BcV_0c__#1_label_B4-0-0__3.npy,B4-0-0
v=MoR9-BcV_0c__#1_label_B4-0-0__4.npy,B4-0-0
v=MoR9-BcV_0c__#1_label_B4-0-0__5.npy,B4-0-0
v=MoR9-BcV_0c__#1_label_B4-0-0__6.npy,B4-0-0
v=MoR9-BcV_0c__#1_label_B4-0-0__7.npy,B4-0-0
v=MoR9-BcV_0c__#1_label_B4-0-0__8.npy,B4-0-0
v=MoR9-BcV_0c__#1_label_B4-0-0__9.npy,B4-0-0
v=Mwg5VK3ILxE__#1_label_B4-0-0__0.npy,B4-0-0
v=Mwg5VK3ILxE__#1_label_B4-0-0__1.npy,B4-0-0
v=Mwg5VK3ILxE__#1_label_B4-0-0__2.npy,B4-0-0
v=Mwg5VK3ILxE__#1_label_B4-0-0__3.npy,B4-0-0
v=Mwg5VK3ILxE__#1_label_B4-0-0__4.npy,B4-0-0
v=Mwg5VK3ILxE__#1_label_B4-0-0__5.npy,B4-0-0
v=Mwg5VK3ILxE__#1_label_B4-0-0__6.npy,B4-0-0
v=Mwg5VK3ILxE__#1_label_B4-0-0__7.npy,B4-0-0
v=Mwg5VK3ILxE__#1_label_B4-0-0__8.npy,B4-0-0
v=Mwg5VK3ILxE__#1_label_B4-0-0__9.npy,B4-0-0
v=NQb1-SIjeXI__#1_label_B4-0-0__0.npy,B4-0-0
v=NQb1-SIjeXI__#1_label_B4-0-0__1.npy,B4-0-0
v=NQb1-SIjeXI__#1_label_B4-0-0__2.npy,B4-0-0
v=NQb1-SIjeXI__#1_label_B4-0-0__3.npy,B4-0-0
v=NQb1-SIjeXI__#1_label_B4-0-0__4.npy,B4-0-0
v=NQb1-SIjeXI__#1_label_B4-0-0__5.npy,B4-0-0
v=NQb1-SIjeXI__#1_label_B4-0-0__6.npy,B4-0-0
v=NQb1-SIjeXI__#1_label_B4-0-0__7.npy,B4-0-0
v=NQb1-SIjeXI__#1_label_B4-0-0__8.npy,B4-0-0
v=NQb1-SIjeXI__#1_label_B4-0-0__9.npy,B4-0-0
v=NYnAnri6KTs__#1_label_B4-0-0__0.npy,B4-0-0
v=NYnAnri6KTs__#1_label_B4-0-0__1.npy,B4-0-0
v=NYnAnri6KTs__#1_label_B4-0-0__2.npy,B4-0-0
v=NYnAnri6KTs__#1_label_B4-0-0__3.npy,B4-0-0
v=NYnAnri6KTs__#1_label_B4-0-0__4.npy,B4-0-0
v=NYnAnri6KTs__#1_label_B4-0-0__5.npy,B4-0-0
v=NYnAnri6KTs__#1_label_B4-0-0__6.npy,B4-0-0
v=NYnAnri6KTs__#1_label_B4-0-0__7.npy,B4-0-0
v=NYnAnri6KTs__#1_label_B4-0-0__8.npy,B4-0-0
v=NYnAnri6KTs__#1_label_B4-0-0__9.npy,B4-0-0
v=NaaHx2doD94__#1_label_B4-0-0__0.npy,B4-0-0
v=NaaHx2doD94__#1_label_B4-0-0__1.npy,B4-0-0
v=NaaHx2doD94__#1_label_B4-0-0__2.npy,B4-0-0
v=NaaHx2doD94__#1_label_B4-0-0__3.npy,B4-0-0
v=NaaHx2doD94__#1_label_B4-0-0__4.npy,B4-0-0
v=NaaHx2doD94__#1_label_B4-0-0__5.npy,B4-0-0
v=NaaHx2doD94__#1_label_B4-0-0__6.npy,B4-0-0
v=NaaHx2doD94__#1_label_B4-0-0__7.npy,B4-0-0
v=NaaHx2doD94__#1_label_B4-0-0__8.npy,B4-0-0
v=NaaHx2doD94__#1_label_B4-0-0__9.npy,B4-0-0
v=O7oKpUpOGKs__#1_label_B4-0-0__0.npy,B4-0-0
v=O7oKpUpOGKs__#1_label_B4-0-0__1.npy,B4-0-0
v=O7oKpUpOGKs__#1_label_B4-0-0__2.npy,B4-0-0
v=O7oKpUpOGKs__#1_label_B4-0-0__3.npy,B4-0-0
v=O7oKpUpOGKs__#1_label_B4-0-0__4.npy,B4-0-0
v=O7oKpUpOGKs__#1_label_B4-0-0__5.npy,B4-0-0
v=O7oKpUpOGKs__#1_label_B4-0-0__6.npy,B4-0-0
v=O7oKpUpOGKs__#1_label_B4-0-0__7.npy,B4-0-0
v=O7oKpUpOGKs__#1_label_B4-0-0__8.npy,B4-0-0
v=O7oKpUpOGKs__#1_label_B4-0-0__9.npy,B4-0-0
v=OhdofhZGN4Q__#1_label_B4-0-0__0.npy,B4-0-0
v=OhdofhZGN4Q__#1_label_B4-0-0__1.npy,B4-0-0
v=OhdofhZGN4Q__#1_label_B4-0-0__2.npy,B4-0-0
v=OhdofhZGN4Q__#1_label_B4-0-0__3.npy,B4-0-0
v=OhdofhZGN4Q__#1_label_B4-0-0__4.npy,B4-0-0
v=OhdofhZGN4Q__#1_label_B4-0-0__5.npy,B4-0-0
v=OhdofhZGN4Q__#1_label_B4-0-0__6.npy,B4-0-0
v=OhdofhZGN4Q__#1_label_B4-0-0__7.npy,B4-0-0
v=OhdofhZGN4Q__#1_label_B4-0-0__8.npy,B4-0-0
v=OhdofhZGN4Q__#1_label_B4-0-0__9.npy,B4-0-0
v=Otx9o1gfMRs__#1_label_B4-0-0__0.npy,B4-0-0
v=Otx9o1gfMRs__#1_label_B4-0-0__1.npy,B4-0-0
v=Otx9o1gfMRs__#1_label_B4-0-0__2.npy,B4-0-0
v=Otx9o1gfMRs__#1_label_B4-0-0__3.npy,B4-0-0
v=Otx9o1gfMRs__#1_label_B4-0-0__4.npy,B4-0-0
v=Otx9o1gfMRs__#1_label_B4-0-0__5.npy,B4-0-0
v=Otx9o1gfMRs__#1_label_B4-0-0__6.npy,B4-0-0
v=Otx9o1gfMRs__#1_label_B4-0-0__7.npy,B4-0-0
v=Otx9o1gfMRs__#1_label_B4-0-0__8.npy,B4-0-0
v=Otx9o1gfMRs__#1_label_B4-0-0__9.npy,B4-0-0
v=P9FLQxMYiI4__#1_label_B4-0-0__0.npy,B4-0-0
v=P9FLQxMYiI4__#1_label_B4-0-0__1.npy,B4-0-0
v=P9FLQxMYiI4__#1_label_B4-0-0__2.npy,B4-0-0
v=P9FLQxMYiI4__#1_label_B4-0-0__3.npy,B4-0-0
v=P9FLQxMYiI4__#1_label_B4-0-0__4.npy,B4-0-0
v=P9FLQxMYiI4__#1_label_B4-0-0__5.npy,B4-0-0
v=P9FLQxMYiI4__#1_label_B4-0-0__6.npy,B4-0-0
v=P9FLQxMYiI4__#1_label_B4-0-0__7.npy,B4-0-0
v=P9FLQxMYiI4__#1_label_B4-0-0__8.npy,B4-0-0
v=P9FLQxMYiI4__#1_label_B4-0-0__9.npy,B4-0-0
v=PF_7SkKbQ6A__#1_label_B4-0-0__0.npy,B4-0-0
v=PF_7SkKbQ6A__#1_label_B4-0-0__1.npy,B4-0-0
v=PF_7SkKbQ6A__#1_label_B4-0-0__2.npy,B4-0-0
v=PF_7SkKbQ6A__#1_label_B4-0-0__3.npy,B4-0-0
v=PF_7SkKbQ6A__#1_label_B4-0-0__4.npy,B4-0-0
v=PF_7SkKbQ6A__#1_label_B4-0-0__5.npy,B4-0-0
v=PF_7SkKbQ6A__#1_label_B4-0-0__6.npy,B4-0-0
v=PF_7SkKbQ6A__#1_label_B4-0-0__7.npy,B4-0-0
v=PF_7SkKbQ6A__#1_label_B4-0-0__8.npy,B4-0-0
v=PF_7SkKbQ6A__#1_label_B4-0-0__9.npy,B4-0-0
v=PQnFFCyJ3Eo__#00-00-00_00-08-57_label_B4-0-0__0.npy,B4-0-0
v=PQnFFCyJ3Eo__#00-00-00_00-08-57_label_B4-0-0__1.npy,B4-0-0
v=PQnFFCyJ3Eo__#00-00-00_00-08-57_label_B4-0-0__2.npy,B4-0-0
v=PQnFFCyJ3Eo__#00-00-00_00-08-57_label_B4-0-0__3.npy,B4-0-0
v=PQnFFCyJ3Eo__#00-00-00_00-08-57_label_B4-0-0__4.npy,B4-0-0
v=PQnFFCyJ3Eo__#00-00-00_00-08-57_label_B4-0-0__5.npy,B4-0-0
v=PQnFFCyJ3Eo__#00-00-00_00-08-57_label_B4-0-0__6.npy,B4-0-0
v=PQnFFCyJ3Eo__#00-00-00_00-08-57_label_B4-0-0__7.npy,B4-0-0
v=PQnFFCyJ3Eo__#00-00-00_00-08-57_label_B4-0-0__8.npy,B4-0-0
v=PQnFFCyJ3Eo__#00-00-00_00-08-57_label_B4-0-0__9.npy,B4-0-0
v=PQnFFCyJ3Eo__#00-08-57_00-12-13_label_B4-0-0__0.npy,B4-0-0
v=PQnFFCyJ3Eo__#00-08-57_00-12-13_label_B4-0-0__1.npy,B4-0-0
v=PQnFFCyJ3Eo__#00-08-57_00-12-13_label_B4-0-0__2.npy,B4-0-0
v=PQnFFCyJ3Eo__#00-08-57_00-12-13_label_B4-0-0__3.npy,B4-0-0
v=PQnFFCyJ3Eo__#00-08-57_00-12-13_label_B4-0-0__4.npy,B4-0-0
v=PQnFFCyJ3Eo__#00-08-57_00-12-13_label_B4-0-0__5.npy,B4-0-0
v=PQnFFCyJ3Eo__#00-08-57_00-12-13_label_B4-0-0__6.npy,B4-0-0
v=PQnFFCyJ3Eo__#00-08-57_00-12-13_label_B4-0-0__7.npy,B4-0-0
v=PQnFFCyJ3Eo__#00-08-57_00-12-13_label_B4-0-0__8.npy,B4-0-0
v=PQnFFCyJ3Eo__#00-08-57_00-12-13_label_B4-0-0__9.npy,B4-0-0
v=PQnFFCyJ3Eo__#00-12-13_00-16-48_label_B4-0-0__0.npy,B4-0-0
v=PQnFFCyJ3Eo__#00-12-13_00-16-48_label_B4-0-0__1.npy,B4-0-0
v=PQnFFCyJ3Eo__#00-12-13_00-16-48_label_B4-0-0__2.npy,B4-0-0
v=PQnFFCyJ3Eo__#00-12-13_00-16-48_label_B4-0-0__3.npy,B4-0-0
v=PQnFFCyJ3Eo__#00-12-13_00-16-48_label_B4-0-0__4.npy,B4-0-0
v=PQnFFCyJ3Eo__#00-12-13_00-16-48_label_B4-0-0__5.npy,B4-0-0
v=PQnFFCyJ3Eo__#00-12-13_00-16-48_label_B4-0-0__6.npy,B4-0-0
v=PQnFFCyJ3Eo__#00-12-13_00-16-48_label_B4-0-0__7.npy,B4-0-0
v=PQnFFCyJ3Eo__#00-12-13_00-16-48_label_B4-0-0__8.npy,B4-0-0
v=PQnFFCyJ3Eo__#00-12-13_00-16-48_label_B4-0-0__9.npy,B4-0-0
v=PRKcPZt61SQ__#1_label_B4-0-0__0.npy,B4-0-0
v=PRKcPZt61SQ__#1_label_B4-0-0__1.npy,B4-0-0
v=PRKcPZt61SQ__#1_label_B4-0-0__2.npy,B4-0-0
v=PRKcPZt61SQ__#1_label_B4-0-0__3.npy,B4-0-0
v=PRKcPZt61SQ__#1_label_B4-0-0__4.npy,B4-0-0
v=PRKcPZt61SQ__#1_label_B4-0-0__5.npy,B4-0-0
v=PRKcPZt61SQ__#1_label_B4-0-0__6.npy,B4-0-0
v=PRKcPZt61SQ__#1_label_B4-0-0__7.npy,B4-0-0
v=PRKcPZt61SQ__#1_label_B4-0-0__8.npy,B4-0-0
v=PRKcPZt61SQ__#1_label_B4-0-0__9.npy,B4-0-0
v=PejV3Qticq0__#1_label_B4-0-0__0.npy,B4-0-0
v=PejV3Qticq0__#1_label_B4-0-0__1.npy,B4-0-0
v=PejV3Qticq0__#1_label_B4-0-0__2.npy,B4-0-0
v=PejV3Qticq0__#1_label_B4-0-0__3.npy,B4-0-0
v=PejV3Qticq0__#1_label_B4-0-0__4.npy,B4-0-0
v=PejV3Qticq0__#1_label_B4-0-0__5.npy,B4-0-0
v=PejV3Qticq0__#1_label_B4-0-0__6.npy,B4-0-0
v=PejV3Qticq0__#1_label_B4-0-0__7.npy,B4-0-0
v=PejV3Qticq0__#1_label_B4-0-0__8.npy,B4-0-0
v=PejV3Qticq0__#1_label_B4-0-0__9.npy,B4-0-0
v=QVDtmAb68KM__#00-00-00_00-02-20_label_B4-0-0__0.npy,B4-0-0
v=QVDtmAb68KM__#00-00-00_00-02-20_label_B4-0-0__1.npy,B4-0-0
v=QVDtmAb68KM__#00-00-00_00-02-20_label_B4-0-0__2.npy,B4-0-0
v=QVDtmAb68KM__#00-00-00_00-02-20_label_B4-0-0__3.npy,B4-0-0
v=QVDtmAb68KM__#00-00-00_00-02-20_label_B4-0-0__4.npy,B4-0-0
v=QVDtmAb68KM__#00-00-00_00-02-20_label_B4-0-0__5.npy,B4-0-0
v=QVDtmAb68KM__#00-00-00_00-02-20_label_B4-0-0__6.npy,B4-0-0
v=QVDtmAb68KM__#00-00-00_00-02-20_label_B4-0-0__7.npy,B4-0-0
v=QVDtmAb68KM__#00-00-00_00-02-20_label_B4-0-0__8.npy,B4-0-0
v=QVDtmAb68KM__#00-00-00_00-02-20_label_B4-0-0__9.npy,B4-0-0
v=QVDtmAb68KM__#00-02-20_00-04-40_label_B4-0-0__0.npy,B4-0-0
v=QVDtmAb68KM__#00-02-20_00-04-40_label_B4-0-0__1.npy,B4-0-0
v=QVDtmAb68KM__#00-02-20_00-04-40_label_B4-0-0__2.npy,B4-0-0
v=QVDtmAb68KM__#00-02-20_00-04-40_label_B4-0-0__3.npy,B4-0-0
v=QVDtmAb68KM__#00-02-20_00-04-40_label_B4-0-0__4.npy,B4-0-0
v=QVDtmAb68KM__#00-02-20_00-04-40_label_B4-0-0__5.npy,B4-0-0
v=QVDtmAb68KM__#00-02-20_00-04-40_label_B4-0-0__6.npy,B4-0-0
v=QVDtmAb68KM__#00-02-20_00-04-40_label_B4-0-0__7.npy,B4-0-0
v=QVDtmAb68KM__#00-02-20_00-04-40_label_B4-0-0__8.npy,B4-0-0
v=QVDtmAb68KM__#00-02-20_00-04-40_label_B4-0-0__9.npy,B4-0-0
v=Qa9rNcwsyvw__#1_label_B4-0-0__0.npy,B4-0-0
v=Qa9rNcwsyvw__#1_label_B4-0-0__1.npy,B4-0-0
v=Qa9rNcwsyvw__#1_label_B4-0-0__2.npy,B4-0-0
v=Qa9rNcwsyvw__#1_label_B4-0-0__3.npy,B4-0-0
v=Qa9rNcwsyvw__#1_label_B4-0-0__4.npy,B4-0-0
v=Qa9rNcwsyvw__#1_label_B4-0-0__5.npy,B4-0-0
v=Qa9rNcwsyvw__#1_label_B4-0-0__6.npy,B4-0-0
v=Qa9rNcwsyvw__#1_label_B4-0-0__7.npy,B4-0-0
v=Qa9rNcwsyvw__#1_label_B4-0-0__8.npy,B4-0-0
v=Qa9rNcwsyvw__#1_label_B4-0-0__9.npy,B4-0-0
v=QaweJUx8pA4__#1_label_B4-0-0__0.npy,B4-0-0
v=QaweJUx8pA4__#1_label_B4-0-0__1.npy,B4-0-0
v=QaweJUx8pA4__#1_label_B4-0-0__2.npy,B4-0-0
v=QaweJUx8pA4__#1_label_B4-0-0__3.npy,B4-0-0
v=QaweJUx8pA4__#1_label_B4-0-0__4.npy,B4-0-0
v=QaweJUx8pA4__#1_label_B4-0-0__5.npy,B4-0-0
v=QaweJUx8pA4__#1_label_B4-0-0__6.npy,B4-0-0
v=QaweJUx8pA4__#1_label_B4-0-0__7.npy,B4-0-0
v=QaweJUx8pA4__#1_label_B4-0-0__8.npy,B4-0-0
v=QaweJUx8pA4__#1_label_B4-0-0__9.npy,B4-0-0
v=Qcn8G205ZhU__#1_label_B4-0-0__0.npy,B4-0-0
v=Qcn8G205ZhU__#1_label_B4-0-0__1.npy,B4-0-0
v=Qcn8G205ZhU__#1_label_B4-0-0__2.npy,B4-0-0
v=Qcn8G205ZhU__#1_label_B4-0-0__3.npy,B4-0-0
v=Qcn8G205ZhU__#1_label_B4-0-0__4.npy,B4-0-0
v=Qcn8G205ZhU__#1_label_B4-0-0__5.npy,B4-0-0
v=Qcn8G205ZhU__#1_label_B4-0-0__6.npy,B4-0-0
v=Qcn8G205ZhU__#1_label_B4-0-0__7.npy,B4-0-0
v=Qcn8G205ZhU__#1_label_B4-0-0__8.npy,B4-0-0
v=Qcn8G205ZhU__#1_label_B4-0-0__9.npy,B4-0-0
v=Qm7RfXa7yJk__#1_label_B4-0-0__0.npy,B4-0-0
v=Qm7RfXa7yJk__#1_label_B4-0-0__1.npy,B4-0-0
v=Qm7RfXa7yJk__#1_label_B4-0-0__2.npy,B4-0-0
v=Qm7RfXa7yJk__#1_label_B4-0-0__3.npy,B4-0-0
v=Qm7RfXa7yJk__#1_label_B4-0-0__4.npy,B4-0-0
v=Qm7RfXa7yJk__#1_label_B4-0-0__5.npy,B4-0-0
v=Qm7RfXa7yJk__#1_label_B4-0-0__6.npy,B4-0-0
v=Qm7RfXa7yJk__#1_label_B4-0-0__7.npy,B4-0-0
v=Qm7RfXa7yJk__#1_label_B4-0-0__8.npy,B4-0-0
v=Qm7RfXa7yJk__#1_label_B4-0-0__9.npy,B4-0-0
v=RLFxf8slXMw__#1_label_B4-0-0__0.npy,B4-0-0
v=RLFxf8slXMw__#1_label_B4-0-0__1.npy,B4-0-0
v=RLFxf8slXMw__#1_label_B4-0-0__2.npy,B4-0-0
v=RLFxf8slXMw__#1_label_B4-0-0__3.npy,B4-0-0
v=RLFxf8slXMw__#1_label_B4-0-0__4.npy,B4-0-0
v=RLFxf8slXMw__#1_label_B4-0-0__5.npy,B4-0-0
v=RLFxf8slXMw__#1_label_B4-0-0__6.npy,B4-0-0
v=RLFxf8slXMw__#1_label_B4-0-0__7.npy,B4-0-0
v=RLFxf8slXMw__#1_label_B4-0-0__8.npy,B4-0-0
v=RLFxf8slXMw__#1_label_B4-0-0__9.npy,B4-0-0
v=Ru4V3dPJGYw__#1_label_B4-0-0__0.npy,B4-0-0
v=Ru4V3dPJGYw__#1_label_B4-0-0__1.npy,B4-0-0
v=Ru4V3dPJGYw__#1_label_B4-0-0__2.npy,B4-0-0
v=Ru4V3dPJGYw__#1_label_B4-0-0__3.npy,B4-0-0
v=Ru4V3dPJGYw__#1_label_B4-0-0__4.npy,B4-0-0
v=Ru4V3dPJGYw__#1_label_B4-0-0__5.npy,B4-0-0
v=Ru4V3dPJGYw__#1_label_B4-0-0__6.npy,B4-0-0
v=Ru4V3dPJGYw__#1_label_B4-0-0__7.npy,B4-0-0
v=Ru4V3dPJGYw__#1_label_B4-0-0__8.npy,B4-0-0
v=Ru4V3dPJGYw__#1_label_B4-0-0__9.npy,B4-0-0
v=SKv-FNBtPfg__#1_label_B4-0-0__0.npy,B4-0-0
v=SKv-FNBtPfg__#1_label_B4-0-0__1.npy,B4-0-0
v=SKv-FNBtPfg__#1_label_B4-0-0__2.npy,B4-0-0
v=SKv-FNBtPfg__#1_label_B4-0-0__3.npy,B4-0-0
v=SKv-FNBtPfg__#1_label_B4-0-0__4.npy,B4-0-0
v=SKv-FNBtPfg__#1_label_B4-0-0__5.npy,B4-0-0
v=SKv-FNBtPfg__#1_label_B4-0-0__6.npy,B4-0-0
v=SKv-FNBtPfg__#1_label_B4-0-0__7.npy,B4-0-0
v=SKv-FNBtPfg__#1_label_B4-0-0__8.npy,B4-0-0
v=SKv-FNBtPfg__#1_label_B4-0-0__9.npy,B4-0-0
v=ShKAo-vLe1E__#1_label_B4-0-0__0.npy,B4-0-0
v=ShKAo-vLe1E__#1_label_B4-0-0__1.npy,B4-0-0
v=ShKAo-vLe1E__#1_label_B4-0-0__2.npy,B4-0-0
v=ShKAo-vLe1E__#1_label_B4-0-0__3.npy,B4-0-0
v=ShKAo-vLe1E__#1_label_B4-0-0__4.npy,B4-0-0
v=ShKAo-vLe1E__#1_label_B4-0-0__5.npy,B4-0-0
v=ShKAo-vLe1E__#1_label_B4-0-0__6.npy,B4-0-0
v=ShKAo-vLe1E__#1_label_B4-0-0__7.npy,B4-0-0
v=ShKAo-vLe1E__#1_label_B4-0-0__8.npy,B4-0-0
v=ShKAo-vLe1E__#1_label_B4-0-0__9.npy,B4-0-0
v=SoeVxTvE91Q__#1_label_B4-0-0__0.npy,B4-0-0
v=SoeVxTvE91Q__#1_label_B4-0-0__1.npy,B4-0-0
v=SoeVxTvE91Q__#1_label_B4-0-0__2.npy,B4-0-0
v=SoeVxTvE91Q__#1_label_B4-0-0__3.npy,B4-0-0
v=SoeVxTvE91Q__#1_label_B4-0-0__4.npy,B4-0-0
v=SoeVxTvE91Q__#1_label_B4-0-0__5.npy,B4-0-0
v=SoeVxTvE91Q__#1_label_B4-0-0__6.npy,B4-0-0
v=SoeVxTvE91Q__#1_label_B4-0-0__7.npy,B4-0-0
v=SoeVxTvE91Q__#1_label_B4-0-0__8.npy,B4-0-0
v=SoeVxTvE91Q__#1_label_B4-0-0__9.npy,B4-0-0
v=SvmJ5ZAUz1Y__#1_label_B4-0-0__0.npy,B4-0-0
v=SvmJ5ZAUz1Y__#1_label_B4-0-0__1.npy,B4-0-0
v=SvmJ5ZAUz1Y__#1_label_B4-0-0__2.npy,B4-0-0
v=SvmJ5ZAUz1Y__#1_label_B4-0-0__3.npy,B4-0-0
v=SvmJ5ZAUz1Y__#1_label_B4-0-0__4.npy,B4-0-0
v=SvmJ5ZAUz1Y__#1_label_B4-0-0__5.npy,B4-0-0
v=SvmJ5ZAUz1Y__#1_label_B4-0-0__6.npy,B4-0-0
v=SvmJ5ZAUz1Y__#1_label_B4-0-0__7.npy,B4-0-0
v=SvmJ5ZAUz1Y__#1_label_B4-0-0__8.npy,B4-0-0
v=SvmJ5ZAUz1Y__#1_label_B4-0-0__9.npy,B4-0-0
v=T-3s49dfFzQ__#1_label_B4-0-0__0.npy,B4-0-0
v=T-3s49dfFzQ__#1_label_B4-0-0__1.npy,B4-0-0
v=T-3s49dfFzQ__#1_label_B4-0-0__2.npy,B4-0-0
v=T-3s49dfFzQ__#1_label_B4-0-0__3.npy,B4-0-0
v=T-3s49dfFzQ__#1_label_B4-0-0__4.npy,B4-0-0
v=T-3s49dfFzQ__#1_label_B4-0-0__5.npy,B4-0-0
v=T-3s49dfFzQ__#1_label_B4-0-0__6.npy,B4-0-0
v=T-3s49dfFzQ__#1_label_B4-0-0__7.npy,B4-0-0
v=T-3s49dfFzQ__#1_label_B4-0-0__8.npy,B4-0-0
v=T-3s49dfFzQ__#1_label_B4-0-0__9.npy,B4-0-0
v=Tlx-XRyAgnM__#00-00-00_00-10-06_label_B4-0-0__0.npy,B4-0-0
v=Tlx-XRyAgnM__#00-00-00_00-10-06_label_B4-0-0__1.npy,B4-0-0
v=Tlx-XRyAgnM__#00-00-00_00-10-06_label_B4-0-0__2.npy,B4-0-0
v=Tlx-XRyAgnM__#00-00-00_00-10-06_label_B4-0-0__3.npy,B4-0-0
v=Tlx-XRyAgnM__#00-00-00_00-10-06_label_B4-0-0__4.npy,B4-0-0
v=Tlx-XRyAgnM__#00-00-00_00-10-06_label_B4-0-0__5.npy,B4-0-0
v=Tlx-XRyAgnM__#00-00-00_00-10-06_label_B4-0-0__6.npy,B4-0-0
v=Tlx-XRyAgnM__#00-00-00_00-10-06_label_B4-0-0__7.npy,B4-0-0
v=Tlx-XRyAgnM__#00-00-00_00-10-06_label_B4-0-0__8.npy,B4-0-0
v=Tlx-XRyAgnM__#00-00-00_00-10-06_label_B4-0-0__9.npy,B4-0-0
v=Tlx-XRyAgnM__#00-10-06_00-13-26_label_B4-0-0__0.npy,B4-0-0
v=Tlx-XRyAgnM__#00-10-06_00-13-26_label_B4-0-0__1.npy,B4-0-0
v=Tlx-XRyAgnM__#00-10-06_00-13-26_label_B4-0-0__2.npy,B4-0-0
v=Tlx-XRyAgnM__#00-10-06_00-13-26_label_B4-0-0__3.npy,B4-0-0
v=Tlx-XRyAgnM__#00-10-06_00-13-26_label_B4-0-0__4.npy,B4-0-0
v=Tlx-XRyAgnM__#00-10-06_00-13-26_label_B4-0-0__5.npy,B4-0-0
v=Tlx-XRyAgnM__#00-10-06_00-13-26_label_B4-0-0__6.npy,B4-0-0
v=Tlx-XRyAgnM__#00-10-06_00-13-26_label_B4-0-0__7.npy,B4-0-0
v=Tlx-XRyAgnM__#00-10-06_00-13-26_label_B4-0-0__8.npy,B4-0-0
v=Tlx-XRyAgnM__#00-10-06_00-13-26_label_B4-0-0__9.npy,B4-0-0
v=Tlx-XRyAgnM__#00-13-26_00-16-43_label_B4-0-0__0.npy,B4-0-0
v=Tlx-XRyAgnM__#00-13-26_00-16-43_label_B4-0-0__1.npy,B4-0-0
v=Tlx-XRyAgnM__#00-13-26_00-16-43_label_B4-0-0__2.npy,B4-0-0
v=Tlx-XRyAgnM__#00-13-26_00-16-43_label_B4-0-0__3.npy,B4-0-0
v=Tlx-XRyAgnM__#00-13-26_00-16-43_label_B4-0-0__4.npy,B4-0-0
v=Tlx-XRyAgnM__#00-13-26_00-16-43_label_B4-0-0__5.npy,B4-0-0
v=Tlx-XRyAgnM__#00-13-26_00-16-43_label_B4-0-0__6.npy,B4-0-0
v=Tlx-XRyAgnM__#00-13-26_00-16-43_label_B4-0-0__7.npy,B4-0-0
v=Tlx-XRyAgnM__#00-13-26_00-16-43_label_B4-0-0__8.npy,B4-0-0
v=Tlx-XRyAgnM__#00-13-26_00-16-43_label_B4-0-0__9.npy,B4-0-0
v=Tlx-XRyAgnM__#00-16-43_00-23-09_label_B4-0-0__0.npy,B4-0-0
v=Tlx-XRyAgnM__#00-16-43_00-23-09_label_B4-0-0__1.npy,B4-0-0
v=Tlx-XRyAgnM__#00-16-43_00-23-09_label_B4-0-0__2.npy,B4-0-0
v=Tlx-XRyAgnM__#00-16-43_00-23-09_label_B4-0-0__3.npy,B4-0-0
v=Tlx-XRyAgnM__#00-16-43_00-23-09_label_B4-0-0__4.npy,B4-0-0
v=Tlx-XRyAgnM__#00-16-43_00-23-09_label_B4-0-0__5.npy,B4-0-0
v=Tlx-XRyAgnM__#00-16-43_00-23-09_label_B4-0-0__6.npy,B4-0-0
v=Tlx-XRyAgnM__#00-16-43_00-23-09_label_B4-0-0__7.npy,B4-0-0
v=Tlx-XRyAgnM__#00-16-43_00-23-09_label_B4-0-0__8.npy,B4-0-0
v=Tlx-XRyAgnM__#00-16-43_00-23-09_label_B4-0-0__9.npy,B4-0-0
v=Tlx-XRyAgnM__#00-23-09_00-28-09_label_B4-0-0__0.npy,B4-0-0
v=Tlx-XRyAgnM__#00-23-09_00-28-09_label_B4-0-0__1.npy,B4-0-0
v=Tlx-XRyAgnM__#00-23-09_00-28-09_label_B4-0-0__2.npy,B4-0-0
v=Tlx-XRyAgnM__#00-23-09_00-28-09_label_B4-0-0__3.npy,B4-0-0
v=Tlx-XRyAgnM__#00-23-09_00-28-09_label_B4-0-0__4.npy,B4-0-0
v=Tlx-XRyAgnM__#00-23-09_00-28-09_label_B4-0-0__5.npy,B4-0-0
v=Tlx-XRyAgnM__#00-23-09_00-28-09_label_B4-0-0__6.npy,B4-0-0
v=Tlx-XRyAgnM__#00-23-09_00-28-09_label_B4-0-0__7.npy,B4-0-0
v=Tlx-XRyAgnM__#00-23-09_00-28-09_label_B4-0-0__8.npy,B4-0-0
v=Tlx-XRyAgnM__#00-23-09_00-28-09_label_B4-0-0__9.npy,B4-0-0
v=U6eE_gbvyQc__#1_label_B4-0-0__0.npy,B4-0-0
v=U6eE_gbvyQc__#1_label_B4-0-0__1.npy,B4-0-0
v=U6eE_gbvyQc__#1_label_B4-0-0__2.npy,B4-0-0
v=U6eE_gbvyQc__#1_label_B4-0-0__3.npy,B4-0-0
v=U6eE_gbvyQc__#1_label_B4-0-0__4.npy,B4-0-0
v=U6eE_gbvyQc__#1_label_B4-0-0__5.npy,B4-0-0
v=U6eE_gbvyQc__#1_label_B4-0-0__6.npy,B4-0-0
v=U6eE_gbvyQc__#1_label_B4-0-0__7.npy,B4-0-0
v=U6eE_gbvyQc__#1_label_B4-0-0__8.npy,B4-0-0
v=U6eE_gbvyQc__#1_label_B4-0-0__9.npy,B4-0-0
v=UE_tyZQUU90__#1_label_B4-0-0__0.npy,B4-0-0
v=UE_tyZQUU90__#1_label_B4-0-0__1.npy,B4-0-0
v=UE_tyZQUU90__#1_label_B4-0-0__2.npy,B4-0-0
v=UE_tyZQUU90__#1_label_B4-0-0__3.npy,B4-0-0
v=UE_tyZQUU90__#1_label_B4-0-0__4.npy,B4-0-0
v=UE_tyZQUU90__#1_label_B4-0-0__5.npy,B4-0-0
v=UE_tyZQUU90__#1_label_B4-0-0__6.npy,B4-0-0
v=UE_tyZQUU90__#1_label_B4-0-0__7.npy,B4-0-0
v=UE_tyZQUU90__#1_label_B4-0-0__8.npy,B4-0-0
v=UE_tyZQUU90__#1_label_B4-0-0__9.npy,B4-0-0
v=UrDuQviI_pI__#1_label_B4-0-0__0.npy,B4-0-0
v=UrDuQviI_pI__#1_label_B4-0-0__1.npy,B4-0-0
v=UrDuQviI_pI__#1_label_B4-0-0__2.npy,B4-0-0
v=UrDuQviI_pI__#1_label_B4-0-0__3.npy,B4-0-0
v=UrDuQviI_pI__#1_label_B4-0-0__4.npy,B4-0-0
v=UrDuQviI_pI__#1_label_B4-0-0__5.npy,B4-0-0
v=UrDuQviI_pI__#1_label_B4-0-0__6.npy,B4-0-0
v=UrDuQviI_pI__#1_label_B4-0-0__7.npy,B4-0-0
v=UrDuQviI_pI__#1_label_B4-0-0__8.npy,B4-0-0
v=UrDuQviI_pI__#1_label_B4-0-0__9.npy,B4-0-0
v=UxoL8tHSa7g__#1_label_B4-0-0__0.npy,B4-0-0
v=UxoL8tHSa7g__#1_label_B4-0-0__1.npy,B4-0-0
v=UxoL8tHSa7g__#1_label_B4-0-0__2.npy,B4-0-0
v=UxoL8tHSa7g__#1_label_B4-0-0__3.npy,B4-0-0
v=UxoL8tHSa7g__#1_label_B4-0-0__4.npy,B4-0-0
v=UxoL8tHSa7g__#1_label_B4-0-0__5.npy,B4-0-0
v=UxoL8tHSa7g__#1_label_B4-0-0__6.npy,B4-0-0
v=UxoL8tHSa7g__#1_label_B4-0-0__7.npy,B4-0-0
v=UxoL8tHSa7g__#1_label_B4-0-0__8.npy,B4-0-0
v=UxoL8tHSa7g__#1_label_B4-0-0__9.npy,B4-0-0
v=V-87Zz7xbSA__#1_label_B4-0-0__0.npy,B4-0-0
v=V-87Zz7xbSA__#1_label_B4-0-0__1.npy,B4-0-0
v=V-87Zz7xbSA__#1_label_B4-0-0__2.npy,B4-0-0
v=V-87Zz7xbSA__#1_label_B4-0-0__3.npy,B4-0-0
v=V-87Zz7xbSA__#1_label_B4-0-0__4.npy,B4-0-0
v=V-87Zz7xbSA__#1_label_B4-0-0__5.npy,B4-0-0
v=V-87Zz7xbSA__#1_label_B4-0-0__6.npy,B4-0-0
v=V-87Zz7xbSA__#1_label_B4-0-0__7.npy,B4-0-0
v=V-87Zz7xbSA__#1_label_B4-0-0__8.npy,B4-0-0
v=V-87Zz7xbSA__#1_label_B4-0-0__9.npy,B4-0-0
v=VO0YDRxjvxQ__#1_label_B4-0-0__0.npy,B4-0-0
v=VO0YDRxjvxQ__#1_label_B4-0-0__1.npy,B4-0-0
v=VO0YDRxjvxQ__#1_label_B4-0-0__2.npy,B4-0-0
v=VO0YDRxjvxQ__#1_label_B4-0-0__3.npy,B4-0-0
v=VO0YDRxjvxQ__#1_label_B4-0-0__4.npy,B4-0-0
v=VO0YDRxjvxQ__#1_label_B4-0-0__5.npy,B4-0-0
v=VO0YDRxjvxQ__#1_label_B4-0-0__6.npy,B4-0-0
v=VO0YDRxjvxQ__#1_label_B4-0-0__7.npy,B4-0-0
v=VO0YDRxjvxQ__#1_label_B4-0-0__8.npy,B4-0-0
v=VO0YDRxjvxQ__#1_label_B4-0-0__9.npy,B4-0-0
v=VujWCq60Nqc__#1_label_B4-0-0__0.npy,B4-0-0
v=VujWCq60Nqc__#1_label_B4-0-0__1.npy,B4-0-0
v=VujWCq60Nqc__#1_label_B4-0-0__2.npy,B4-0-0
v=VujWCq60Nqc__#1_label_B4-0-0__3.npy,B4-0-0
v=VujWCq60Nqc__#1_label_B4-0-0__4.npy,B4-0-0
v=VujWCq60Nqc__#1_label_B4-0-0__5.npy,B4-0-0
v=VujWCq60Nqc__#1_label_B4-0-0__6.npy,B4-0-0
v=VujWCq60Nqc__#1_label_B4-0-0__7.npy,B4-0-0
v=VujWCq60Nqc__#1_label_B4-0-0__8.npy,B4-0-0
v=VujWCq60Nqc__#1_label_B4-0-0__9.npy,B4-0-0
v=W1bHOFHyEf0__#1_label_B4-0-0__0.npy,B4-0-0
v=W1bHOFHyEf0__#1_label_B4-0-0__1.npy,B4-0-0
v=W1bHOFHyEf0__#1_label_B4-0-0__2.npy,B4-0-0
v=W1bHOFHyEf0__#1_label_B4-0-0__3.npy,B4-0-0
v=W1bHOFHyEf0__#1_label_B4-0-0__4.npy,B4-0-0
v=W1bHOFHyEf0__#1_label_B4-0-0__5.npy,B4-0-0
v=W1bHOFHyEf0__#1_label_B4-0-0__6.npy,B4-0-0
v=W1bHOFHyEf0__#1_label_B4-0-0__7.npy,B4-0-0
v=W1bHOFHyEf0__#1_label_B4-0-0__8.npy,B4-0-0
v=W1bHOFHyEf0__#1_label_B4-0-0__9.npy,B4-0-0
v=W7FVRlyw6Dg__#1_label_B4-0-0__0.npy,B4-0-0
v=W7FVRlyw6Dg__#1_label_B4-0-0__1.npy,B4-0-0
v=W7FVRlyw6Dg__#1_label_B4-0-0__2.npy,B4-0-0
v=W7FVRlyw6Dg__#1_label_B4-0-0__3.npy,B4-0-0
v=W7FVRlyw6Dg__#1_label_B4-0-0__4.npy,B4-0-0
v=W7FVRlyw6Dg__#1_label_B4-0-0__5.npy,B4-0-0
v=W7FVRlyw6Dg__#1_label_B4-0-0__6.npy,B4-0-0
v=W7FVRlyw6Dg__#1_label_B4-0-0__7.npy,B4-0-0
v=W7FVRlyw6Dg__#1_label_B4-0-0__8.npy,B4-0-0
v=W7FVRlyw6Dg__#1_label_B4-0-0__9.npy,B4-0-0
v=WVMpxkB7vV0__#1_label_B4-0-0__0.npy,B4-0-0
v=WVMpxkB7vV0__#1_label_B4-0-0__1.npy,B4-0-0
v=WVMpxkB7vV0__#1_label_B4-0-0__2.npy,B4-0-0
v=WVMpxkB7vV0__#1_label_B4-0-0__3.npy,B4-0-0
v=WVMpxkB7vV0__#1_label_B4-0-0__4.npy,B4-0-0
v=WVMpxkB7vV0__#1_label_B4-0-0__5.npy,B4-0-0
v=WVMpxkB7vV0__#1_label_B4-0-0__6.npy,B4-0-0
v=WVMpxkB7vV0__#1_label_B4-0-0__7.npy,B4-0-0
v=WVMpxkB7vV0__#1_label_B4-0-0__8.npy,B4-0-0
v=WVMpxkB7vV0__#1_label_B4-0-0__9.npy,B4-0-0
v=WZZDq8S6bhA__#1_label_B4-0-0__0.npy,B4-0-0
v=WZZDq8S6bhA__#1_label_B4-0-0__1.npy,B4-0-0
v=WZZDq8S6bhA__#1_label_B4-0-0__2.npy,B4-0-0
v=WZZDq8S6bhA__#1_label_B4-0-0__3.npy,B4-0-0
v=WZZDq8S6bhA__#1_label_B4-0-0__4.npy,B4-0-0
v=WZZDq8S6bhA__#1_label_B4-0-0__5.npy,B4-0-0
v=WZZDq8S6bhA__#1_label_B4-0-0__6.npy,B4-0-0
v=WZZDq8S6bhA__#1_label_B4-0-0__7.npy,B4-0-0
v=WZZDq8S6bhA__#1_label_B4-0-0__8.npy,B4-0-0
v=WZZDq8S6bhA__#1_label_B4-0-0__9.npy,B4-0-0
v=WuF-VPAnvE0__#1_label_B4-0-0__0.npy,B4-0-0
v=WuF-VPAnvE0__#1_label_B4-0-0__1.npy,B4-0-0
v=WuF-VPAnvE0__#1_label_B4-0-0__2.npy,B4-0-0
v=WuF-VPAnvE0__#1_label_B4-0-0__3.npy,B4-0-0
v=WuF-VPAnvE0__#1_label_B4-0-0__4.npy,B4-0-0
v=WuF-VPAnvE0__#1_label_B4-0-0__5.npy,B4-0-0
v=WuF-VPAnvE0__#1_label_B4-0-0__6.npy,B4-0-0
v=WuF-VPAnvE0__#1_label_B4-0-0__7.npy,B4-0-0
v=WuF-VPAnvE0__#1_label_B4-0-0__8.npy,B4-0-0
v=WuF-VPAnvE0__#1_label_B4-0-0__9.npy,B4-0-0
v=WxaM_H8MTpU__#1_label_B4-0-0__0.npy,B4-0-0
v=WxaM_H8MTpU__#1_label_B4-0-0__1.npy,B4-0-0
v=WxaM_H8MTpU__#1_label_B4-0-0__2.npy,B4-0-0
v=WxaM_H8MTpU__#1_label_B4-0-0__3.npy,B4-0-0
v=WxaM_H8MTpU__#1_label_B4-0-0__4.npy,B4-0-0
v=WxaM_H8MTpU__#1_label_B4-0-0__5.npy,B4-0-0
v=WxaM_H8MTpU__#1_label_B4-0-0__6.npy,B4-0-0
v=WxaM_H8MTpU__#1_label_B4-0-0__7.npy,B4-0-0
v=WxaM_H8MTpU__#1_label_B4-0-0__8.npy,B4-0-0
v=WxaM_H8MTpU__#1_label_B4-0-0__9.npy,B4-0-0
v=X2arbb-wfl0__#1_label_B4-0-0__0.npy,B4-0-0
v=X2arbb-wfl0__#1_label_B4-0-0__1.npy,B4-0-0
v=X2arbb-wfl0__#1_label_B4-0-0__2.npy,B4-0-0
v=X2arbb-wfl0__#1_label_B4-0-0__3.npy,B4-0-0
v=X2arbb-wfl0__#1_label_B4-0-0__4.npy,B4-0-0
v=X2arbb-wfl0__#1_label_B4-0-0__5.npy,B4-0-0
v=X2arbb-wfl0__#1_label_B4-0-0__6.npy,B4-0-0
v=X2arbb-wfl0__#1_label_B4-0-0__7.npy,B4-0-0
v=X2arbb-wfl0__#1_label_B4-0-0__8.npy,B4-0-0
v=X2arbb-wfl0__#1_label_B4-0-0__9.npy,B4-0-0
v=X6BLBhPt9Oc__#1_label_B4-0-0__0.npy,B4-0-0
v=X6BLBhPt9Oc__#1_label_B4-0-0__1.npy,B4-0-0
v=X6BLBhPt9Oc__#1_label_B4-0-0__2.npy,B4-0-0
v=X6BLBhPt9Oc__#1_label_B4-0-0__3.npy,B4-0-0
v=X6BLBhPt9Oc__#1_label_B4-0-0__4.npy,B4-0-0
v=X6BLBhPt9Oc__#1_label_B4-0-0__5.npy,B4-0-0
v=X6BLBhPt9Oc__#1_label_B4-0-0__6.npy,B4-0-0
v=X6BLBhPt9Oc__#1_label_B4-0-0__7.npy,B4-0-0
v=X6BLBhPt9Oc__#1_label_B4-0-0__8.npy,B4-0-0
v=X6BLBhPt9Oc__#1_label_B4-0-0__9.npy,B4-0-0
v=XJ6lGP57EZY__#1_label_B4-0-0__0.npy,B4-0-0
v=XJ6lGP57EZY__#1_label_B4-0-0__1.npy,B4-0-0
v=XJ6lGP57EZY__#1_label_B4-0-0__2.npy,B4-0-0
v=XJ6lGP57EZY__#1_label_B4-0-0__3.npy,B4-0-0
v=XJ6lGP57EZY__#1_label_B4-0-0__4.npy,B4-0-0
v=XJ6lGP57EZY__#1_label_B4-0-0__5.npy,B4-0-0
v=XJ6lGP57EZY__#1_label_B4-0-0__6.npy,B4-0-0
v=XJ6lGP57EZY__#1_label_B4-0-0__7.npy,B4-0-0
v=XJ6lGP57EZY__#1_label_B4-0-0__8.npy,B4-0-0
v=XJ6lGP57EZY__#1_label_B4-0-0__9.npy,B4-0-0
v=XOzk_zfibbw__#1_label_B4-0-0__0.npy,B4-0-0
v=XOzk_zfibbw__#1_label_B4-0-0__1.npy,B4-0-0
v=XOzk_zfibbw__#1_label_B4-0-0__2.npy,B4-0-0
v=XOzk_zfibbw__#1_label_B4-0-0__3.npy,B4-0-0
v=XOzk_zfibbw__#1_label_B4-0-0__4.npy,B4-0-0
v=XOzk_zfibbw__#1_label_B4-0-0__5.npy,B4-0-0
v=XOzk_zfibbw__#1_label_B4-0-0__6.npy,B4-0-0
v=XOzk_zfibbw__#1_label_B4-0-0__7.npy,B4-0-0
v=XOzk_zfibbw__#1_label_B4-0-0__8.npy,B4-0-0
v=XOzk_zfibbw__#1_label_B4-0-0__9.npy,B4-0-0
v=XbvoojoAl7k__#1_label_B4-0-0__0.npy,B4-0-0
v=XbvoojoAl7k__#1_label_B4-0-0__1.npy,B4-0-0
v=XbvoojoAl7k__#1_label_B4-0-0__2.npy,B4-0-0
v=XbvoojoAl7k__#1_label_B4-0-0__3.npy,B4-0-0
v=XbvoojoAl7k__#1_label_B4-0-0__4.npy,B4-0-0
v=XbvoojoAl7k__#1_label_B4-0-0__5.npy,B4-0-0
v=XbvoojoAl7k__#1_label_B4-0-0__6.npy,B4-0-0
v=XbvoojoAl7k__#1_label_B4-0-0__7.npy,B4-0-0
v=XbvoojoAl7k__#1_label_B4-0-0__8.npy,B4-0-0
v=XbvoojoAl7k__#1_label_B4-0-0__9.npy,B4-0-0
v=XjFM_RswttU__#00-00-00_00-03-57_label_B4-0-0__0.npy,B4-0-0
v=XjFM_RswttU__#00-00-00_00-03-57_label_B4-0-0__1.npy,B4-0-0
v=XjFM_RswttU__#00-00-00_00-03-57_label_B4-0-0__2.npy,B4-0-0
v=XjFM_RswttU__#00-00-00_00-03-57_label_B4-0-0__3.npy,B4-0-0
v=XjFM_RswttU__#00-00-00_00-03-57_label_B4-0-0__4.npy,B4-0-0
v=XjFM_RswttU__#00-00-00_00-03-57_label_B4-0-0__5.npy,B4-0-0
v=XjFM_RswttU__#00-00-00_00-03-57_label_B4-0-0__6.npy,B4-0-0
v=XjFM_RswttU__#00-00-00_00-03-57_label_B4-0-0__7.npy,B4-0-0
v=XjFM_RswttU__#00-00-00_00-03-57_label_B4-0-0__8.npy,B4-0-0
v=XjFM_RswttU__#00-00-00_00-03-57_label_B4-0-0__9.npy,B4-0-0
v=XjFM_RswttU__#00-03-57_00-06-06_label_B4-0-0__0.npy,B4-0-0
v=XjFM_RswttU__#00-03-57_00-06-06_label_B4-0-0__1.npy,B4-0-0
v=XjFM_RswttU__#00-03-57_00-06-06_label_B4-0-0__2.npy,B4-0-0
v=XjFM_RswttU__#00-03-57_00-06-06_label_B4-0-0__3.npy,B4-0-0
v=XjFM_RswttU__#00-03-57_00-06-06_label_B4-0-0__4.npy,B4-0-0
v=XjFM_RswttU__#00-03-57_00-06-06_label_B4-0-0__5.npy,B4-0-0
v=XjFM_RswttU__#00-03-57_00-06-06_label_B4-0-0__6.npy,B4-0-0
v=XjFM_RswttU__#00-03-57_00-06-06_label_B4-0-0__7.npy,B4-0-0
v=XjFM_RswttU__#00-03-57_00-06-06_label_B4-0-0__8.npy,B4-0-0
v=XjFM_RswttU__#00-03-57_00-06-06_label_B4-0-0__9.npy,B4-0-0
v=XjFM_RswttU__#00-06-06_00-10-36_label_B4-0-0__0.npy,B4-0-0
v=XjFM_RswttU__#00-06-06_00-10-36_label_B4-0-0__1.npy,B4-0-0
v=XjFM_RswttU__#00-06-06_00-10-36_label_B4-0-0__2.npy,B4-0-0
v=XjFM_RswttU__#00-06-06_00-10-36_label_B4-0-0__3.npy,B4-0-0
v=XjFM_RswttU__#00-06-06_00-10-36_label_B4-0-0__4.npy,B4-0-0
v=XjFM_RswttU__#00-06-06_00-10-36_label_B4-0-0__5.npy,B4-0-0
v=XjFM_RswttU__#00-06-06_00-10-36_label_B4-0-0__6.npy,B4-0-0
v=XjFM_RswttU__#00-06-06_00-10-36_label_B4-0-0__7.npy,B4-0-0
v=XjFM_RswttU__#00-06-06_00-10-36_label_B4-0-0__8.npy,B4-0-0
v=XjFM_RswttU__#00-06-06_00-10-36_label_B4-0-0__9.npy,B4-0-0
v=XjuvJ6in9kk__#1_label_B4-0-0__0.npy,B4-0-0
v=XjuvJ6in9kk__#1_label_B4-0-0__1.npy,B4-0-0
v=XjuvJ6in9kk__#1_label_B4-0-0__2.npy,B4-0-0
v=XjuvJ6in9kk__#1_label_B4-0-0__3.npy,B4-0-0
v=XjuvJ6in9kk__#1_label_B4-0-0__4.npy,B4-0-0
v=XjuvJ6in9kk__#1_label_B4-0-0__5.npy,B4-0-0
v=XjuvJ6in9kk__#1_label_B4-0-0__6.npy,B4-0-0
v=XjuvJ6in9kk__#1_label_B4-0-0__7.npy,B4-0-0
v=XjuvJ6in9kk__#1_label_B4-0-0__8.npy,B4-0-0
v=XjuvJ6in9kk__#1_label_B4-0-0__9.npy,B4-0-0
v=XxVp3LWqZVk__#1_label_B4-0-0__0.npy,B4-0-0
v=XxVp3LWqZVk__#1_label_B4-0-0__1.npy,B4-0-0
v=XxVp3LWqZVk__#1_label_B4-0-0__2.npy,B4-0-0
v=XxVp3LWqZVk__#1_label_B4-0-0__3.npy,B4-0-0
v=XxVp3LWqZVk__#1_label_B4-0-0__4.npy,B4-0-0
v=XxVp3LWqZVk__#1_label_B4-0-0__5.npy,B4-0-0
v=XxVp3LWqZVk__#1_label_B4-0-0__6.npy,B4-0-0
v=XxVp3LWqZVk__#1_label_B4-0-0__7.npy,B4-0-0
v=XxVp3LWqZVk__#1_label_B4-0-0__8.npy,B4-0-0
v=XxVp3LWqZVk__#1_label_B4-0-0__9.npy,B4-0-0
v=Y1rKmZ0xLKw__#1_label_B4-0-0__0.npy,B4-0-0
v=Y1rKmZ0xLKw__#1_label_B4-0-0__1.npy,B4-0-0
v=Y1rKmZ0xLKw__#1_label_B4-0-0__2.npy,B4-0-0
v=Y1rKmZ0xLKw__#1_label_B4-0-0__3.npy,B4-0-0
v=Y1rKmZ0xLKw__#1_label_B4-0-0__4.npy,B4-0-0
v=Y1rKmZ0xLKw__#1_label_B4-0-0__5.npy,B4-0-0
v=Y1rKmZ0xLKw__#1_label_B4-0-0__6.npy,B4-0-0
v=Y1rKmZ0xLKw__#1_label_B4-0-0__7.npy,B4-0-0
v=Y1rKmZ0xLKw__#1_label_B4-0-0__8.npy,B4-0-0
v=Y1rKmZ0xLKw__#1_label_B4-0-0__9.npy,B4-0-0
v=Y43UkfAe_bc__#00-01-40_00-02-27_label_B4-0-0__0.npy,B4-0-0
v=Y43UkfAe_bc__#00-01-40_00-02-27_label_B4-0-0__1.npy,B4-0-0
v=Y43UkfAe_bc__#00-01-40_00-02-27_label_B4-0-0__2.npy,B4-0-0
v=Y43UkfAe_bc__#00-01-40_00-02-27_label_B4-0-0__3.npy,B4-0-0
v=Y43UkfAe_bc__#00-01-40_00-02-27_label_B4-0-0__4.npy,B4-0-0
v=Y43UkfAe_bc__#00-01-40_00-02-27_label_B4-0-0__5.npy,B4-0-0
v=Y43UkfAe_bc__#00-01-40_00-02-27_label_B4-0-0__6.npy,B4-0-0
v=Y43UkfAe_bc__#00-01-40_00-02-27_label_B4-0-0__7.npy,B4-0-0
v=Y43UkfAe_bc__#00-01-40_00-02-27_label_B4-0-0__8.npy,B4-0-0
v=Y43UkfAe_bc__#00-01-40_00-02-27_label_B4-0-0__9.npy,B4-0-0
v=Y43UkfAe_bc__#00-02-27_00-04-28_label_B4-0-0__0.npy,B4-0-0
v=Y43UkfAe_bc__#00-02-27_00-04-28_label_B4-0-0__1.npy,B4-0-0
v=Y43UkfAe_bc__#00-02-27_00-04-28_label_B4-0-0__2.npy,B4-0-0
v=Y43UkfAe_bc__#00-02-27_00-04-28_label_B4-0-0__3.npy,B4-0-0
v=Y43UkfAe_bc__#00-02-27_00-04-28_label_B4-0-0__4.npy,B4-0-0
v=Y43UkfAe_bc__#00-02-27_00-04-28_label_B4-0-0__5.npy,B4-0-0
v=Y43UkfAe_bc__#00-02-27_00-04-28_label_B4-0-0__6.npy,B4-0-0
v=Y43UkfAe_bc__#00-02-27_00-04-28_label_B4-0-0__7.npy,B4-0-0
v=Y43UkfAe_bc__#00-02-27_00-04-28_label_B4-0-0__8.npy,B4-0-0
v=Y43UkfAe_bc__#00-02-27_00-04-28_label_B4-0-0__9.npy,B4-0-0
v=Y43UkfAe_bc__#00-04-28_00-05-48_label_B4-0-0__0.npy,B4-0-0
v=Y43UkfAe_bc__#00-04-28_00-05-48_label_B4-0-0__1.npy,B4-0-0
v=Y43UkfAe_bc__#00-04-28_00-05-48_label_B4-0-0__2.npy,B4-0-0
v=Y43UkfAe_bc__#00-04-28_00-05-48_label_B4-0-0__3.npy,B4-0-0
v=Y43UkfAe_bc__#00-04-28_00-05-48_label_B4-0-0__4.npy,B4-0-0
v=Y43UkfAe_bc__#00-04-28_00-05-48_label_B4-0-0__5.npy,B4-0-0
v=Y43UkfAe_bc__#00-04-28_00-05-48_label_B4-0-0__6.npy,B4-0-0
v=Y43UkfAe_bc__#00-04-28_00-05-48_label_B4-0-0__7.npy,B4-0-0
v=Y43UkfAe_bc__#00-04-28_00-05-48_label_B4-0-0__8.npy,B4-0-0
v=Y43UkfAe_bc__#00-04-28_00-05-48_label_B4-0-0__9.npy,B4-0-0
v=Y43UkfAe_bc__#00-05-48_00-07-17_label_B4-0-0__0.npy,B4-0-0
v=Y43UkfAe_bc__#00-05-48_00-07-17_label_B4-0-0__1.npy,B4-0-0
v=Y43UkfAe_bc__#00-05-48_00-07-17_label_B4-0-0__2.npy,B4-0-0
v=Y43UkfAe_bc__#00-05-48_00-07-17_label_B4-0-0__3.npy,B4-0-0
v=Y43UkfAe_bc__#00-05-48_00-07-17_label_B4-0-0__4.npy,B4-0-0
v=Y43UkfAe_bc__#00-05-48_00-07-17_label_B4-0-0__5.npy,B4-0-0
v=Y43UkfAe_bc__#00-05-48_00-07-17_label_B4-0-0__6.npy,B4-0-0
v=Y43UkfAe_bc__#00-05-48_00-07-17_label_B4-0-0__7.npy,B4-0-0
v=Y43UkfAe_bc__#00-05-48_00-07-17_label_B4-0-0__8.npy,B4-0-0
v=Y43UkfAe_bc__#00-05-48_00-07-17_label_B4-0-0__9.npy,B4-0-0
v=Y5Fl63FjmZM__#1_label_B4-0-0__0.npy,B4-0-0
v=Y5Fl63FjmZM__#1_label_B4-0-0__1.npy,B4-0-0
v=Y5Fl63FjmZM__#1_label_B4-0-0__2.npy,B4-0-0
v=Y5Fl63FjmZM__#1_label_B4-0-0__3.npy,B4-0-0
v=Y5Fl63FjmZM__#1_label_B4-0-0__4.npy,B4-0-0
v=Y5Fl63FjmZM__#1_label_B4-0-0__5.npy,B4-0-0
v=Y5Fl63FjmZM__#1_label_B4-0-0__6.npy,B4-0-0
v=Y5Fl63FjmZM__#1_label_B4-0-0__7.npy,B4-0-0
v=Y5Fl63FjmZM__#1_label_B4-0-0__8.npy,B4-0-0
v=Y5Fl63FjmZM__#1_label_B4-0-0__9.npy,B4-0-0
v=YCsQM1z6COU__#1_label_B4-0-0__0.npy,B4-0-0
v=YCsQM1z6COU__#1_label_B4-0-0__1.npy,B4-0-0
v=YCsQM1z6COU__#1_label_B4-0-0__2.npy,B4-0-0
v=YCsQM1z6COU__#1_label_B4-0-0__3.npy,B4-0-0
v=YCsQM1z6COU__#1_label_B4-0-0__4.npy,B4-0-0
v=YCsQM1z6COU__#1_label_B4-0-0__5.npy,B4-0-0
v=YCsQM1z6COU__#1_label_B4-0-0__6.npy,B4-0-0
v=YCsQM1z6COU__#1_label_B4-0-0__7.npy,B4-0-0
v=YCsQM1z6COU__#1_label_B4-0-0__8.npy,B4-0-0
v=YCsQM1z6COU__#1_label_B4-0-0__9.npy,B4-0-0
v=Z-U7_Pyxwkc__#1_label_B4-0-0__0.npy,B4-0-0
v=Z-U7_Pyxwkc__#1_label_B4-0-0__1.npy,B4-0-0
v=Z-U7_Pyxwkc__#1_label_B4-0-0__2.npy,B4-0-0
v=Z-U7_Pyxwkc__#1_label_B4-0-0__3.npy,B4-0-0
v=Z-U7_Pyxwkc__#1_label_B4-0-0__4.npy,B4-0-0
v=Z-U7_Pyxwkc__#1_label_B4-0-0__5.npy,B4-0-0
v=Z-U7_Pyxwkc__#1_label_B4-0-0__6.npy,B4-0-0
v=Z-U7_Pyxwkc__#1_label_B4-0-0__7.npy,B4-0-0
v=Z-U7_Pyxwkc__#1_label_B4-0-0__8.npy,B4-0-0
v=Z-U7_Pyxwkc__#1_label_B4-0-0__9.npy,B4-0-0
v=Z1h1h8WmP0E__#1_label_B4-0-0__0.npy,B4-0-0
v=Z1h1h8WmP0E__#1_label_B4-0-0__1.npy,B4-0-0
v=Z1h1h8WmP0E__#1_label_B4-0-0__2.npy,B4-0-0
v=Z1h1h8WmP0E__#1_label_B4-0-0__3.npy,B4-0-0
v=Z1h1h8WmP0E__#1_label_B4-0-0__4.npy,B4-0-0
v=Z1h1h8WmP0E__#1_label_B4-0-0__5.npy,B4-0-0
v=Z1h1h8WmP0E__#1_label_B4-0-0__6.npy,B4-0-0
v=Z1h1h8WmP0E__#1_label_B4-0-0__7.npy,B4-0-0
v=Z1h1h8WmP0E__#1_label_B4-0-0__8.npy,B4-0-0
v=Z1h1h8WmP0E__#1_label_B4-0-0__9.npy,B4-0-0
v=ZC0rczrqn5s__#00-00-00_00-04-57_label_B4-0-0__0.npy,B4-0-0
v=ZC0rczrqn5s__#00-00-00_00-04-57_label_B4-0-0__1.npy,B4-0-0
v=ZC0rczrqn5s__#00-00-00_00-04-57_label_B4-0-0__2.npy,B4-0-0
v=ZC0rczrqn5s__#00-00-00_00-04-57_label_B4-0-0__3.npy,B4-0-0
v=ZC0rczrqn5s__#00-00-00_00-04-57_label_B4-0-0__4.npy,B4-0-0
v=ZC0rczrqn5s__#00-00-00_00-04-57_label_B4-0-0__5.npy,B4-0-0
v=ZC0rczrqn5s__#00-00-00_00-04-57_label_B4-0-0__6.npy,B4-0-0
v=ZC0rczrqn5s__#00-00-00_00-04-57_label_B4-0-0__7.npy,B4-0-0
v=ZC0rczrqn5s__#00-00-00_00-04-57_label_B4-0-0__8.npy,B4-0-0
v=ZC0rczrqn5s__#00-00-00_00-04-57_label_B4-0-0__9.npy,B4-0-0
v=ZC0rczrqn5s__#00-04-57_00-08-06_label_B4-0-0__0.npy,B4-0-0
v=ZC0rczrqn5s__#00-04-57_00-08-06_label_B4-0-0__1.npy,B4-0-0
v=ZC0rczrqn5s__#00-04-57_00-08-06_label_B4-0-0__2.npy,B4-0-0
v=ZC0rczrqn5s__#00-04-57_00-08-06_label_B4-0-0__3.npy,B4-0-0
v=ZC0rczrqn5s__#00-04-57_00-08-06_label_B4-0-0__4.npy,B4-0-0
v=ZC0rczrqn5s__#00-04-57_00-08-06_label_B4-0-0__5.npy,B4-0-0
v=ZC0rczrqn5s__#00-04-57_00-08-06_label_B4-0-0__6.npy,B4-0-0
v=ZC0rczrqn5s__#00-04-57_00-08-06_label_B4-0-0__7.npy,B4-0-0
v=ZC0rczrqn5s__#00-04-57_00-08-06_label_B4-0-0__8.npy,B4-0-0
v=ZC0rczrqn5s__#00-04-57_00-08-06_label_B4-0-0__9.npy,B4-0-0
v=ZC0rczrqn5s__#00-08-06_00-13-43_label_B4-0-0__0.npy,B4-0-0
v=ZC0rczrqn5s__#00-08-06_00-13-43_label_B4-0-0__1.npy,B4-0-0
v=ZC0rczrqn5s__#00-08-06_00-13-43_label_B4-0-0__2.npy,B4-0-0
v=ZC0rczrqn5s__#00-08-06_00-13-43_label_B4-0-0__3.npy,B4-0-0
v=ZC0rczrqn5s__#00-08-06_00-13-43_label_B4-0-0__4.npy,B4-0-0
v=ZC0rczrqn5s__#00-08-06_00-13-43_label_B4-0-0__5.npy,B4-0-0
v=ZC0rczrqn5s__#00-08-06_00-13-43_label_B4-0-0__6.npy,B4-0-0
v=ZC0rczrqn5s__#00-08-06_00-13-43_label_B4-0-0__7.npy,B4-0-0
v=ZC0rczrqn5s__#00-08-06_00-13-43_label_B4-0-0__8.npy,B4-0-0
v=ZC0rczrqn5s__#00-08-06_00-13-43_label_B4-0-0__9.npy,B4-0-0
v=ZHo1JkQSoeg__#1_label_B4-0-0__0.npy,B4-0-0
v=ZHo1JkQSoeg__#1_label_B4-0-0__1.npy,B4-0-0
v=ZHo1JkQSoeg__#1_label_B4-0-0__2.npy,B4-0-0
v=ZHo1JkQSoeg__#1_label_B4-0-0__3.npy,B4-0-0
v=ZHo1JkQSoeg__#1_label_B4-0-0__4.npy,B4-0-0
v=ZHo1JkQSoeg__#1_label_B4-0-0__5.npy,B4-0-0
v=ZHo1JkQSoeg__#1_label_B4-0-0__6.npy,B4-0-0
v=ZHo1JkQSoeg__#1_label_B4-0-0__7.npy,B4-0-0
v=ZHo1JkQSoeg__#1_label_B4-0-0__8.npy,B4-0-0
v=ZHo1JkQSoeg__#1_label_B4-0-0__9.npy,B4-0-0
v=ZXWaa5TOqZo__#00-00-00_00-04-07_label_B4-0-0__0.npy,B4-0-0
v=ZXWaa5TOqZo__#00-00-00_00-04-07_label_B4-0-0__1.npy,B4-0-0
v=ZXWaa5TOqZo__#00-00-00_00-04-07_label_B4-0-0__2.npy,B4-0-0
v=ZXWaa5TOqZo__#00-00-00_00-04-07_label_B4-0-0__3.npy,B4-0-0
v=ZXWaa5TOqZo__#00-00-00_00-04-07_label_B4-0-0__4.npy,B4-0-0
v=ZXWaa5TOqZo__#00-00-00_00-04-07_label_B4-0-0__5.npy,B4-0-0
v=ZXWaa5TOqZo__#00-00-00_00-04-07_label_B4-0-0__6.npy,B4-0-0
v=ZXWaa5TOqZo__#00-00-00_00-04-07_label_B4-0-0__7.npy,B4-0-0
v=ZXWaa5TOqZo__#00-00-00_00-04-07_label_B4-0-0__8.npy,B4-0-0
v=ZXWaa5TOqZo__#00-00-00_00-04-07_label_B4-0-0__9.npy,B4-0-0
v=ZXWaa5TOqZo__#00-04-07_00-06-55_label_B4-0-0__0.npy,B4-0-0
v=ZXWaa5TOqZo__#00-04-07_00-06-55_label_B4-0-0__1.npy,B4-0-0
v=ZXWaa5TOqZo__#00-04-07_00-06-55_label_B4-0-0__2.npy,B4-0-0
v=ZXWaa5TOqZo__#00-04-07_00-06-55_label_B4-0-0__3.npy,B4-0-0
v=ZXWaa5TOqZo__#00-04-07_00-06-55_label_B4-0-0__4.npy,B4-0-0
v=ZXWaa5TOqZo__#00-04-07_00-06-55_label_B4-0-0__5.npy,B4-0-0
v=ZXWaa5TOqZo__#00-04-07_00-06-55_label_B4-0-0__6.npy,B4-0-0
v=ZXWaa5TOqZo__#00-04-07_00-06-55_label_B4-0-0__7.npy,B4-0-0
v=ZXWaa5TOqZo__#00-04-07_00-06-55_label_B4-0-0__8.npy,B4-0-0
v=ZXWaa5TOqZo__#00-04-07_00-06-55_label_B4-0-0__9.npy,B4-0-0
v=ZXWaa5TOqZo__#00-06-55_00-13-46_label_B4-0-0__0.npy,B4-0-0
v=ZXWaa5TOqZo__#00-06-55_00-13-46_label_B4-0-0__1.npy,B4-0-0
v=ZXWaa5TOqZo__#00-06-55_00-13-46_label_B4-0-0__2.npy,B4-0-0
v=ZXWaa5TOqZo__#00-06-55_00-13-46_label_B4-0-0__3.npy,B4-0-0
v=ZXWaa5TOqZo__#00-06-55_00-13-46_label_B4-0-0__4.npy,B4-0-0
v=ZXWaa5TOqZo__#00-06-55_00-13-46_label_B4-0-0__5.npy,B4-0-0
v=ZXWaa5TOqZo__#00-06-55_00-13-46_label_B4-0-0__6.npy,B4-0-0
v=ZXWaa5TOqZo__#00-06-55_00-13-46_label_B4-0-0__7.npy,B4-0-0
v=ZXWaa5TOqZo__#00-06-55_00-13-46_label_B4-0-0__8.npy,B4-0-0
v=ZXWaa5TOqZo__#00-06-55_00-13-46_label_B4-0-0__9.npy,B4-0-0
v=ZnFlL84K7HE__#00-00-00_00-09-22_label_B4-0-0__0.npy,B4-0-0
v=ZnFlL84K7HE__#00-00-00_00-09-22_label_B4-0-0__1.npy,B4-0-0
v=ZnFlL84K7HE__#00-00-00_00-09-22_label_B4-0-0__2.npy,B4-0-0
v=ZnFlL84K7HE__#00-00-00_00-09-22_label_B4-0-0__3.npy,B4-0-0
v=ZnFlL84K7HE__#00-00-00_00-09-22_label_B4-0-0__4.npy,B4-0-0
v=ZnFlL84K7HE__#00-00-00_00-09-22_label_B4-0-0__5.npy,B4-0-0
v=ZnFlL84K7HE__#00-00-00_00-09-22_label_B4-0-0__6.npy,B4-0-0
v=ZnFlL84K7HE__#00-00-00_00-09-22_label_B4-0-0__7.npy,B4-0-0
v=ZnFlL84K7HE__#00-00-00_00-09-22_label_B4-0-0__8.npy,B4-0-0
v=ZnFlL84K7HE__#00-00-00_00-09-22_label_B4-0-0__9.npy,B4-0-0
v=ZnFlL84K7HE__#00-09-22_00-15-08_label_B4-0-0__0.npy,B4-0-0
v=ZnFlL84K7HE__#00-09-22_00-15-08_label_B4-0-0__1.npy,B4-0-0
v=ZnFlL84K7HE__#00-09-22_00-15-08_label_B4-0-0__2.npy,B4-0-0
v=ZnFlL84K7HE__#00-09-22_00-15-08_label_B4-0-0__3.npy,B4-0-0
v=ZnFlL84K7HE__#00-09-22_00-15-08_label_B4-0-0__4.npy,B4-0-0
v=ZnFlL84K7HE__#00-09-22_00-15-08_label_B4-0-0__5.npy,B4-0-0
v=ZnFlL84K7HE__#00-09-22_00-15-08_label_B4-0-0__6.npy,B4-0-0
v=ZnFlL84K7HE__#00-09-22_00-15-08_label_B4-0-0__7.npy,B4-0-0
v=ZnFlL84K7HE__#00-09-22_00-15-08_label_B4-0-0__8.npy,B4-0-0
v=ZnFlL84K7HE__#00-09-22_00-15-08_label_B4-0-0__9.npy,B4-0-0
v=ZnFlL84K7HE__#00-15-08_00-22-53_label_B4-0-0__0.npy,B4-0-0
v=ZnFlL84K7HE__#00-15-08_00-22-53_label_B4-0-0__1.npy,B4-0-0
v=ZnFlL84K7HE__#00-15-08_00-22-53_label_B4-0-0__2.npy,B4-0-0
v=ZnFlL84K7HE__#00-15-08_00-22-53_label_B4-0-0__3.npy,B4-0-0
v=ZnFlL84K7HE__#00-15-08_00-22-53_label_B4-0-0__4.npy,B4-0-0
v=ZnFlL84K7HE__#00-15-08_00-22-53_label_B4-0-0__5.npy,B4-0-0
v=ZnFlL84K7HE__#00-15-08_00-22-53_label_B4-0-0__6.npy,B4-0-0
v=ZnFlL84K7HE__#00-15-08_00-22-53_label_B4-0-0__7.npy,B4-0-0
v=ZnFlL84K7HE__#00-15-08_00-22-53_label_B4-0-0__8.npy,B4-0-0
v=ZnFlL84K7HE__#00-15-08_00-22-53_label_B4-0-0__9.npy,B4-0-0
v=ZnFlL84K7HE__#00-22-53_00-27-53_label_B4-0-0__0.npy,B4-0-0
v=ZnFlL84K7HE__#00-22-53_00-27-53_label_B4-0-0__1.npy,B4-0-0
v=ZnFlL84K7HE__#00-22-53_00-27-53_label_B4-0-0__2.npy,B4-0-0
v=ZnFlL84K7HE__#00-22-53_00-27-53_label_B4-0-0__3.npy,B4-0-0
v=ZnFlL84K7HE__#00-22-53_00-27-53_label_B4-0-0__4.npy,B4-0-0
v=ZnFlL84K7HE__#00-22-53_00-27-53_label_B4-0-0__5.npy,B4-0-0
v=ZnFlL84K7HE__#00-22-53_00-27-53_label_B4-0-0__6.npy,B4-0-0
v=ZnFlL84K7HE__#00-22-53_00-27-53_label_B4-0-0__7.npy,B4-0-0
v=ZnFlL84K7HE__#00-22-53_00-27-53_label_B4-0-0__8.npy,B4-0-0
v=ZnFlL84K7HE__#00-22-53_00-27-53_label_B4-0-0__9.npy,B4-0-0
v=Znef2C1jHvs__#1_label_B4-0-0__0.npy,B4-0-0
v=Znef2C1jHvs__#1_label_B4-0-0__1.npy,B4-0-0
v=Znef2C1jHvs__#1_label_B4-0-0__2.npy,B4-0-0
v=Znef2C1jHvs__#1_label_B4-0-0__3.npy,B4-0-0
v=Znef2C1jHvs__#1_label_B4-0-0__4.npy,B4-0-0
v=Znef2C1jHvs__#1_label_B4-0-0__5.npy,B4-0-0
v=Znef2C1jHvs__#1_label_B4-0-0__6.npy,B4-0-0
v=Znef2C1jHvs__#1_label_B4-0-0__7.npy,B4-0-0
v=Znef2C1jHvs__#1_label_B4-0-0__8.npy,B4-0-0
v=Znef2C1jHvs__#1_label_B4-0-0__9.npy,B4-0-0
v=_afU5OF2Uzg__#1_label_B4-0-0__0.npy,B4-0-0
v=_afU5OF2Uzg__#1_label_B4-0-0__1.npy,B4-0-0
v=_afU5OF2Uzg__#1_label_B4-0-0__2.npy,B4-0-0
v=_afU5OF2Uzg__#1_label_B4-0-0__3.npy,B4-0-0
v=_afU5OF2Uzg__#1_label_B4-0-0__4.npy,B4-0-0
v=_afU5OF2Uzg__#1_label_B4-0-0__5.npy,B4-0-0
v=_afU5OF2Uzg__#1_label_B4-0-0__6.npy,B4-0-0
v=_afU5OF2Uzg__#1_label_B4-0-0__7.npy,B4-0-0
v=_afU5OF2Uzg__#1_label_B4-0-0__8.npy,B4-0-0
v=_afU5OF2Uzg__#1_label_B4-0-0__9.npy,B4-0-0
v=a3AtGT-HsK0__#1_label_B4-0-0__0.npy,B4-0-0
v=a3AtGT-HsK0__#1_label_B4-0-0__1.npy,B4-0-0
v=a3AtGT-HsK0__#1_label_B4-0-0__2.npy,B4-0-0
v=a3AtGT-HsK0__#1_label_B4-0-0__3.npy,B4-0-0
v=a3AtGT-HsK0__#1_label_B4-0-0__4.npy,B4-0-0
v=a3AtGT-HsK0__#1_label_B4-0-0__5.npy,B4-0-0
v=a3AtGT-HsK0__#1_label_B4-0-0__6.npy,B4-0-0
v=a3AtGT-HsK0__#1_label_B4-0-0__7.npy,B4-0-0
v=a3AtGT-HsK0__#1_label_B4-0-0__8.npy,B4-0-0
v=a3AtGT-HsK0__#1_label_B4-0-0__9.npy,B4-0-0
v=aDupD4_oWOk__#1_label_B4-0-0__0.npy,B4-0-0
v=aDupD4_oWOk__#1_label_B4-0-0__1.npy,B4-0-0
v=aDupD4_oWOk__#1_label_B4-0-0__2.npy,B4-0-0
v=aDupD4_oWOk__#1_label_B4-0-0__3.npy,B4-0-0
v=aDupD4_oWOk__#1_label_B4-0-0__4.npy,B4-0-0
v=aDupD4_oWOk__#1_label_B4-0-0__5.npy,B4-0-0
v=aDupD4_oWOk__#1_label_B4-0-0__6.npy,B4-0-0
v=aDupD4_oWOk__#1_label_B4-0-0__7.npy,B4-0-0
v=aDupD4_oWOk__#1_label_B4-0-0__8.npy,B4-0-0
v=aDupD4_oWOk__#1_label_B4-0-0__9.npy,B4-0-0
v=aLpml8P58-A__#1_label_B4-0-0__0.npy,B4-0-0
v=aLpml8P58-A__#1_label_B4-0-0__1.npy,B4-0-0
v=aLpml8P58-A__#1_label_B4-0-0__2.npy,B4-0-0
v=aLpml8P58-A__#1_label_B4-0-0__3.npy,B4-0-0
v=aLpml8P58-A__#1_label_B4-0-0__4.npy,B4-0-0
v=aLpml8P58-A__#1_label_B4-0-0__5.npy,B4-0-0
v=aLpml8P58-A__#1_label_B4-0-0__6.npy,B4-0-0
v=aLpml8P58-A__#1_label_B4-0-0__7.npy,B4-0-0
v=aLpml8P58-A__#1_label_B4-0-0__8.npy,B4-0-0
v=aLpml8P58-A__#1_label_B4-0-0__9.npy,B4-0-0
v=aQ3qMpgZjwg__#00-01-48_00-05-18_label_B4-0-0__0.npy,B4-0-0
v=aQ3qMpgZjwg__#00-01-48_00-05-18_label_B4-0-0__1.npy,B4-0-0
v=aQ3qMpgZjwg__#00-01-48_00-05-18_label_B4-0-0__2.npy,B4-0-0
v=aQ3qMpgZjwg__#00-01-48_00-05-18_label_B4-0-0__3.npy,B4-0-0
v=aQ3qMpgZjwg__#00-01-48_00-05-18_label_B4-0-0__4.npy,B4-0-0
v=aQ3qMpgZjwg__#00-01-48_00-05-18_label_B4-0-0__5.npy,B4-0-0
v=aQ3qMpgZjwg__#00-01-48_00-05-18_label_B4-0-0__6.npy,B4-0-0
v=aQ3qMpgZjwg__#00-01-48_00-05-18_label_B4-0-0__7.npy,B4-0-0
v=aQ3qMpgZjwg__#00-01-48_00-05-18_label_B4-0-0__8.npy,B4-0-0
v=aQ3qMpgZjwg__#00-01-48_00-05-18_label_B4-0-0__9.npy,B4-0-0
v=aQ3qMpgZjwg__#00-05-18_00-09-13_label_B4-0-0__0.npy,B4-0-0
v=aQ3qMpgZjwg__#00-05-18_00-09-13_label_B4-0-0__1.npy,B4-0-0
v=aQ3qMpgZjwg__#00-05-18_00-09-13_label_B4-0-0__2.npy,B4-0-0
v=aQ3qMpgZjwg__#00-05-18_00-09-13_label_B4-0-0__3.npy,B4-0-0
v=aQ3qMpgZjwg__#00-05-18_00-09-13_label_B4-0-0__4.npy,B4-0-0
v=aQ3qMpgZjwg__#00-05-18_00-09-13_label_B4-0-0__5.npy,B4-0-0
v=aQ3qMpgZjwg__#00-05-18_00-09-13_label_B4-0-0__6.npy,B4-0-0
v=aQ3qMpgZjwg__#00-05-18_00-09-13_label_B4-0-0__7.npy,B4-0-0
v=aQ3qMpgZjwg__#00-05-18_00-09-13_label_B4-0-0__8.npy,B4-0-0
v=aQ3qMpgZjwg__#00-05-18_00-09-13_label_B4-0-0__9.npy,B4-0-0
v=aaFoHfBfv_8__#1_label_B4-0-0__0.npy,B4-0-0
v=aaFoHfBfv_8__#1_label_B4-0-0__1.npy,B4-0-0
v=aaFoHfBfv_8__#1_label_B4-0-0__2.npy,B4-0-0
v=aaFoHfBfv_8__#1_label_B4-0-0__3.npy,B4-0-0
v=aaFoHfBfv_8__#1_label_B4-0-0__4.npy,B4-0-0
v=aaFoHfBfv_8__#1_label_B4-0-0__5.npy,B4-0-0
v=aaFoHfBfv_8__#1_label_B4-0-0__6.npy,B4-0-0
v=aaFoHfBfv_8__#1_label_B4-0-0__7.npy,B4-0-0
v=aaFoHfBfv_8__#1_label_B4-0-0__8.npy,B4-0-0
v=aaFoHfBfv_8__#1_label_B4-0-0__9.npy,B4-0-0
v=bQ9opSpgDd4__#1_label_B4-0-0__0.npy,B4-0-0
v=bQ9opSpgDd4__#1_label_B4-0-0__1.npy,B4-0-0
v=bQ9opSpgDd4__#1_label_B4-0-0__2.npy,B4-0-0
v=bQ9opSpgDd4__#1_label_B4-0-0__3.npy,B4-0-0
v=bQ9opSpgDd4__#1_label_B4-0-0__4.npy,B4-0-0
v=bQ9opSpgDd4__#1_label_B4-0-0__5.npy,B4-0-0
v=bQ9opSpgDd4__#1_label_B4-0-0__6.npy,B4-0-0
v=bQ9opSpgDd4__#1_label_B4-0-0__7.npy,B4-0-0
v=bQ9opSpgDd4__#1_label_B4-0-0__8.npy,B4-0-0
v=bQ9opSpgDd4__#1_label_B4-0-0__9.npy,B4-0-0
v=bfOlheR5nUQ__#00-06-02_00-08-53_label_B4-0-0__0.npy,B4-0-0
v=bfOlheR5nUQ__#00-06-02_00-08-53_label_B4-0-0__1.npy,B4-0-0
v=bfOlheR5nUQ__#00-06-02_00-08-53_label_B4-0-0__2.npy,B4-0-0
v=bfOlheR5nUQ__#00-06-02_00-08-53_label_B4-0-0__3.npy,B4-0-0
v=bfOlheR5nUQ__#00-06-02_00-08-53_label_B4-0-0__4.npy,B4-0-0
v=bfOlheR5nUQ__#00-06-02_00-08-53_label_B4-0-0__5.npy,B4-0-0
v=bfOlheR5nUQ__#00-06-02_00-08-53_label_B4-0-0__6.npy,B4-0-0
v=bfOlheR5nUQ__#00-06-02_00-08-53_label_B4-0-0__7.npy,B4-0-0
v=bfOlheR5nUQ__#00-06-02_00-08-53_label_B4-0-0__8.npy,B4-0-0
v=bfOlheR5nUQ__#00-06-02_00-08-53_label_B4-0-0__9.npy,B4-0-0
v=bml5E2gBuDk__#1_label_B4-0-0__0.npy,B4-0-0
v=bml5E2gBuDk__#1_label_B4-0-0__1.npy,B4-0-0
v=bml5E2gBuDk__#1_label_B4-0-0__2.npy,B4-0-0
v=bml5E2gBuDk__#1_label_B4-0-0__3.npy,B4-0-0
v=bml5E2gBuDk__#1_label_B4-0-0__4.npy,B4-0-0
v=bml5E2gBuDk__#1_label_B4-0-0__5.npy,B4-0-0
v=bml5E2gBuDk__#1_label_B4-0-0__6.npy,B4-0-0
v=bml5E2gBuDk__#1_label_B4-0-0__7.npy,B4-0-0
v=bml5E2gBuDk__#1_label_B4-0-0__8.npy,B4-0-0
v=bml5E2gBuDk__#1_label_B4-0-0__9.npy,B4-0-0
v=bunhcwSvil8__#1_label_B4-0-0__0.npy,B4-0-0
v=bunhcwSvil8__#1_label_B4-0-0__1.npy,B4-0-0
v=bunhcwSvil8__#1_label_B4-0-0__2.npy,B4-0-0
v=bunhcwSvil8__#1_label_B4-0-0__3.npy,B4-0-0
v=bunhcwSvil8__#1_label_B4-0-0__4.npy,B4-0-0
v=bunhcwSvil8__#1_label_B4-0-0__5.npy,B4-0-0
v=bunhcwSvil8__#1_label_B4-0-0__6.npy,B4-0-0
v=bunhcwSvil8__#1_label_B4-0-0__7.npy,B4-0-0
v=bunhcwSvil8__#1_label_B4-0-0__8.npy,B4-0-0
v=bunhcwSvil8__#1_label_B4-0-0__9.npy,B4-0-0
v=c7reNk6O0ns__#1_label_B4-0-0__0.npy,B4-0-0
v=c7reNk6O0ns__#1_label_B4-0-0__1.npy,B4-0-0
v=c7reNk6O0ns__#1_label_B4-0-0__2.npy,B4-0-0
v=c7reNk6O0ns__#1_label_B4-0-0__3.npy,B4-0-0
v=c7reNk6O0ns__#1_label_B4-0-0__4.npy,B4-0-0
v=c7reNk6O0ns__#1_label_B4-0-0__5.npy,B4-0-0
v=c7reNk6O0ns__#1_label_B4-0-0__6.npy,B4-0-0
v=c7reNk6O0ns__#1_label_B4-0-0__7.npy,B4-0-0
v=c7reNk6O0ns__#1_label_B4-0-0__8.npy,B4-0-0
v=c7reNk6O0ns__#1_label_B4-0-0__9.npy,B4-0-0
v=cGUCq5fpMGo__#1_label_B4-0-0__0.npy,B4-0-0
v=cGUCq5fpMGo__#1_label_B4-0-0__1.npy,B4-0-0
v=cGUCq5fpMGo__#1_label_B4-0-0__2.npy,B4-0-0
v=cGUCq5fpMGo__#1_label_B4-0-0__3.npy,B4-0-0
v=cGUCq5fpMGo__#1_label_B4-0-0__4.npy,B4-0-0
v=cGUCq5fpMGo__#1_label_B4-0-0__5.npy,B4-0-0
v=cGUCq5fpMGo__#1_label_B4-0-0__6.npy,B4-0-0
v=cGUCq5fpMGo__#1_label_B4-0-0__7.npy,B4-0-0
v=cGUCq5fpMGo__#1_label_B4-0-0__8.npy,B4-0-0
v=cGUCq5fpMGo__#1_label_B4-0-0__9.npy,B4-0-0
v=ccvwGYO1KwU__#1_label_B4-0-0__0.npy,B4-0-0
v=ccvwGYO1KwU__#1_label_B4-0-0__1.npy,B4-0-0
v=ccvwGYO1KwU__#1_label_B4-0-0__2.npy,B4-0-0
v=ccvwGYO1KwU__#1_label_B4-0-0__3.npy,B4-0-0
v=ccvwGYO1KwU__#1_label_B4-0-0__4.npy,B4-0-0
v=ccvwGYO1KwU__#1_label_B4-0-0__5.npy,B4-0-0
v=ccvwGYO1KwU__#1_label_B4-0-0__6.npy,B4-0-0
v=ccvwGYO1KwU__#1_label_B4-0-0__7.npy,B4-0-0
v=ccvwGYO1KwU__#1_label_B4-0-0__8.npy,B4-0-0
v=ccvwGYO1KwU__#1_label_B4-0-0__9.npy,B4-0-0
v=crLCw6__dt8__#1_label_B4-0-0__0.npy,B4-0-0
v=crLCw6__dt8__#1_label_B4-0-0__1.npy,B4-0-0
v=crLCw6__dt8__#1_label_B4-0-0__2.npy,B4-0-0
v=crLCw6__dt8__#1_label_B4-0-0__3.npy,B4-0-0
v=crLCw6__dt8__#1_label_B4-0-0__4.npy,B4-0-0
v=crLCw6__dt8__#1_label_B4-0-0__5.npy,B4-0-0
v=crLCw6__dt8__#1_label_B4-0-0__6.npy,B4-0-0
v=crLCw6__dt8__#1_label_B4-0-0__7.npy,B4-0-0
v=crLCw6__dt8__#1_label_B4-0-0__8.npy,B4-0-0
v=crLCw6__dt8__#1_label_B4-0-0__9.npy,B4-0-0
v=d42_ffkgAhw__#1_label_B4-0-0__0.npy,B4-0-0
v=d42_ffkgAhw__#1_label_B4-0-0__1.npy,B4-0-0
v=d42_ffkgAhw__#1_label_B4-0-0__2.npy,B4-0-0
v=d42_ffkgAhw__#1_label_B4-0-0__3.npy,B4-0-0
v=d42_ffkgAhw__#1_label_B4-0-0__4.npy,B4-0-0
v=d42_ffkgAhw__#1_label_B4-0-0__5.npy,B4-0-0
v=d42_ffkgAhw__#1_label_B4-0-0__6.npy,B4-0-0
v=d42_ffkgAhw__#1_label_B4-0-0__7.npy,B4-0-0
v=d42_ffkgAhw__#1_label_B4-0-0__8.npy,B4-0-0
v=d42_ffkgAhw__#1_label_B4-0-0__9.npy,B4-0-0
v=dCOUJ_GJymA__#1_label_B4-0-0__0.npy,B4-0-0
v=dCOUJ_GJymA__#1_label_B4-0-0__1.npy,B4-0-0
v=dCOUJ_GJymA__#1_label_B4-0-0__2.npy,B4-0-0
v=dCOUJ_GJymA__#1_label_B4-0-0__3.npy,B4-0-0
v=dCOUJ_GJymA__#1_label_B4-0-0__4.npy,B4-0-0
v=dCOUJ_GJymA__#1_label_B4-0-0__5.npy,B4-0-0
v=dCOUJ_GJymA__#1_label_B4-0-0__6.npy,B4-0-0
v=dCOUJ_GJymA__#1_label_B4-0-0__7.npy,B4-0-0
v=dCOUJ_GJymA__#1_label_B4-0-0__8.npy,B4-0-0
v=dCOUJ_GJymA__#1_label_B4-0-0__9.npy,B4-0-0
v=dOUiP6CClqc__#1_label_B4-0-0__0.npy,B4-0-0
v=dOUiP6CClqc__#1_label_B4-0-0__1.npy,B4-0-0
v=dOUiP6CClqc__#1_label_B4-0-0__2.npy,B4-0-0
v=dOUiP6CClqc__#1_label_B4-0-0__3.npy,B4-0-0
v=dOUiP6CClqc__#1_label_B4-0-0__4.npy,B4-0-0
v=dOUiP6CClqc__#1_label_B4-0-0__5.npy,B4-0-0
v=dOUiP6CClqc__#1_label_B4-0-0__6.npy,B4-0-0
v=dOUiP6CClqc__#1_label_B4-0-0__7.npy,B4-0-0
v=dOUiP6CClqc__#1_label_B4-0-0__8.npy,B4-0-0
v=dOUiP6CClqc__#1_label_B4-0-0__9.npy,B4-0-0
v=dSECAvBTanQ__#1_label_B4-0-0__0.npy,B4-0-0
v=dSECAvBTanQ__#1_label_B4-0-0__1.npy,B4-0-0
v=dSECAvBTanQ__#1_label_B4-0-0__2.npy,B4-0-0
v=dSECAvBTanQ__#1_label_B4-0-0__3.npy,B4-0-0
v=dSECAvBTanQ__#1_label_B4-0-0__4.npy,B4-0-0
v=dSECAvBTanQ__#1_label_B4-0-0__5.npy,B4-0-0
v=dSECAvBTanQ__#1_label_B4-0-0__6.npy,B4-0-0
v=dSECAvBTanQ__#1_label_B4-0-0__7.npy,B4-0-0
v=dSECAvBTanQ__#1_label_B4-0-0__8.npy,B4-0-0
v=dSECAvBTanQ__#1_label_B4-0-0__9.npy,B4-0-0
v=d_LttcEvc2Y__#1_label_B4-0-0__0.npy,B4-0-0
v=d_LttcEvc2Y__#1_label_B4-0-0__1.npy,B4-0-0
v=d_LttcEvc2Y__#1_label_B4-0-0__2.npy,B4-0-0
v=d_LttcEvc2Y__#1_label_B4-0-0__3.npy,B4-0-0
v=d_LttcEvc2Y__#1_label_B4-0-0__4.npy,B4-0-0
v=d_LttcEvc2Y__#1_label_B4-0-0__5.npy,B4-0-0
v=d_LttcEvc2Y__#1_label_B4-0-0__6.npy,B4-0-0
v=d_LttcEvc2Y__#1_label_B4-0-0__7.npy,B4-0-0
v=d_LttcEvc2Y__#1_label_B4-0-0__8.npy,B4-0-0
v=d_LttcEvc2Y__#1_label_B4-0-0__9.npy,B4-0-0
v=e3LsF4GrfD8__#1_label_B4-0-0__0.npy,B4-0-0
v=e3LsF4GrfD8__#1_label_B4-0-0__1.npy,B4-0-0
v=e3LsF4GrfD8__#1_label_B4-0-0__2.npy,B4-0-0
v=e3LsF4GrfD8__#1_label_B4-0-0__3.npy,B4-0-0
v=e3LsF4GrfD8__#1_label_B4-0-0__4.npy,B4-0-0
v=e3LsF4GrfD8__#1_label_B4-0-0__5.npy,B4-0-0
v=e3LsF4GrfD8__#1_label_B4-0-0__6.npy,B4-0-0
v=e3LsF4GrfD8__#1_label_B4-0-0__7.npy,B4-0-0
v=e3LsF4GrfD8__#1_label_B4-0-0__8.npy,B4-0-0
v=e3LsF4GrfD8__#1_label_B4-0-0__9.npy,B4-0-0
v=eGbGj82SQrE__#1_label_B4-0-0__0.npy,B4-0-0
v=eGbGj82SQrE__#1_label_B4-0-0__1.npy,B4-0-0
v=eGbGj82SQrE__#1_label_B4-0-0__2.npy,B4-0-0
v=eGbGj82SQrE__#1_label_B4-0-0__3.npy,B4-0-0
v=eGbGj82SQrE__#1_label_B4-0-0__4.npy,B4-0-0
v=eGbGj82SQrE__#1_label_B4-0-0__5.npy,B4-0-0
v=eGbGj82SQrE__#1_label_B4-0-0__6.npy,B4-0-0
v=eGbGj82SQrE__#1_label_B4-0-0__7.npy,B4-0-0
v=eGbGj82SQrE__#1_label_B4-0-0__8.npy,B4-0-0
v=eGbGj82SQrE__#1_label_B4-0-0__9.npy,B4-0-0
v=eTNiMMICigY__#00-00-00_00-03-57_label_B4-0-0__0.npy,B4-0-0
v=eTNiMMICigY__#00-00-00_00-03-57_label_B4-0-0__1.npy,B4-0-0
v=eTNiMMICigY__#00-00-00_00-03-57_label_B4-0-0__2.npy,B4-0-0
v=eTNiMMICigY__#00-00-00_00-03-57_label_B4-0-0__3.npy,B4-0-0
v=eTNiMMICigY__#00-00-00_00-03-57_label_B4-0-0__4.npy,B4-0-0
v=eTNiMMICigY__#00-00-00_00-03-57_label_B4-0-0__5.npy,B4-0-0
v=eTNiMMICigY__#00-00-00_00-03-57_label_B4-0-0__6.npy,B4-0-0
v=eTNiMMICigY__#00-00-00_00-03-57_label_B4-0-0__7.npy,B4-0-0
v=eTNiMMICigY__#00-00-00_00-03-57_label_B4-0-0__8.npy,B4-0-0
v=eTNiMMICigY__#00-00-00_00-03-57_label_B4-0-0__9.npy,B4-0-0
v=eXjd7GkHKfU__#00-00-00_00-01-58_label_B4-0-0__0.npy,B4-0-0
v=eXjd7GkHKfU__#00-00-00_00-01-58_label_B4-0-0__1.npy,B4-0-0
v=eXjd7GkHKfU__#00-00-00_00-01-58_label_B4-0-0__2.npy,B4-0-0
v=eXjd7GkHKfU__#00-00-00_00-01-58_label_B4-0-0__3.npy,B4-0-0
v=eXjd7GkHKfU__#00-00-00_00-01-58_label_B4-0-0__4.npy,B4-0-0
v=eXjd7GkHKfU__#00-00-00_00-01-58_label_B4-0-0__5.npy,B4-0-0
v=eXjd7GkHKfU__#00-00-00_00-01-58_label_B4-0-0__6.npy,B4-0-0
v=eXjd7GkHKfU__#00-00-00_00-01-58_label_B4-0-0__7.npy,B4-0-0
v=eXjd7GkHKfU__#00-00-00_00-01-58_label_B4-0-0__8.npy,B4-0-0
v=eXjd7GkHKfU__#00-00-00_00-01-58_label_B4-0-0__9.npy,B4-0-0
v=eXjd7GkHKfU__#00-01-58_00-02-33_label_B4-0-0__0.npy,B4-0-0
v=eXjd7GkHKfU__#00-01-58_00-02-33_label_B4-0-0__1.npy,B4-0-0
v=eXjd7GkHKfU__#00-01-58_00-02-33_label_B4-0-0__2.npy,B4-0-0
v=eXjd7GkHKfU__#00-01-58_00-02-33_label_B4-0-0__3.npy,B4-0-0
v=eXjd7GkHKfU__#00-01-58_00-02-33_label_B4-0-0__4.npy,B4-0-0
v=eXjd7GkHKfU__#00-01-58_00-02-33_label_B4-0-0__5.npy,B4-0-0
v=eXjd7GkHKfU__#00-01-58_00-02-33_label_B4-0-0__6.npy,B4-0-0
v=eXjd7GkHKfU__#00-01-58_00-02-33_label_B4-0-0__7.npy,B4-0-0
v=eXjd7GkHKfU__#00-01-58_00-02-33_label_B4-0-0__8.npy,B4-0-0
v=eXjd7GkHKfU__#00-01-58_00-02-33_label_B4-0-0__9.npy,B4-0-0
v=eXjd7GkHKfU__#00-02-33_00-04-40_label_B4-0-0__0.npy,B4-0-0
v=eXjd7GkHKfU__#00-02-33_00-04-40_label_B4-0-0__1.npy,B4-0-0
v=eXjd7GkHKfU__#00-02-33_00-04-40_label_B4-0-0__2.npy,B4-0-0
v=eXjd7GkHKfU__#00-02-33_00-04-40_label_B4-0-0__3.npy,B4-0-0
v=eXjd7GkHKfU__#00-02-33_00-04-40_label_B4-0-0__4.npy,B4-0-0
v=eXjd7GkHKfU__#00-02-33_00-04-40_label_B4-0-0__5.npy,B4-0-0
v=eXjd7GkHKfU__#00-02-33_00-04-40_label_B4-0-0__6.npy,B4-0-0
v=eXjd7GkHKfU__#00-02-33_00-04-40_label_B4-0-0__7.npy,B4-0-0
v=eXjd7GkHKfU__#00-02-33_00-04-40_label_B4-0-0__8.npy,B4-0-0
v=eXjd7GkHKfU__#00-02-33_00-04-40_label_B4-0-0__9.npy,B4-0-0
v=eXjd7GkHKfU__#00-04-40_00-06-04_label_B4-0-0__0.npy,B4-0-0
v=eXjd7GkHKfU__#00-04-40_00-06-04_label_B4-0-0__1.npy,B4-0-0
v=eXjd7GkHKfU__#00-04-40_00-06-04_label_B4-0-0__2.npy,B4-0-0
v=eXjd7GkHKfU__#00-04-40_00-06-04_label_B4-0-0__3.npy,B4-0-0
v=eXjd7GkHKfU__#00-04-40_00-06-04_label_B4-0-0__4.npy,B4-0-0
v=eXjd7GkHKfU__#00-04-40_00-06-04_label_B4-0-0__5.npy,B4-0-0
v=eXjd7GkHKfU__#00-04-40_00-06-04_label_B4-0-0__6.npy,B4-0-0
v=eXjd7GkHKfU__#00-04-40_00-06-04_label_B4-0-0__7.npy,B4-0-0
v=eXjd7GkHKfU__#00-04-40_00-06-04_label_B4-0-0__8.npy,B4-0-0
v=eXjd7GkHKfU__#00-04-40_00-06-04_label_B4-0-0__9.npy,B4-0-0
v=f0i6Y0_365k__#1_label_B4-0-0__0.npy,B4-0-0
v=f0i6Y0_365k__#1_label_B4-0-0__1.npy,B4-0-0
v=f0i6Y0_365k__#1_label_B4-0-0__2.npy,B4-0-0
v=f0i6Y0_365k__#1_label_B4-0-0__3.npy,B4-0-0
v=f0i6Y0_365k__#1_label_B4-0-0__4.npy,B4-0-0
v=f0i6Y0_365k__#1_label_B4-0-0__5.npy,B4-0-0
v=f0i6Y0_365k__#1_label_B4-0-0__6.npy,B4-0-0
v=f0i6Y0_365k__#1_label_B4-0-0__7.npy,B4-0-0
v=f0i6Y0_365k__#1_label_B4-0-0__8.npy,B4-0-0
v=f0i6Y0_365k__#1_label_B4-0-0__9.npy,B4-0-0
v=f9FMKnfEF2Y__#1_label_B4-0-0__0.npy,B4-0-0
v=f9FMKnfEF2Y__#1_label_B4-0-0__1.npy,B4-0-0
v=f9FMKnfEF2Y__#1_label_B4-0-0__2.npy,B4-0-0
v=f9FMKnfEF2Y__#1_label_B4-0-0__3.npy,B4-0-0
v=f9FMKnfEF2Y__#1_label_B4-0-0__4.npy,B4-0-0
v=f9FMKnfEF2Y__#1_label_B4-0-0__5.npy,B4-0-0
v=f9FMKnfEF2Y__#1_label_B4-0-0__6.npy,B4-0-0
v=f9FMKnfEF2Y__#1_label_B4-0-0__7.npy,B4-0-0
v=f9FMKnfEF2Y__#1_label_B4-0-0__8.npy,B4-0-0
v=f9FMKnfEF2Y__#1_label_B4-0-0__9.npy,B4-0-0
v=fVCA9TXHDxE__#1_label_B4-0-0__0.npy,B4-0-0
v=fVCA9TXHDxE__#1_label_B4-0-0__1.npy,B4-0-0
v=fVCA9TXHDxE__#1_label_B4-0-0__2.npy,B4-0-0
v=fVCA9TXHDxE__#1_label_B4-0-0__3.npy,B4-0-0
v=fVCA9TXHDxE__#1_label_B4-0-0__4.npy,B4-0-0
v=fVCA9TXHDxE__#1_label_B4-0-0__5.npy,B4-0-0
v=fVCA9TXHDxE__#1_label_B4-0-0__6.npy,B4-0-0
v=fVCA9TXHDxE__#1_label_B4-0-0__7.npy,B4-0-0
v=fVCA9TXHDxE__#1_label_B4-0-0__8.npy,B4-0-0
v=fVCA9TXHDxE__#1_label_B4-0-0__9.npy,B4-0-0
v=fjlUZHwh858__#1_label_B4-0-0__0.npy,B4-0-0
v=fjlUZHwh858__#1_label_B4-0-0__1.npy,B4-0-0
v=fjlUZHwh858__#1_label_B4-0-0__2.npy,B4-0-0
v=fjlUZHwh858__#1_label_B4-0-0__3.npy,B4-0-0
v=fjlUZHwh858__#1_label_B4-0-0__4.npy,B4-0-0
v=fjlUZHwh858__#1_label_B4-0-0__5.npy,B4-0-0
v=fjlUZHwh858__#1_label_B4-0-0__6.npy,B4-0-0
v=fjlUZHwh858__#1_label_B4-0-0__7.npy,B4-0-0
v=fjlUZHwh858__#1_label_B4-0-0__8.npy,B4-0-0
v=fjlUZHwh858__#1_label_B4-0-0__9.npy,B4-0-0
v=fv7Gk-Pg7Rw__#1_label_B4-0-0__0.npy,B4-0-0
v=fv7Gk-Pg7Rw__#1_label_B4-0-0__1.npy,B4-0-0
v=fv7Gk-Pg7Rw__#1_label_B4-0-0__2.npy,B4-0-0
v=fv7Gk-Pg7Rw__#1_label_B4-0-0__3.npy,B4-0-0
v=fv7Gk-Pg7Rw__#1_label_B4-0-0__4.npy,B4-0-0
v=fv7Gk-Pg7Rw__#1_label_B4-0-0__5.npy,B4-0-0
v=fv7Gk-Pg7Rw__#1_label_B4-0-0__6.npy,B4-0-0
v=fv7Gk-Pg7Rw__#1_label_B4-0-0__7.npy,B4-0-0
v=fv7Gk-Pg7Rw__#1_label_B4-0-0__8.npy,B4-0-0
v=fv7Gk-Pg7Rw__#1_label_B4-0-0__9.npy,B4-0-0
v=g3nuBRq_kTc__#1_label_B4-0-0__0.npy,B4-0-0
v=g3nuBRq_kTc__#1_label_B4-0-0__1.npy,B4-0-0
v=g3nuBRq_kTc__#1_label_B4-0-0__2.npy,B4-0-0
v=g3nuBRq_kTc__#1_label_B4-0-0__3.npy,B4-0-0
v=g3nuBRq_kTc__#1_label_B4-0-0__4.npy,B4-0-0
v=g3nuBRq_kTc__#1_label_B4-0-0__5.npy,B4-0-0
v=g3nuBRq_kTc__#1_label_B4-0-0__6.npy,B4-0-0
v=g3nuBRq_kTc__#1_label_B4-0-0__7.npy,B4-0-0
v=g3nuBRq_kTc__#1_label_B4-0-0__8.npy,B4-0-0
v=g3nuBRq_kTc__#1_label_B4-0-0__9.npy,B4-0-0
v=g9eyUL1wSv0__#1_label_B4-0-0__0.npy,B4-0-0
v=g9eyUL1wSv0__#1_label_B4-0-0__1.npy,B4-0-0
v=g9eyUL1wSv0__#1_label_B4-0-0__2.npy,B4-0-0
v=g9eyUL1wSv0__#1_label_B4-0-0__3.npy,B4-0-0
v=g9eyUL1wSv0__#1_label_B4-0-0__4.npy,B4-0-0
v=g9eyUL1wSv0__#1_label_B4-0-0__5.npy,B4-0-0
v=g9eyUL1wSv0__#1_label_B4-0-0__6.npy,B4-0-0
v=g9eyUL1wSv0__#1_label_B4-0-0__7.npy,B4-0-0
v=g9eyUL1wSv0__#1_label_B4-0-0__8.npy,B4-0-0
v=g9eyUL1wSv0__#1_label_B4-0-0__9.npy,B4-0-0
v=gcZKnFj2N_E__#1_label_B4-0-0__0.npy,B4-0-0
v=gcZKnFj2N_E__#1_label_B4-0-0__1.npy,B4-0-0
v=gcZKnFj2N_E__#1_label_B4-0-0__2.npy,B4-0-0
v=gcZKnFj2N_E__#1_label_B4-0-0__3.npy,B4-0-0
v=gcZKnFj2N_E__#1_label_B4-0-0__4.npy,B4-0-0
v=gcZKnFj2N_E__#1_label_B4-0-0__5.npy,B4-0-0
v=gcZKnFj2N_E__#1_label_B4-0-0__6.npy,B4-0-0
v=gcZKnFj2N_E__#1_label_B4-0-0__7.npy,B4-0-0
v=gcZKnFj2N_E__#1_label_B4-0-0__8.npy,B4-0-0
v=gcZKnFj2N_E__#1_label_B4-0-0__9.npy,B4-0-0
v=gclZNrpaICM__#1_label_B4-0-0__0.npy,B4-0-0
v=gclZNrpaICM__#1_label_B4-0-0__1.npy,B4-0-0
v=gclZNrpaICM__#1_label_B4-0-0__2.npy,B4-0-0
v=gclZNrpaICM__#1_label_B4-0-0__3.npy,B4-0-0
v=gclZNrpaICM__#1_label_B4-0-0__4.npy,B4-0-0
v=gclZNrpaICM__#1_label_B4-0-0__5.npy,B4-0-0
v=gclZNrpaICM__#1_label_B4-0-0__6.npy,B4-0-0
v=gclZNrpaICM__#1_label_B4-0-0__7.npy,B4-0-0
v=gclZNrpaICM__#1_label_B4-0-0__8.npy,B4-0-0
v=gclZNrpaICM__#1_label_B4-0-0__9.npy,B4-0-0
v=hM1YvOQqY0A__#1_label_B4-0-0__0.npy,B4-0-0
v=hM1YvOQqY0A__#1_label_B4-0-0__1.npy,B4-0-0
v=hM1YvOQqY0A__#1_label_B4-0-0__2.npy,B4-0-0
v=hM1YvOQqY0A__#1_label_B4-0-0__3.npy,B4-0-0
v=hM1YvOQqY0A__#1_label_B4-0-0__4.npy,B4-0-0
v=hM1YvOQqY0A__#1_label_B4-0-0__5.npy,B4-0-0
v=hM1YvOQqY0A__#1_label_B4-0-0__6.npy,B4-0-0
v=hM1YvOQqY0A__#1_label_B4-0-0__7.npy,B4-0-0
v=hM1YvOQqY0A__#1_label_B4-0-0__8.npy,B4-0-0
v=hM1YvOQqY0A__#1_label_B4-0-0__9.npy,B4-0-0
v=hOS0VtiFuUk__#1_label_B4-0-0__0.npy,B4-0-0
v=hOS0VtiFuUk__#1_label_B4-0-0__1.npy,B4-0-0
v=hOS0VtiFuUk__#1_label_B4-0-0__2.npy,B4-0-0
v=hOS0VtiFuUk__#1_label_B4-0-0__3.npy,B4-0-0
v=hOS0VtiFuUk__#1_label_B4-0-0__4.npy,B4-0-0
v=hOS0VtiFuUk__#1_label_B4-0-0__5.npy,B4-0-0
v=hOS0VtiFuUk__#1_label_B4-0-0__6.npy,B4-0-0
v=hOS0VtiFuUk__#1_label_B4-0-0__7.npy,B4-0-0
v=hOS0VtiFuUk__#1_label_B4-0-0__8.npy,B4-0-0
v=hOS0VtiFuUk__#1_label_B4-0-0__9.npy,B4-0-0
v=i6ZQv7fVtl8__#1_label_B4-0-0__0.npy,B4-0-0
v=i6ZQv7fVtl8__#1_label_B4-0-0__1.npy,B4-0-0
v=i6ZQv7fVtl8__#1_label_B4-0-0__2.npy,B4-0-0
v=i6ZQv7fVtl8__#1_label_B4-0-0__3.npy,B4-0-0
v=i6ZQv7fVtl8__#1_label_B4-0-0__4.npy,B4-0-0
v=i6ZQv7fVtl8__#1_label_B4-0-0__5.npy,B4-0-0
v=i6ZQv7fVtl8__#1_label_B4-0-0__6.npy,B4-0-0
v=i6ZQv7fVtl8__#1_label_B4-0-0__7.npy,B4-0-0
v=i6ZQv7fVtl8__#1_label_B4-0-0__8.npy,B4-0-0
v=i6ZQv7fVtl8__#1_label_B4-0-0__9.npy,B4-0-0
v=i9EoT5orLEw__#1_label_B4-0-0__0.npy,B4-0-0
v=i9EoT5orLEw__#1_label_B4-0-0__1.npy,B4-0-0
v=i9EoT5orLEw__#1_label_B4-0-0__2.npy,B4-0-0
v=i9EoT5orLEw__#1_label_B4-0-0__3.npy,B4-0-0
v=i9EoT5orLEw__#1_label_B4-0-0__4.npy,B4-0-0
v=i9EoT5orLEw__#1_label_B4-0-0__5.npy,B4-0-0
v=i9EoT5orLEw__#1_label_B4-0-0__6.npy,B4-0-0
v=i9EoT5orLEw__#1_label_B4-0-0__7.npy,B4-0-0
v=i9EoT5orLEw__#1_label_B4-0-0__8.npy,B4-0-0
v=i9EoT5orLEw__#1_label_B4-0-0__9.npy,B4-0-0
v=icdlBJ2KXzE__#1_label_B4-0-0__0.npy,B4-0-0
v=icdlBJ2KXzE__#1_label_B4-0-0__1.npy,B4-0-0
v=icdlBJ2KXzE__#1_label_B4-0-0__2.npy,B4-0-0
v=icdlBJ2KXzE__#1_label_B4-0-0__3.npy,B4-0-0
v=icdlBJ2KXzE__#1_label_B4-0-0__4.npy,B4-0-0
v=icdlBJ2KXzE__#1_label_B4-0-0__5.npy,B4-0-0
v=icdlBJ2KXzE__#1_label_B4-0-0__6.npy,B4-0-0
v=icdlBJ2KXzE__#1_label_B4-0-0__7.npy,B4-0-0
v=icdlBJ2KXzE__#1_label_B4-0-0__8.npy,B4-0-0
v=icdlBJ2KXzE__#1_label_B4-0-0__9.npy,B4-0-0
v=id-k6p-QHPY__#1_label_B4-0-0__0.npy,B4-0-0
v=id-k6p-QHPY__#1_label_B4-0-0__1.npy,B4-0-0
v=id-k6p-QHPY__#1_label_B4-0-0__2.npy,B4-0-0
v=id-k6p-QHPY__#1_label_B4-0-0__3.npy,B4-0-0
v=id-k6p-QHPY__#1_label_B4-0-0__4.npy,B4-0-0
v=id-k6p-QHPY__#1_label_B4-0-0__5.npy,B4-0-0
v=id-k6p-QHPY__#1_label_B4-0-0__6.npy,B4-0-0
v=id-k6p-QHPY__#1_label_B4-0-0__7.npy,B4-0-0
v=id-k6p-QHPY__#1_label_B4-0-0__8.npy,B4-0-0
v=id-k6p-QHPY__#1_label_B4-0-0__9.npy,B4-0-0
v=idBwMN0E9Qg__#00-00-00_00-05-30_label_B4-0-0__0.npy,B4-0-0
v=idBwMN0E9Qg__#00-00-00_00-05-30_label_B4-0-0__1.npy,B4-0-0
v=idBwMN0E9Qg__#00-00-00_00-05-30_label_B4-0-0__2.npy,B4-0-0
v=idBwMN0E9Qg__#00-00-00_00-05-30_label_B4-0-0__3.npy,B4-0-0
v=idBwMN0E9Qg__#00-00-00_00-05-30_label_B4-0-0__4.npy,B4-0-0
v=idBwMN0E9Qg__#00-00-00_00-05-30_label_B4-0-0__5.npy,B4-0-0
v=idBwMN0E9Qg__#00-00-00_00-05-30_label_B4-0-0__6.npy,B4-0-0
v=idBwMN0E9Qg__#00-00-00_00-05-30_label_B4-0-0__7.npy,B4-0-0
v=idBwMN0E9Qg__#00-00-00_00-05-30_label_B4-0-0__8.npy,B4-0-0
v=idBwMN0E9Qg__#00-00-00_00-05-30_label_B4-0-0__9.npy,B4-0-0
v=idBwMN0E9Qg__#00-05-30_00-10-39_label_B4-0-0__0.npy,B4-0-0
v=idBwMN0E9Qg__#00-05-30_00-10-39_label_B4-0-0__1.npy,B4-0-0
v=idBwMN0E9Qg__#00-05-30_00-10-39_label_B4-0-0__2.npy,B4-0-0
v=idBwMN0E9Qg__#00-05-30_00-10-39_label_B4-0-0__3.npy,B4-0-0
v=idBwMN0E9Qg__#00-05-30_00-10-39_label_B4-0-0__4.npy,B4-0-0
v=idBwMN0E9Qg__#00-05-30_00-10-39_label_B4-0-0__5.npy,B4-0-0
v=idBwMN0E9Qg__#00-05-30_00-10-39_label_B4-0-0__6.npy,B4-0-0
v=idBwMN0E9Qg__#00-05-30_00-10-39_label_B4-0-0__7.npy,B4-0-0
v=idBwMN0E9Qg__#00-05-30_00-10-39_label_B4-0-0__8.npy,B4-0-0
v=idBwMN0E9Qg__#00-05-30_00-10-39_label_B4-0-0__9.npy,B4-0-0
v=idBwMN0E9Qg__#00-10-39_00-18-44_label_B4-0-0__0.npy,B4-0-0
v=idBwMN0E9Qg__#00-10-39_00-18-44_label_B4-0-0__1.npy,B4-0-0
v=idBwMN0E9Qg__#00-10-39_00-18-44_label_B4-0-0__2.npy,B4-0-0
v=idBwMN0E9Qg__#00-10-39_00-18-44_label_B4-0-0__3.npy,B4-0-0
v=idBwMN0E9Qg__#00-10-39_00-18-44_label_B4-0-0__4.npy,B4-0-0
v=idBwMN0E9Qg__#00-10-39_00-18-44_label_B4-0-0__5.npy,B4-0-0
v=idBwMN0E9Qg__#00-10-39_00-18-44_label_B4-0-0__6.npy,B4-0-0
v=idBwMN0E9Qg__#00-10-39_00-18-44_label_B4-0-0__7.npy,B4-0-0
v=idBwMN0E9Qg__#00-10-39_00-18-44_label_B4-0-0__8.npy,B4-0-0
v=idBwMN0E9Qg__#00-10-39_00-18-44_label_B4-0-0__9.npy,B4-0-0
v=idBwMN0E9Qg__#00-18-44_00-24-16_label_B4-0-0__0.npy,B4-0-0
v=idBwMN0E9Qg__#00-18-44_00-24-16_label_B4-0-0__1.npy,B4-0-0
v=idBwMN0E9Qg__#00-18-44_00-24-16_label_B4-0-0__2.npy,B4-0-0
v=idBwMN0E9Qg__#00-18-44_00-24-16_label_B4-0-0__3.npy,B4-0-0
v=idBwMN0E9Qg__#00-18-44_00-24-16_label_B4-0-0__4.npy,B4-0-0
v=idBwMN0E9Qg__#00-18-44_00-24-16_label_B4-0-0__5.npy,B4-0-0
v=idBwMN0E9Qg__#00-18-44_00-24-16_label_B4-0-0__6.npy,B4-0-0
v=idBwMN0E9Qg__#00-18-44_00-24-16_label_B4-0-0__7.npy,B4-0-0
v=idBwMN0E9Qg__#00-18-44_00-24-16_label_B4-0-0__8.npy,B4-0-0
v=idBwMN0E9Qg__#00-18-44_00-24-16_label_B4-0-0__9.npy,B4-0-0
v=iegHZ_UWWsA__#00-00-00_00-08-58_label_B4-0-0__0.npy,B4-0-0
v=iegHZ_UWWsA__#00-00-00_00-08-58_label_B4-0-0__1.npy,B4-0-0
v=iegHZ_UWWsA__#00-00-00_00-08-58_label_B4-0-0__2.npy,B4-0-0
v=iegHZ_UWWsA__#00-00-00_00-08-58_label_B4-0-0__3.npy,B4-0-0
v=iegHZ_UWWsA__#00-00-00_00-08-58_label_B4-0-0__4.npy,B4-0-0
v=iegHZ_UWWsA__#00-00-00_00-08-58_label_B4-0-0__5.npy,B4-0-0
v=iegHZ_UWWsA__#00-00-00_00-08-58_label_B4-0-0__6.npy,B4-0-0
v=iegHZ_UWWsA__#00-00-00_00-08-58_label_B4-0-0__7.npy,B4-0-0
v=iegHZ_UWWsA__#00-00-00_00-08-58_label_B4-0-0__8.npy,B4-0-0
v=iegHZ_UWWsA__#00-00-00_00-08-58_label_B4-0-0__9.npy,B4-0-0
v=iegHZ_UWWsA__#00-08-58_00-14-05_label_B4-0-0__0.npy,B4-0-0
v=iegHZ_UWWsA__#00-08-58_00-14-05_label_B4-0-0__1.npy,B4-0-0
v=iegHZ_UWWsA__#00-08-58_00-14-05_label_B4-0-0__2.npy,B4-0-0
v=iegHZ_UWWsA__#00-08-58_00-14-05_label_B4-0-0__3.npy,B4-0-0
v=iegHZ_UWWsA__#00-08-58_00-14-05_label_B4-0-0__4.npy,B4-0-0
v=iegHZ_UWWsA__#00-08-58_00-14-05_label_B4-0-0__5.npy,B4-0-0
v=iegHZ_UWWsA__#00-08-58_00-14-05_label_B4-0-0__6.npy,B4-0-0
v=iegHZ_UWWsA__#00-08-58_00-14-05_label_B4-0-0__7.npy,B4-0-0
v=iegHZ_UWWsA__#00-08-58_00-14-05_label_B4-0-0__8.npy,B4-0-0
v=iegHZ_UWWsA__#00-08-58_00-14-05_label_B4-0-0__9.npy,B4-0-0
v=iegHZ_UWWsA__#00-20-33_00-24-33_label_B4-0-0__0.npy,B4-0-0
v=iegHZ_UWWsA__#00-20-33_00-24-33_label_B4-0-0__1.npy,B4-0-0
v=iegHZ_UWWsA__#00-20-33_00-24-33_label_B4-0-0__2.npy,B4-0-0
v=iegHZ_UWWsA__#00-20-33_00-24-33_label_B4-0-0__3.npy,B4-0-0
v=iegHZ_UWWsA__#00-20-33_00-24-33_label_B4-0-0__4.npy,B4-0-0
v=iegHZ_UWWsA__#00-20-33_00-24-33_label_B4-0-0__5.npy,B4-0-0
v=iegHZ_UWWsA__#00-20-33_00-24-33_label_B4-0-0__6.npy,B4-0-0
v=iegHZ_UWWsA__#00-20-33_00-24-33_label_B4-0-0__7.npy,B4-0-0
v=iegHZ_UWWsA__#00-20-33_00-24-33_label_B4-0-0__8.npy,B4-0-0
v=iegHZ_UWWsA__#00-20-33_00-24-33_label_B4-0-0__9.npy,B4-0-0
v=iurQ13cc7wA__#1_label_B4-0-0__0.npy,B4-0-0
v=iurQ13cc7wA__#1_label_B4-0-0__1.npy,B4-0-0
v=iurQ13cc7wA__#1_label_B4-0-0__2.npy,B4-0-0
v=iurQ13cc7wA__#1_label_B4-0-0__3.npy,B4-0-0
v=iurQ13cc7wA__#1_label_B4-0-0__4.npy,B4-0-0
v=iurQ13cc7wA__#1_label_B4-0-0__5.npy,B4-0-0
v=iurQ13cc7wA__#1_label_B4-0-0__6.npy,B4-0-0
v=iurQ13cc7wA__#1_label_B4-0-0__7.npy,B4-0-0
v=iurQ13cc7wA__#1_label_B4-0-0__8.npy,B4-0-0
v=iurQ13cc7wA__#1_label_B4-0-0__9.npy,B4-0-0
v=j4rOsg5Ehfc__#1_label_B4-0-0__0.npy,B4-0-0
v=j4rOsg5Ehfc__#1_label_B4-0-0__1.npy,B4-0-0
v=j4rOsg5Ehfc__#1_label_B4-0-0__2.npy,B4-0-0
v=j4rOsg5Ehfc__#1_label_B4-0-0__3.npy,B4-0-0
v=j4rOsg5Ehfc__#1_label_B4-0-0__4.npy,B4-0-0
v=j4rOsg5Ehfc__#1_label_B4-0-0__5.npy,B4-0-0
v=j4rOsg5Ehfc__#1_label_B4-0-0__6.npy,B4-0-0
v=j4rOsg5Ehfc__#1_label_B4-0-0__7.npy,B4-0-0
v=j4rOsg5Ehfc__#1_label_B4-0-0__8.npy,B4-0-0
v=j4rOsg5Ehfc__#1_label_B4-0-0__9.npy,B4-0-0
v=j5UtA48u6eM__#1_label_B4-0-0__0.npy,B4-0-0
v=j5UtA48u6eM__#1_label_B4-0-0__1.npy,B4-0-0
v=j5UtA48u6eM__#1_label_B4-0-0__2.npy,B4-0-0
v=j5UtA48u6eM__#1_label_B4-0-0__3.npy,B4-0-0
v=j5UtA48u6eM__#1_label_B4-0-0__4.npy,B4-0-0
v=j5UtA48u6eM__#1_label_B4-0-0__5.npy,B4-0-0
v=j5UtA48u6eM__#1_label_B4-0-0__6.npy,B4-0-0
v=j5UtA48u6eM__#1_label_B4-0-0__7.npy,B4-0-0
v=j5UtA48u6eM__#1_label_B4-0-0__8.npy,B4-0-0
v=j5UtA48u6eM__#1_label_B4-0-0__9.npy,B4-0-0
v=jxB8e1R4xeA__#1_label_B4-0-0__0.npy,B4-0-0
v=jxB8e1R4xeA__#1_label_B4-0-0__1.npy,B4-0-0
v=jxB8e1R4xeA__#1_label_B4-0-0__2.npy,B4-0-0
v=jxB8e1R4xeA__#1_label_B4-0-0__3.npy,B4-0-0
v=jxB8e1R4xeA__#1_label_B4-0-0__4.npy,B4-0-0
v=jxB8e1R4xeA__#1_label_B4-0-0__5.npy,B4-0-0
v=jxB8e1R4xeA__#1_label_B4-0-0__6.npy,B4-0-0
v=jxB8e1R4xeA__#1_label_B4-0-0__7.npy,B4-0-0
v=jxB8e1R4xeA__#1_label_B4-0-0__8.npy,B4-0-0
v=jxB8e1R4xeA__#1_label_B4-0-0__9.npy,B4-0-0
v=kU1jXuTrm4Y__#1_label_B4-0-0__0.npy,B4-0-0
v=kU1jXuTrm4Y__#1_label_B4-0-0__1.npy,B4-0-0
v=kU1jXuTrm4Y__#1_label_B4-0-0__2.npy,B4-0-0
v=kU1jXuTrm4Y__#1_label_B4-0-0__3.npy,B4-0-0
v=kU1jXuTrm4Y__#1_label_B4-0-0__4.npy,B4-0-0
v=kU1jXuTrm4Y__#1_label_B4-0-0__5.npy,B4-0-0
v=kU1jXuTrm4Y__#1_label_B4-0-0__6.npy,B4-0-0
v=kU1jXuTrm4Y__#1_label_B4-0-0__7.npy,B4-0-0
v=kU1jXuTrm4Y__#1_label_B4-0-0__8.npy,B4-0-0
v=kU1jXuTrm4Y__#1_label_B4-0-0__9.npy,B4-0-0
v=kstMovRph7o__#1_label_B4-0-0__0.npy,B4-0-0
v=kstMovRph7o__#1_label_B4-0-0__1.npy,B4-0-0
v=kstMovRph7o__#1_label_B4-0-0__2.npy,B4-0-0
v=kstMovRph7o__#1_label_B4-0-0__3.npy,B4-0-0
v=kstMovRph7o__#1_label_B4-0-0__4.npy,B4-0-0
v=kstMovRph7o__#1_label_B4-0-0__5.npy,B4-0-0
v=kstMovRph7o__#1_label_B4-0-0__6.npy,B4-0-0
v=kstMovRph7o__#1_label_B4-0-0__7.npy,B4-0-0
v=kstMovRph7o__#1_label_B4-0-0__8.npy,B4-0-0
v=kstMovRph7o__#1_label_B4-0-0__9.npy,B4-0-0
v=kvXkYt1ToE0__#1_label_B4-0-0__0.npy,B4-0-0
v=kvXkYt1ToE0__#1_label_B4-0-0__1.npy,B4-0-0
v=kvXkYt1ToE0__#1_label_B4-0-0__2.npy,B4-0-0
v=kvXkYt1ToE0__#1_label_B4-0-0__3.npy,B4-0-0
v=kvXkYt1ToE0__#1_label_B4-0-0__4.npy,B4-0-0
v=kvXkYt1ToE0__#1_label_B4-0-0__5.npy,B4-0-0
v=kvXkYt1ToE0__#1_label_B4-0-0__6.npy,B4-0-0
v=kvXkYt1ToE0__#1_label_B4-0-0__7.npy,B4-0-0
v=kvXkYt1ToE0__#1_label_B4-0-0__8.npy,B4-0-0
v=kvXkYt1ToE0__#1_label_B4-0-0__9.npy,B4-0-0
v=kxP0SgbaGLU__#1_label_B4-0-0__0.npy,B4-0-0
v=kxP0SgbaGLU__#1_label_B4-0-0__1.npy,B4-0-0
v=kxP0SgbaGLU__#1_label_B4-0-0__2.npy,B4-0-0
v=kxP0SgbaGLU__#1_label_B4-0-0__3.npy,B4-0-0
v=kxP0SgbaGLU__#1_label_B4-0-0__4.npy,B4-0-0
v=kxP0SgbaGLU__#1_label_B4-0-0__5.npy,B4-0-0
v=kxP0SgbaGLU__#1_label_B4-0-0__6.npy,B4-0-0
v=kxP0SgbaGLU__#1_label_B4-0-0__7.npy,B4-0-0
v=kxP0SgbaGLU__#1_label_B4-0-0__8.npy,B4-0-0
v=kxP0SgbaGLU__#1_label_B4-0-0__9.npy,B4-0-0
v=lB_fbdAzKUo__#1_label_B4-0-0__0.npy,B4-0-0
v=lB_fbdAzKUo__#1_label_B4-0-0__1.npy,B4-0-0
v=lB_fbdAzKUo__#1_label_B4-0-0__2.npy,B4-0-0
v=lB_fbdAzKUo__#1_label_B4-0-0__3.npy,B4-0-0
v=lB_fbdAzKUo__#1_label_B4-0-0__4.npy,B4-0-0
v=lB_fbdAzKUo__#1_label_B4-0-0__5.npy,B4-0-0
v=lB_fbdAzKUo__#1_label_B4-0-0__6.npy,B4-0-0
v=lB_fbdAzKUo__#1_label_B4-0-0__7.npy,B4-0-0
v=lB_fbdAzKUo__#1_label_B4-0-0__8.npy,B4-0-0
v=lB_fbdAzKUo__#1_label_B4-0-0__9.npy,B4-0-0
v=lD7dY_aNjiU__#1_label_B4-0-0__0.npy,B4-0-0
v=lD7dY_aNjiU__#1_label_B4-0-0__1.npy,B4-0-0
v=lD7dY_aNjiU__#1_label_B4-0-0__2.npy,B4-0-0
v=lD7dY_aNjiU__#1_label_B4-0-0__3.npy,B4-0-0
v=lD7dY_aNjiU__#1_label_B4-0-0__4.npy,B4-0-0
v=lD7dY_aNjiU__#1_label_B4-0-0__5.npy,B4-0-0
v=lD7dY_aNjiU__#1_label_B4-0-0__6.npy,B4-0-0
v=lD7dY_aNjiU__#1_label_B4-0-0__7.npy,B4-0-0
v=lD7dY_aNjiU__#1_label_B4-0-0__8.npy,B4-0-0
v=lD7dY_aNjiU__#1_label_B4-0-0__9.npy,B4-0-0
v=lLgc2zFoVmE__#1_label_B4-0-0__0.npy,B4-0-0
v=lLgc2zFoVmE__#1_label_B4-0-0__1.npy,B4-0-0
v=lLgc2zFoVmE__#1_label_B4-0-0__2.npy,B4-0-0
v=lLgc2zFoVmE__#1_label_B4-0-0__3.npy,B4-0-0
v=lLgc2zFoVmE__#1_label_B4-0-0__4.npy,B4-0-0
v=lLgc2zFoVmE__#1_label_B4-0-0__5.npy,B4-0-0
v=lLgc2zFoVmE__#1_label_B4-0-0__6.npy,B4-0-0
v=lLgc2zFoVmE__#1_label_B4-0-0__7.npy,B4-0-0
v=lLgc2zFoVmE__#1_label_B4-0-0__8.npy,B4-0-0
v=lLgc2zFoVmE__#1_label_B4-0-0__9.npy,B4-0-0
v=lRdi-WZHxUs__#1_label_B4-0-0__0.npy,B4-0-0
v=lRdi-WZHxUs__#1_label_B4-0-0__1.npy,B4-0-0
v=lRdi-WZHxUs__#1_label_B4-0-0__2.npy,B4-0-0
v=lRdi-WZHxUs__#1_label_B4-0-0__3.npy,B4-0-0
v=lRdi-WZHxUs__#1_label_B4-0-0__4.npy,B4-0-0
v=lRdi-WZHxUs__#1_label_B4-0-0__5.npy,B4-0-0
v=lRdi-WZHxUs__#1_label_B4-0-0__6.npy,B4-0-0
v=lRdi-WZHxUs__#1_label_B4-0-0__7.npy,B4-0-0
v=lRdi-WZHxUs__#1_label_B4-0-0__8.npy,B4-0-0
v=lRdi-WZHxUs__#1_label_B4-0-0__9.npy,B4-0-0
v=l_V-SOG_Fsg__#1_label_B4-0-0__0.npy,B4-0-0
v=l_V-SOG_Fsg__#1_label_B4-0-0__1.npy,B4-0-0
v=l_V-SOG_Fsg__#1_label_B4-0-0__2.npy,B4-0-0
v=l_V-SOG_Fsg__#1_label_B4-0-0__3.npy,B4-0-0
v=l_V-SOG_Fsg__#1_label_B4-0-0__4.npy,B4-0-0
v=l_V-SOG_Fsg__#1_label_B4-0-0__5.npy,B4-0-0
v=l_V-SOG_Fsg__#1_label_B4-0-0__6.npy,B4-0-0
v=l_V-SOG_Fsg__#1_label_B4-0-0__7.npy,B4-0-0
v=l_V-SOG_Fsg__#1_label_B4-0-0__8.npy,B4-0-0
v=l_V-SOG_Fsg__#1_label_B4-0-0__9.npy,B4-0-0
v=ljCrfzOhn3U__#1_label_B4-0-0__0.npy,B4-0-0
v=ljCrfzOhn3U__#1_label_B4-0-0__1.npy,B4-0-0
v=ljCrfzOhn3U__#1_label_B4-0-0__2.npy,B4-0-0
v=ljCrfzOhn3U__#1_label_B4-0-0__3.npy,B4-0-0
v=ljCrfzOhn3U__#1_label_B4-0-0__4.npy,B4-0-0
v=ljCrfzOhn3U__#1_label_B4-0-0__5.npy,B4-0-0
v=ljCrfzOhn3U__#1_label_B4-0-0__6.npy,B4-0-0
v=ljCrfzOhn3U__#1_label_B4-0-0__7.npy,B4-0-0
v=ljCrfzOhn3U__#1_label_B4-0-0__8.npy,B4-0-0
v=ljCrfzOhn3U__#1_label_B4-0-0__9.npy,B4-0-0
v=lrwKV07iQLE__#1_label_B4-0-0__0.npy,B4-0-0
v=lrwKV07iQLE__#1_label_B4-0-0__1.npy,B4-0-0
v=lrwKV07iQLE__#1_label_B4-0-0__2.npy,B4-0-0
v=lrwKV07iQLE__#1_label_B4-0-0__3.npy,B4-0-0
v=lrwKV07iQLE__#1_label_B4-0-0__4.npy,B4-0-0
v=lrwKV07iQLE__#1_label_B4-0-0__5.npy,B4-0-0
v=lrwKV07iQLE__#1_label_B4-0-0__6.npy,B4-0-0
v=lrwKV07iQLE__#1_label_B4-0-0__7.npy,B4-0-0
v=lrwKV07iQLE__#1_label_B4-0-0__8.npy,B4-0-0
v=lrwKV07iQLE__#1_label_B4-0-0__9.npy,B4-0-0
v=lxpWeUrO9k8__#1_label_B4-0-0__0.npy,B4-0-0
v=lxpWeUrO9k8__#1_label_B4-0-0__1.npy,B4-0-0
v=lxpWeUrO9k8__#1_label_B4-0-0__2.npy,B4-0-0
v=lxpWeUrO9k8__#1_label_B4-0-0__3.npy,B4-0-0
v=lxpWeUrO9k8__#1_label_B4-0-0__4.npy,B4-0-0
v=lxpWeUrO9k8__#1_label_B4-0-0__5.npy,B4-0-0
v=lxpWeUrO9k8__#1_label_B4-0-0__6.npy,B4-0-0
v=lxpWeUrO9k8__#1_label_B4-0-0__7.npy,B4-0-0
v=lxpWeUrO9k8__#1_label_B4-0-0__8.npy,B4-0-0
v=lxpWeUrO9k8__#1_label_B4-0-0__9.npy,B4-0-0
v=maP0CAhL_3k__#1_label_B4-0-0__0.npy,B4-0-0
v=maP0CAhL_3k__#1_label_B4-0-0__1.npy,B4-0-0
v=maP0CAhL_3k__#1_label_B4-0-0__2.npy,B4-0-0
v=maP0CAhL_3k__#1_label_B4-0-0__3.npy,B4-0-0
v=maP0CAhL_3k__#1_label_B4-0-0__4.npy,B4-0-0
v=maP0CAhL_3k__#1_label_B4-0-0__5.npy,B4-0-0
v=maP0CAhL_3k__#1_label_B4-0-0__6.npy,B4-0-0
v=maP0CAhL_3k__#1_label_B4-0-0__7.npy,B4-0-0
v=maP0CAhL_3k__#1_label_B4-0-0__8.npy,B4-0-0
v=maP0CAhL_3k__#1_label_B4-0-0__9.npy,B4-0-0
v=mzFahABTUtw__#1_label_B4-0-0__0.npy,B4-0-0
v=mzFahABTUtw__#1_label_B4-0-0__1.npy,B4-0-0
v=mzFahABTUtw__#1_label_B4-0-0__2.npy,B4-0-0
v=mzFahABTUtw__#1_label_B4-0-0__3.npy,B4-0-0
v=mzFahABTUtw__#1_label_B4-0-0__4.npy,B4-0-0
v=mzFahABTUtw__#1_label_B4-0-0__5.npy,B4-0-0
v=mzFahABTUtw__#1_label_B4-0-0__6.npy,B4-0-0
v=mzFahABTUtw__#1_label_B4-0-0__7.npy,B4-0-0
v=mzFahABTUtw__#1_label_B4-0-0__8.npy,B4-0-0
v=mzFahABTUtw__#1_label_B4-0-0__9.npy,B4-0-0
v=n-bMm8L8gwM__#1_label_B4-0-0__0.npy,B4-0-0
v=n-bMm8L8gwM__#1_label_B4-0-0__1.npy,B4-0-0
v=n-bMm8L8gwM__#1_label_B4-0-0__2.npy,B4-0-0
v=n-bMm8L8gwM__#1_label_B4-0-0__3.npy,B4-0-0
v=n-bMm8L8gwM__#1_label_B4-0-0__4.npy,B4-0-0
v=n-bMm8L8gwM__#1_label_B4-0-0__5.npy,B4-0-0
v=n-bMm8L8gwM__#1_label_B4-0-0__6.npy,B4-0-0
v=n-bMm8L8gwM__#1_label_B4-0-0__7.npy,B4-0-0
v=n-bMm8L8gwM__#1_label_B4-0-0__8.npy,B4-0-0
v=n-bMm8L8gwM__#1_label_B4-0-0__9.npy,B4-0-0
v=nB0sjaduikE__#1_label_B4-0-0__0.npy,B4-0-0
v=nB0sjaduikE__#1_label_B4-0-0__1.npy,B4-0-0
v=nB0sjaduikE__#1_label_B4-0-0__2.npy,B4-0-0
v=nB0sjaduikE__#1_label_B4-0-0__3.npy,B4-0-0
v=nB0sjaduikE__#1_label_B4-0-0__4.npy,B4-0-0
v=nB0sjaduikE__#1_label_B4-0-0__5.npy,B4-0-0
v=nB0sjaduikE__#1_label_B4-0-0__6.npy,B4-0-0
v=nB0sjaduikE__#1_label_B4-0-0__7.npy,B4-0-0
v=nB0sjaduikE__#1_label_B4-0-0__8.npy,B4-0-0
v=nB0sjaduikE__#1_label_B4-0-0__9.npy,B4-0-0
v=nRWweMDjnKo__#00-00-00_00-03-34_label_B4-0-0__0.npy,B4-0-0
v=nRWweMDjnKo__#00-00-00_00-03-34_label_B4-0-0__1.npy,B4-0-0
v=nRWweMDjnKo__#00-00-00_00-03-34_label_B4-0-0__2.npy,B4-0-0
v=nRWweMDjnKo__#00-00-00_00-03-34_label_B4-0-0__3.npy,B4-0-0
v=nRWweMDjnKo__#00-00-00_00-03-34_label_B4-0-0__4.npy,B4-0-0
v=nRWweMDjnKo__#00-00-00_00-03-34_label_B4-0-0__5.npy,B4-0-0
v=nRWweMDjnKo__#00-00-00_00-03-34_label_B4-0-0__6.npy,B4-0-0
v=nRWweMDjnKo__#00-00-00_00-03-34_label_B4-0-0__7.npy,B4-0-0
v=nRWweMDjnKo__#00-00-00_00-03-34_label_B4-0-0__8.npy,B4-0-0
v=nRWweMDjnKo__#00-00-00_00-03-34_label_B4-0-0__9.npy,B4-0-0
v=nRWweMDjnKo__#00-03-34_00-06-34_label_B4-0-0__0.npy,B4-0-0
v=nRWweMDjnKo__#00-03-34_00-06-34_label_B4-0-0__1.npy,B4-0-0
v=nRWweMDjnKo__#00-03-34_00-06-34_label_B4-0-0__2.npy,B4-0-0
v=nRWweMDjnKo__#00-03-34_00-06-34_label_B4-0-0__3.npy,B4-0-0
v=nRWweMDjnKo__#00-03-34_00-06-34_label_B4-0-0__4.npy,B4-0-0
v=nRWweMDjnKo__#00-03-34_00-06-34_label_B4-0-0__5.npy,B4-0-0
v=nRWweMDjnKo__#00-03-34_00-06-34_label_B4-0-0__6.npy,B4-0-0
v=nRWweMDjnKo__#00-03-34_00-06-34_label_B4-0-0__7.npy,B4-0-0
v=nRWweMDjnKo__#00-03-34_00-06-34_label_B4-0-0__8.npy,B4-0-0
v=nRWweMDjnKo__#00-03-34_00-06-34_label_B4-0-0__9.npy,B4-0-0
v=nZLg0yIbaV4__#1_label_B4-0-0__0.npy,B4-0-0
v=nZLg0yIbaV4__#1_label_B4-0-0__1.npy,B4-0-0
v=nZLg0yIbaV4__#1_label_B4-0-0__2.npy,B4-0-0
v=nZLg0yIbaV4__#1_label_B4-0-0__3.npy,B4-0-0
v=nZLg0yIbaV4__#1_label_B4-0-0__4.npy,B4-0-0
v=nZLg0yIbaV4__#1_label_B4-0-0__5.npy,B4-0-0
v=nZLg0yIbaV4__#1_label_B4-0-0__6.npy,B4-0-0
v=nZLg0yIbaV4__#1_label_B4-0-0__7.npy,B4-0-0
v=nZLg0yIbaV4__#1_label_B4-0-0__8.npy,B4-0-0
v=nZLg0yIbaV4__#1_label_B4-0-0__9.npy,B4-0-0
v=oF3NZ-HtV70__#1_label_B4-0-0__0.npy,B4-0-0
v=oF3NZ-HtV70__#1_label_B4-0-0__1.npy,B4-0-0
v=oF3NZ-HtV70__#1_label_B4-0-0__2.npy,B4-0-0
v=oF3NZ-HtV70__#1_label_B4-0-0__3.npy,B4-0-0
v=oF3NZ-HtV70__#1_label_B4-0-0__4.npy,B4-0-0
v=oF3NZ-HtV70__#1_label_B4-0-0__5.npy,B4-0-0
v=oF3NZ-HtV70__#1_label_B4-0-0__6.npy,B4-0-0
v=oF3NZ-HtV70__#1_label_B4-0-0__7.npy,B4-0-0
v=oF3NZ-HtV70__#1_label_B4-0-0__8.npy,B4-0-0
v=oF3NZ-HtV70__#1_label_B4-0-0__9.npy,B4-0-0
v=oHAl85RbS5w__#00-00-00_00-01-40_label_B4-0-0__0.npy,B4-0-0
v=oHAl85RbS5w__#00-00-00_00-01-40_label_B4-0-0__1.npy,B4-0-0
v=oHAl85RbS5w__#00-00-00_00-01-40_label_B4-0-0__2.npy,B4-0-0
v=oHAl85RbS5w__#00-00-00_00-01-40_label_B4-0-0__3.npy,B4-0-0
v=oHAl85RbS5w__#00-00-00_00-01-40_label_B4-0-0__4.npy,B4-0-0
v=oHAl85RbS5w__#00-00-00_00-01-40_label_B4-0-0__5.npy,B4-0-0
v=oHAl85RbS5w__#00-00-00_00-01-40_label_B4-0-0__6.npy,B4-0-0
v=oHAl85RbS5w__#00-00-00_00-01-40_label_B4-0-0__7.npy,B4-0-0
v=oHAl85RbS5w__#00-00-00_00-01-40_label_B4-0-0__8.npy,B4-0-0
v=oHAl85RbS5w__#00-00-00_00-01-40_label_B4-0-0__9.npy,B4-0-0
v=oHAl85RbS5w__#00-01-40_00-04-37_label_B4-0-0__0.npy,B4-0-0
v=oHAl85RbS5w__#00-01-40_00-04-37_label_B4-0-0__1.npy,B4-0-0
v=oHAl85RbS5w__#00-01-40_00-04-37_label_B4-0-0__2.npy,B4-0-0
v=oHAl85RbS5w__#00-01-40_00-04-37_label_B4-0-0__3.npy,B4-0-0
v=oHAl85RbS5w__#00-01-40_00-04-37_label_B4-0-0__4.npy,B4-0-0
v=oHAl85RbS5w__#00-01-40_00-04-37_label_B4-0-0__5.npy,B4-0-0
v=oHAl85RbS5w__#00-01-40_00-04-37_label_B4-0-0__6.npy,B4-0-0
v=oHAl85RbS5w__#00-01-40_00-04-37_label_B4-0-0__7.npy,B4-0-0
v=oHAl85RbS5w__#00-01-40_00-04-37_label_B4-0-0__8.npy,B4-0-0
v=oHAl85RbS5w__#00-01-40_00-04-37_label_B4-0-0__9.npy,B4-0-0
v=oHAl85RbS5w__#00-04-27_00-07-22_label_B4-0-0__0.npy,B4-0-0
v=oHAl85RbS5w__#00-04-27_00-07-22_label_B4-0-0__1.npy,B4-0-0
v=oHAl85RbS5w__#00-04-27_00-07-22_label_B4-0-0__2.npy,B4-0-0
v=oHAl85RbS5w__#00-04-27_00-07-22_label_B4-0-0__3.npy,B4-0-0
v=oHAl85RbS5w__#00-04-27_00-07-22_label_B4-0-0__4.npy,B4-0-0
v=oHAl85RbS5w__#00-04-27_00-07-22_label_B4-0-0__5.npy,B4-0-0
v=oHAl85RbS5w__#00-04-27_00-07-22_label_B4-0-0__6.npy,B4-0-0
v=oHAl85RbS5w__#00-04-27_00-07-22_label_B4-0-0__7.npy,B4-0-0
v=oHAl85RbS5w__#00-04-27_00-07-22_label_B4-0-0__8.npy,B4-0-0
v=oHAl85RbS5w__#00-04-27_00-07-22_label_B4-0-0__9.npy,B4-0-0
v=oIcKi1ZdJMw__#1_label_B4-0-0__0.npy,B4-0-0
v=oIcKi1ZdJMw__#1_label_B4-0-0__1.npy,B4-0-0
v=oIcKi1ZdJMw__#1_label_B4-0-0__2.npy,B4-0-0
v=oIcKi1ZdJMw__#1_label_B4-0-0__3.npy,B4-0-0
v=oIcKi1ZdJMw__#1_label_B4-0-0__4.npy,B4-0-0
v=oIcKi1ZdJMw__#1_label_B4-0-0__5.npy,B4-0-0
v=oIcKi1ZdJMw__#1_label_B4-0-0__6.npy,B4-0-0
v=oIcKi1ZdJMw__#1_label_B4-0-0__7.npy,B4-0-0
v=oIcKi1ZdJMw__#1_label_B4-0-0__8.npy,B4-0-0
v=oIcKi1ZdJMw__#1_label_B4-0-0__9.npy,B4-0-0
v=oXWlQxUNFLY__#1_label_B4-0-0__0.npy,B4-0-0
v=oXWlQxUNFLY__#1_label_B4-0-0__1.npy,B4-0-0
v=oXWlQxUNFLY__#1_label_B4-0-0__2.npy,B4-0-0
v=oXWlQxUNFLY__#1_label_B4-0-0__3.npy,B4-0-0
v=oXWlQxUNFLY__#1_label_B4-0-0__4.npy,B4-0-0
v=oXWlQxUNFLY__#1_label_B4-0-0__5.npy,B4-0-0
v=oXWlQxUNFLY__#1_label_B4-0-0__6.npy,B4-0-0
v=oXWlQxUNFLY__#1_label_B4-0-0__7.npy,B4-0-0
v=oXWlQxUNFLY__#1_label_B4-0-0__8.npy,B4-0-0
v=oXWlQxUNFLY__#1_label_B4-0-0__9.npy,B4-0-0
v=o_Jnbrcj3-g__#1_label_B4-0-0__0.npy,B4-0-0
v=o_Jnbrcj3-g__#1_label_B4-0-0__1.npy,B4-0-0
v=o_Jnbrcj3-g__#1_label_B4-0-0__2.npy,B4-0-0
v=o_Jnbrcj3-g__#1_label_B4-0-0__3.npy,B4-0-0
v=o_Jnbrcj3-g__#1_label_B4-0-0__4.npy,B4-0-0
v=o_Jnbrcj3-g__#1_label_B4-0-0__5.npy,B4-0-0
v=o_Jnbrcj3-g__#1_label_B4-0-0__6.npy,B4-0-0
v=o_Jnbrcj3-g__#1_label_B4-0-0__7.npy,B4-0-0
v=o_Jnbrcj3-g__#1_label_B4-0-0__8.npy,B4-0-0
v=o_Jnbrcj3-g__#1_label_B4-0-0__9.npy,B4-0-0
v=o_uUQoQwIZ8__#1_label_B4-0-0__0.npy,B4-0-0
v=o_uUQoQwIZ8__#1_label_B4-0-0__1.npy,B4-0-0
v=o_uUQoQwIZ8__#1_label_B4-0-0__2.npy,B4-0-0
v=o_uUQoQwIZ8__#1_label_B4-0-0__3.npy,B4-0-0
v=o_uUQoQwIZ8__#1_label_B4-0-0__4.npy,B4-0-0
v=o_uUQoQwIZ8__#1_label_B4-0-0__5.npy,B4-0-0
v=o_uUQoQwIZ8__#1_label_B4-0-0__6.npy,B4-0-0
v=o_uUQoQwIZ8__#1_label_B4-0-0__7.npy,B4-0-0
v=o_uUQoQwIZ8__#1_label_B4-0-0__8.npy,B4-0-0
v=o_uUQoQwIZ8__#1_label_B4-0-0__9.npy,B4-0-0
v=oul8c16LzMs__#1_label_B4-0-0__0.npy,B4-0-0
v=oul8c16LzMs__#1_label_B4-0-0__1.npy,B4-0-0
v=oul8c16LzMs__#1_label_B4-0-0__2.npy,B4-0-0
v=oul8c16LzMs__#1_label_B4-0-0__3.npy,B4-0-0
v=oul8c16LzMs__#1_label_B4-0-0__4.npy,B4-0-0
v=oul8c16LzMs__#1_label_B4-0-0__5.npy,B4-0-0
v=oul8c16LzMs__#1_label_B4-0-0__6.npy,B4-0-0
v=oul8c16LzMs__#1_label_B4-0-0__7.npy,B4-0-0
v=oul8c16LzMs__#1_label_B4-0-0__8.npy,B4-0-0
v=oul8c16LzMs__#1_label_B4-0-0__9.npy,B4-0-0
v=p-xGiXv5iGo__#1_label_B4-0-0__0.npy,B4-0-0
v=p-xGiXv5iGo__#1_label_B4-0-0__1.npy,B4-0-0
v=p-xGiXv5iGo__#1_label_B4-0-0__2.npy,B4-0-0
v=p-xGiXv5iGo__#1_label_B4-0-0__3.npy,B4-0-0
v=p-xGiXv5iGo__#1_label_B4-0-0__4.npy,B4-0-0
v=p-xGiXv5iGo__#1_label_B4-0-0__5.npy,B4-0-0
v=p-xGiXv5iGo__#1_label_B4-0-0__6.npy,B4-0-0
v=p-xGiXv5iGo__#1_label_B4-0-0__7.npy,B4-0-0
v=p-xGiXv5iGo__#1_label_B4-0-0__8.npy,B4-0-0
v=p-xGiXv5iGo__#1_label_B4-0-0__9.npy,B4-0-0
v=pFamvR9CpYw__#00-15-20_00-25-20_label_B4-0-0__0.npy,B4-0-0
v=pFamvR9CpYw__#00-15-20_00-25-20_label_B4-0-0__1.npy,B4-0-0
v=pFamvR9CpYw__#00-15-20_00-25-20_label_B4-0-0__2.npy,B4-0-0
v=pFamvR9CpYw__#00-15-20_00-25-20_label_B4-0-0__3.npy,B4-0-0
v=pFamvR9CpYw__#00-15-20_00-25-20_label_B4-0-0__4.npy,B4-0-0
v=pFamvR9CpYw__#00-15-20_00-25-20_label_B4-0-0__5.npy,B4-0-0
v=pFamvR9CpYw__#00-15-20_00-25-20_label_B4-0-0__6.npy,B4-0-0
v=pFamvR9CpYw__#00-15-20_00-25-20_label_B4-0-0__7.npy,B4-0-0
v=pFamvR9CpYw__#00-15-20_00-25-20_label_B4-0-0__8.npy,B4-0-0
v=pFamvR9CpYw__#00-15-20_00-25-20_label_B4-0-0__9.npy,B4-0-0
v=pFamvR9CpYw__#00-25-20_00-35-20_label_B4-0-0__0.npy,B4-0-0
v=pFamvR9CpYw__#00-25-20_00-35-20_label_B4-0-0__1.npy,B4-0-0
v=pFamvR9CpYw__#00-25-20_00-35-20_label_B4-0-0__2.npy,B4-0-0
v=pFamvR9CpYw__#00-25-20_00-35-20_label_B4-0-0__3.npy,B4-0-0
v=pFamvR9CpYw__#00-25-20_00-35-20_label_B4-0-0__4.npy,B4-0-0
v=pFamvR9CpYw__#00-25-20_00-35-20_label_B4-0-0__5.npy,B4-0-0
v=pFamvR9CpYw__#00-25-20_00-35-20_label_B4-0-0__6.npy,B4-0-0
v=pFamvR9CpYw__#00-25-20_00-35-20_label_B4-0-0__7.npy,B4-0-0
v=pFamvR9CpYw__#00-25-20_00-35-20_label_B4-0-0__8.npy,B4-0-0
v=pFamvR9CpYw__#00-25-20_00-35-20_label_B4-0-0__9.npy,B4-0-0
v=pFamvR9CpYw__#00-35-20_00-45-20_label_B4-0-0__0.npy,B4-0-0
v=pFamvR9CpYw__#00-35-20_00-45-20_label_B4-0-0__1.npy,B4-0-0
v=pFamvR9CpYw__#00-35-20_00-45-20_label_B4-0-0__2.npy,B4-0-0
v=pFamvR9CpYw__#00-35-20_00-45-20_label_B4-0-0__3.npy,B4-0-0
v=pFamvR9CpYw__#00-35-20_00-45-20_label_B4-0-0__4.npy,B4-0-0
v=pFamvR9CpYw__#00-35-20_00-45-20_label_B4-0-0__5.npy,B4-0-0
v=pFamvR9CpYw__#00-35-20_00-45-20_label_B4-0-0__6.npy,B4-0-0
v=pFamvR9CpYw__#00-35-20_00-45-20_label_B4-0-0__7.npy,B4-0-0
v=pFamvR9CpYw__#00-35-20_00-45-20_label_B4-0-0__8.npy,B4-0-0
v=pFamvR9CpYw__#00-35-20_00-45-20_label_B4-0-0__9.npy,B4-0-0
v=pFamvR9CpYw__#00-45-20_00-55-20_label_B4-0-0__0.npy,B4-0-0
v=pFamvR9CpYw__#00-45-20_00-55-20_label_B4-0-0__1.npy,B4-0-0
v=pFamvR9CpYw__#00-45-20_00-55-20_label_B4-0-0__2.npy,B4-0-0
v=pFamvR9CpYw__#00-45-20_00-55-20_label_B4-0-0__3.npy,B4-0-0
v=pFamvR9CpYw__#00-45-20_00-55-20_label_B4-0-0__4.npy,B4-0-0
v=pFamvR9CpYw__#00-45-20_00-55-20_label_B4-0-0__5.npy,B4-0-0
v=pFamvR9CpYw__#00-45-20_00-55-20_label_B4-0-0__6.npy,B4-0-0
v=pFamvR9CpYw__#00-45-20_00-55-20_label_B4-0-0__7.npy,B4-0-0
v=pFamvR9CpYw__#00-45-20_00-55-20_label_B4-0-0__8.npy,B4-0-0
v=pFamvR9CpYw__#00-45-20_00-55-20_label_B4-0-0__9.npy,B4-0-0
v=pFamvR9CpYw__#00-55-20_01-05-45_label_B4-0-0__0.npy,B4-0-0
v=pFamvR9CpYw__#00-55-20_01-05-45_label_B4-0-0__1.npy,B4-0-0
v=pFamvR9CpYw__#00-55-20_01-05-45_label_B4-0-0__2.npy,B4-0-0
v=pFamvR9CpYw__#00-55-20_01-05-45_label_B4-0-0__3.npy,B4-0-0
v=pFamvR9CpYw__#00-55-20_01-05-45_label_B4-0-0__4.npy,B4-0-0
v=pFamvR9CpYw__#00-55-20_01-05-45_label_B4-0-0__5.npy,B4-0-0
v=pFamvR9CpYw__#00-55-20_01-05-45_label_B4-0-0__6.npy,B4-0-0
v=pFamvR9CpYw__#00-55-20_01-05-45_label_B4-0-0__7.npy,B4-0-0
v=pFamvR9CpYw__#00-55-20_01-05-45_label_B4-0-0__8.npy,B4-0-0
v=pFamvR9CpYw__#00-55-20_01-05-45_label_B4-0-0__9.npy,B4-0-0
v=pt0viAHE6Bg__#1_label_B4-0-0__0.npy,B4-0-0
v=pt0viAHE6Bg__#1_label_B4-0-0__1.npy,B4-0-0
v=pt0viAHE6Bg__#1_label_B4-0-0__2.npy,B4-0-0
v=pt0viAHE6Bg__#1_label_B4-0-0__3.npy,B4-0-0
v=pt0viAHE6Bg__#1_label_B4-0-0__4.npy,B4-0-0
v=pt0viAHE6Bg__#1_label_B4-0-0__5.npy,B4-0-0
v=pt0viAHE6Bg__#1_label_B4-0-0__6.npy,B4-0-0
v=pt0viAHE6Bg__#1_label_B4-0-0__7.npy,B4-0-0
v=pt0viAHE6Bg__#1_label_B4-0-0__8.npy,B4-0-0
v=pt0viAHE6Bg__#1_label_B4-0-0__9.npy,B4-0-0
v=q1tQa14sUWw__#1_label_B4-0-0__0.npy,B4-0-0
v=q1tQa14sUWw__#1_label_B4-0-0__1.npy,B4-0-0
v=q1tQa14sUWw__#1_label_B4-0-0__2.npy,B4-0-0
v=q1tQa14sUWw__#1_label_B4-0-0__3.npy,B4-0-0
v=q1tQa14sUWw__#1_label_B4-0-0__4.npy,B4-0-0
v=q1tQa14sUWw__#1_label_B4-0-0__5.npy,B4-0-0
v=q1tQa14sUWw__#1_label_B4-0-0__6.npy,B4-0-0
v=q1tQa14sUWw__#1_label_B4-0-0__7.npy,B4-0-0
v=q1tQa14sUWw__#1_label_B4-0-0__8.npy,B4-0-0
v=q1tQa14sUWw__#1_label_B4-0-0__9.npy,B4-0-0
v=qMKPbXh4870__#1_label_B4-0-0__0.npy,B4-0-0
v=qMKPbXh4870__#1_label_B4-0-0__1.npy,B4-0-0
v=qMKPbXh4870__#1_label_B4-0-0__2.npy,B4-0-0
v=qMKPbXh4870__#1_label_B4-0-0__3.npy,B4-0-0
v=qMKPbXh4870__#1_label_B4-0-0__4.npy,B4-0-0
v=qMKPbXh4870__#1_label_B4-0-0__5.npy,B4-0-0
v=qMKPbXh4870__#1_label_B4-0-0__6.npy,B4-0-0
v=qMKPbXh4870__#1_label_B4-0-0__7.npy,B4-0-0
v=qMKPbXh4870__#1_label_B4-0-0__8.npy,B4-0-0
v=qMKPbXh4870__#1_label_B4-0-0__9.npy,B4-0-0
v=qtqQeJ315nw__#1_label_B4-0-0__0.npy,B4-0-0
v=qtqQeJ315nw__#1_label_B4-0-0__1.npy,B4-0-0
v=qtqQeJ315nw__#1_label_B4-0-0__2.npy,B4-0-0
v=qtqQeJ315nw__#1_label_B4-0-0__3.npy,B4-0-0
v=qtqQeJ315nw__#1_label_B4-0-0__4.npy,B4-0-0
v=qtqQeJ315nw__#1_label_B4-0-0__5.npy,B4-0-0
v=qtqQeJ315nw__#1_label_B4-0-0__6.npy,B4-0-0
v=qtqQeJ315nw__#1_label_B4-0-0__7.npy,B4-0-0
v=qtqQeJ315nw__#1_label_B4-0-0__8.npy,B4-0-0
v=qtqQeJ315nw__#1_label_B4-0-0__9.npy,B4-0-0
v=r2ihCkSMsf8__#1_label_B4-0-0__0.npy,B4-0-0
v=r2ihCkSMsf8__#1_label_B4-0-0__1.npy,B4-0-0
v=r2ihCkSMsf8__#1_label_B4-0-0__2.npy,B4-0-0
v=r2ihCkSMsf8__#1_label_B4-0-0__3.npy,B4-0-0
v=r2ihCkSMsf8__#1_label_B4-0-0__4.npy,B4-0-0
v=r2ihCkSMsf8__#1_label_B4-0-0__5.npy,B4-0-0
v=r2ihCkSMsf8__#1_label_B4-0-0__6.npy,B4-0-0
v=r2ihCkSMsf8__#1_label_B4-0-0__7.npy,B4-0-0
v=r2ihCkSMsf8__#1_label_B4-0-0__8.npy,B4-0-0
v=r2ihCkSMsf8__#1_label_B4-0-0__9.npy,B4-0-0
v=rAfhOSNp16g__#1_label_B4-0-0__0.npy,B4-0-0
v=rAfhOSNp16g__#1_label_B4-0-0__1.npy,B4-0-0
v=rAfhOSNp16g__#1_label_B4-0-0__2.npy,B4-0-0
v=rAfhOSNp16g__#1_label_B4-0-0__3.npy,B4-0-0
v=rAfhOSNp16g__#1_label_B4-0-0__4.npy,B4-0-0
v=rAfhOSNp16g__#1_label_B4-0-0__5.npy,B4-0-0
v=rAfhOSNp16g__#1_label_B4-0-0__6.npy,B4-0-0
v=rAfhOSNp16g__#1_label_B4-0-0__7.npy,B4-0-0
v=rAfhOSNp16g__#1_label_B4-0-0__8.npy,B4-0-0
v=rAfhOSNp16g__#1_label_B4-0-0__9.npy,B4-0-0
v=rJaiUINXyiY__#1_label_B4-0-0__0.npy,B4-0-0
v=rJaiUINXyiY__#1_label_B4-0-0__1.npy,B4-0-0
v=rJaiUINXyiY__#1_label_B4-0-0__2.npy,B4-0-0
v=rJaiUINXyiY__#1_label_B4-0-0__3.npy,B4-0-0
v=rJaiUINXyiY__#1_label_B4-0-0__4.npy,B4-0-0
v=rJaiUINXyiY__#1_label_B4-0-0__5.npy,B4-0-0
v=rJaiUINXyiY__#1_label_B4-0-0__6.npy,B4-0-0
v=rJaiUINXyiY__#1_label_B4-0-0__7.npy,B4-0-0
v=rJaiUINXyiY__#1_label_B4-0-0__8.npy,B4-0-0
v=rJaiUINXyiY__#1_label_B4-0-0__9.npy,B4-0-0
v=rJoi8kUaFTA__#1_label_B4-0-0__0.npy,B4-0-0
v=rJoi8kUaFTA__#1_label_B4-0-0__1.npy,B4-0-0
v=rJoi8kUaFTA__#1_label_B4-0-0__2.npy,B4-0-0
v=rJoi8kUaFTA__#1_label_B4-0-0__3.npy,B4-0-0
v=rJoi8kUaFTA__#1_label_B4-0-0__4.npy,B4-0-0
v=rJoi8kUaFTA__#1_label_B4-0-0__5.npy,B4-0-0
v=rJoi8kUaFTA__#1_label_B4-0-0__6.npy,B4-0-0
v=rJoi8kUaFTA__#1_label_B4-0-0__7.npy,B4-0-0
v=rJoi8kUaFTA__#1_label_B4-0-0__8.npy,B4-0-0
v=rJoi8kUaFTA__#1_label_B4-0-0__9.npy,B4-0-0
v=rKpXqwE2rg8__#00-00-00_00-01-57_label_B4-0-0__0.npy,B4-0-0
v=rKpXqwE2rg8__#00-00-00_00-01-57_label_B4-0-0__1.npy,B4-0-0
v=rKpXqwE2rg8__#00-00-00_00-01-57_label_B4-0-0__2.npy,B4-0-0
v=rKpXqwE2rg8__#00-00-00_00-01-57_label_B4-0-0__3.npy,B4-0-0
v=rKpXqwE2rg8__#00-00-00_00-01-57_label_B4-0-0__4.npy,B4-0-0
v=rKpXqwE2rg8__#00-00-00_00-01-57_label_B4-0-0__5.npy,B4-0-0
v=rKpXqwE2rg8__#00-00-00_00-01-57_label_B4-0-0__6.npy,B4-0-0
v=rKpXqwE2rg8__#00-00-00_00-01-57_label_B4-0-0__7.npy,B4-0-0
v=rKpXqwE2rg8__#00-00-00_00-01-57_label_B4-0-0__8.npy,B4-0-0
v=rKpXqwE2rg8__#00-00-00_00-01-57_label_B4-0-0__9.npy,B4-0-0
v=rKpXqwE2rg8__#00-03-06_00-04-46_label_B4-0-0__0.npy,B4-0-0
v=rKpXqwE2rg8__#00-03-06_00-04-46_label_B4-0-0__1.npy,B4-0-0
v=rKpXqwE2rg8__#00-03-06_00-04-46_label_B4-0-0__2.npy,B4-0-0
v=rKpXqwE2rg8__#00-03-06_00-04-46_label_B4-0-0__3.npy,B4-0-0
v=rKpXqwE2rg8__#00-03-06_00-04-46_label_B4-0-0__4.npy,B4-0-0
v=rKpXqwE2rg8__#00-03-06_00-04-46_label_B4-0-0__5.npy,B4-0-0
v=rKpXqwE2rg8__#00-03-06_00-04-46_label_B4-0-0__6.npy,B4-0-0
v=rKpXqwE2rg8__#00-03-06_00-04-46_label_B4-0-0__7.npy,B4-0-0
v=rKpXqwE2rg8__#00-03-06_00-04-46_label_B4-0-0__8.npy,B4-0-0
v=rKpXqwE2rg8__#00-03-06_00-04-46_label_B4-0-0__9.npy,B4-0-0
v=rKpXqwE2rg8__#00-04-46_00-06-23_label_B4-0-0__0.npy,B4-0-0
v=rKpXqwE2rg8__#00-04-46_00-06-23_label_B4-0-0__1.npy,B4-0-0
v=rKpXqwE2rg8__#00-04-46_00-06-23_label_B4-0-0__2.npy,B4-0-0
v=rKpXqwE2rg8__#00-04-46_00-06-23_label_B4-0-0__3.npy,B4-0-0
v=rKpXqwE2rg8__#00-04-46_00-06-23_label_B4-0-0__4.npy,B4-0-0
v=rKpXqwE2rg8__#00-04-46_00-06-23_label_B4-0-0__5.npy,B4-0-0
v=rKpXqwE2rg8__#00-04-46_00-06-23_label_B4-0-0__6.npy,B4-0-0
v=rKpXqwE2rg8__#00-04-46_00-06-23_label_B4-0-0__7.npy,B4-0-0
v=rKpXqwE2rg8__#00-04-46_00-06-23_label_B4-0-0__8.npy,B4-0-0
v=rKpXqwE2rg8__#00-04-46_00-06-23_label_B4-0-0__9.npy,B4-0-0
v=rKpXqwE2rg8__#00-06-23_00-09-55_label_B4-0-0__0.npy,B4-0-0
v=rKpXqwE2rg8__#00-06-23_00-09-55_label_B4-0-0__1.npy,B4-0-0
v=rKpXqwE2rg8__#00-06-23_00-09-55_label_B4-0-0__2.npy,B4-0-0
v=rKpXqwE2rg8__#00-06-23_00-09-55_label_B4-0-0__3.npy,B4-0-0
v=rKpXqwE2rg8__#00-06-23_00-09-55_label_B4-0-0__4.npy,B4-0-0
v=rKpXqwE2rg8__#00-06-23_00-09-55_label_B4-0-0__5.npy,B4-0-0
v=rKpXqwE2rg8__#00-06-23_00-09-55_label_B4-0-0__6.npy,B4-0-0
v=rKpXqwE2rg8__#00-06-23_00-09-55_label_B4-0-0__7.npy,B4-0-0
v=rKpXqwE2rg8__#00-06-23_00-09-55_label_B4-0-0__8.npy,B4-0-0
v=rKpXqwE2rg8__#00-06-23_00-09-55_label_B4-0-0__9.npy,B4-0-0
v=rVZxrx_qxgA__#00-00-00_00-06-32_label_B4-0-0__0.npy,B4-0-0
v=rVZxrx_qxgA__#00-00-00_00-06-32_label_B4-0-0__1.npy,B4-0-0
v=rVZxrx_qxgA__#00-00-00_00-06-32_label_B4-0-0__2.npy,B4-0-0
v=rVZxrx_qxgA__#00-00-00_00-06-32_label_B4-0-0__3.npy,B4-0-0
v=rVZxrx_qxgA__#00-00-00_00-06-32_label_B4-0-0__4.npy,B4-0-0
v=rVZxrx_qxgA__#00-00-00_00-06-32_label_B4-0-0__5.npy,B4-0-0
v=rVZxrx_qxgA__#00-00-00_00-06-32_label_B4-0-0__6.npy,B4-0-0
v=rVZxrx_qxgA__#00-00-00_00-06-32_label_B4-0-0__7.npy,B4-0-0
v=rVZxrx_qxgA__#00-00-00_00-06-32_label_B4-0-0__8.npy,B4-0-0
v=rVZxrx_qxgA__#00-00-00_00-06-32_label_B4-0-0__9.npy,B4-0-0
v=rVZxrx_qxgA__#00-06-32_00-09-55_label_B4-0-0__0.npy,B4-0-0
v=rVZxrx_qxgA__#00-06-32_00-09-55_label_B4-0-0__1.npy,B4-0-0
v=rVZxrx_qxgA__#00-06-32_00-09-55_label_B4-0-0__2.npy,B4-0-0
v=rVZxrx_qxgA__#00-06-32_00-09-55_label_B4-0-0__3.npy,B4-0-0
v=rVZxrx_qxgA__#00-06-32_00-09-55_label_B4-0-0__4.npy,B4-0-0
v=rVZxrx_qxgA__#00-06-32_00-09-55_label_B4-0-0__5.npy,B4-0-0
v=rVZxrx_qxgA__#00-06-32_00-09-55_label_B4-0-0__6.npy,B4-0-0
v=rVZxrx_qxgA__#00-06-32_00-09-55_label_B4-0-0__7.npy,B4-0-0
v=rVZxrx_qxgA__#00-06-32_00-09-55_label_B4-0-0__8.npy,B4-0-0
v=rVZxrx_qxgA__#00-06-32_00-09-55_label_B4-0-0__9.npy,B4-0-0
v=rVZxrx_qxgA__#00-09-55_00-17-35_label_B4-0-0__0.npy,B4-0-0
v=rVZxrx_qxgA__#00-09-55_00-17-35_label_B4-0-0__1.npy,B4-0-0
v=rVZxrx_qxgA__#00-09-55_00-17-35_label_B4-0-0__2.npy,B4-0-0
v=rVZxrx_qxgA__#00-09-55_00-17-35_label_B4-0-0__3.npy,B4-0-0
v=rVZxrx_qxgA__#00-09-55_00-17-35_label_B4-0-0__4.npy,B4-0-0
v=rVZxrx_qxgA__#00-09-55_00-17-35_label_B4-0-0__5.npy,B4-0-0
v=rVZxrx_qxgA__#00-09-55_00-17-35_label_B4-0-0__6.npy,B4-0-0
v=rVZxrx_qxgA__#00-09-55_00-17-35_label_B4-0-0__7.npy,B4-0-0
v=rVZxrx_qxgA__#00-09-55_00-17-35_label_B4-0-0__8.npy,B4-0-0
v=rVZxrx_qxgA__#00-09-55_00-17-35_label_B4-0-0__9.npy,B4-0-0
v=raoZIWFNBos__#1_label_B4-0-0__0.npy,B4-0-0
v=raoZIWFNBos__#1_label_B4-0-0__1.npy,B4-0-0
v=raoZIWFNBos__#1_label_B4-0-0__2.npy,B4-0-0
v=raoZIWFNBos__#1_label_B4-0-0__3.npy,B4-0-0
v=raoZIWFNBos__#1_label_B4-0-0__4.npy,B4-0-0
v=raoZIWFNBos__#1_label_B4-0-0__5.npy,B4-0-0
v=raoZIWFNBos__#1_label_B4-0-0__6.npy,B4-0-0
v=raoZIWFNBos__#1_label_B4-0-0__7.npy,B4-0-0
v=raoZIWFNBos__#1_label_B4-0-0__8.npy,B4-0-0
v=raoZIWFNBos__#1_label_B4-0-0__9.npy,B4-0-0
v=rshdJZruH_0__#1_label_B4-0-0__0.npy,B4-0-0
v=rshdJZruH_0__#1_label_B4-0-0__1.npy,B4-0-0
v=rshdJZruH_0__#1_label_B4-0-0__2.npy,B4-0-0
v=rshdJZruH_0__#1_label_B4-0-0__3.npy,B4-0-0
v=rshdJZruH_0__#1_label_B4-0-0__4.npy,B4-0-0
v=rshdJZruH_0__#1_label_B4-0-0__5.npy,B4-0-0
v=rshdJZruH_0__#1_label_B4-0-0__6.npy,B4-0-0
v=rshdJZruH_0__#1_label_B4-0-0__7.npy,B4-0-0
v=rshdJZruH_0__#1_label_B4-0-0__8.npy,B4-0-0
v=rshdJZruH_0__#1_label_B4-0-0__9.npy,B4-0-0
v=sR-CwpipfCU__#1_label_B4-0-0__0.npy,B4-0-0
v=sR-CwpipfCU__#1_label_B4-0-0__1.npy,B4-0-0
v=sR-CwpipfCU__#1_label_B4-0-0__2.npy,B4-0-0
v=sR-CwpipfCU__#1_label_B4-0-0__3.npy,B4-0-0
v=sR-CwpipfCU__#1_label_B4-0-0__4.npy,B4-0-0
v=sR-CwpipfCU__#1_label_B4-0-0__5.npy,B4-0-0
v=sR-CwpipfCU__#1_label_B4-0-0__6.npy,B4-0-0
v=sR-CwpipfCU__#1_label_B4-0-0__7.npy,B4-0-0
v=sR-CwpipfCU__#1_label_B4-0-0__8.npy,B4-0-0
v=sR-CwpipfCU__#1_label_B4-0-0__9.npy,B4-0-0
v=sZJx4kyBdsw__#1_label_B4-0-0__0.npy,B4-0-0
v=sZJx4kyBdsw__#1_label_B4-0-0__1.npy,B4-0-0
v=sZJx4kyBdsw__#1_label_B4-0-0__2.npy,B4-0-0
v=sZJx4kyBdsw__#1_label_B4-0-0__3.npy,B4-0-0
v=sZJx4kyBdsw__#1_label_B4-0-0__4.npy,B4-0-0
v=sZJx4kyBdsw__#1_label_B4-0-0__5.npy,B4-0-0
v=sZJx4kyBdsw__#1_label_B4-0-0__6.npy,B4-0-0
v=sZJx4kyBdsw__#1_label_B4-0-0__7.npy,B4-0-0
v=sZJx4kyBdsw__#1_label_B4-0-0__8.npy,B4-0-0
v=sZJx4kyBdsw__#1_label_B4-0-0__9.npy,B4-0-0
v=shYGlPTHH1k__#1_label_B4-0-0__0.npy,B4-0-0
v=shYGlPTHH1k__#1_label_B4-0-0__1.npy,B4-0-0
v=shYGlPTHH1k__#1_label_B4-0-0__2.npy,B4-0-0
v=shYGlPTHH1k__#1_label_B4-0-0__3.npy,B4-0-0
v=shYGlPTHH1k__#1_label_B4-0-0__4.npy,B4-0-0
v=shYGlPTHH1k__#1_label_B4-0-0__5.npy,B4-0-0
v=shYGlPTHH1k__#1_label_B4-0-0__6.npy,B4-0-0
v=shYGlPTHH1k__#1_label_B4-0-0__7.npy,B4-0-0
v=shYGlPTHH1k__#1_label_B4-0-0__8.npy,B4-0-0
v=shYGlPTHH1k__#1_label_B4-0-0__9.npy,B4-0-0
v=stK3YPz6WTc__#1_label_B4-0-0__0.npy,B4-0-0
v=stK3YPz6WTc__#1_label_B4-0-0__1.npy,B4-0-0
v=stK3YPz6WTc__#1_label_B4-0-0__2.npy,B4-0-0
v=stK3YPz6WTc__#1_label_B4-0-0__3.npy,B4-0-0
v=stK3YPz6WTc__#1_label_B4-0-0__4.npy,B4-0-0
v=stK3YPz6WTc__#1_label_B4-0-0__5.npy,B4-0-0
v=stK3YPz6WTc__#1_label_B4-0-0__6.npy,B4-0-0
v=stK3YPz6WTc__#1_label_B4-0-0__7.npy,B4-0-0
v=stK3YPz6WTc__#1_label_B4-0-0__8.npy,B4-0-0
v=stK3YPz6WTc__#1_label_B4-0-0__9.npy,B4-0-0
v=stnhbj9k99Q__#1_label_B4-0-0__0.npy,B4-0-0
v=stnhbj9k99Q__#1_label_B4-0-0__1.npy,B4-0-0
v=stnhbj9k99Q__#1_label_B4-0-0__2.npy,B4-0-0
v=stnhbj9k99Q__#1_label_B4-0-0__3.npy,B4-0-0
v=stnhbj9k99Q__#1_label_B4-0-0__4.npy,B4-0-0
v=stnhbj9k99Q__#1_label_B4-0-0__5.npy,B4-0-0
v=stnhbj9k99Q__#1_label_B4-0-0__6.npy,B4-0-0
v=stnhbj9k99Q__#1_label_B4-0-0__7.npy,B4-0-0
v=stnhbj9k99Q__#1_label_B4-0-0__8.npy,B4-0-0
v=stnhbj9k99Q__#1_label_B4-0-0__9.npy,B4-0-0
v=t1mMQU1irhk__#1_label_B4-0-0__0.npy,B4-0-0
v=t1mMQU1irhk__#1_label_B4-0-0__1.npy,B4-0-0
v=t1mMQU1irhk__#1_label_B4-0-0__2.npy,B4-0-0
v=t1mMQU1irhk__#1_label_B4-0-0__3.npy,B4-0-0
v=t1mMQU1irhk__#1_label_B4-0-0__4.npy,B4-0-0
v=t1mMQU1irhk__#1_label_B4-0-0__5.npy,B4-0-0
v=t1mMQU1irhk__#1_label_B4-0-0__6.npy,B4-0-0
v=t1mMQU1irhk__#1_label_B4-0-0__7.npy,B4-0-0
v=t1mMQU1irhk__#1_label_B4-0-0__8.npy,B4-0-0
v=t1mMQU1irhk__#1_label_B4-0-0__9.npy,B4-0-0
v=tI0S-AcqQ1g__#1_label_B4-0-0__0.npy,B4-0-0
v=tI0S-AcqQ1g__#1_label_B4-0-0__1.npy,B4-0-0
v=tI0S-AcqQ1g__#1_label_B4-0-0__2.npy,B4-0-0
v=tI0S-AcqQ1g__#1_label_B4-0-0__3.npy,B4-0-0
v=tI0S-AcqQ1g__#1_label_B4-0-0__4.npy,B4-0-0
v=tI0S-AcqQ1g__#1_label_B4-0-0__5.npy,B4-0-0
v=tI0S-AcqQ1g__#1_label_B4-0-0__6.npy,B4-0-0
v=tI0S-AcqQ1g__#1_label_B4-0-0__7.npy,B4-0-0
v=tI0S-AcqQ1g__#1_label_B4-0-0__8.npy,B4-0-0
v=tI0S-AcqQ1g__#1_label_B4-0-0__9.npy,B4-0-0
v=tOkyWe-0ssw__#1_label_B4-0-0__0.npy,B4-0-0
v=tOkyWe-0ssw__#1_label_B4-0-0__1.npy,B4-0-0
v=tOkyWe-0ssw__#1_label_B4-0-0__2.npy,B4-0-0
v=tOkyWe-0ssw__#1_label_B4-0-0__3.npy,B4-0-0
v=tOkyWe-0ssw__#1_label_B4-0-0__4.npy,B4-0-0
v=tOkyWe-0ssw__#1_label_B4-0-0__5.npy,B4-0-0
v=tOkyWe-0ssw__#1_label_B4-0-0__6.npy,B4-0-0
v=tOkyWe-0ssw__#1_label_B4-0-0__7.npy,B4-0-0
v=tOkyWe-0ssw__#1_label_B4-0-0__8.npy,B4-0-0
v=tOkyWe-0ssw__#1_label_B4-0-0__9.npy,B4-0-0
v=tWpXvUb6AJY__#1_label_B4-0-0__0.npy,B4-0-0
v=tWpXvUb6AJY__#1_label_B4-0-0__1.npy,B4-0-0
v=tWpXvUb6AJY__#1_label_B4-0-0__2.npy,B4-0-0
v=tWpXvUb6AJY__#1_label_B4-0-0__3.npy,B4-0-0
v=tWpXvUb6AJY__#1_label_B4-0-0__4.npy,B4-0-0
v=tWpXvUb6AJY__#1_label_B4-0-0__5.npy,B4-0-0
v=tWpXvUb6AJY__#1_label_B4-0-0__6.npy,B4-0-0
v=tWpXvUb6AJY__#1_label_B4-0-0__7.npy,B4-0-0
v=tWpXvUb6AJY__#1_label_B4-0-0__8.npy,B4-0-0
v=tWpXvUb6AJY__#1_label_B4-0-0__9.npy,B4-0-0
v=takORXhqS_o__#1_label_B4-0-0__0.npy,B4-0-0
v=takORXhqS_o__#1_label_B4-0-0__1.npy,B4-0-0
v=takORXhqS_o__#1_label_B4-0-0__2.npy,B4-0-0
v=takORXhqS_o__#1_label_B4-0-0__3.npy,B4-0-0
v=takORXhqS_o__#1_label_B4-0-0__4.npy,B4-0-0
v=takORXhqS_o__#1_label_B4-0-0__5.npy,B4-0-0
v=takORXhqS_o__#1_label_B4-0-0__6.npy,B4-0-0
v=takORXhqS_o__#1_label_B4-0-0__7.npy,B4-0-0
v=takORXhqS_o__#1_label_B4-0-0__8.npy,B4-0-0
v=takORXhqS_o__#1_label_B4-0-0__9.npy,B4-0-0
v=tb4KREvKYBA__#00-00-00_00-13-30_label_B4-0-0__0.npy,B4-0-0
v=tb4KREvKYBA__#00-00-00_00-13-30_label_B4-0-0__1.npy,B4-0-0
v=tb4KREvKYBA__#00-00-00_00-13-30_label_B4-0-0__2.npy,B4-0-0
v=tb4KREvKYBA__#00-00-00_00-13-30_label_B4-0-0__3.npy,B4-0-0
v=tb4KREvKYBA__#00-00-00_00-13-30_label_B4-0-0__4.npy,B4-0-0
v=tb4KREvKYBA__#00-00-00_00-13-30_label_B4-0-0__5.npy,B4-0-0
v=tb4KREvKYBA__#00-00-00_00-13-30_label_B4-0-0__6.npy,B4-0-0
v=tb4KREvKYBA__#00-00-00_00-13-30_label_B4-0-0__7.npy,B4-0-0
v=tb4KREvKYBA__#00-00-00_00-13-30_label_B4-0-0__8.npy,B4-0-0
v=tb4KREvKYBA__#00-00-00_00-13-30_label_B4-0-0__9.npy,B4-0-0
v=tb4KREvKYBA__#00-13-30_00-23-20_label_B4-0-0__0.npy,B4-0-0
v=tb4KREvKYBA__#00-13-30_00-23-20_label_B4-0-0__1.npy,B4-0-0
v=tb4KREvKYBA__#00-13-30_00-23-20_label_B4-0-0__2.npy,B4-0-0
v=tb4KREvKYBA__#00-13-30_00-23-20_label_B4-0-0__3.npy,B4-0-0
v=tb4KREvKYBA__#00-13-30_00-23-20_label_B4-0-0__4.npy,B4-0-0
v=tb4KREvKYBA__#00-13-30_00-23-20_label_B4-0-0__5.npy,B4-0-0
v=tb4KREvKYBA__#00-13-30_00-23-20_label_B4-0-0__6.npy,B4-0-0
v=tb4KREvKYBA__#00-13-30_00-23-20_label_B4-0-0__7.npy,B4-0-0
v=tb4KREvKYBA__#00-13-30_00-23-20_label_B4-0-0__8.npy,B4-0-0
v=tb4KREvKYBA__#00-13-30_00-23-20_label_B4-0-0__9.npy,B4-0-0
v=tgCiC6qTtjs__#1_label_B4-0-0__0.npy,B4-0-0
v=tgCiC6qTtjs__#1_label_B4-0-0__1.npy,B4-0-0
v=tgCiC6qTtjs__#1_label_B4-0-0__2.npy,B4-0-0
v=tgCiC6qTtjs__#1_label_B4-0-0__3.npy,B4-0-0
v=tgCiC6qTtjs__#1_label_B4-0-0__4.npy,B4-0-0
v=tgCiC6qTtjs__#1_label_B4-0-0__5.npy,B4-0-0
v=tgCiC6qTtjs__#1_label_B4-0-0__6.npy,B4-0-0
v=tgCiC6qTtjs__#1_label_B4-0-0__7.npy,B4-0-0
v=tgCiC6qTtjs__#1_label_B4-0-0__8.npy,B4-0-0
v=tgCiC6qTtjs__#1_label_B4-0-0__9.npy,B4-0-0
v=thqbWjiyGnU__#1_label_B4-0-0__0.npy,B4-0-0
v=thqbWjiyGnU__#1_label_B4-0-0__1.npy,B4-0-0
v=thqbWjiyGnU__#1_label_B4-0-0__2.npy,B4-0-0
v=thqbWjiyGnU__#1_label_B4-0-0__3.npy,B4-0-0
v=thqbWjiyGnU__#1_label_B4-0-0__4.npy,B4-0-0
v=thqbWjiyGnU__#1_label_B4-0-0__5.npy,B4-0-0
v=thqbWjiyGnU__#1_label_B4-0-0__6.npy,B4-0-0
v=thqbWjiyGnU__#1_label_B4-0-0__7.npy,B4-0-0
v=thqbWjiyGnU__#1_label_B4-0-0__8.npy,B4-0-0
v=thqbWjiyGnU__#1_label_B4-0-0__9.npy,B4-0-0
v=u3TKnQb2Vi4__#1_label_B4-0-0__0.npy,B4-0-0
v=u3TKnQb2Vi4__#1_label_B4-0-0__1.npy,B4-0-0
v=u3TKnQb2Vi4__#1_label_B4-0-0__2.npy,B4-0-0
v=u3TKnQb2Vi4__#1_label_B4-0-0__3.npy,B4-0-0
v=u3TKnQb2Vi4__#1_label_B4-0-0__4.npy,B4-0-0
v=u3TKnQb2Vi4__#1_label_B4-0-0__5.npy,B4-0-0
v=u3TKnQb2Vi4__#1_label_B4-0-0__6.npy,B4-0-0
v=u3TKnQb2Vi4__#1_label_B4-0-0__7.npy,B4-0-0
v=u3TKnQb2Vi4__#1_label_B4-0-0__8.npy,B4-0-0
v=u3TKnQb2Vi4__#1_label_B4-0-0__9.npy,B4-0-0
v=uH74IjVj1IU__#1_label_B4-0-0__0.npy,B4-0-0
v=uH74IjVj1IU__#1_label_B4-0-0__1.npy,B4-0-0
v=uH74IjVj1IU__#1_label_B4-0-0__2.npy,B4-0-0
v=uH74IjVj1IU__#1_label_B4-0-0__3.npy,B4-0-0
v=uH74IjVj1IU__#1_label_B4-0-0__4.npy,B4-0-0
v=uH74IjVj1IU__#1_label_B4-0-0__5.npy,B4-0-0
v=uH74IjVj1IU__#1_label_B4-0-0__6.npy,B4-0-0
v=uH74IjVj1IU__#1_label_B4-0-0__7.npy,B4-0-0
v=uH74IjVj1IU__#1_label_B4-0-0__8.npy,B4-0-0
v=uH74IjVj1IU__#1_label_B4-0-0__9.npy,B4-0-0
v=uKM_o9F6lDQ__#1_label_B4-0-0__0.npy,B4-0-0
v=uKM_o9F6lDQ__#1_label_B4-0-0__1.npy,B4-0-0
v=uKM_o9F6lDQ__#1_label_B4-0-0__2.npy,B4-0-0
v=uKM_o9F6lDQ__#1_label_B4-0-0__3.npy,B4-0-0
v=uKM_o9F6lDQ__#1_label_B4-0-0__4.npy,B4-0-0
v=uKM_o9F6lDQ__#1_label_B4-0-0__5.npy,B4-0-0
v=uKM_o9F6lDQ__#1_label_B4-0-0__6.npy,B4-0-0
v=uKM_o9F6lDQ__#1_label_B4-0-0__7.npy,B4-0-0
v=uKM_o9F6lDQ__#1_label_B4-0-0__8.npy,B4-0-0
v=uKM_o9F6lDQ__#1_label_B4-0-0__9.npy,B4-0-0
v=uhyNtgBUXHE__#1_label_B4-0-0__0.npy,B4-0-0
v=uhyNtgBUXHE__#1_label_B4-0-0__1.npy,B4-0-0
v=uhyNtgBUXHE__#1_label_B4-0-0__2.npy,B4-0-0
v=uhyNtgBUXHE__#1_label_B4-0-0__3.npy,B4-0-0
v=uhyNtgBUXHE__#1_label_B4-0-0__4.npy,B4-0-0
v=uhyNtgBUXHE__#1_label_B4-0-0__5.npy,B4-0-0
v=uhyNtgBUXHE__#1_label_B4-0-0__6.npy,B4-0-0
v=uhyNtgBUXHE__#1_label_B4-0-0__7.npy,B4-0-0
v=uhyNtgBUXHE__#1_label_B4-0-0__8.npy,B4-0-0
v=uhyNtgBUXHE__#1_label_B4-0-0__9.npy,B4-0-0
v=uprb6aBzymw__#00-00-00_00-00-58_label_B4-0-0__0.npy,B4-0-0
v=uprb6aBzymw__#00-00-00_00-00-58_label_B4-0-0__1.npy,B4-0-0
v=uprb6aBzymw__#00-00-00_00-00-58_label_B4-0-0__2.npy,B4-0-0
v=uprb6aBzymw__#00-00-00_00-00-58_label_B4-0-0__3.npy,B4-0-0
v=uprb6aBzymw__#00-00-00_00-00-58_label_B4-0-0__4.npy,B4-0-0
v=uprb6aBzymw__#00-00-00_00-00-58_label_B4-0-0__5.npy,B4-0-0
v=uprb6aBzymw__#00-00-00_00-00-58_label_B4-0-0__6.npy,B4-0-0
v=uprb6aBzymw__#00-00-00_00-00-58_label_B4-0-0__7.npy,B4-0-0
v=uprb6aBzymw__#00-00-00_00-00-58_label_B4-0-0__8.npy,B4-0-0
v=uprb6aBzymw__#00-00-00_00-00-58_label_B4-0-0__9.npy,B4-0-0
v=uprb6aBzymw__#00-00-58_00-01-51_label_B4-0-0__0.npy,B4-0-0
v=uprb6aBzymw__#00-00-58_00-01-51_label_B4-0-0__1.npy,B4-0-0
v=uprb6aBzymw__#00-00-58_00-01-51_label_B4-0-0__2.npy,B4-0-0
v=uprb6aBzymw__#00-00-58_00-01-51_label_B4-0-0__3.npy,B4-0-0
v=uprb6aBzymw__#00-00-58_00-01-51_label_B4-0-0__4.npy,B4-0-0
v=uprb6aBzymw__#00-00-58_00-01-51_label_B4-0-0__5.npy,B4-0-0
v=uprb6aBzymw__#00-00-58_00-01-51_label_B4-0-0__6.npy,B4-0-0
v=uprb6aBzymw__#00-00-58_00-01-51_label_B4-0-0__7.npy,B4-0-0
v=uprb6aBzymw__#00-00-58_00-01-51_label_B4-0-0__8.npy,B4-0-0
v=uprb6aBzymw__#00-00-58_00-01-51_label_B4-0-0__9.npy,B4-0-0
v=uprb6aBzymw__#00-01-51_00-03-03_label_B4-0-0__0.npy,B4-0-0
v=uprb6aBzymw__#00-01-51_00-03-03_label_B4-0-0__1.npy,B4-0-0
v=uprb6aBzymw__#00-01-51_00-03-03_label_B4-0-0__2.npy,B4-0-0
v=uprb6aBzymw__#00-01-51_00-03-03_label_B4-0-0__3.npy,B4-0-0
v=uprb6aBzymw__#00-01-51_00-03-03_label_B4-0-0__4.npy,B4-0-0
v=uprb6aBzymw__#00-01-51_00-03-03_label_B4-0-0__5.npy,B4-0-0
v=uprb6aBzymw__#00-01-51_00-03-03_label_B4-0-0__6.npy,B4-0-0
v=uprb6aBzymw__#00-01-51_00-03-03_label_B4-0-0__7.npy,B4-0-0
v=uprb6aBzymw__#00-01-51_00-03-03_label_B4-0-0__8.npy,B4-0-0
v=uprb6aBzymw__#00-01-51_00-03-03_label_B4-0-0__9.npy,B4-0-0
v=v4kH4NKp8CU__#1_label_B4-0-0__0.npy,B4-0-0
v=v4kH4NKp8CU__#1_label_B4-0-0__1.npy,B4-0-0
v=v4kH4NKp8CU__#1_label_B4-0-0__2.npy,B4-0-0
v=v4kH4NKp8CU__#1_label_B4-0-0__3.npy,B4-0-0
v=v4kH4NKp8CU__#1_label_B4-0-0__4.npy,B4-0-0
v=v4kH4NKp8CU__#1_label_B4-0-0__5.npy,B4-0-0
v=v4kH4NKp8CU__#1_label_B4-0-0__6.npy,B4-0-0
v=v4kH4NKp8CU__#1_label_B4-0-0__7.npy,B4-0-0
v=v4kH4NKp8CU__#1_label_B4-0-0__8.npy,B4-0-0
v=v4kH4NKp8CU__#1_label_B4-0-0__9.npy,B4-0-0
v=v7eS4xxD0ag__#1_label_B4-0-0__0.npy,B4-0-0
v=v7eS4xxD0ag__#1_label_B4-0-0__1.npy,B4-0-0
v=v7eS4xxD0ag__#1_label_B4-0-0__2.npy,B4-0-0
v=v7eS4xxD0ag__#1_label_B4-0-0__3.npy,B4-0-0
v=v7eS4xxD0ag__#1_label_B4-0-0__4.npy,B4-0-0
v=v7eS4xxD0ag__#1_label_B4-0-0__5.npy,B4-0-0
v=v7eS4xxD0ag__#1_label_B4-0-0__6.npy,B4-0-0
v=v7eS4xxD0ag__#1_label_B4-0-0__7.npy,B4-0-0
v=v7eS4xxD0ag__#1_label_B4-0-0__8.npy,B4-0-0
v=v7eS4xxD0ag__#1_label_B4-0-0__9.npy,B4-0-0
v=vC1BpmubbW4__#1_label_B4-0-0__0.npy,B4-0-0
v=vC1BpmubbW4__#1_label_B4-0-0__1.npy,B4-0-0
v=vC1BpmubbW4__#1_label_B4-0-0__2.npy,B4-0-0
v=vC1BpmubbW4__#1_label_B4-0-0__3.npy,B4-0-0
v=vC1BpmubbW4__#1_label_B4-0-0__4.npy,B4-0-0
v=vC1BpmubbW4__#1_label_B4-0-0__5.npy,B4-0-0
v=vC1BpmubbW4__#1_label_B4-0-0__6.npy,B4-0-0
v=vC1BpmubbW4__#1_label_B4-0-0__7.npy,B4-0-0
v=vC1BpmubbW4__#1_label_B4-0-0__8.npy,B4-0-0
v=vC1BpmubbW4__#1_label_B4-0-0__9.npy,B4-0-0
v=vM1c_58e6jk__#1_label_B4-0-0__0.npy,B4-0-0
v=vM1c_58e6jk__#1_label_B4-0-0__1.npy,B4-0-0
v=vM1c_58e6jk__#1_label_B4-0-0__2.npy,B4-0-0
v=vM1c_58e6jk__#1_label_B4-0-0__3.npy,B4-0-0
v=vM1c_58e6jk__#1_label_B4-0-0__4.npy,B4-0-0
v=vM1c_58e6jk__#1_label_B4-0-0__5.npy,B4-0-0
v=vM1c_58e6jk__#1_label_B4-0-0__6.npy,B4-0-0
v=vM1c_58e6jk__#1_label_B4-0-0__7.npy,B4-0-0
v=vM1c_58e6jk__#1_label_B4-0-0__8.npy,B4-0-0
v=vM1c_58e6jk__#1_label_B4-0-0__9.npy,B4-0-0
v=vS_RKwCYcl8__#1_label_B4-0-0__0.npy,B4-0-0
v=vS_RKwCYcl8__#1_label_B4-0-0__1.npy,B4-0-0
v=vS_RKwCYcl8__#1_label_B4-0-0__2.npy,B4-0-0
v=vS_RKwCYcl8__#1_label_B4-0-0__3.npy,B4-0-0
v=vS_RKwCYcl8__#1_label_B4-0-0__4.npy,B4-0-0
v=vS_RKwCYcl8__#1_label_B4-0-0__5.npy,B4-0-0
v=vS_RKwCYcl8__#1_label_B4-0-0__6.npy,B4-0-0
v=vS_RKwCYcl8__#1_label_B4-0-0__7.npy,B4-0-0
v=vS_RKwCYcl8__#1_label_B4-0-0__8.npy,B4-0-0
v=vS_RKwCYcl8__#1_label_B4-0-0__9.npy,B4-0-0
v=wH_2Roelsw4__#1_label_B4-0-0__0.npy,B4-0-0
v=wH_2Roelsw4__#1_label_B4-0-0__1.npy,B4-0-0
v=wH_2Roelsw4__#1_label_B4-0-0__2.npy,B4-0-0
v=wH_2Roelsw4__#1_label_B4-0-0__3.npy,B4-0-0
v=wH_2Roelsw4__#1_label_B4-0-0__4.npy,B4-0-0
v=wH_2Roelsw4__#1_label_B4-0-0__5.npy,B4-0-0
v=wH_2Roelsw4__#1_label_B4-0-0__6.npy,B4-0-0
v=wH_2Roelsw4__#1_label_B4-0-0__7.npy,B4-0-0
v=wH_2Roelsw4__#1_label_B4-0-0__8.npy,B4-0-0
v=wH_2Roelsw4__#1_label_B4-0-0__9.npy,B4-0-0
v=wJrrJYEJKYs__#1_label_B4-0-0__0.npy,B4-0-0
v=wJrrJYEJKYs__#1_label_B4-0-0__1.npy,B4-0-0
v=wJrrJYEJKYs__#1_label_B4-0-0__2.npy,B4-0-0
v=wJrrJYEJKYs__#1_label_B4-0-0__3.npy,B4-0-0
v=wJrrJYEJKYs__#1_label_B4-0-0__4.npy,B4-0-0
v=wJrrJYEJKYs__#1_label_B4-0-0__5.npy,B4-0-0
v=wJrrJYEJKYs__#1_label_B4-0-0__6.npy,B4-0-0
v=wJrrJYEJKYs__#1_label_B4-0-0__7.npy,B4-0-0
v=wJrrJYEJKYs__#1_label_B4-0-0__8.npy,B4-0-0
v=wJrrJYEJKYs__#1_label_B4-0-0__9.npy,B4-0-0
v=wKwGbowg6a0__#1_label_B4-0-0__0.npy,B4-0-0
v=wKwGbowg6a0__#1_label_B4-0-0__1.npy,B4-0-0
v=wKwGbowg6a0__#1_label_B4-0-0__2.npy,B4-0-0
v=wKwGbowg6a0__#1_label_B4-0-0__3.npy,B4-0-0
v=wKwGbowg6a0__#1_label_B4-0-0__4.npy,B4-0-0
v=wKwGbowg6a0__#1_label_B4-0-0__5.npy,B4-0-0
v=wKwGbowg6a0__#1_label_B4-0-0__6.npy,B4-0-0
v=wKwGbowg6a0__#1_label_B4-0-0__7.npy,B4-0-0
v=wKwGbowg6a0__#1_label_B4-0-0__8.npy,B4-0-0
v=wKwGbowg6a0__#1_label_B4-0-0__9.npy,B4-0-0
v=weOhgv-3OhM__#1_label_B4-0-0__0.npy,B4-0-0
v=weOhgv-3OhM__#1_label_B4-0-0__1.npy,B4-0-0
v=weOhgv-3OhM__#1_label_B4-0-0__2.npy,B4-0-0
v=weOhgv-3OhM__#1_label_B4-0-0__3.npy,B4-0-0
v=weOhgv-3OhM__#1_label_B4-0-0__4.npy,B4-0-0
v=weOhgv-3OhM__#1_label_B4-0-0__5.npy,B4-0-0
v=weOhgv-3OhM__#1_label_B4-0-0__6.npy,B4-0-0
v=weOhgv-3OhM__#1_label_B4-0-0__7.npy,B4-0-0
v=weOhgv-3OhM__#1_label_B4-0-0__8.npy,B4-0-0
v=weOhgv-3OhM__#1_label_B4-0-0__9.npy,B4-0-0
v=whjDTmM8Xg8__#1_label_B4-0-0__0.npy,B4-0-0
v=whjDTmM8Xg8__#1_label_B4-0-0__1.npy,B4-0-0
v=whjDTmM8Xg8__#1_label_B4-0-0__2.npy,B4-0-0
v=whjDTmM8Xg8__#1_label_B4-0-0__3.npy,B4-0-0
v=whjDTmM8Xg8__#1_label_B4-0-0__4.npy,B4-0-0
v=whjDTmM8Xg8__#1_label_B4-0-0__5.npy,B4-0-0
v=whjDTmM8Xg8__#1_label_B4-0-0__6.npy,B4-0-0
v=whjDTmM8Xg8__#1_label_B4-0-0__7.npy,B4-0-0
v=whjDTmM8Xg8__#1_label_B4-0-0__8.npy,B4-0-0
v=whjDTmM8Xg8__#1_label_B4-0-0__9.npy,B4-0-0
v=wt84M1PB1yY__#1_label_B4-0-0__0.npy,B4-0-0
v=wt84M1PB1yY__#1_label_B4-0-0__1.npy,B4-0-0
v=wt84M1PB1yY__#1_label_B4-0-0__2.npy,B4-0-0
v=wt84M1PB1yY__#1_label_B4-0-0__3.npy,B4-0-0
v=wt84M1PB1yY__#1_label_B4-0-0__4.npy,B4-0-0
v=wt84M1PB1yY__#1_label_B4-0-0__5.npy,B4-0-0
v=wt84M1PB1yY__#1_label_B4-0-0__6.npy,B4-0-0
v=wt84M1PB1yY__#1_label_B4-0-0__7.npy,B4-0-0
v=wt84M1PB1yY__#1_label_B4-0-0__8.npy,B4-0-0
v=wt84M1PB1yY__#1_label_B4-0-0__9.npy,B4-0-0
v=xCl5F043ClM__#1_label_B4-0-0__0.npy,B4-0-0
v=xCl5F043ClM__#1_label_B4-0-0__1.npy,B4-0-0
v=xCl5F043ClM__#1_label_B4-0-0__2.npy,B4-0-0
v=xCl5F043ClM__#1_label_B4-0-0__3.npy,B4-0-0
v=xCl5F043ClM__#1_label_B4-0-0__4.npy,B4-0-0
v=xCl5F043ClM__#1_label_B4-0-0__5.npy,B4-0-0
v=xCl5F043ClM__#1_label_B4-0-0__6.npy,B4-0-0
v=xCl5F043ClM__#1_label_B4-0-0__7.npy,B4-0-0
v=xCl5F043ClM__#1_label_B4-0-0__8.npy,B4-0-0
v=xCl5F043ClM__#1_label_B4-0-0__9.npy,B4-0-0
v=xLFbqPzSI2Y__#1_label_B4-0-0__0.npy,B4-0-0
v=xLFbqPzSI2Y__#1_label_B4-0-0__1.npy,B4-0-0
v=xLFbqPzSI2Y__#1_label_B4-0-0__2.npy,B4-0-0
v=xLFbqPzSI2Y__#1_label_B4-0-0__3.npy,B4-0-0
v=xLFbqPzSI2Y__#1_label_B4-0-0__4.npy,B4-0-0
v=xLFbqPzSI2Y__#1_label_B4-0-0__5.npy,B4-0-0
v=xLFbqPzSI2Y__#1_label_B4-0-0__6.npy,B4-0-0
v=xLFbqPzSI2Y__#1_label_B4-0-0__7.npy,B4-0-0
v=xLFbqPzSI2Y__#1_label_B4-0-0__8.npy,B4-0-0
v=xLFbqPzSI2Y__#1_label_B4-0-0__9.npy,B4-0-0
v=xPpdo_SnPsU__#1_label_B4-0-0__0.npy,B4-0-0
v=xPpdo_SnPsU__#1_label_B4-0-0__1.npy,B4-0-0
v=xPpdo_SnPsU__#1_label_B4-0-0__2.npy,B4-0-0
v=xPpdo_SnPsU__#1_label_B4-0-0__3.npy,B4-0-0
v=xPpdo_SnPsU__#1_label_B4-0-0__4.npy,B4-0-0
v=xPpdo_SnPsU__#1_label_B4-0-0__5.npy,B4-0-0
v=xPpdo_SnPsU__#1_label_B4-0-0__6.npy,B4-0-0
v=xPpdo_SnPsU__#1_label_B4-0-0__7.npy,B4-0-0
v=xPpdo_SnPsU__#1_label_B4-0-0__8.npy,B4-0-0
v=xPpdo_SnPsU__#1_label_B4-0-0__9.npy,B4-0-0
v=xgN5xLU3OBs__#1_label_B4-0-0__0.npy,B4-0-0
v=xgN5xLU3OBs__#1_label_B4-0-0__1.npy,B4-0-0
v=xgN5xLU3OBs__#1_label_B4-0-0__2.npy,B4-0-0
v=xgN5xLU3OBs__#1_label_B4-0-0__3.npy,B4-0-0
v=xgN5xLU3OBs__#1_label_B4-0-0__4.npy,B4-0-0
v=xgN5xLU3OBs__#1_label_B4-0-0__5.npy,B4-0-0
v=xgN5xLU3OBs__#1_label_B4-0-0__6.npy,B4-0-0
v=xgN5xLU3OBs__#1_label_B4-0-0__7.npy,B4-0-0
v=xgN5xLU3OBs__#1_label_B4-0-0__8.npy,B4-0-0
v=xgN5xLU3OBs__#1_label_B4-0-0__9.npy,B4-0-0
v=xm1aLLUp4Fg__#1_label_B4-0-0__0.npy,B4-0-0
v=xm1aLLUp4Fg__#1_label_B4-0-0__1.npy,B4-0-0
v=xm1aLLUp4Fg__#1_label_B4-0-0__2.npy,B4-0-0
v=xm1aLLUp4Fg__#1_label_B4-0-0__3.npy,B4-0-0
v=xm1aLLUp4Fg__#1_label_B4-0-0__4.npy,B4-0-0
v=xm1aLLUp4Fg__#1_label_B4-0-0__5.npy,B4-0-0
v=xm1aLLUp4Fg__#1_label_B4-0-0__6.npy,B4-0-0
v=xm1aLLUp4Fg__#1_label_B4-0-0__7.npy,B4-0-0
v=xm1aLLUp4Fg__#1_label_B4-0-0__8.npy,B4-0-0
v=xm1aLLUp4Fg__#1_label_B4-0-0__9.npy,B4-0-0
v=y6nWCMYkY-I__#1_label_B4-0-0__0.npy,B4-0-0
v=y6nWCMYkY-I__#1_label_B4-0-0__1.npy,B4-0-0
v=y6nWCMYkY-I__#1_label_B4-0-0__2.npy,B4-0-0
v=y6nWCMYkY-I__#1_label_B4-0-0__3.npy,B4-0-0
v=y6nWCMYkY-I__#1_label_B4-0-0__4.npy,B4-0-0
v=y6nWCMYkY-I__#1_label_B4-0-0__5.npy,B4-0-0
v=y6nWCMYkY-I__#1_label_B4-0-0__6.npy,B4-0-0
v=y6nWCMYkY-I__#1_label_B4-0-0__7.npy,B4-0-0
v=y6nWCMYkY-I__#1_label_B4-0-0__8.npy,B4-0-0
v=y6nWCMYkY-I__#1_label_B4-0-0__9.npy,B4-0-0
v=y8lB9ThlZLg__#1_label_B4-0-0__0.npy,B4-0-0
v=y8lB9ThlZLg__#1_label_B4-0-0__1.npy,B4-0-0
v=y8lB9ThlZLg__#1_label_B4-0-0__2.npy,B4-0-0
v=y8lB9ThlZLg__#1_label_B4-0-0__3.npy,B4-0-0
v=y8lB9ThlZLg__#1_label_B4-0-0__4.npy,B4-0-0
v=y8lB9ThlZLg__#1_label_B4-0-0__5.npy,B4-0-0
v=y8lB9ThlZLg__#1_label_B4-0-0__6.npy,B4-0-0
v=y8lB9ThlZLg__#1_label_B4-0-0__7.npy,B4-0-0
v=y8lB9ThlZLg__#1_label_B4-0-0__8.npy,B4-0-0
v=y8lB9ThlZLg__#1_label_B4-0-0__9.npy,B4-0-0
v=ycwXaZK_Wf0__#1_label_B4-0-0__0.npy,B4-0-0
v=ycwXaZK_Wf0__#1_label_B4-0-0__1.npy,B4-0-0
v=ycwXaZK_Wf0__#1_label_B4-0-0__2.npy,B4-0-0
v=ycwXaZK_Wf0__#1_label_B4-0-0__3.npy,B4-0-0
v=ycwXaZK_Wf0__#1_label_B4-0-0__4.npy,B4-0-0
v=ycwXaZK_Wf0__#1_label_B4-0-0__5.npy,B4-0-0
v=ycwXaZK_Wf0__#1_label_B4-0-0__6.npy,B4-0-0
v=ycwXaZK_Wf0__#1_label_B4-0-0__7.npy,B4-0-0
v=ycwXaZK_Wf0__#1_label_B4-0-0__8.npy,B4-0-0
v=ycwXaZK_Wf0__#1_label_B4-0-0__9.npy,B4-0-0
v=yrzZKplTKcE__#1_label_B4-0-0__0.npy,B4-0-0
v=yrzZKplTKcE__#1_label_B4-0-0__1.npy,B4-0-0
v=yrzZKplTKcE__#1_label_B4-0-0__2.npy,B4-0-0
v=yrzZKplTKcE__#1_label_B4-0-0__3.npy,B4-0-0
v=yrzZKplTKcE__#1_label_B4-0-0__4.npy,B4-0-0
v=yrzZKplTKcE__#1_label_B4-0-0__5.npy,B4-0-0
v=yrzZKplTKcE__#1_label_B4-0-0__6.npy,B4-0-0
v=yrzZKplTKcE__#1_label_B4-0-0__7.npy,B4-0-0
v=yrzZKplTKcE__#1_label_B4-0-0__8.npy,B4-0-0
v=yrzZKplTKcE__#1_label_B4-0-0__9.npy,B4-0-0
v=zQNIOEOp63k__#1_label_B4-0-0__0.npy,B4-0-0
v=zQNIOEOp63k__#1_label_B4-0-0__1.npy,B4-0-0
v=zQNIOEOp63k__#1_label_B4-0-0__2.npy,B4-0-0
v=zQNIOEOp63k__#1_label_B4-0-0__3.npy,B4-0-0
v=zQNIOEOp63k__#1_label_B4-0-0__4.npy,B4-0-0
v=zQNIOEOp63k__#1_label_B4-0-0__5.npy,B4-0-0
v=zQNIOEOp63k__#1_label_B4-0-0__6.npy,B4-0-0
v=zQNIOEOp63k__#1_label_B4-0-0__7.npy,B4-0-0
v=zQNIOEOp63k__#1_label_B4-0-0__8.npy,B4-0-0
v=zQNIOEOp63k__#1_label_B4-0-0__9.npy,B4-0-0
v=zkp4sL7XBh4__#1_label_B4-0-0__0.npy,B4-0-0
v=zkp4sL7XBh4__#1_label_B4-0-0__1.npy,B4-0-0
v=zkp4sL7XBh4__#1_label_B4-0-0__2.npy,B4-0-0
v=zkp4sL7XBh4__#1_label_B4-0-0__3.npy,B4-0-0
v=zkp4sL7XBh4__#1_label_B4-0-0__4.npy,B4-0-0
v=zkp4sL7XBh4__#1_label_B4-0-0__5.npy,B4-0-0
v=zkp4sL7XBh4__#1_label_B4-0-0__6.npy,B4-0-0
v=zkp4sL7XBh4__#1_label_B4-0-0__7.npy,B4-0-0
v=zkp4sL7XBh4__#1_label_B4-0-0__8.npy,B4-0-0
v=zkp4sL7XBh4__#1_label_B4-0-0__9.npy,B4-0-0
IP.Man.2.2010__#01-04-54_01-06-57_label_B4-B1-0__0.npy,B4-B1-0
IP.Man.2.2010__#01-04-54_01-06-57_label_B4-B1-0__1.npy,B4-B1-0
IP.Man.2.2010__#01-04-54_01-06-57_label_B4-B1-0__2.npy,B4-B1-0
IP.Man.2.2010__#01-04-54_01-06-57_label_B4-B1-0__3.npy,B4-B1-0
IP.Man.2.2010__#01-04-54_01-06-57_label_B4-B1-0__4.npy,B4-B1-0
IP.Man.2.2010__#01-04-54_01-06-57_label_B4-B1-0__5.npy,B4-B1-0
IP.Man.2.2010__#01-04-54_01-06-57_label_B4-B1-0__6.npy,B4-B1-0
IP.Man.2.2010__#01-04-54_01-06-57_label_B4-B1-0__7.npy,B4-B1-0
IP.Man.2.2010__#01-04-54_01-06-57_label_B4-B1-0__8.npy,B4-B1-0
IP.Man.2.2010__#01-04-54_01-06-57_label_B4-B1-0__9.npy,B4-B1-0
Bullet.in.the.Head.1990__#00-28-50_00-31-20_label_B4-B2-B1__0.npy,B4-B2-B1
Bullet.in.the.Head.1990__#00-28-50_00-31-20_label_B4-B2-B1__1.npy,B4-B2-B1
Bullet.in.the.Head.1990__#00-28-50_00-31-20_label_B4-B2-B1__2.npy,B4-B2-B1
Bullet.in.the.Head.1990__#00-28-50_00-31-20_label_B4-B2-B1__3.npy,B4-B2-B1
Bullet.in.the.Head.1990__#00-28-50_00-31-20_label_B4-B2-B1__4.npy,B4-B2-B1
Bullet.in.the.Head.1990__#00-28-50_00-31-20_label_B4-B2-B1__5.npy,B4-B2-B1
Bullet.in.the.Head.1990__#00-28-50_00-31-20_label_B4-B2-B1__6.npy,B4-B2-B1
Bullet.in.the.Head.1990__#00-28-50_00-31-20_label_B4-B2-B1__7.npy,B4-B2-B1
Bullet.in.the.Head.1990__#00-28-50_00-31-20_label_B4-B2-B1__8.npy,B4-B2-B1
Bullet.in.the.Head.1990__#00-28-50_00-31-20_label_B4-B2-B1__9.npy,B4-B2-B1
Bullet.in.the.Head.1990__#00-21-30_00-23-30_label_B4-B1-G__0.npy,B4-B1-G
Bullet.in.the.Head.1990__#00-21-30_00-23-30_label_B4-B1-G__1.npy,B4-B1-G
Bullet.in.the.Head.1990__#00-21-30_00-23-30_label_B4-B1-G__2.npy,B4-B1-G
Bullet.in.the.Head.1990__#00-21-30_00-23-30_label_B4-B1-G__3.npy,B4-B1-G
Bullet.in.the.Head.1990__#00-21-30_00-23-30_label_B4-B1-G__4.npy,B4-B1-G
Bullet.in.the.Head.1990__#00-21-30_00-23-30_label_B4-B1-G__5.npy,B4-B1-G
Bullet.in.the.Head.1990__#00-21-30_00-23-30_label_B4-B1-G__6.npy,B4-B1-G
Bullet.in.the.Head.1990__#00-21-30_00-23-30_label_B4-B1-G__7.npy,B4-B1-G
Bullet.in.the.Head.1990__#00-21-30_00-23-30_label_B4-B1-G__8.npy,B4-B1-G
Bullet.in.the.Head.1990__#00-21-30_00-23-30_label_B4-B1-G__9.npy,B4-B1-G
Tropa.de.Elite.2.2010__#00-18-00_00-20-00_label_B4-B2-0__0.npy,B4-B2-0
Tropa.de.Elite.2.2010__#00-18-00_00-20-00_label_B4-B2-0__1.npy,B4-B2-0
Tropa.de.Elite.2.2010__#00-18-00_00-20-00_label_B4-B2-0__2.npy,B4-B2-0
Tropa.de.Elite.2.2010__#00-18-00_00-20-00_label_B4-B2-0__3.npy,B4-B2-0
Tropa.de.Elite.2.2010__#00-18-00_00-20-00_label_B4-B2-0__4.npy,B4-B2-0
Tropa.de.Elite.2.2010__#00-18-00_00-20-00_label_B4-B2-0__5.npy,B4-B2-0
Tropa.de.Elite.2.2010__#00-18-00_00-20-00_label_B4-B2-0__6.npy,B4-B2-0
Tropa.de.Elite.2.2010__#00-18-00_00-20-00_label_B4-B2-0__7.npy,B4-B2-0
Tropa.de.Elite.2.2010__#00-18-00_00-20-00_label_B4-B2-0__8.npy,B4-B2-0
Tropa.de.Elite.2.2010__#00-18-00_00-20-00_label_B4-B2-0__9.npy,B4-B2-0
v=PHgxRABwgfA__#1_label_B4-B5-B1__0.npy,B4-B5-B1
v=PHgxRABwgfA__#1_label_B4-B5-B1__1.npy,B4-B5-B1
v=PHgxRABwgfA__#1_label_B4-B5-B1__2.npy,B4-B5-B1
v=PHgxRABwgfA__#1_label_B4-B5-B1__3.npy,B4-B5-B1
v=PHgxRABwgfA__#1_label_B4-B5-B1__4.npy,B4-B5-B1
v=PHgxRABwgfA__#1_label_B4-B5-B1__5.npy,B4-B5-B1
v=PHgxRABwgfA__#1_label_B4-B5-B1__6.npy,B4-B5-B1
v=PHgxRABwgfA__#1_label_B4-B5-B1__7.npy,B4-B5-B1
v=PHgxRABwgfA__#1_label_B4-B5-B1__8.npy,B4-B5-B1
v=PHgxRABwgfA__#1_label_B4-B5-B1__9.npy,B4-B5-B1
v=v1hVhekoeGs__#1_label_A__0.npy,A
v=v1hVhekoeGs__#1_label_A__1.npy,A
v=v1hVhekoeGs__#1_label_A__2.npy,A
v=v1hVhekoeGs__#1_label_A__3.npy,A
v=v1hVhekoeGs__#1_label_A__4.npy,A
v=v1hVhekoeGs__#1_label_A__5.npy,A
v=v1hVhekoeGs__#1_label_A__6.npy,A
v=v1hVhekoeGs__#1_label_A__7.npy,A
v=v1hVhekoeGs__#1_label_A__8.npy,A
v=v1hVhekoeGs__#1_label_A__9.npy,A
Mission.Impossible.Ghost.Protocol.2011__#00-39-30_00-42-10_label_A__0.npy,A
Mission.Impossible.Ghost.Protocol.2011__#00-39-30_00-42-10_label_A__1.npy,A
Mission.Impossible.Ghost.Protocol.2011__#00-39-30_00-42-10_label_A__2.npy,A
Mission.Impossible.Ghost.Protocol.2011__#00-39-30_00-42-10_label_A__3.npy,A
Mission.Impossible.Ghost.Protocol.2011__#00-39-30_00-42-10_label_A__4.npy,A
Mission.Impossible.Ghost.Protocol.2011__#00-39-30_00-42-10_label_A__5.npy,A
Mission.Impossible.Ghost.Protocol.2011__#00-39-30_00-42-10_label_A__6.npy,A
Mission.Impossible.Ghost.Protocol.2011__#00-39-30_00-42-10_label_A__7.npy,A
Mission.Impossible.Ghost.Protocol.2011__#00-39-30_00-42-10_label_A__8.npy,A
Mission.Impossible.Ghost.Protocol.2011__#00-39-30_00-42-10_label_A__9.npy,A
v=RRndDzpL_kI__#1_label_A__0.npy,A
v=RRndDzpL_kI__#1_label_A__1.npy,A
v=RRndDzpL_kI__#1_label_A__2.npy,A
v=RRndDzpL_kI__#1_label_A__3.npy,A
v=RRndDzpL_kI__#1_label_A__4.npy,A
v=RRndDzpL_kI__#1_label_A__5.npy,A
v=RRndDzpL_kI__#1_label_A__6.npy,A
v=RRndDzpL_kI__#1_label_A__7.npy,A
v=RRndDzpL_kI__#1_label_A__8.npy,A
v=RRndDzpL_kI__#1_label_A__9.npy,A
Your.Name.2016__#00-33-52_00-36-00_label_A__0.npy,A
Your.Name.2016__#00-33-52_00-36-00_label_A__1.npy,A
Your.Name.2016__#00-33-52_00-36-00_label_A__2.npy,A
Your.Name.2016__#00-33-52_00-36-00_label_A__3.npy,A
Your.Name.2016__#00-33-52_00-36-00_label_A__4.npy,A
Your.Name.2016__#00-33-52_00-36-00_label_A__5.npy,A
Your.Name.2016__#00-33-52_00-36-00_label_A__6.npy,A
Your.Name.2016__#00-33-52_00-36-00_label_A__7.npy,A
Your.Name.2016__#00-33-52_00-36-00_label_A__8.npy,A
Your.Name.2016__#00-33-52_00-36-00_label_A__9.npy,A
v=hj0QEg3sUgo__#1_label_A__0.npy,A
v=hj0QEg3sUgo__#1_label_A__1.npy,A
v=hj0QEg3sUgo__#1_label_A__2.npy,A
v=hj0QEg3sUgo__#1_label_A__3.npy,A
v=hj0QEg3sUgo__#1_label_A__4.npy,A
v=hj0QEg3sUgo__#1_label_A__5.npy,A
v=hj0QEg3sUgo__#1_label_A__6.npy,A
v=hj0QEg3sUgo__#1_label_A__7.npy,A
v=hj0QEg3sUgo__#1_label_A__8.npy,A
v=hj0QEg3sUgo__#1_label_A__9.npy,A
v=oTegqoBkfp0__#1_label_A__0.npy,A
v=oTegqoBkfp0__#1_label_A__1.npy,A
v=oTegqoBkfp0__#1_label_A__2.npy,A
v=oTegqoBkfp0__#1_label_A__3.npy,A
v=oTegqoBkfp0__#1_label_A__4.npy,A
v=oTegqoBkfp0__#1_label_A__5.npy,A
v=oTegqoBkfp0__#1_label_A__6.npy,A
v=oTegqoBkfp0__#1_label_A__7.npy,A
v=oTegqoBkfp0__#1_label_A__8.npy,A
v=oTegqoBkfp0__#1_label_A__9.npy,A
v=tSnxeqlN7wA__#1_label_A__0.npy,A
v=tSnxeqlN7wA__#1_label_A__1.npy,A
v=tSnxeqlN7wA__#1_label_A__2.npy,A
v=tSnxeqlN7wA__#1_label_A__3.npy,A
v=tSnxeqlN7wA__#1_label_A__4.npy,A
v=tSnxeqlN7wA__#1_label_A__5.npy,A
v=tSnxeqlN7wA__#1_label_A__6.npy,A
v=tSnxeqlN7wA__#1_label_A__7.npy,A
v=tSnxeqlN7wA__#1_label_A__8.npy,A
v=tSnxeqlN7wA__#1_label_A__9.npy,A
The.World.Is.Not.Enough.1999__#00-40-40_00-42-43_label_A__0.npy,A
The.World.Is.Not.Enough.1999__#00-40-40_00-42-43_label_A__1.npy,A
The.World.Is.Not.Enough.1999__#00-40-40_00-42-43_label_A__2.npy,A
The.World.Is.Not.Enough.1999__#00-40-40_00-42-43_label_A__3.npy,A
The.World.Is.Not.Enough.1999__#00-40-40_00-42-43_label_A__4.npy,A
The.World.Is.Not.Enough.1999__#00-40-40_00-42-43_label_A__5.npy,A
The.World.Is.Not.Enough.1999__#00-40-40_00-42-43_label_A__6.npy,A
The.World.Is.Not.Enough.1999__#00-40-40_00-42-43_label_A__7.npy,A
The.World.Is.Not.Enough.1999__#00-40-40_00-42-43_label_A__8.npy,A
The.World.Is.Not.Enough.1999__#00-40-40_00-42-43_label_A__9.npy,A
v=9eME1y6V-T4__#00-12-00_00-18-00_label_A__0.npy,A
v=9eME1y6V-T4__#00-12-00_00-18-00_label_A__1.npy,A
v=9eME1y6V-T4__#00-12-00_00-18-00_label_A__2.npy,A
v=9eME1y6V-T4__#00-12-00_00-18-00_label_A__3.npy,A
v=9eME1y6V-T4__#00-12-00_00-18-00_label_A__4.npy,A
v=9eME1y6V-T4__#00-12-00_00-18-00_label_A__5.npy,A
v=9eME1y6V-T4__#00-12-00_00-18-00_label_A__6.npy,A
v=9eME1y6V-T4__#00-12-00_00-18-00_label_A__7.npy,A
v=9eME1y6V-T4__#00-12-00_00-18-00_label_A__8.npy,A
v=9eME1y6V-T4__#00-12-00_00-18-00_label_A__9.npy,A
v=g8AIvhmoV7E__#1_label_A__0.npy,A
v=g8AIvhmoV7E__#1_label_A__1.npy,A
v=g8AIvhmoV7E__#1_label_A__2.npy,A
v=g8AIvhmoV7E__#1_label_A__3.npy,A
v=g8AIvhmoV7E__#1_label_A__4.npy,A
v=g8AIvhmoV7E__#1_label_A__5.npy,A
v=g8AIvhmoV7E__#1_label_A__6.npy,A
v=g8AIvhmoV7E__#1_label_A__7.npy,A
v=g8AIvhmoV7E__#1_label_A__8.npy,A
v=g8AIvhmoV7E__#1_label_A__9.npy,A
v=QXtOdSgf6Ic__#1_label_A__0.npy,A
v=QXtOdSgf6Ic__#1_label_A__1.npy,A
v=QXtOdSgf6Ic__#1_label_A__2.npy,A
v=QXtOdSgf6Ic__#1_label_A__3.npy,A
v=QXtOdSgf6Ic__#1_label_A__4.npy,A
v=QXtOdSgf6Ic__#1_label_A__5.npy,A
v=QXtOdSgf6Ic__#1_label_A__6.npy,A
v=QXtOdSgf6Ic__#1_label_A__7.npy,A
v=QXtOdSgf6Ic__#1_label_A__8.npy,A
v=QXtOdSgf6Ic__#1_label_A__9.npy,A
Rush.Hour.1998.BluRay__#00-13-14_00-14-40_label_A__0.npy,A
Rush.Hour.1998.BluRay__#00-13-14_00-14-40_label_A__1.npy,A
Rush.Hour.1998.BluRay__#00-13-14_00-14-40_label_A__2.npy,A
Rush.Hour.1998.BluRay__#00-13-14_00-14-40_label_A__3.npy,A
Rush.Hour.1998.BluRay__#00-13-14_00-14-40_label_A__4.npy,A
Rush.Hour.1998.BluRay__#00-13-14_00-14-40_label_A__5.npy,A
Rush.Hour.1998.BluRay__#00-13-14_00-14-40_label_A__6.npy,A
Rush.Hour.1998.BluRay__#00-13-14_00-14-40_label_A__7.npy,A
Rush.Hour.1998.BluRay__#00-13-14_00-14-40_label_A__8.npy,A
Rush.Hour.1998.BluRay__#00-13-14_00-14-40_label_A__9.npy,A
Kingsman.The.Golden.Circle.2017__#00-10-56_00-12-15_label_A__0.npy,A
Kingsman.The.Golden.Circle.2017__#00-10-56_00-12-15_label_A__1.npy,A
Kingsman.The.Golden.Circle.2017__#00-10-56_00-12-15_label_A__2.npy,A
Kingsman.The.Golden.Circle.2017__#00-10-56_00-12-15_label_A__3.npy,A
Kingsman.The.Golden.Circle.2017__#00-10-56_00-12-15_label_A__4.npy,A
Kingsman.The.Golden.Circle.2017__#00-10-56_00-12-15_label_A__5.npy,A
Kingsman.The.Golden.Circle.2017__#00-10-56_00-12-15_label_A__6.npy,A
Kingsman.The.Golden.Circle.2017__#00-10-56_00-12-15_label_A__7.npy,A
Kingsman.The.Golden.Circle.2017__#00-10-56_00-12-15_label_A__8.npy,A
Kingsman.The.Golden.Circle.2017__#00-10-56_00-12-15_label_A__9.npy,A
v=oKaT9PV5b6o__#1_label_A__0.npy,A
v=oKaT9PV5b6o__#1_label_A__1.npy,A
v=oKaT9PV5b6o__#1_label_A__2.npy,A
v=oKaT9PV5b6o__#1_label_A__3.npy,A
v=oKaT9PV5b6o__#1_label_A__4.npy,A
v=oKaT9PV5b6o__#1_label_A__5.npy,A
v=oKaT9PV5b6o__#1_label_A__6.npy,A
v=oKaT9PV5b6o__#1_label_A__7.npy,A
v=oKaT9PV5b6o__#1_label_A__8.npy,A
v=oKaT9PV5b6o__#1_label_A__9.npy,A
v=fkps18H3SXY__#01-54-00_02-00-00_label_A__0.npy,A
v=fkps18H3SXY__#01-54-00_02-00-00_label_A__1.npy,A
v=fkps18H3SXY__#01-54-00_02-00-00_label_A__2.npy,A
v=fkps18H3SXY__#01-54-00_02-00-00_label_A__3.npy,A
v=fkps18H3SXY__#01-54-00_02-00-00_label_A__4.npy,A
v=fkps18H3SXY__#01-54-00_02-00-00_label_A__5.npy,A
v=fkps18H3SXY__#01-54-00_02-00-00_label_A__6.npy,A
v=fkps18H3SXY__#01-54-00_02-00-00_label_A__7.npy,A
v=fkps18H3SXY__#01-54-00_02-00-00_label_A__8.npy,A
v=fkps18H3SXY__#01-54-00_02-00-00_label_A__9.npy,A
Be.with.You.2018__#00-25-20_00-29-20_label_A__0.npy,A
Be.with.You.2018__#00-25-20_00-29-20_label_A__1.npy,A
Be.with.You.2018__#00-25-20_00-29-20_label_A__2.npy,A
Be.with.You.2018__#00-25-20_00-29-20_label_A__3.npy,A
Be.with.You.2018__#00-25-20_00-29-20_label_A__4.npy,A
Be.with.You.2018__#00-25-20_00-29-20_label_A__5.npy,A
Be.with.You.2018__#00-25-20_00-29-20_label_A__6.npy,A
Be.with.You.2018__#00-25-20_00-29-20_label_A__7.npy,A
Be.with.You.2018__#00-25-20_00-29-20_label_A__8.npy,A
Be.with.You.2018__#00-25-20_00-29-20_label_A__9.npy,A
v=dxpBOFKR6wU__#1_label_A__0.npy,A
v=dxpBOFKR6wU__#1_label_A__1.npy,A
v=dxpBOFKR6wU__#1_label_A__2.npy,A
v=dxpBOFKR6wU__#1_label_A__3.npy,A
v=dxpBOFKR6wU__#1_label_A__4.npy,A
v=dxpBOFKR6wU__#1_label_A__5.npy,A
v=dxpBOFKR6wU__#1_label_A__6.npy,A
v=dxpBOFKR6wU__#1_label_A__7.npy,A
v=dxpBOFKR6wU__#1_label_A__8.npy,A
v=dxpBOFKR6wU__#1_label_A__9.npy,A
v=SdYFFo_tsfk__#00-12-00_00-18-00_label_A__0.npy,A
v=SdYFFo_tsfk__#00-12-00_00-18-00_label_A__1.npy,A
v=SdYFFo_tsfk__#00-12-00_00-18-00_label_A__2.npy,A
v=SdYFFo_tsfk__#00-12-00_00-18-00_label_A__3.npy,A
v=SdYFFo_tsfk__#00-12-00_00-18-00_label_A__4.npy,A
v=SdYFFo_tsfk__#00-12-00_00-18-00_label_A__5.npy,A
v=SdYFFo_tsfk__#00-12-00_00-18-00_label_A__6.npy,A
v=SdYFFo_tsfk__#00-12-00_00-18-00_label_A__7.npy,A
v=SdYFFo_tsfk__#00-12-00_00-18-00_label_A__8.npy,A
v=SdYFFo_tsfk__#00-12-00_00-18-00_label_A__9.npy,A
v=mt1CmPbc1kI__#1_label_A__0.npy,A
v=mt1CmPbc1kI__#1_label_A__1.npy,A
v=mt1CmPbc1kI__#1_label_A__2.npy,A
v=mt1CmPbc1kI__#1_label_A__3.npy,A
v=mt1CmPbc1kI__#1_label_A__4.npy,A
v=mt1CmPbc1kI__#1_label_A__5.npy,A
v=mt1CmPbc1kI__#1_label_A__6.npy,A
v=mt1CmPbc1kI__#1_label_A__7.npy,A
v=mt1CmPbc1kI__#1_label_A__8.npy,A
v=mt1CmPbc1kI__#1_label_A__9.npy,A
The.Intouchables.2011__#01-26-10_01-28-00_label_A__0.npy,A
The.Intouchables.2011__#01-26-10_01-28-00_label_A__1.npy,A
The.Intouchables.2011__#01-26-10_01-28-00_label_A__2.npy,A
The.Intouchables.2011__#01-26-10_01-28-00_label_A__3.npy,A
The.Intouchables.2011__#01-26-10_01-28-00_label_A__4.npy,A
The.Intouchables.2011__#01-26-10_01-28-00_label_A__5.npy,A
The.Intouchables.2011__#01-26-10_01-28-00_label_A__6.npy,A
The.Intouchables.2011__#01-26-10_01-28-00_label_A__7.npy,A
The.Intouchables.2011__#01-26-10_01-28-00_label_A__8.npy,A
The.Intouchables.2011__#01-26-10_01-28-00_label_A__9.npy,A
v=lsSzkiImAF4__#1_label_A__0.npy,A
v=lsSzkiImAF4__#1_label_A__1.npy,A
v=lsSzkiImAF4__#1_label_A__2.npy,A
v=lsSzkiImAF4__#1_label_A__3.npy,A
v=lsSzkiImAF4__#1_label_A__4.npy,A
v=lsSzkiImAF4__#1_label_A__5.npy,A
v=lsSzkiImAF4__#1_label_A__6.npy,A
v=lsSzkiImAF4__#1_label_A__7.npy,A
v=lsSzkiImAF4__#1_label_A__8.npy,A
v=lsSzkiImAF4__#1_label_A__9.npy,A
v=ZmKdNIXzVOo__#1_label_A__0.npy,A
v=ZmKdNIXzVOo__#1_label_A__1.npy,A
v=ZmKdNIXzVOo__#1_label_A__2.npy,A
v=ZmKdNIXzVOo__#1_label_A__3.npy,A
v=ZmKdNIXzVOo__#1_label_A__4.npy,A
v=ZmKdNIXzVOo__#1_label_A__5.npy,A
v=ZmKdNIXzVOo__#1_label_A__6.npy,A
v=ZmKdNIXzVOo__#1_label_A__7.npy,A
v=ZmKdNIXzVOo__#1_label_A__8.npy,A
v=ZmKdNIXzVOo__#1_label_A__9.npy,A
v=izgeMxCoF8I__#1_label_A__0.npy,A
v=izgeMxCoF8I__#1_label_A__1.npy,A
v=izgeMxCoF8I__#1_label_A__2.npy,A
v=izgeMxCoF8I__#1_label_A__3.npy,A
v=izgeMxCoF8I__#1_label_A__4.npy,A
v=izgeMxCoF8I__#1_label_A__5.npy,A
v=izgeMxCoF8I__#1_label_A__6.npy,A
v=izgeMxCoF8I__#1_label_A__7.npy,A
v=izgeMxCoF8I__#1_label_A__8.npy,A
v=izgeMxCoF8I__#1_label_A__9.npy,A
Mission.Impossible.V.Rogue.Nation.2015__#02-01-35_02-04-40_label_A__0.npy,A
Mission.Impossible.V.Rogue.Nation.2015__#02-01-35_02-04-40_label_A__1.npy,A
Mission.Impossible.V.Rogue.Nation.2015__#02-01-35_02-04-40_label_A__2.npy,A
Mission.Impossible.V.Rogue.Nation.2015__#02-01-35_02-04-40_label_A__3.npy,A
Mission.Impossible.V.Rogue.Nation.2015__#02-01-35_02-04-40_label_A__4.npy,A
Mission.Impossible.V.Rogue.Nation.2015__#02-01-35_02-04-40_label_A__5.npy,A
Mission.Impossible.V.Rogue.Nation.2015__#02-01-35_02-04-40_label_A__6.npy,A
Mission.Impossible.V.Rogue.Nation.2015__#02-01-35_02-04-40_label_A__7.npy,A
Mission.Impossible.V.Rogue.Nation.2015__#02-01-35_02-04-40_label_A__8.npy,A
Mission.Impossible.V.Rogue.Nation.2015__#02-01-35_02-04-40_label_A__9.npy,A
Crank.Dircut.2006__#01-13-35_01-14-35_label_A__0.npy,A
Crank.Dircut.2006__#01-13-35_01-14-35_label_A__1.npy,A
Crank.Dircut.2006__#01-13-35_01-14-35_label_A__2.npy,A
Crank.Dircut.2006__#01-13-35_01-14-35_label_A__3.npy,A
Crank.Dircut.2006__#01-13-35_01-14-35_label_A__4.npy,A
Crank.Dircut.2006__#01-13-35_01-14-35_label_A__5.npy,A
Crank.Dircut.2006__#01-13-35_01-14-35_label_A__6.npy,A
Crank.Dircut.2006__#01-13-35_01-14-35_label_A__7.npy,A
Crank.Dircut.2006__#01-13-35_01-14-35_label_A__8.npy,A
Crank.Dircut.2006__#01-13-35_01-14-35_label_A__9.npy,A
v=u4r1FL1pwfo__#1_label_A__0.npy,A
v=u4r1FL1pwfo__#1_label_A__1.npy,A
v=u4r1FL1pwfo__#1_label_A__2.npy,A
v=u4r1FL1pwfo__#1_label_A__3.npy,A
v=u4r1FL1pwfo__#1_label_A__4.npy,A
v=u4r1FL1pwfo__#1_label_A__5.npy,A
v=u4r1FL1pwfo__#1_label_A__6.npy,A
v=u4r1FL1pwfo__#1_label_A__7.npy,A
v=u4r1FL1pwfo__#1_label_A__8.npy,A
v=u4r1FL1pwfo__#1_label_A__9.npy,A
The.Intouchables.2011__#01-46-20_01-48-10_label_A__0.npy,A
The.Intouchables.2011__#01-46-20_01-48-10_label_A__1.npy,A
The.Intouchables.2011__#01-46-20_01-48-10_label_A__2.npy,A
The.Intouchables.2011__#01-46-20_01-48-10_label_A__3.npy,A
The.Intouchables.2011__#01-46-20_01-48-10_label_A__4.npy,A
The.Intouchables.2011__#01-46-20_01-48-10_label_A__5.npy,A
The.Intouchables.2011__#01-46-20_01-48-10_label_A__6.npy,A
The.Intouchables.2011__#01-46-20_01-48-10_label_A__7.npy,A
The.Intouchables.2011__#01-46-20_01-48-10_label_A__8.npy,A
The.Intouchables.2011__#01-46-20_01-48-10_label_A__9.npy,A
v=0_qTxNIQy7I__#1_label_A__0.npy,A
v=0_qTxNIQy7I__#1_label_A__1.npy,A
v=0_qTxNIQy7I__#1_label_A__2.npy,A
v=0_qTxNIQy7I__#1_label_A__3.npy,A
v=0_qTxNIQy7I__#1_label_A__4.npy,A
v=0_qTxNIQy7I__#1_label_A__5.npy,A
v=0_qTxNIQy7I__#1_label_A__6.npy,A
v=0_qTxNIQy7I__#1_label_A__7.npy,A
v=0_qTxNIQy7I__#1_label_A__8.npy,A
v=0_qTxNIQy7I__#1_label_A__9.npy,A
Spectre.2015__#00-19-29_00-20-38_label_A__0.npy,A
Spectre.2015__#00-19-29_00-20-38_label_A__1.npy,A
Spectre.2015__#00-19-29_00-20-38_label_A__2.npy,A
Spectre.2015__#00-19-29_00-20-38_label_A__3.npy,A
Spectre.2015__#00-19-29_00-20-38_label_A__4.npy,A
Spectre.2015__#00-19-29_00-20-38_label_A__5.npy,A
Spectre.2015__#00-19-29_00-20-38_label_A__6.npy,A
Spectre.2015__#00-19-29_00-20-38_label_A__7.npy,A
Spectre.2015__#00-19-29_00-20-38_label_A__8.npy,A
Spectre.2015__#00-19-29_00-20-38_label_A__9.npy,A
Tropa.de.Elite.2.2010__#00-24-40_00-27-00_label_A__0.npy,A
Tropa.de.Elite.2.2010__#00-24-40_00-27-00_label_A__1.npy,A
Tropa.de.Elite.2.2010__#00-24-40_00-27-00_label_A__2.npy,A
Tropa.de.Elite.2.2010__#00-24-40_00-27-00_label_A__3.npy,A
Tropa.de.Elite.2.2010__#00-24-40_00-27-00_label_A__4.npy,A
Tropa.de.Elite.2.2010__#00-24-40_00-27-00_label_A__5.npy,A
Tropa.de.Elite.2.2010__#00-24-40_00-27-00_label_A__6.npy,A
Tropa.de.Elite.2.2010__#00-24-40_00-27-00_label_A__7.npy,A
Tropa.de.Elite.2.2010__#00-24-40_00-27-00_label_A__8.npy,A
Tropa.de.Elite.2.2010__#00-24-40_00-27-00_label_A__9.npy,A
The.Secret.Life.of.Walter.Mitty.2013__#01-17-00_01-19-40_label_A__0.npy,A
The.Secret.Life.of.Walter.Mitty.2013__#01-17-00_01-19-40_label_A__1.npy,A
The.Secret.Life.of.Walter.Mitty.2013__#01-17-00_01-19-40_label_A__2.npy,A
The.Secret.Life.of.Walter.Mitty.2013__#01-17-00_01-19-40_label_A__3.npy,A
The.Secret.Life.of.Walter.Mitty.2013__#01-17-00_01-19-40_label_A__4.npy,A
The.Secret.Life.of.Walter.Mitty.2013__#01-17-00_01-19-40_label_A__5.npy,A
The.Secret.Life.of.Walter.Mitty.2013__#01-17-00_01-19-40_label_A__6.npy,A
The.Secret.Life.of.Walter.Mitty.2013__#01-17-00_01-19-40_label_A__7.npy,A
The.Secret.Life.of.Walter.Mitty.2013__#01-17-00_01-19-40_label_A__8.npy,A
The.Secret.Life.of.Walter.Mitty.2013__#01-17-00_01-19-40_label_A__9.npy,A
v=dRcnDKrKA_g__#1_label_A__0.npy,A
v=dRcnDKrKA_g__#1_label_A__1.npy,A
v=dRcnDKrKA_g__#1_label_A__2.npy,A
v=dRcnDKrKA_g__#1_label_A__3.npy,A
v=dRcnDKrKA_g__#1_label_A__4.npy,A
v=dRcnDKrKA_g__#1_label_A__5.npy,A
v=dRcnDKrKA_g__#1_label_A__6.npy,A
v=dRcnDKrKA_g__#1_label_A__7.npy,A
v=dRcnDKrKA_g__#1_label_A__8.npy,A
v=dRcnDKrKA_g__#1_label_A__9.npy,A
Before.Sunrise.1995__#00-45-40_00-47-30_label_A__0.npy,A
Before.Sunrise.1995__#00-45-40_00-47-30_label_A__1.npy,A
Before.Sunrise.1995__#00-45-40_00-47-30_label_A__2.npy,A
Before.Sunrise.1995__#00-45-40_00-47-30_label_A__3.npy,A
Before.Sunrise.1995__#00-45-40_00-47-30_label_A__4.npy,A
Before.Sunrise.1995__#00-45-40_00-47-30_label_A__5.npy,A
Before.Sunrise.1995__#00-45-40_00-47-30_label_A__6.npy,A
Before.Sunrise.1995__#00-45-40_00-47-30_label_A__7.npy,A
Before.Sunrise.1995__#00-45-40_00-47-30_label_A__8.npy,A
Before.Sunrise.1995__#00-45-40_00-47-30_label_A__9.npy,A
v=wUL8ZEs-2mI__#1_label_A__0.npy,A
v=wUL8ZEs-2mI__#1_label_A__1.npy,A
v=wUL8ZEs-2mI__#1_label_A__2.npy,A
v=wUL8ZEs-2mI__#1_label_A__3.npy,A
v=wUL8ZEs-2mI__#1_label_A__4.npy,A
v=wUL8ZEs-2mI__#1_label_A__5.npy,A
v=wUL8ZEs-2mI__#1_label_A__6.npy,A
v=wUL8ZEs-2mI__#1_label_A__7.npy,A
v=wUL8ZEs-2mI__#1_label_A__8.npy,A
v=wUL8ZEs-2mI__#1_label_A__9.npy,A
v=GyW0lCXb1wo__#1_label_A__0.npy,A
v=GyW0lCXb1wo__#1_label_A__1.npy,A
v=GyW0lCXb1wo__#1_label_A__2.npy,A
v=GyW0lCXb1wo__#1_label_A__3.npy,A
v=GyW0lCXb1wo__#1_label_A__4.npy,A
v=GyW0lCXb1wo__#1_label_A__5.npy,A
v=GyW0lCXb1wo__#1_label_A__6.npy,A
v=GyW0lCXb1wo__#1_label_A__7.npy,A
v=GyW0lCXb1wo__#1_label_A__8.npy,A
v=GyW0lCXb1wo__#1_label_A__9.npy,A
v=2REkZG-dhHc__#1_label_A__0.npy,A
v=2REkZG-dhHc__#1_label_A__1.npy,A
v=2REkZG-dhHc__#1_label_A__2.npy,A
v=2REkZG-dhHc__#1_label_A__3.npy,A
v=2REkZG-dhHc__#1_label_A__4.npy,A
v=2REkZG-dhHc__#1_label_A__5.npy,A
v=2REkZG-dhHc__#1_label_A__6.npy,A
v=2REkZG-dhHc__#1_label_A__7.npy,A
v=2REkZG-dhHc__#1_label_A__8.npy,A
v=2REkZG-dhHc__#1_label_A__9.npy,A
Casino.Royale.2006__#00-54-41_00-57-51_label_A__0.npy,A
Casino.Royale.2006__#00-54-41_00-57-51_label_A__1.npy,A
Casino.Royale.2006__#00-54-41_00-57-51_label_A__2.npy,A
Casino.Royale.2006__#00-54-41_00-57-51_label_A__3.npy,A
Casino.Royale.2006__#00-54-41_00-57-51_label_A__4.npy,A
Casino.Royale.2006__#00-54-41_00-57-51_label_A__5.npy,A
Casino.Royale.2006__#00-54-41_00-57-51_label_A__6.npy,A
Casino.Royale.2006__#00-54-41_00-57-51_label_A__7.npy,A
Casino.Royale.2006__#00-54-41_00-57-51_label_A__8.npy,A
Casino.Royale.2006__#00-54-41_00-57-51_label_A__9.npy,A
v=3V6ucfKL6nI__#1_label_A__0.npy,A
v=3V6ucfKL6nI__#1_label_A__1.npy,A
v=3V6ucfKL6nI__#1_label_A__2.npy,A
v=3V6ucfKL6nI__#1_label_A__3.npy,A
v=3V6ucfKL6nI__#1_label_A__4.npy,A
v=3V6ucfKL6nI__#1_label_A__5.npy,A
v=3V6ucfKL6nI__#1_label_A__6.npy,A
v=3V6ucfKL6nI__#1_label_A__7.npy,A
v=3V6ucfKL6nI__#1_label_A__8.npy,A
v=3V6ucfKL6nI__#1_label_A__9.npy,A
v=JmWLutqb9Qw__#1_label_A__0.npy,A
v=JmWLutqb9Qw__#1_label_A__1.npy,A
v=JmWLutqb9Qw__#1_label_A__2.npy,A
v=JmWLutqb9Qw__#1_label_A__3.npy,A
v=JmWLutqb9Qw__#1_label_A__4.npy,A
v=JmWLutqb9Qw__#1_label_A__5.npy,A
v=JmWLutqb9Qw__#1_label_A__6.npy,A
v=JmWLutqb9Qw__#1_label_A__7.npy,A
v=JmWLutqb9Qw__#1_label_A__8.npy,A
v=JmWLutqb9Qw__#1_label_A__9.npy,A
Kill.Bill.Vol.1.2003__#0-50-31_0-58-52_label_A__0.npy,A
Kill.Bill.Vol.1.2003__#0-50-31_0-58-52_label_A__1.npy,A
Kill.Bill.Vol.1.2003__#0-50-31_0-58-52_label_A__2.npy,A
Kill.Bill.Vol.1.2003__#0-50-31_0-58-52_label_A__3.npy,A
Kill.Bill.Vol.1.2003__#0-50-31_0-58-52_label_A__4.npy,A
Kill.Bill.Vol.1.2003__#0-50-31_0-58-52_label_A__5.npy,A
Kill.Bill.Vol.1.2003__#0-50-31_0-58-52_label_A__6.npy,A
Kill.Bill.Vol.1.2003__#0-50-31_0-58-52_label_A__7.npy,A
Kill.Bill.Vol.1.2003__#0-50-31_0-58-52_label_A__8.npy,A
Kill.Bill.Vol.1.2003__#0-50-31_0-58-52_label_A__9.npy,A
NewAdd.Dream.Team.8__#1_label_A__0.npy,A
NewAdd.Dream.Team.8__#1_label_A__1.npy,A
NewAdd.Dream.Team.8__#1_label_A__2.npy,A
NewAdd.Dream.Team.8__#1_label_A__3.npy,A
NewAdd.Dream.Team.8__#1_label_A__4.npy,A
NewAdd.Dream.Team.8__#1_label_A__5.npy,A
NewAdd.Dream.Team.8__#1_label_A__6.npy,A
NewAdd.Dream.Team.8__#1_label_A__7.npy,A
NewAdd.Dream.Team.8__#1_label_A__8.npy,A
NewAdd.Dream.Team.8__#1_label_A__9.npy,A
v=D9BOTXFCpQA__#1_label_A__0.npy,A
v=D9BOTXFCpQA__#1_label_A__1.npy,A
v=D9BOTXFCpQA__#1_label_A__2.npy,A
v=D9BOTXFCpQA__#1_label_A__3.npy,A
v=D9BOTXFCpQA__#1_label_A__4.npy,A
v=D9BOTXFCpQA__#1_label_A__5.npy,A
v=D9BOTXFCpQA__#1_label_A__6.npy,A
v=D9BOTXFCpQA__#1_label_A__7.npy,A
v=D9BOTXFCpQA__#1_label_A__8.npy,A
v=D9BOTXFCpQA__#1_label_A__9.npy,A
Taken.Extended.Cut.2008__#00-05-18_00-07-51_label_A__0.npy,A
Taken.Extended.Cut.2008__#00-05-18_00-07-51_label_A__1.npy,A
Taken.Extended.Cut.2008__#00-05-18_00-07-51_label_A__2.npy,A
Taken.Extended.Cut.2008__#00-05-18_00-07-51_label_A__3.npy,A
Taken.Extended.Cut.2008__#00-05-18_00-07-51_label_A__4.npy,A
Taken.Extended.Cut.2008__#00-05-18_00-07-51_label_A__5.npy,A
Taken.Extended.Cut.2008__#00-05-18_00-07-51_label_A__6.npy,A
Taken.Extended.Cut.2008__#00-05-18_00-07-51_label_A__7.npy,A
Taken.Extended.Cut.2008__#00-05-18_00-07-51_label_A__8.npy,A
Taken.Extended.Cut.2008__#00-05-18_00-07-51_label_A__9.npy,A
v=0nNh2MZ_5bY__#1_label_A__0.npy,A
v=0nNh2MZ_5bY__#1_label_A__1.npy,A
v=0nNh2MZ_5bY__#1_label_A__2.npy,A
v=0nNh2MZ_5bY__#1_label_A__3.npy,A
v=0nNh2MZ_5bY__#1_label_A__4.npy,A
v=0nNh2MZ_5bY__#1_label_A__5.npy,A
v=0nNh2MZ_5bY__#1_label_A__6.npy,A
v=0nNh2MZ_5bY__#1_label_A__7.npy,A
v=0nNh2MZ_5bY__#1_label_A__8.npy,A
v=0nNh2MZ_5bY__#1_label_A__9.npy,A
Young.And.Dangerous.IV.1997__#0-02-36_0-06-36_label_A__0.npy,A
Young.And.Dangerous.IV.1997__#0-02-36_0-06-36_label_A__1.npy,A
Young.And.Dangerous.IV.1997__#0-02-36_0-06-36_label_A__2.npy,A
Young.And.Dangerous.IV.1997__#0-02-36_0-06-36_label_A__3.npy,A
Young.And.Dangerous.IV.1997__#0-02-36_0-06-36_label_A__4.npy,A
Young.And.Dangerous.IV.1997__#0-02-36_0-06-36_label_A__5.npy,A
Young.And.Dangerous.IV.1997__#0-02-36_0-06-36_label_A__6.npy,A
Young.And.Dangerous.IV.1997__#0-02-36_0-06-36_label_A__7.npy,A
Young.And.Dangerous.IV.1997__#0-02-36_0-06-36_label_A__8.npy,A
Young.And.Dangerous.IV.1997__#0-02-36_0-06-36_label_A__9.npy,A
v=usAvzbDq6-c__#00-12-00_00-15-00_label_A__0.npy,A
v=usAvzbDq6-c__#00-12-00_00-15-00_label_A__1.npy,A
v=usAvzbDq6-c__#00-12-00_00-15-00_label_A__2.npy,A
v=usAvzbDq6-c__#00-12-00_00-15-00_label_A__3.npy,A
v=usAvzbDq6-c__#00-12-00_00-15-00_label_A__4.npy,A
v=usAvzbDq6-c__#00-12-00_00-15-00_label_A__5.npy,A
v=usAvzbDq6-c__#00-12-00_00-15-00_label_A__6.npy,A
v=usAvzbDq6-c__#00-12-00_00-15-00_label_A__7.npy,A
v=usAvzbDq6-c__#00-12-00_00-15-00_label_A__8.npy,A
v=usAvzbDq6-c__#00-12-00_00-15-00_label_A__9.npy,A
Fast.Furious.2009__#00-08-56_00-10-39_label_A__0.npy,A
Fast.Furious.2009__#00-08-56_00-10-39_label_A__1.npy,A
Fast.Furious.2009__#00-08-56_00-10-39_label_A__2.npy,A
Fast.Furious.2009__#00-08-56_00-10-39_label_A__3.npy,A
Fast.Furious.2009__#00-08-56_00-10-39_label_A__4.npy,A
Fast.Furious.2009__#00-08-56_00-10-39_label_A__5.npy,A
Fast.Furious.2009__#00-08-56_00-10-39_label_A__6.npy,A
Fast.Furious.2009__#00-08-56_00-10-39_label_A__7.npy,A
Fast.Furious.2009__#00-08-56_00-10-39_label_A__8.npy,A
Fast.Furious.2009__#00-08-56_00-10-39_label_A__9.npy,A
The.Secret.Life.of.Walter.Mitty.2013__#00-17-30_00-19-10_label_A__0.npy,A
The.Secret.Life.of.Walter.Mitty.2013__#00-17-30_00-19-10_label_A__1.npy,A
The.Secret.Life.of.Walter.Mitty.2013__#00-17-30_00-19-10_label_A__2.npy,A
The.Secret.Life.of.Walter.Mitty.2013__#00-17-30_00-19-10_label_A__3.npy,A
The.Secret.Life.of.Walter.Mitty.2013__#00-17-30_00-19-10_label_A__4.npy,A
The.Secret.Life.of.Walter.Mitty.2013__#00-17-30_00-19-10_label_A__5.npy,A
The.Secret.Life.of.Walter.Mitty.2013__#00-17-30_00-19-10_label_A__6.npy,A
The.Secret.Life.of.Walter.Mitty.2013__#00-17-30_00-19-10_label_A__7.npy,A
The.Secret.Life.of.Walter.Mitty.2013__#00-17-30_00-19-10_label_A__8.npy,A
The.Secret.Life.of.Walter.Mitty.2013__#00-17-30_00-19-10_label_A__9.npy,A
Be.with.You.2018__#00-03-00_00-04-05_label_A__0.npy,A
Be.with.You.2018__#00-03-00_00-04-05_label_A__1.npy,A
Be.with.You.2018__#00-03-00_00-04-05_label_A__2.npy,A
Be.with.You.2018__#00-03-00_00-04-05_label_A__3.npy,A
Be.with.You.2018__#00-03-00_00-04-05_label_A__4.npy,A
Be.with.You.2018__#00-03-00_00-04-05_label_A__5.npy,A
Be.with.You.2018__#00-03-00_00-04-05_label_A__6.npy,A
Be.with.You.2018__#00-03-00_00-04-05_label_A__7.npy,A
Be.with.You.2018__#00-03-00_00-04-05_label_A__8.npy,A
Be.with.You.2018__#00-03-00_00-04-05_label_A__9.npy,A
v=Gk11cLZ_67g__#1_label_A__0.npy,A
v=Gk11cLZ_67g__#1_label_A__1.npy,A
v=Gk11cLZ_67g__#1_label_A__2.npy,A
v=Gk11cLZ_67g__#1_label_A__3.npy,A
v=Gk11cLZ_67g__#1_label_A__4.npy,A
v=Gk11cLZ_67g__#1_label_A__5.npy,A
v=Gk11cLZ_67g__#1_label_A__6.npy,A
v=Gk11cLZ_67g__#1_label_A__7.npy,A
v=Gk11cLZ_67g__#1_label_A__8.npy,A
v=Gk11cLZ_67g__#1_label_A__9.npy,A
Mission.Impossible.V.Rogue.Nation.2015__#00-29-46_00-31-00_label_A__0.npy,A
Mission.Impossible.V.Rogue.Nation.2015__#00-29-46_00-31-00_label_A__1.npy,A
Mission.Impossible.V.Rogue.Nation.2015__#00-29-46_00-31-00_label_A__2.npy,A
Mission.Impossible.V.Rogue.Nation.2015__#00-29-46_00-31-00_label_A__3.npy,A
Mission.Impossible.V.Rogue.Nation.2015__#00-29-46_00-31-00_label_A__4.npy,A
Mission.Impossible.V.Rogue.Nation.2015__#00-29-46_00-31-00_label_A__5.npy,A
Mission.Impossible.V.Rogue.Nation.2015__#00-29-46_00-31-00_label_A__6.npy,A
Mission.Impossible.V.Rogue.Nation.2015__#00-29-46_00-31-00_label_A__7.npy,A
Mission.Impossible.V.Rogue.Nation.2015__#00-29-46_00-31-00_label_A__8.npy,A
Mission.Impossible.V.Rogue.Nation.2015__#00-29-46_00-31-00_label_A__9.npy,A
v=X59__bw-seg__#1_label_A__0.npy,A
v=X59__bw-seg__#1_label_A__1.npy,A
v=X59__bw-seg__#1_label_A__2.npy,A
v=X59__bw-seg__#1_label_A__3.npy,A
v=X59__bw-seg__#1_label_A__4.npy,A
v=X59__bw-seg__#1_label_A__5.npy,A
v=X59__bw-seg__#1_label_A__6.npy,A
v=X59__bw-seg__#1_label_A__7.npy,A
v=X59__bw-seg__#1_label_A__8.npy,A
v=X59__bw-seg__#1_label_A__9.npy,A
v=Yr41_8QOTF8__#00-18-00_00-21-00_label_A__0.npy,A
v=Yr41_8QOTF8__#00-18-00_00-21-00_label_A__1.npy,A
v=Yr41_8QOTF8__#00-18-00_00-21-00_label_A__2.npy,A
v=Yr41_8QOTF8__#00-18-00_00-21-00_label_A__3.npy,A
v=Yr41_8QOTF8__#00-18-00_00-21-00_label_A__4.npy,A
v=Yr41_8QOTF8__#00-18-00_00-21-00_label_A__5.npy,A
v=Yr41_8QOTF8__#00-18-00_00-21-00_label_A__6.npy,A
v=Yr41_8QOTF8__#00-18-00_00-21-00_label_A__7.npy,A
v=Yr41_8QOTF8__#00-18-00_00-21-00_label_A__8.npy,A
v=Yr41_8QOTF8__#00-18-00_00-21-00_label_A__9.npy,A
v=fkps18H3SXY__#00-06-00_00-12-00_label_A__0.npy,A
v=fkps18H3SXY__#00-06-00_00-12-00_label_A__1.npy,A
v=fkps18H3SXY__#00-06-00_00-12-00_label_A__2.npy,A
v=fkps18H3SXY__#00-06-00_00-12-00_label_A__3.npy,A
v=fkps18H3SXY__#00-06-00_00-12-00_label_A__4.npy,A
v=fkps18H3SXY__#00-06-00_00-12-00_label_A__5.npy,A
v=fkps18H3SXY__#00-06-00_00-12-00_label_A__6.npy,A
v=fkps18H3SXY__#00-06-00_00-12-00_label_A__7.npy,A
v=fkps18H3SXY__#00-06-00_00-12-00_label_A__8.npy,A
v=fkps18H3SXY__#00-06-00_00-12-00_label_A__9.npy,A
v=tQHR4Qrj6fM__#1_label_A__0.npy,A
v=tQHR4Qrj6fM__#1_label_A__1.npy,A
v=tQHR4Qrj6fM__#1_label_A__2.npy,A
v=tQHR4Qrj6fM__#1_label_A__3.npy,A
v=tQHR4Qrj6fM__#1_label_A__4.npy,A
v=tQHR4Qrj6fM__#1_label_A__5.npy,A
v=tQHR4Qrj6fM__#1_label_A__6.npy,A
v=tQHR4Qrj6fM__#1_label_A__7.npy,A
v=tQHR4Qrj6fM__#1_label_A__8.npy,A
v=tQHR4Qrj6fM__#1_label_A__9.npy,A
Be.with.You.2018__#00-08-55_00-10-50_label_A__0.npy,A
Be.with.You.2018__#00-08-55_00-10-50_label_A__1.npy,A
Be.with.You.2018__#00-08-55_00-10-50_label_A__2.npy,A
Be.with.You.2018__#00-08-55_00-10-50_label_A__3.npy,A
Be.with.You.2018__#00-08-55_00-10-50_label_A__4.npy,A
Be.with.You.2018__#00-08-55_00-10-50_label_A__5.npy,A
Be.with.You.2018__#00-08-55_00-10-50_label_A__6.npy,A
Be.with.You.2018__#00-08-55_00-10-50_label_A__7.npy,A
Be.with.You.2018__#00-08-55_00-10-50_label_A__8.npy,A
Be.with.You.2018__#00-08-55_00-10-50_label_A__9.npy,A
Still.Walking.2008__#01-04-40_01-06-59_label_A__0.npy,A
Still.Walking.2008__#01-04-40_01-06-59_label_A__1.npy,A
Still.Walking.2008__#01-04-40_01-06-59_label_A__2.npy,A
Still.Walking.2008__#01-04-40_01-06-59_label_A__3.npy,A
Still.Walking.2008__#01-04-40_01-06-59_label_A__4.npy,A
Still.Walking.2008__#01-04-40_01-06-59_label_A__5.npy,A
Still.Walking.2008__#01-04-40_01-06-59_label_A__6.npy,A
Still.Walking.2008__#01-04-40_01-06-59_label_A__7.npy,A
Still.Walking.2008__#01-04-40_01-06-59_label_A__8.npy,A
Still.Walking.2008__#01-04-40_01-06-59_label_A__9.npy,A
v=TrP9Ssg_W-k__#1_label_A__0.npy,A
v=TrP9Ssg_W-k__#1_label_A__1.npy,A
v=TrP9Ssg_W-k__#1_label_A__2.npy,A
v=TrP9Ssg_W-k__#1_label_A__3.npy,A
v=TrP9Ssg_W-k__#1_label_A__4.npy,A
v=TrP9Ssg_W-k__#1_label_A__5.npy,A
v=TrP9Ssg_W-k__#1_label_A__6.npy,A
v=TrP9Ssg_W-k__#1_label_A__7.npy,A
v=TrP9Ssg_W-k__#1_label_A__8.npy,A
v=TrP9Ssg_W-k__#1_label_A__9.npy,A
v=fhpVE5Yfvhc__#1_label_A__0.npy,A
v=fhpVE5Yfvhc__#1_label_A__1.npy,A
v=fhpVE5Yfvhc__#1_label_A__2.npy,A
v=fhpVE5Yfvhc__#1_label_A__3.npy,A
v=fhpVE5Yfvhc__#1_label_A__4.npy,A
v=fhpVE5Yfvhc__#1_label_A__5.npy,A
v=fhpVE5Yfvhc__#1_label_A__6.npy,A
v=fhpVE5Yfvhc__#1_label_A__7.npy,A
v=fhpVE5Yfvhc__#1_label_A__8.npy,A
v=fhpVE5Yfvhc__#1_label_A__9.npy,A
City.of.God.2002__#00-49-19_00-50-05_label_A__0.npy,A
City.of.God.2002__#00-49-19_00-50-05_label_A__1.npy,A
City.of.God.2002__#00-49-19_00-50-05_label_A__2.npy,A
City.of.God.2002__#00-49-19_00-50-05_label_A__3.npy,A
City.of.God.2002__#00-49-19_00-50-05_label_A__4.npy,A
City.of.God.2002__#00-49-19_00-50-05_label_A__5.npy,A
City.of.God.2002__#00-49-19_00-50-05_label_A__6.npy,A
City.of.God.2002__#00-49-19_00-50-05_label_A__7.npy,A
City.of.God.2002__#00-49-19_00-50-05_label_A__8.npy,A
City.of.God.2002__#00-49-19_00-50-05_label_A__9.npy,A
v=1Up20_cLdVQ__#1_label_A__0.npy,A
v=1Up20_cLdVQ__#1_label_A__1.npy,A
v=1Up20_cLdVQ__#1_label_A__2.npy,A
v=1Up20_cLdVQ__#1_label_A__3.npy,A
v=1Up20_cLdVQ__#1_label_A__4.npy,A
v=1Up20_cLdVQ__#1_label_A__5.npy,A
v=1Up20_cLdVQ__#1_label_A__6.npy,A
v=1Up20_cLdVQ__#1_label_A__7.npy,A
v=1Up20_cLdVQ__#1_label_A__8.npy,A
v=1Up20_cLdVQ__#1_label_A__9.npy,A
Fast.Furious.2009__#00-22-36_00-24-00_label_A__0.npy,A
Fast.Furious.2009__#00-22-36_00-24-00_label_A__1.npy,A
Fast.Furious.2009__#00-22-36_00-24-00_label_A__2.npy,A
Fast.Furious.2009__#00-22-36_00-24-00_label_A__3.npy,A
Fast.Furious.2009__#00-22-36_00-24-00_label_A__4.npy,A
Fast.Furious.2009__#00-22-36_00-24-00_label_A__5.npy,A
Fast.Furious.2009__#00-22-36_00-24-00_label_A__6.npy,A
Fast.Furious.2009__#00-22-36_00-24-00_label_A__7.npy,A
Fast.Furious.2009__#00-22-36_00-24-00_label_A__8.npy,A
Fast.Furious.2009__#00-22-36_00-24-00_label_A__9.npy,A
v=m7aF-aNmlaA__#1_label_A__0.npy,A
v=m7aF-aNmlaA__#1_label_A__1.npy,A
v=m7aF-aNmlaA__#1_label_A__2.npy,A
v=m7aF-aNmlaA__#1_label_A__3.npy,A
v=m7aF-aNmlaA__#1_label_A__4.npy,A
v=m7aF-aNmlaA__#1_label_A__5.npy,A
v=m7aF-aNmlaA__#1_label_A__6.npy,A
v=m7aF-aNmlaA__#1_label_A__7.npy,A
v=m7aF-aNmlaA__#1_label_A__8.npy,A
v=m7aF-aNmlaA__#1_label_A__9.npy,A
Operation.Red.Sea.2018__#02-13-56_02-14-21_label_A__0.npy,A
Operation.Red.Sea.2018__#02-13-56_02-14-21_label_A__1.npy,A
Operation.Red.Sea.2018__#02-13-56_02-14-21_label_A__2.npy,A
Operation.Red.Sea.2018__#02-13-56_02-14-21_label_A__3.npy,A
Operation.Red.Sea.2018__#02-13-56_02-14-21_label_A__4.npy,A
Operation.Red.Sea.2018__#02-13-56_02-14-21_label_A__5.npy,A
Operation.Red.Sea.2018__#02-13-56_02-14-21_label_A__6.npy,A
Operation.Red.Sea.2018__#02-13-56_02-14-21_label_A__7.npy,A
Operation.Red.Sea.2018__#02-13-56_02-14-21_label_A__8.npy,A
Operation.Red.Sea.2018__#02-13-56_02-14-21_label_A__9.npy,A
v=eg4WO6-7tPw__#1_label_A__0.npy,A
v=eg4WO6-7tPw__#1_label_A__1.npy,A
v=eg4WO6-7tPw__#1_label_A__2.npy,A
v=eg4WO6-7tPw__#1_label_A__3.npy,A
v=eg4WO6-7tPw__#1_label_A__4.npy,A
v=eg4WO6-7tPw__#1_label_A__5.npy,A
v=eg4WO6-7tPw__#1_label_A__6.npy,A
v=eg4WO6-7tPw__#1_label_A__7.npy,A
v=eg4WO6-7tPw__#1_label_A__8.npy,A
v=eg4WO6-7tPw__#1_label_A__9.npy,A
Spectre.2015__#00-51-10_00-52-18_label_A__0.npy,A
Spectre.2015__#00-51-10_00-52-18_label_A__1.npy,A
Spectre.2015__#00-51-10_00-52-18_label_A__2.npy,A
Spectre.2015__#00-51-10_00-52-18_label_A__3.npy,A
Spectre.2015__#00-51-10_00-52-18_label_A__4.npy,A
Spectre.2015__#00-51-10_00-52-18_label_A__5.npy,A
Spectre.2015__#00-51-10_00-52-18_label_A__6.npy,A
Spectre.2015__#00-51-10_00-52-18_label_A__7.npy,A
Spectre.2015__#00-51-10_00-52-18_label_A__8.npy,A
Spectre.2015__#00-51-10_00-52-18_label_A__9.npy,A
v=4sbvmkX9mDY__#1_label_A__0.npy,A
v=4sbvmkX9mDY__#1_label_A__1.npy,A
v=4sbvmkX9mDY__#1_label_A__2.npy,A
v=4sbvmkX9mDY__#1_label_A__3.npy,A
v=4sbvmkX9mDY__#1_label_A__4.npy,A
v=4sbvmkX9mDY__#1_label_A__5.npy,A
v=4sbvmkX9mDY__#1_label_A__6.npy,A
v=4sbvmkX9mDY__#1_label_A__7.npy,A
v=4sbvmkX9mDY__#1_label_A__8.npy,A
v=4sbvmkX9mDY__#1_label_A__9.npy,A
v=neXRuULpW9g__#1_label_A__0.npy,A
v=neXRuULpW9g__#1_label_A__1.npy,A
v=neXRuULpW9g__#1_label_A__2.npy,A
v=neXRuULpW9g__#1_label_A__3.npy,A
v=neXRuULpW9g__#1_label_A__4.npy,A
v=neXRuULpW9g__#1_label_A__5.npy,A
v=neXRuULpW9g__#1_label_A__6.npy,A
v=neXRuULpW9g__#1_label_A__7.npy,A
v=neXRuULpW9g__#1_label_A__8.npy,A
v=neXRuULpW9g__#1_label_A__9.npy,A
v=x-Cgkgj5KR0__#00-09-00_00-12-00_label_A__0.npy,A
v=x-Cgkgj5KR0__#00-09-00_00-12-00_label_A__1.npy,A
v=x-Cgkgj5KR0__#00-09-00_00-12-00_label_A__2.npy,A
v=x-Cgkgj5KR0__#00-09-00_00-12-00_label_A__3.npy,A
v=x-Cgkgj5KR0__#00-09-00_00-12-00_label_A__4.npy,A
v=x-Cgkgj5KR0__#00-09-00_00-12-00_label_A__5.npy,A
v=x-Cgkgj5KR0__#00-09-00_00-12-00_label_A__6.npy,A
v=x-Cgkgj5KR0__#00-09-00_00-12-00_label_A__7.npy,A
v=x-Cgkgj5KR0__#00-09-00_00-12-00_label_A__8.npy,A
v=x-Cgkgj5KR0__#00-09-00_00-12-00_label_A__9.npy,A
Before.Sunrise.1995__#00-58-18_01-02-30_label_A__0.npy,A
Before.Sunrise.1995__#00-58-18_01-02-30_label_A__1.npy,A
Before.Sunrise.1995__#00-58-18_01-02-30_label_A__2.npy,A
Before.Sunrise.1995__#00-58-18_01-02-30_label_A__3.npy,A
Before.Sunrise.1995__#00-58-18_01-02-30_label_A__4.npy,A
Before.Sunrise.1995__#00-58-18_01-02-30_label_A__5.npy,A
Before.Sunrise.1995__#00-58-18_01-02-30_label_A__6.npy,A
Before.Sunrise.1995__#00-58-18_01-02-30_label_A__7.npy,A
Before.Sunrise.1995__#00-58-18_01-02-30_label_A__8.npy,A
Before.Sunrise.1995__#00-58-18_01-02-30_label_A__9.npy,A
Jason.Bourne.2016__#01-48-57_01-54-15_label_A__0.npy,A
Jason.Bourne.2016__#01-48-57_01-54-15_label_A__1.npy,A
Jason.Bourne.2016__#01-48-57_01-54-15_label_A__2.npy,A
Jason.Bourne.2016__#01-48-57_01-54-15_label_A__3.npy,A
Jason.Bourne.2016__#01-48-57_01-54-15_label_A__4.npy,A
Jason.Bourne.2016__#01-48-57_01-54-15_label_A__5.npy,A
Jason.Bourne.2016__#01-48-57_01-54-15_label_A__6.npy,A
Jason.Bourne.2016__#01-48-57_01-54-15_label_A__7.npy,A
Jason.Bourne.2016__#01-48-57_01-54-15_label_A__8.npy,A
Jason.Bourne.2016__#01-48-57_01-54-15_label_A__9.npy,A
v=vFPQ_NiDBIU__#01-36-00_01-42-00_label_A__0.npy,A
v=vFPQ_NiDBIU__#01-36-00_01-42-00_label_A__1.npy,A
v=vFPQ_NiDBIU__#01-36-00_01-42-00_label_A__2.npy,A
v=vFPQ_NiDBIU__#01-36-00_01-42-00_label_A__3.npy,A
v=vFPQ_NiDBIU__#01-36-00_01-42-00_label_A__4.npy,A
v=vFPQ_NiDBIU__#01-36-00_01-42-00_label_A__5.npy,A
v=vFPQ_NiDBIU__#01-36-00_01-42-00_label_A__6.npy,A
v=vFPQ_NiDBIU__#01-36-00_01-42-00_label_A__7.npy,A
v=vFPQ_NiDBIU__#01-36-00_01-42-00_label_A__8.npy,A
v=vFPQ_NiDBIU__#01-36-00_01-42-00_label_A__9.npy,A
Taken.Extended.Cut.2008__#00-41-50_00-42-32_label_A__0.npy,A
Taken.Extended.Cut.2008__#00-41-50_00-42-32_label_A__1.npy,A
Taken.Extended.Cut.2008__#00-41-50_00-42-32_label_A__2.npy,A
Taken.Extended.Cut.2008__#00-41-50_00-42-32_label_A__3.npy,A
Taken.Extended.Cut.2008__#00-41-50_00-42-32_label_A__4.npy,A
Taken.Extended.Cut.2008__#00-41-50_00-42-32_label_A__5.npy,A
Taken.Extended.Cut.2008__#00-41-50_00-42-32_label_A__6.npy,A
Taken.Extended.Cut.2008__#00-41-50_00-42-32_label_A__7.npy,A
Taken.Extended.Cut.2008__#00-41-50_00-42-32_label_A__8.npy,A
Taken.Extended.Cut.2008__#00-41-50_00-42-32_label_A__9.npy,A
v=dTv80e4qyzs__#1_label_A__0.npy,A
v=dTv80e4qyzs__#1_label_A__1.npy,A
v=dTv80e4qyzs__#1_label_A__2.npy,A
v=dTv80e4qyzs__#1_label_A__3.npy,A
v=dTv80e4qyzs__#1_label_A__4.npy,A
v=dTv80e4qyzs__#1_label_A__5.npy,A
v=dTv80e4qyzs__#1_label_A__6.npy,A
v=dTv80e4qyzs__#1_label_A__7.npy,A
v=dTv80e4qyzs__#1_label_A__8.npy,A
v=dTv80e4qyzs__#1_label_A__9.npy,A
v=yrOmzQ1DXp8__#1_label_A__0.npy,A
v=yrOmzQ1DXp8__#1_label_A__1.npy,A
v=yrOmzQ1DXp8__#1_label_A__2.npy,A
v=yrOmzQ1DXp8__#1_label_A__3.npy,A
v=yrOmzQ1DXp8__#1_label_A__4.npy,A
v=yrOmzQ1DXp8__#1_label_A__5.npy,A
v=yrOmzQ1DXp8__#1_label_A__6.npy,A
v=yrOmzQ1DXp8__#1_label_A__7.npy,A
v=yrOmzQ1DXp8__#1_label_A__8.npy,A
v=yrOmzQ1DXp8__#1_label_A__9.npy,A
v=Vo5KzimeK44__#1_label_A__0.npy,A
v=Vo5KzimeK44__#1_label_A__1.npy,A
v=Vo5KzimeK44__#1_label_A__2.npy,A
v=Vo5KzimeK44__#1_label_A__3.npy,A
v=Vo5KzimeK44__#1_label_A__4.npy,A
v=Vo5KzimeK44__#1_label_A__5.npy,A
v=Vo5KzimeK44__#1_label_A__6.npy,A
v=Vo5KzimeK44__#1_label_A__7.npy,A
v=Vo5KzimeK44__#1_label_A__8.npy,A
v=Vo5KzimeK44__#1_label_A__9.npy,A
Gladiator.2000__#00-13-32_00-14-40_label_A__0.npy,A
Gladiator.2000__#00-13-32_00-14-40_label_A__1.npy,A
Gladiator.2000__#00-13-32_00-14-40_label_A__2.npy,A
Gladiator.2000__#00-13-32_00-14-40_label_A__3.npy,A
Gladiator.2000__#00-13-32_00-14-40_label_A__4.npy,A
Gladiator.2000__#00-13-32_00-14-40_label_A__5.npy,A
Gladiator.2000__#00-13-32_00-14-40_label_A__6.npy,A
Gladiator.2000__#00-13-32_00-14-40_label_A__7.npy,A
Gladiator.2000__#00-13-32_00-14-40_label_A__8.npy,A
Gladiator.2000__#00-13-32_00-14-40_label_A__9.npy,A
v=AqFWYZsOgWY__#00-03-00_00-06-00_label_A__0.npy,A
v=AqFWYZsOgWY__#00-03-00_00-06-00_label_A__1.npy,A
v=AqFWYZsOgWY__#00-03-00_00-06-00_label_A__2.npy,A
v=AqFWYZsOgWY__#00-03-00_00-06-00_label_A__3.npy,A
v=AqFWYZsOgWY__#00-03-00_00-06-00_label_A__4.npy,A
v=AqFWYZsOgWY__#00-03-00_00-06-00_label_A__5.npy,A
v=AqFWYZsOgWY__#00-03-00_00-06-00_label_A__6.npy,A
v=AqFWYZsOgWY__#00-03-00_00-06-00_label_A__7.npy,A
v=AqFWYZsOgWY__#00-03-00_00-06-00_label_A__8.npy,A
v=AqFWYZsOgWY__#00-03-00_00-06-00_label_A__9.npy,A
Brick.Mansions.2014__#00-53-40_00-55-05_label_A__0.npy,A
Brick.Mansions.2014__#00-53-40_00-55-05_label_A__1.npy,A
Brick.Mansions.2014__#00-53-40_00-55-05_label_A__2.npy,A
Brick.Mansions.2014__#00-53-40_00-55-05_label_A__3.npy,A
Brick.Mansions.2014__#00-53-40_00-55-05_label_A__4.npy,A
Brick.Mansions.2014__#00-53-40_00-55-05_label_A__5.npy,A
Brick.Mansions.2014__#00-53-40_00-55-05_label_A__6.npy,A
Brick.Mansions.2014__#00-53-40_00-55-05_label_A__7.npy,A
Brick.Mansions.2014__#00-53-40_00-55-05_label_A__8.npy,A
Brick.Mansions.2014__#00-53-40_00-55-05_label_A__9.npy,A
v=JzrpCC7XmyE__#01-36-00_01-40-40_label_A__0.npy,A
v=JzrpCC7XmyE__#01-36-00_01-40-40_label_A__1.npy,A
v=JzrpCC7XmyE__#01-36-00_01-40-40_label_A__2.npy,A
v=JzrpCC7XmyE__#01-36-00_01-40-40_label_A__3.npy,A
v=JzrpCC7XmyE__#01-36-00_01-40-40_label_A__4.npy,A
v=JzrpCC7XmyE__#01-36-00_01-40-40_label_A__5.npy,A
v=JzrpCC7XmyE__#01-36-00_01-40-40_label_A__6.npy,A
v=JzrpCC7XmyE__#01-36-00_01-40-40_label_A__7.npy,A
v=JzrpCC7XmyE__#01-36-00_01-40-40_label_A__8.npy,A
v=JzrpCC7XmyE__#01-36-00_01-40-40_label_A__9.npy,A
v=sJrdxXGR-BY__#1_label_A__0.npy,A
v=sJrdxXGR-BY__#1_label_A__1.npy,A
v=sJrdxXGR-BY__#1_label_A__2.npy,A
v=sJrdxXGR-BY__#1_label_A__3.npy,A
v=sJrdxXGR-BY__#1_label_A__4.npy,A
v=sJrdxXGR-BY__#1_label_A__5.npy,A
v=sJrdxXGR-BY__#1_label_A__6.npy,A
v=sJrdxXGR-BY__#1_label_A__7.npy,A
v=sJrdxXGR-BY__#1_label_A__8.npy,A
v=sJrdxXGR-BY__#1_label_A__9.npy,A
Thelma...Louise.1991__#01-59-20_02-01-00_label_A__0.npy,A
Thelma...Louise.1991__#01-59-20_02-01-00_label_A__1.npy,A
Thelma...Louise.1991__#01-59-20_02-01-00_label_A__2.npy,A
Thelma...Louise.1991__#01-59-20_02-01-00_label_A__3.npy,A
Thelma...Louise.1991__#01-59-20_02-01-00_label_A__4.npy,A
Thelma...Louise.1991__#01-59-20_02-01-00_label_A__5.npy,A
Thelma...Louise.1991__#01-59-20_02-01-00_label_A__6.npy,A
Thelma...Louise.1991__#01-59-20_02-01-00_label_A__7.npy,A
Thelma...Louise.1991__#01-59-20_02-01-00_label_A__8.npy,A
Thelma...Louise.1991__#01-59-20_02-01-00_label_A__9.npy,A
Gladiator.2000__#02-08-45_02-10-17_label_A__0.npy,A
Gladiator.2000__#02-08-45_02-10-17_label_A__1.npy,A
Gladiator.2000__#02-08-45_02-10-17_label_A__2.npy,A
Gladiator.2000__#02-08-45_02-10-17_label_A__3.npy,A
Gladiator.2000__#02-08-45_02-10-17_label_A__4.npy,A
Gladiator.2000__#02-08-45_02-10-17_label_A__5.npy,A
Gladiator.2000__#02-08-45_02-10-17_label_A__6.npy,A
Gladiator.2000__#02-08-45_02-10-17_label_A__7.npy,A
Gladiator.2000__#02-08-45_02-10-17_label_A__8.npy,A
Gladiator.2000__#02-08-45_02-10-17_label_A__9.npy,A
The.Attorney.2013__#01-55-12_01-57-10_label_A__0.npy,A
The.Attorney.2013__#01-55-12_01-57-10_label_A__1.npy,A
The.Attorney.2013__#01-55-12_01-57-10_label_A__2.npy,A
The.Attorney.2013__#01-55-12_01-57-10_label_A__3.npy,A
The.Attorney.2013__#01-55-12_01-57-10_label_A__4.npy,A
The.Attorney.2013__#01-55-12_01-57-10_label_A__5.npy,A
The.Attorney.2013__#01-55-12_01-57-10_label_A__6.npy,A
The.Attorney.2013__#01-55-12_01-57-10_label_A__7.npy,A
The.Attorney.2013__#01-55-12_01-57-10_label_A__8.npy,A
The.Attorney.2013__#01-55-12_01-57-10_label_A__9.npy,A
v=d0DAmHbbUxI__#1_label_A__0.npy,A
v=d0DAmHbbUxI__#1_label_A__1.npy,A
v=d0DAmHbbUxI__#1_label_A__2.npy,A
v=d0DAmHbbUxI__#1_label_A__3.npy,A
v=d0DAmHbbUxI__#1_label_A__4.npy,A
v=d0DAmHbbUxI__#1_label_A__5.npy,A
v=d0DAmHbbUxI__#1_label_A__6.npy,A
v=d0DAmHbbUxI__#1_label_A__7.npy,A
v=d0DAmHbbUxI__#1_label_A__8.npy,A
v=d0DAmHbbUxI__#1_label_A__9.npy,A
One.Day.2011__#01-31-56_01-38-14_label_A__0.npy,A
One.Day.2011__#01-31-56_01-38-14_label_A__1.npy,A
One.Day.2011__#01-31-56_01-38-14_label_A__2.npy,A
One.Day.2011__#01-31-56_01-38-14_label_A__3.npy,A
One.Day.2011__#01-31-56_01-38-14_label_A__4.npy,A
One.Day.2011__#01-31-56_01-38-14_label_A__5.npy,A
One.Day.2011__#01-31-56_01-38-14_label_A__6.npy,A
One.Day.2011__#01-31-56_01-38-14_label_A__7.npy,A
One.Day.2011__#01-31-56_01-38-14_label_A__8.npy,A
One.Day.2011__#01-31-56_01-38-14_label_A__9.npy,A
Flipped.2010__#00-31-05_00-32-05_label_A__0.npy,A
Flipped.2010__#00-31-05_00-32-05_label_A__1.npy,A
Flipped.2010__#00-31-05_00-32-05_label_A__2.npy,A
Flipped.2010__#00-31-05_00-32-05_label_A__3.npy,A
Flipped.2010__#00-31-05_00-32-05_label_A__4.npy,A
Flipped.2010__#00-31-05_00-32-05_label_A__5.npy,A
Flipped.2010__#00-31-05_00-32-05_label_A__6.npy,A
Flipped.2010__#00-31-05_00-32-05_label_A__7.npy,A
Flipped.2010__#00-31-05_00-32-05_label_A__8.npy,A
Flipped.2010__#00-31-05_00-32-05_label_A__9.npy,A
v=fKfaW46vUI8__#1_label_A__0.npy,A
v=fKfaW46vUI8__#1_label_A__1.npy,A
v=fKfaW46vUI8__#1_label_A__2.npy,A
v=fKfaW46vUI8__#1_label_A__3.npy,A
v=fKfaW46vUI8__#1_label_A__4.npy,A
v=fKfaW46vUI8__#1_label_A__5.npy,A
v=fKfaW46vUI8__#1_label_A__6.npy,A
v=fKfaW46vUI8__#1_label_A__7.npy,A
v=fKfaW46vUI8__#1_label_A__8.npy,A
v=fKfaW46vUI8__#1_label_A__9.npy,A
Fast.Furious.2009__#00-51-30_00-53-14_label_A__0.npy,A
Fast.Furious.2009__#00-51-30_00-53-14_label_A__1.npy,A
Fast.Furious.2009__#00-51-30_00-53-14_label_A__2.npy,A
Fast.Furious.2009__#00-51-30_00-53-14_label_A__3.npy,A
Fast.Furious.2009__#00-51-30_00-53-14_label_A__4.npy,A
Fast.Furious.2009__#00-51-30_00-53-14_label_A__5.npy,A
Fast.Furious.2009__#00-51-30_00-53-14_label_A__6.npy,A
Fast.Furious.2009__#00-51-30_00-53-14_label_A__7.npy,A
Fast.Furious.2009__#00-51-30_00-53-14_label_A__8.npy,A
Fast.Furious.2009__#00-51-30_00-53-14_label_A__9.npy,A
v=K9XCKP9KN7A__#1_label_A__0.npy,A
v=K9XCKP9KN7A__#1_label_A__1.npy,A
v=K9XCKP9KN7A__#1_label_A__2.npy,A
v=K9XCKP9KN7A__#1_label_A__3.npy,A
v=K9XCKP9KN7A__#1_label_A__4.npy,A
v=K9XCKP9KN7A__#1_label_A__5.npy,A
v=K9XCKP9KN7A__#1_label_A__6.npy,A
v=K9XCKP9KN7A__#1_label_A__7.npy,A
v=K9XCKP9KN7A__#1_label_A__8.npy,A
v=K9XCKP9KN7A__#1_label_A__9.npy,A
v=8trU2j9hUpw__#1_label_A__0.npy,A
v=8trU2j9hUpw__#1_label_A__1.npy,A
v=8trU2j9hUpw__#1_label_A__2.npy,A
v=8trU2j9hUpw__#1_label_A__3.npy,A
v=8trU2j9hUpw__#1_label_A__4.npy,A
v=8trU2j9hUpw__#1_label_A__5.npy,A
v=8trU2j9hUpw__#1_label_A__6.npy,A
v=8trU2j9hUpw__#1_label_A__7.npy,A
v=8trU2j9hUpw__#1_label_A__8.npy,A
v=8trU2j9hUpw__#1_label_A__9.npy,A
The.Bourne.Supremacy.2004__#0-01-35_0-04-25_label_A__0.npy,A
The.Bourne.Supremacy.2004__#0-01-35_0-04-25_label_A__1.npy,A
The.Bourne.Supremacy.2004__#0-01-35_0-04-25_label_A__2.npy,A
The.Bourne.Supremacy.2004__#0-01-35_0-04-25_label_A__3.npy,A
The.Bourne.Supremacy.2004__#0-01-35_0-04-25_label_A__4.npy,A
The.Bourne.Supremacy.2004__#0-01-35_0-04-25_label_A__5.npy,A
The.Bourne.Supremacy.2004__#0-01-35_0-04-25_label_A__6.npy,A
The.Bourne.Supremacy.2004__#0-01-35_0-04-25_label_A__7.npy,A
The.Bourne.Supremacy.2004__#0-01-35_0-04-25_label_A__8.npy,A
The.Bourne.Supremacy.2004__#0-01-35_0-04-25_label_A__9.npy,A
v=WDCSolzDRTU__#1_label_A__0.npy,A
v=WDCSolzDRTU__#1_label_A__1.npy,A
v=WDCSolzDRTU__#1_label_A__2.npy,A
v=WDCSolzDRTU__#1_label_A__3.npy,A
v=WDCSolzDRTU__#1_label_A__4.npy,A
v=WDCSolzDRTU__#1_label_A__5.npy,A
v=WDCSolzDRTU__#1_label_A__6.npy,A
v=WDCSolzDRTU__#1_label_A__7.npy,A
v=WDCSolzDRTU__#1_label_A__8.npy,A
v=WDCSolzDRTU__#1_label_A__9.npy,A
Your.Name.2016__#00-04-20_00-05-35_label_A__0.npy,A
Your.Name.2016__#00-04-20_00-05-35_label_A__1.npy,A
Your.Name.2016__#00-04-20_00-05-35_label_A__2.npy,A
Your.Name.2016__#00-04-20_00-05-35_label_A__3.npy,A
Your.Name.2016__#00-04-20_00-05-35_label_A__4.npy,A
Your.Name.2016__#00-04-20_00-05-35_label_A__5.npy,A
Your.Name.2016__#00-04-20_00-05-35_label_A__6.npy,A
Your.Name.2016__#00-04-20_00-05-35_label_A__7.npy,A
Your.Name.2016__#00-04-20_00-05-35_label_A__8.npy,A
Your.Name.2016__#00-04-20_00-05-35_label_A__9.npy,A
Death.Proof.2007__#01-38-30_01-40-16_label_A__0.npy,A
Death.Proof.2007__#01-38-30_01-40-16_label_A__1.npy,A
Death.Proof.2007__#01-38-30_01-40-16_label_A__2.npy,A
Death.Proof.2007__#01-38-30_01-40-16_label_A__3.npy,A
Death.Proof.2007__#01-38-30_01-40-16_label_A__4.npy,A
Death.Proof.2007__#01-38-30_01-40-16_label_A__5.npy,A
Death.Proof.2007__#01-38-30_01-40-16_label_A__6.npy,A
Death.Proof.2007__#01-38-30_01-40-16_label_A__7.npy,A
Death.Proof.2007__#01-38-30_01-40-16_label_A__8.npy,A
Death.Proof.2007__#01-38-30_01-40-16_label_A__9.npy,A
Bullet.in.the.Head.1990__#00-56-51_00-57-52_label_A__0.npy,A
Bullet.in.the.Head.1990__#00-56-51_00-57-52_label_A__1.npy,A
Bullet.in.the.Head.1990__#00-56-51_00-57-52_label_A__2.npy,A
Bullet.in.the.Head.1990__#00-56-51_00-57-52_label_A__3.npy,A
Bullet.in.the.Head.1990__#00-56-51_00-57-52_label_A__4.npy,A
Bullet.in.the.Head.1990__#00-56-51_00-57-52_label_A__5.npy,A
Bullet.in.the.Head.1990__#00-56-51_00-57-52_label_A__6.npy,A
Bullet.in.the.Head.1990__#00-56-51_00-57-52_label_A__7.npy,A
Bullet.in.the.Head.1990__#00-56-51_00-57-52_label_A__8.npy,A
Bullet.in.the.Head.1990__#00-56-51_00-57-52_label_A__9.npy,A
v=DmznKoxsaCc__#1_label_A__0.npy,A
v=DmznKoxsaCc__#1_label_A__1.npy,A
v=DmznKoxsaCc__#1_label_A__2.npy,A
v=DmznKoxsaCc__#1_label_A__3.npy,A
v=DmznKoxsaCc__#1_label_A__4.npy,A
v=DmznKoxsaCc__#1_label_A__5.npy,A
v=DmznKoxsaCc__#1_label_A__6.npy,A
v=DmznKoxsaCc__#1_label_A__7.npy,A
v=DmznKoxsaCc__#1_label_A__8.npy,A
v=DmznKoxsaCc__#1_label_A__9.npy,A
v=-eBiZHQDk9o__#1_label_A__0.npy,A
v=-eBiZHQDk9o__#1_label_A__1.npy,A
v=-eBiZHQDk9o__#1_label_A__2.npy,A
v=-eBiZHQDk9o__#1_label_A__3.npy,A
v=-eBiZHQDk9o__#1_label_A__4.npy,A
v=-eBiZHQDk9o__#1_label_A__5.npy,A
v=-eBiZHQDk9o__#1_label_A__6.npy,A
v=-eBiZHQDk9o__#1_label_A__7.npy,A
v=-eBiZHQDk9o__#1_label_A__8.npy,A
v=-eBiZHQDk9o__#1_label_A__9.npy,A
The.Intouchables.2011__#01-34-18_01-38-11_label_A__0.npy,A
The.Intouchables.2011__#01-34-18_01-38-11_label_A__1.npy,A
The.Intouchables.2011__#01-34-18_01-38-11_label_A__2.npy,A
The.Intouchables.2011__#01-34-18_01-38-11_label_A__3.npy,A
The.Intouchables.2011__#01-34-18_01-38-11_label_A__4.npy,A
The.Intouchables.2011__#01-34-18_01-38-11_label_A__5.npy,A
The.Intouchables.2011__#01-34-18_01-38-11_label_A__6.npy,A
The.Intouchables.2011__#01-34-18_01-38-11_label_A__7.npy,A
The.Intouchables.2011__#01-34-18_01-38-11_label_A__8.npy,A
The.Intouchables.2011__#01-34-18_01-38-11_label_A__9.npy,A
v=AqFWYZsOgWY__#00-12-00_00-15-00_label_A__0.npy,A
v=AqFWYZsOgWY__#00-12-00_00-15-00_label_A__1.npy,A
v=AqFWYZsOgWY__#00-12-00_00-15-00_label_A__2.npy,A
v=AqFWYZsOgWY__#00-12-00_00-15-00_label_A__3.npy,A
v=AqFWYZsOgWY__#00-12-00_00-15-00_label_A__4.npy,A
v=AqFWYZsOgWY__#00-12-00_00-15-00_label_A__5.npy,A
v=AqFWYZsOgWY__#00-12-00_00-15-00_label_A__6.npy,A
v=AqFWYZsOgWY__#00-12-00_00-15-00_label_A__7.npy,A
v=AqFWYZsOgWY__#00-12-00_00-15-00_label_A__8.npy,A
v=AqFWYZsOgWY__#00-12-00_00-15-00_label_A__9.npy,A
Braveheart.1995__#01-06-20_01-09-20_label_A__0.npy,A
Braveheart.1995__#01-06-20_01-09-20_label_A__1.npy,A
Braveheart.1995__#01-06-20_01-09-20_label_A__2.npy,A
Braveheart.1995__#01-06-20_01-09-20_label_A__3.npy,A
Braveheart.1995__#01-06-20_01-09-20_label_A__4.npy,A
Braveheart.1995__#01-06-20_01-09-20_label_A__5.npy,A
Braveheart.1995__#01-06-20_01-09-20_label_A__6.npy,A
Braveheart.1995__#01-06-20_01-09-20_label_A__7.npy,A
Braveheart.1995__#01-06-20_01-09-20_label_A__8.npy,A
Braveheart.1995__#01-06-20_01-09-20_label_A__9.npy,A
Rush.Hour.1998.BluRay__#00-55-24_00-58-47_label_A__0.npy,A
Rush.Hour.1998.BluRay__#00-55-24_00-58-47_label_A__1.npy,A
Rush.Hour.1998.BluRay__#00-55-24_00-58-47_label_A__2.npy,A
Rush.Hour.1998.BluRay__#00-55-24_00-58-47_label_A__3.npy,A
Rush.Hour.1998.BluRay__#00-55-24_00-58-47_label_A__4.npy,A
Rush.Hour.1998.BluRay__#00-55-24_00-58-47_label_A__5.npy,A
Rush.Hour.1998.BluRay__#00-55-24_00-58-47_label_A__6.npy,A
Rush.Hour.1998.BluRay__#00-55-24_00-58-47_label_A__7.npy,A
Rush.Hour.1998.BluRay__#00-55-24_00-58-47_label_A__8.npy,A
Rush.Hour.1998.BluRay__#00-55-24_00-58-47_label_A__9.npy,A
Bullet.in.the.Head.1990__#00-06-13_00-07-41_label_A__0.npy,A
Bullet.in.the.Head.1990__#00-06-13_00-07-41_label_A__1.npy,A
Bullet.in.the.Head.1990__#00-06-13_00-07-41_label_A__2.npy,A
Bullet.in.the.Head.1990__#00-06-13_00-07-41_label_A__3.npy,A
Bullet.in.the.Head.1990__#00-06-13_00-07-41_label_A__4.npy,A
Bullet.in.the.Head.1990__#00-06-13_00-07-41_label_A__5.npy,A
Bullet.in.the.Head.1990__#00-06-13_00-07-41_label_A__6.npy,A
Bullet.in.the.Head.1990__#00-06-13_00-07-41_label_A__7.npy,A
Bullet.in.the.Head.1990__#00-06-13_00-07-41_label_A__8.npy,A
Bullet.in.the.Head.1990__#00-06-13_00-07-41_label_A__9.npy,A
v=FmXScQUuHrY__#1_label_A__0.npy,A
v=FmXScQUuHrY__#1_label_A__1.npy,A
v=FmXScQUuHrY__#1_label_A__2.npy,A
v=FmXScQUuHrY__#1_label_A__3.npy,A
v=FmXScQUuHrY__#1_label_A__4.npy,A
v=FmXScQUuHrY__#1_label_A__5.npy,A
v=FmXScQUuHrY__#1_label_A__6.npy,A
v=FmXScQUuHrY__#1_label_A__7.npy,A
v=FmXScQUuHrY__#1_label_A__8.npy,A
v=FmXScQUuHrY__#1_label_A__9.npy,A
Spectre.2015__#01-59-32_02-00-38_label_A__0.npy,A
Spectre.2015__#01-59-32_02-00-38_label_A__1.npy,A
Spectre.2015__#01-59-32_02-00-38_label_A__2.npy,A
Spectre.2015__#01-59-32_02-00-38_label_A__3.npy,A
Spectre.2015__#01-59-32_02-00-38_label_A__4.npy,A
Spectre.2015__#01-59-32_02-00-38_label_A__5.npy,A
Spectre.2015__#01-59-32_02-00-38_label_A__6.npy,A
Spectre.2015__#01-59-32_02-00-38_label_A__7.npy,A
Spectre.2015__#01-59-32_02-00-38_label_A__8.npy,A
Spectre.2015__#01-59-32_02-00-38_label_A__9.npy,A
Deadpool.2016__#01-18-13_01-20-20_label_A__0.npy,A
Deadpool.2016__#01-18-13_01-20-20_label_A__1.npy,A
Deadpool.2016__#01-18-13_01-20-20_label_A__2.npy,A
Deadpool.2016__#01-18-13_01-20-20_label_A__3.npy,A
Deadpool.2016__#01-18-13_01-20-20_label_A__4.npy,A
Deadpool.2016__#01-18-13_01-20-20_label_A__5.npy,A
Deadpool.2016__#01-18-13_01-20-20_label_A__6.npy,A
Deadpool.2016__#01-18-13_01-20-20_label_A__7.npy,A
Deadpool.2016__#01-18-13_01-20-20_label_A__8.npy,A
Deadpool.2016__#01-18-13_01-20-20_label_A__9.npy,A
v=Wj1Xw2_duq8__#1_label_A__0.npy,A
v=Wj1Xw2_duq8__#1_label_A__1.npy,A
v=Wj1Xw2_duq8__#1_label_A__2.npy,A
v=Wj1Xw2_duq8__#1_label_A__3.npy,A
v=Wj1Xw2_duq8__#1_label_A__4.npy,A
v=Wj1Xw2_duq8__#1_label_A__5.npy,A
v=Wj1Xw2_duq8__#1_label_A__6.npy,A
v=Wj1Xw2_duq8__#1_label_A__7.npy,A
v=Wj1Xw2_duq8__#1_label_A__8.npy,A
v=Wj1Xw2_duq8__#1_label_A__9.npy,A
v=qV4YYnXdQCc__#00-00-00_00-03-00_label_A__0.npy,A
v=qV4YYnXdQCc__#00-00-00_00-03-00_label_A__1.npy,A
v=qV4YYnXdQCc__#00-00-00_00-03-00_label_A__2.npy,A
v=qV4YYnXdQCc__#00-00-00_00-03-00_label_A__3.npy,A
v=qV4YYnXdQCc__#00-00-00_00-03-00_label_A__4.npy,A
v=qV4YYnXdQCc__#00-00-00_00-03-00_label_A__5.npy,A
v=qV4YYnXdQCc__#00-00-00_00-03-00_label_A__6.npy,A
v=qV4YYnXdQCc__#00-00-00_00-03-00_label_A__7.npy,A
v=qV4YYnXdQCc__#00-00-00_00-03-00_label_A__8.npy,A
v=qV4YYnXdQCc__#00-00-00_00-03-00_label_A__9.npy,A
v=uij8heW1HbQ__#1_label_A__0.npy,A
v=uij8heW1HbQ__#1_label_A__1.npy,A
v=uij8heW1HbQ__#1_label_A__2.npy,A
v=uij8heW1HbQ__#1_label_A__3.npy,A
v=uij8heW1HbQ__#1_label_A__4.npy,A
v=uij8heW1HbQ__#1_label_A__5.npy,A
v=uij8heW1HbQ__#1_label_A__6.npy,A
v=uij8heW1HbQ__#1_label_A__7.npy,A
v=uij8heW1HbQ__#1_label_A__8.npy,A
v=uij8heW1HbQ__#1_label_A__9.npy,A
The.Bourne.Identity.2002__#01-18-45_01-21-55_label_A__0.npy,A
The.Bourne.Identity.2002__#01-18-45_01-21-55_label_A__1.npy,A
The.Bourne.Identity.2002__#01-18-45_01-21-55_label_A__2.npy,A
The.Bourne.Identity.2002__#01-18-45_01-21-55_label_A__3.npy,A
The.Bourne.Identity.2002__#01-18-45_01-21-55_label_A__4.npy,A
The.Bourne.Identity.2002__#01-18-45_01-21-55_label_A__5.npy,A
The.Bourne.Identity.2002__#01-18-45_01-21-55_label_A__6.npy,A
The.Bourne.Identity.2002__#01-18-45_01-21-55_label_A__7.npy,A
The.Bourne.Identity.2002__#01-18-45_01-21-55_label_A__8.npy,A
The.Bourne.Identity.2002__#01-18-45_01-21-55_label_A__9.npy,A
About.Time.2013__#00-33-52_00-38-31_label_A__0.npy,A
About.Time.2013__#00-33-52_00-38-31_label_A__1.npy,A
About.Time.2013__#00-33-52_00-38-31_label_A__2.npy,A
About.Time.2013__#00-33-52_00-38-31_label_A__3.npy,A
About.Time.2013__#00-33-52_00-38-31_label_A__4.npy,A
About.Time.2013__#00-33-52_00-38-31_label_A__5.npy,A
About.Time.2013__#00-33-52_00-38-31_label_A__6.npy,A
About.Time.2013__#00-33-52_00-38-31_label_A__7.npy,A
About.Time.2013__#00-33-52_00-38-31_label_A__8.npy,A
About.Time.2013__#00-33-52_00-38-31_label_A__9.npy,A
Hear.Me.2009__#00-06-37_00-08-22_label_A__0.npy,A
Hear.Me.2009__#00-06-37_00-08-22_label_A__1.npy,A
Hear.Me.2009__#00-06-37_00-08-22_label_A__2.npy,A
Hear.Me.2009__#00-06-37_00-08-22_label_A__3.npy,A
Hear.Me.2009__#00-06-37_00-08-22_label_A__4.npy,A
Hear.Me.2009__#00-06-37_00-08-22_label_A__5.npy,A
Hear.Me.2009__#00-06-37_00-08-22_label_A__6.npy,A
Hear.Me.2009__#00-06-37_00-08-22_label_A__7.npy,A
Hear.Me.2009__#00-06-37_00-08-22_label_A__8.npy,A
Hear.Me.2009__#00-06-37_00-08-22_label_A__9.npy,A
v=eAgqJnO3kr8__#00-24-00_00-30-00_label_A__0.npy,A
v=eAgqJnO3kr8__#00-24-00_00-30-00_label_A__1.npy,A
v=eAgqJnO3kr8__#00-24-00_00-30-00_label_A__2.npy,A
v=eAgqJnO3kr8__#00-24-00_00-30-00_label_A__3.npy,A
v=eAgqJnO3kr8__#00-24-00_00-30-00_label_A__4.npy,A
v=eAgqJnO3kr8__#00-24-00_00-30-00_label_A__5.npy,A
v=eAgqJnO3kr8__#00-24-00_00-30-00_label_A__6.npy,A
v=eAgqJnO3kr8__#00-24-00_00-30-00_label_A__7.npy,A
v=eAgqJnO3kr8__#00-24-00_00-30-00_label_A__8.npy,A
v=eAgqJnO3kr8__#00-24-00_00-30-00_label_A__9.npy,A
Still.Walking.2008__#00-25-20_00-29-40_label_A__0.npy,A
Still.Walking.2008__#00-25-20_00-29-40_label_A__1.npy,A
Still.Walking.2008__#00-25-20_00-29-40_label_A__2.npy,A
Still.Walking.2008__#00-25-20_00-29-40_label_A__3.npy,A
Still.Walking.2008__#00-25-20_00-29-40_label_A__4.npy,A
Still.Walking.2008__#00-25-20_00-29-40_label_A__5.npy,A
Still.Walking.2008__#00-25-20_00-29-40_label_A__6.npy,A
Still.Walking.2008__#00-25-20_00-29-40_label_A__7.npy,A
Still.Walking.2008__#00-25-20_00-29-40_label_A__8.npy,A
Still.Walking.2008__#00-25-20_00-29-40_label_A__9.npy,A
Kill.Bill.Vol.2.2004__#0-05-14_0-06-33_label_A__0.npy,A
Kill.Bill.Vol.2.2004__#0-05-14_0-06-33_label_A__1.npy,A
Kill.Bill.Vol.2.2004__#0-05-14_0-06-33_label_A__2.npy,A
Kill.Bill.Vol.2.2004__#0-05-14_0-06-33_label_A__3.npy,A
Kill.Bill.Vol.2.2004__#0-05-14_0-06-33_label_A__4.npy,A
Kill.Bill.Vol.2.2004__#0-05-14_0-06-33_label_A__5.npy,A
Kill.Bill.Vol.2.2004__#0-05-14_0-06-33_label_A__6.npy,A
Kill.Bill.Vol.2.2004__#0-05-14_0-06-33_label_A__7.npy,A
Kill.Bill.Vol.2.2004__#0-05-14_0-06-33_label_A__8.npy,A
Kill.Bill.Vol.2.2004__#0-05-14_0-06-33_label_A__9.npy,A
Your.Name.2016__#00-02-45_00-04-15_label_A__0.npy,A
Your.Name.2016__#00-02-45_00-04-15_label_A__1.npy,A
Your.Name.2016__#00-02-45_00-04-15_label_A__2.npy,A
Your.Name.2016__#00-02-45_00-04-15_label_A__3.npy,A
Your.Name.2016__#00-02-45_00-04-15_label_A__4.npy,A
Your.Name.2016__#00-02-45_00-04-15_label_A__5.npy,A
Your.Name.2016__#00-02-45_00-04-15_label_A__6.npy,A
Your.Name.2016__#00-02-45_00-04-15_label_A__7.npy,A
Your.Name.2016__#00-02-45_00-04-15_label_A__8.npy,A
Your.Name.2016__#00-02-45_00-04-15_label_A__9.npy,A
Young.And.Dangerous.III.1996__#00-05-54_0-06-33_label_A__0.npy,A
Young.And.Dangerous.III.1996__#00-05-54_0-06-33_label_A__1.npy,A
Young.And.Dangerous.III.1996__#00-05-54_0-06-33_label_A__2.npy,A
Young.And.Dangerous.III.1996__#00-05-54_0-06-33_label_A__3.npy,A
Young.And.Dangerous.III.1996__#00-05-54_0-06-33_label_A__4.npy,A
Young.And.Dangerous.III.1996__#00-05-54_0-06-33_label_A__5.npy,A
Young.And.Dangerous.III.1996__#00-05-54_0-06-33_label_A__6.npy,A
Young.And.Dangerous.III.1996__#00-05-54_0-06-33_label_A__7.npy,A
Young.And.Dangerous.III.1996__#00-05-54_0-06-33_label_A__8.npy,A
Young.And.Dangerous.III.1996__#00-05-54_0-06-33_label_A__9.npy,A
v=BB5GdhtYpEo__#1_label_A__0.npy,A
v=BB5GdhtYpEo__#1_label_A__1.npy,A
v=BB5GdhtYpEo__#1_label_A__2.npy,A
v=BB5GdhtYpEo__#1_label_A__3.npy,A
v=BB5GdhtYpEo__#1_label_A__4.npy,A
v=BB5GdhtYpEo__#1_label_A__5.npy,A
v=BB5GdhtYpEo__#1_label_A__6.npy,A
v=BB5GdhtYpEo__#1_label_A__7.npy,A
v=BB5GdhtYpEo__#1_label_A__8.npy,A
v=BB5GdhtYpEo__#1_label_A__9.npy,A
v=CSUVvyn_IP4__#1_label_A__0.npy,A
v=CSUVvyn_IP4__#1_label_A__1.npy,A
v=CSUVvyn_IP4__#1_label_A__2.npy,A
v=CSUVvyn_IP4__#1_label_A__3.npy,A
v=CSUVvyn_IP4__#1_label_A__4.npy,A
v=CSUVvyn_IP4__#1_label_A__5.npy,A
v=CSUVvyn_IP4__#1_label_A__6.npy,A
v=CSUVvyn_IP4__#1_label_A__7.npy,A
v=CSUVvyn_IP4__#1_label_A__8.npy,A
v=CSUVvyn_IP4__#1_label_A__9.npy,A
v=fkps18H3SXY__#00-18-00_00-24-00_label_A__0.npy,A
v=fkps18H3SXY__#00-18-00_00-24-00_label_A__1.npy,A
v=fkps18H3SXY__#00-18-00_00-24-00_label_A__2.npy,A
v=fkps18H3SXY__#00-18-00_00-24-00_label_A__3.npy,A
v=fkps18H3SXY__#00-18-00_00-24-00_label_A__4.npy,A
v=fkps18H3SXY__#00-18-00_00-24-00_label_A__5.npy,A
v=fkps18H3SXY__#00-18-00_00-24-00_label_A__6.npy,A
v=fkps18H3SXY__#00-18-00_00-24-00_label_A__7.npy,A
v=fkps18H3SXY__#00-18-00_00-24-00_label_A__8.npy,A
v=fkps18H3SXY__#00-18-00_00-24-00_label_A__9.npy,A
Good.Will.Hunting.1997__#01-27-20_01-29-40_label_A__0.npy,A
Good.Will.Hunting.1997__#01-27-20_01-29-40_label_A__1.npy,A
Good.Will.Hunting.1997__#01-27-20_01-29-40_label_A__2.npy,A
Good.Will.Hunting.1997__#01-27-20_01-29-40_label_A__3.npy,A
Good.Will.Hunting.1997__#01-27-20_01-29-40_label_A__4.npy,A
Good.Will.Hunting.1997__#01-27-20_01-29-40_label_A__5.npy,A
Good.Will.Hunting.1997__#01-27-20_01-29-40_label_A__6.npy,A
Good.Will.Hunting.1997__#01-27-20_01-29-40_label_A__7.npy,A
Good.Will.Hunting.1997__#01-27-20_01-29-40_label_A__8.npy,A
Good.Will.Hunting.1997__#01-27-20_01-29-40_label_A__9.npy,A
v=zwJEvhVNOC0__#1_label_A__0.npy,A
v=zwJEvhVNOC0__#1_label_A__1.npy,A
v=zwJEvhVNOC0__#1_label_A__2.npy,A
v=zwJEvhVNOC0__#1_label_A__3.npy,A
v=zwJEvhVNOC0__#1_label_A__4.npy,A
v=zwJEvhVNOC0__#1_label_A__5.npy,A
v=zwJEvhVNOC0__#1_label_A__6.npy,A
v=zwJEvhVNOC0__#1_label_A__7.npy,A
v=zwJEvhVNOC0__#1_label_A__8.npy,A
v=zwJEvhVNOC0__#1_label_A__9.npy,A
The.Intouchables.2011__#00-20-35_00-23-06_label_A__0.npy,A
The.Intouchables.2011__#00-20-35_00-23-06_label_A__1.npy,A
The.Intouchables.2011__#00-20-35_00-23-06_label_A__2.npy,A
The.Intouchables.2011__#00-20-35_00-23-06_label_A__3.npy,A
The.Intouchables.2011__#00-20-35_00-23-06_label_A__4.npy,A
The.Intouchables.2011__#00-20-35_00-23-06_label_A__5.npy,A
The.Intouchables.2011__#00-20-35_00-23-06_label_A__6.npy,A
The.Intouchables.2011__#00-20-35_00-23-06_label_A__7.npy,A
The.Intouchables.2011__#00-20-35_00-23-06_label_A__8.npy,A
The.Intouchables.2011__#00-20-35_00-23-06_label_A__9.npy,A
The.Bourne.Legacy.2012__#02-04-01_02-07-17_label_A__0.npy,A
The.Bourne.Legacy.2012__#02-04-01_02-07-17_label_A__1.npy,A
The.Bourne.Legacy.2012__#02-04-01_02-07-17_label_A__2.npy,A
The.Bourne.Legacy.2012__#02-04-01_02-07-17_label_A__3.npy,A
The.Bourne.Legacy.2012__#02-04-01_02-07-17_label_A__4.npy,A
The.Bourne.Legacy.2012__#02-04-01_02-07-17_label_A__5.npy,A
The.Bourne.Legacy.2012__#02-04-01_02-07-17_label_A__6.npy,A
The.Bourne.Legacy.2012__#02-04-01_02-07-17_label_A__7.npy,A
The.Bourne.Legacy.2012__#02-04-01_02-07-17_label_A__8.npy,A
The.Bourne.Legacy.2012__#02-04-01_02-07-17_label_A__9.npy,A
The.Fast.and.the.Furious.2001__#00-42-02_00-43-09_label_A__0.npy,A
The.Fast.and.the.Furious.2001__#00-42-02_00-43-09_label_A__1.npy,A
The.Fast.and.the.Furious.2001__#00-42-02_00-43-09_label_A__2.npy,A
The.Fast.and.the.Furious.2001__#00-42-02_00-43-09_label_A__3.npy,A
The.Fast.and.the.Furious.2001__#00-42-02_00-43-09_label_A__4.npy,A
The.Fast.and.the.Furious.2001__#00-42-02_00-43-09_label_A__5.npy,A
The.Fast.and.the.Furious.2001__#00-42-02_00-43-09_label_A__6.npy,A
The.Fast.and.the.Furious.2001__#00-42-02_00-43-09_label_A__7.npy,A
The.Fast.and.the.Furious.2001__#00-42-02_00-43-09_label_A__8.npy,A
The.Fast.and.the.Furious.2001__#00-42-02_00-43-09_label_A__9.npy,A
Young.And.Dangerous.I.1996__#0-15-16_0-15-30_label_A__0.npy,A
Young.And.Dangerous.I.1996__#0-15-16_0-15-30_label_A__1.npy,A
Young.And.Dangerous.I.1996__#0-15-16_0-15-30_label_A__2.npy,A
Young.And.Dangerous.I.1996__#0-15-16_0-15-30_label_A__3.npy,A
Young.And.Dangerous.I.1996__#0-15-16_0-15-30_label_A__4.npy,A
Young.And.Dangerous.I.1996__#0-15-16_0-15-30_label_A__5.npy,A
Young.And.Dangerous.I.1996__#0-15-16_0-15-30_label_A__6.npy,A
Young.And.Dangerous.I.1996__#0-15-16_0-15-30_label_A__7.npy,A
Young.And.Dangerous.I.1996__#0-15-16_0-15-30_label_A__8.npy,A
Young.And.Dangerous.I.1996__#0-15-16_0-15-30_label_A__9.npy,A
v=JKpZsqblCYs__#1_label_A__0.npy,A
v=JKpZsqblCYs__#1_label_A__1.npy,A
v=JKpZsqblCYs__#1_label_A__2.npy,A
v=JKpZsqblCYs__#1_label_A__3.npy,A
v=JKpZsqblCYs__#1_label_A__4.npy,A
v=JKpZsqblCYs__#1_label_A__5.npy,A
v=JKpZsqblCYs__#1_label_A__6.npy,A
v=JKpZsqblCYs__#1_label_A__7.npy,A
v=JKpZsqblCYs__#1_label_A__8.npy,A
v=JKpZsqblCYs__#1_label_A__9.npy,A
Your.Name.2016__#00-08-55_00-10-50_label_A__0.npy,A
Your.Name.2016__#00-08-55_00-10-50_label_A__1.npy,A
Your.Name.2016__#00-08-55_00-10-50_label_A__2.npy,A
Your.Name.2016__#00-08-55_00-10-50_label_A__3.npy,A
Your.Name.2016__#00-08-55_00-10-50_label_A__4.npy,A
Your.Name.2016__#00-08-55_00-10-50_label_A__5.npy,A
Your.Name.2016__#00-08-55_00-10-50_label_A__6.npy,A
Your.Name.2016__#00-08-55_00-10-50_label_A__7.npy,A
Your.Name.2016__#00-08-55_00-10-50_label_A__8.npy,A
Your.Name.2016__#00-08-55_00-10-50_label_A__9.npy,A
Tropa.de.Elite.2.2010__#00-15-00_00-16-50_label_A__0.npy,A
Tropa.de.Elite.2.2010__#00-15-00_00-16-50_label_A__1.npy,A
Tropa.de.Elite.2.2010__#00-15-00_00-16-50_label_A__2.npy,A
Tropa.de.Elite.2.2010__#00-15-00_00-16-50_label_A__3.npy,A
Tropa.de.Elite.2.2010__#00-15-00_00-16-50_label_A__4.npy,A
Tropa.de.Elite.2.2010__#00-15-00_00-16-50_label_A__5.npy,A
Tropa.de.Elite.2.2010__#00-15-00_00-16-50_label_A__6.npy,A
Tropa.de.Elite.2.2010__#00-15-00_00-16-50_label_A__7.npy,A
Tropa.de.Elite.2.2010__#00-15-00_00-16-50_label_A__8.npy,A
Tropa.de.Elite.2.2010__#00-15-00_00-16-50_label_A__9.npy,A
v=SdYFFo_tsfk__#00-24-00_00-30-00_label_A__0.npy,A
v=SdYFFo_tsfk__#00-24-00_00-30-00_label_A__1.npy,A
v=SdYFFo_tsfk__#00-24-00_00-30-00_label_A__2.npy,A
v=SdYFFo_tsfk__#00-24-00_00-30-00_label_A__3.npy,A
v=SdYFFo_tsfk__#00-24-00_00-30-00_label_A__4.npy,A
v=SdYFFo_tsfk__#00-24-00_00-30-00_label_A__5.npy,A
v=SdYFFo_tsfk__#00-24-00_00-30-00_label_A__6.npy,A
v=SdYFFo_tsfk__#00-24-00_00-30-00_label_A__7.npy,A
v=SdYFFo_tsfk__#00-24-00_00-30-00_label_A__8.npy,A
v=SdYFFo_tsfk__#00-24-00_00-30-00_label_A__9.npy,A
Hear.Me.2009__#00-51-55_00-55-16_label_A__0.npy,A
Hear.Me.2009__#00-51-55_00-55-16_label_A__1.npy,A
Hear.Me.2009__#00-51-55_00-55-16_label_A__2.npy,A
Hear.Me.2009__#00-51-55_00-55-16_label_A__3.npy,A
Hear.Me.2009__#00-51-55_00-55-16_label_A__4.npy,A
Hear.Me.2009__#00-51-55_00-55-16_label_A__5.npy,A
Hear.Me.2009__#00-51-55_00-55-16_label_A__6.npy,A
Hear.Me.2009__#00-51-55_00-55-16_label_A__7.npy,A
Hear.Me.2009__#00-51-55_00-55-16_label_A__8.npy,A
Hear.Me.2009__#00-51-55_00-55-16_label_A__9.npy,A
The.Notebook.2004__#00-56-40_00-58-00_label_A__0.npy,A
The.Notebook.2004__#00-56-40_00-58-00_label_A__1.npy,A
The.Notebook.2004__#00-56-40_00-58-00_label_A__2.npy,A
The.Notebook.2004__#00-56-40_00-58-00_label_A__3.npy,A
The.Notebook.2004__#00-56-40_00-58-00_label_A__4.npy,A
The.Notebook.2004__#00-56-40_00-58-00_label_A__5.npy,A
The.Notebook.2004__#00-56-40_00-58-00_label_A__6.npy,A
The.Notebook.2004__#00-56-40_00-58-00_label_A__7.npy,A
The.Notebook.2004__#00-56-40_00-58-00_label_A__8.npy,A
The.Notebook.2004__#00-56-40_00-58-00_label_A__9.npy,A
v=m9yI2LGZRE0__#1_label_A__0.npy,A
v=m9yI2LGZRE0__#1_label_A__1.npy,A
v=m9yI2LGZRE0__#1_label_A__2.npy,A
v=m9yI2LGZRE0__#1_label_A__3.npy,A
v=m9yI2LGZRE0__#1_label_A__4.npy,A
v=m9yI2LGZRE0__#1_label_A__5.npy,A
v=m9yI2LGZRE0__#1_label_A__6.npy,A
v=m9yI2LGZRE0__#1_label_A__7.npy,A
v=m9yI2LGZRE0__#1_label_A__8.npy,A
v=m9yI2LGZRE0__#1_label_A__9.npy,A
Deadpool.2016__#0-17-08_0-17-52_label_A__0.npy,A
Deadpool.2016__#0-17-08_0-17-52_label_A__1.npy,A
Deadpool.2016__#0-17-08_0-17-52_label_A__2.npy,A
Deadpool.2016__#0-17-08_0-17-52_label_A__3.npy,A
Deadpool.2016__#0-17-08_0-17-52_label_A__4.npy,A
Deadpool.2016__#0-17-08_0-17-52_label_A__5.npy,A
Deadpool.2016__#0-17-08_0-17-52_label_A__6.npy,A
Deadpool.2016__#0-17-08_0-17-52_label_A__7.npy,A
Deadpool.2016__#0-17-08_0-17-52_label_A__8.npy,A
Deadpool.2016__#0-17-08_0-17-52_label_A__9.npy,A
The.Secret.Life.of.Walter.Mitty.2013__#00-23-50_00-24-31_label_A__0.npy,A
The.Secret.Life.of.Walter.Mitty.2013__#00-23-50_00-24-31_label_A__1.npy,A
The.Secret.Life.of.Walter.Mitty.2013__#00-23-50_00-24-31_label_A__2.npy,A
The.Secret.Life.of.Walter.Mitty.2013__#00-23-50_00-24-31_label_A__3.npy,A
The.Secret.Life.of.Walter.Mitty.2013__#00-23-50_00-24-31_label_A__4.npy,A
The.Secret.Life.of.Walter.Mitty.2013__#00-23-50_00-24-31_label_A__5.npy,A
The.Secret.Life.of.Walter.Mitty.2013__#00-23-50_00-24-31_label_A__6.npy,A
The.Secret.Life.of.Walter.Mitty.2013__#00-23-50_00-24-31_label_A__7.npy,A
The.Secret.Life.of.Walter.Mitty.2013__#00-23-50_00-24-31_label_A__8.npy,A
The.Secret.Life.of.Walter.Mitty.2013__#00-23-50_00-24-31_label_A__9.npy,A
v=fPZoHtF_dRI__#1_label_A__0.npy,A
v=fPZoHtF_dRI__#1_label_A__1.npy,A
v=fPZoHtF_dRI__#1_label_A__2.npy,A
v=fPZoHtF_dRI__#1_label_A__3.npy,A
v=fPZoHtF_dRI__#1_label_A__4.npy,A
v=fPZoHtF_dRI__#1_label_A__5.npy,A
v=fPZoHtF_dRI__#1_label_A__6.npy,A
v=fPZoHtF_dRI__#1_label_A__7.npy,A
v=fPZoHtF_dRI__#1_label_A__8.npy,A
v=fPZoHtF_dRI__#1_label_A__9.npy,A
v=PJduSRcJRRo__#1_label_A__0.npy,A
v=PJduSRcJRRo__#1_label_A__1.npy,A
v=PJduSRcJRRo__#1_label_A__2.npy,A
v=PJduSRcJRRo__#1_label_A__3.npy,A
v=PJduSRcJRRo__#1_label_A__4.npy,A
v=PJduSRcJRRo__#1_label_A__5.npy,A
v=PJduSRcJRRo__#1_label_A__6.npy,A
v=PJduSRcJRRo__#1_label_A__7.npy,A
v=PJduSRcJRRo__#1_label_A__8.npy,A
v=PJduSRcJRRo__#1_label_A__9.npy,A
The.Hurt.Locker.2008__#02-02-35_02-04-40_label_A__0.npy,A
The.Hurt.Locker.2008__#02-02-35_02-04-40_label_A__1.npy,A
The.Hurt.Locker.2008__#02-02-35_02-04-40_label_A__2.npy,A
The.Hurt.Locker.2008__#02-02-35_02-04-40_label_A__3.npy,A
The.Hurt.Locker.2008__#02-02-35_02-04-40_label_A__4.npy,A
The.Hurt.Locker.2008__#02-02-35_02-04-40_label_A__5.npy,A
The.Hurt.Locker.2008__#02-02-35_02-04-40_label_A__6.npy,A
The.Hurt.Locker.2008__#02-02-35_02-04-40_label_A__7.npy,A
The.Hurt.Locker.2008__#02-02-35_02-04-40_label_A__8.npy,A
The.Hurt.Locker.2008__#02-02-35_02-04-40_label_A__9.npy,A
v=itaP9_Vltfk__#1_label_A__0.npy,A
v=itaP9_Vltfk__#1_label_A__1.npy,A
v=itaP9_Vltfk__#1_label_A__2.npy,A
v=itaP9_Vltfk__#1_label_A__3.npy,A
v=itaP9_Vltfk__#1_label_A__4.npy,A
v=itaP9_Vltfk__#1_label_A__5.npy,A
v=itaP9_Vltfk__#1_label_A__6.npy,A
v=itaP9_Vltfk__#1_label_A__7.npy,A
v=itaP9_Vltfk__#1_label_A__8.npy,A
v=itaP9_Vltfk__#1_label_A__9.npy,A
v=9RMUTvpLJvA__#1_label_A__0.npy,A
v=9RMUTvpLJvA__#1_label_A__1.npy,A
v=9RMUTvpLJvA__#1_label_A__2.npy,A
v=9RMUTvpLJvA__#1_label_A__3.npy,A
v=9RMUTvpLJvA__#1_label_A__4.npy,A
v=9RMUTvpLJvA__#1_label_A__5.npy,A
v=9RMUTvpLJvA__#1_label_A__6.npy,A
v=9RMUTvpLJvA__#1_label_A__7.npy,A
v=9RMUTvpLJvA__#1_label_A__8.npy,A
v=9RMUTvpLJvA__#1_label_A__9.npy,A
v=JdLDrB-FS2c__#1_label_A__0.npy,A
v=JdLDrB-FS2c__#1_label_A__1.npy,A
v=JdLDrB-FS2c__#1_label_A__2.npy,A
v=JdLDrB-FS2c__#1_label_A__3.npy,A
v=JdLDrB-FS2c__#1_label_A__4.npy,A
v=JdLDrB-FS2c__#1_label_A__5.npy,A
v=JdLDrB-FS2c__#1_label_A__6.npy,A
v=JdLDrB-FS2c__#1_label_A__7.npy,A
v=JdLDrB-FS2c__#1_label_A__8.npy,A
v=JdLDrB-FS2c__#1_label_A__9.npy,A
v=SdYFFo_tsfk__#01-18-00_01-24-00_label_A__0.npy,A
v=SdYFFo_tsfk__#01-18-00_01-24-00_label_A__1.npy,A
v=SdYFFo_tsfk__#01-18-00_01-24-00_label_A__2.npy,A
v=SdYFFo_tsfk__#01-18-00_01-24-00_label_A__3.npy,A
v=SdYFFo_tsfk__#01-18-00_01-24-00_label_A__4.npy,A
v=SdYFFo_tsfk__#01-18-00_01-24-00_label_A__5.npy,A
v=SdYFFo_tsfk__#01-18-00_01-24-00_label_A__6.npy,A
v=SdYFFo_tsfk__#01-18-00_01-24-00_label_A__7.npy,A
v=SdYFFo_tsfk__#01-18-00_01-24-00_label_A__8.npy,A
v=SdYFFo_tsfk__#01-18-00_01-24-00_label_A__9.npy,A
v=5W5-zw0wVhE__#1_label_A__0.npy,A
v=5W5-zw0wVhE__#1_label_A__1.npy,A
v=5W5-zw0wVhE__#1_label_A__2.npy,A
v=5W5-zw0wVhE__#1_label_A__3.npy,A
v=5W5-zw0wVhE__#1_label_A__4.npy,A
v=5W5-zw0wVhE__#1_label_A__5.npy,A
v=5W5-zw0wVhE__#1_label_A__6.npy,A
v=5W5-zw0wVhE__#1_label_A__7.npy,A
v=5W5-zw0wVhE__#1_label_A__8.npy,A
v=5W5-zw0wVhE__#1_label_A__9.npy,A
City.Of.Men.2007__#00-54-31_00-55-31_label_A__0.npy,A
City.Of.Men.2007__#00-54-31_00-55-31_label_A__1.npy,A
City.Of.Men.2007__#00-54-31_00-55-31_label_A__2.npy,A
City.Of.Men.2007__#00-54-31_00-55-31_label_A__3.npy,A
City.Of.Men.2007__#00-54-31_00-55-31_label_A__4.npy,A
City.Of.Men.2007__#00-54-31_00-55-31_label_A__5.npy,A
City.Of.Men.2007__#00-54-31_00-55-31_label_A__6.npy,A
City.Of.Men.2007__#00-54-31_00-55-31_label_A__7.npy,A
City.Of.Men.2007__#00-54-31_00-55-31_label_A__8.npy,A
City.Of.Men.2007__#00-54-31_00-55-31_label_A__9.npy,A
v=JnCMUGnWVIg__#1_label_A__0.npy,A
v=JnCMUGnWVIg__#1_label_A__1.npy,A
v=JnCMUGnWVIg__#1_label_A__2.npy,A
v=JnCMUGnWVIg__#1_label_A__3.npy,A
v=JnCMUGnWVIg__#1_label_A__4.npy,A
v=JnCMUGnWVIg__#1_label_A__5.npy,A
v=JnCMUGnWVIg__#1_label_A__6.npy,A
v=JnCMUGnWVIg__#1_label_A__7.npy,A
v=JnCMUGnWVIg__#1_label_A__8.npy,A
v=JnCMUGnWVIg__#1_label_A__9.npy,A
v=5XUHlSWG92I__#1_label_A__0.npy,A
v=5XUHlSWG92I__#1_label_A__1.npy,A
v=5XUHlSWG92I__#1_label_A__2.npy,A
v=5XUHlSWG92I__#1_label_A__3.npy,A
v=5XUHlSWG92I__#1_label_A__4.npy,A
v=5XUHlSWG92I__#1_label_A__5.npy,A
v=5XUHlSWG92I__#1_label_A__6.npy,A
v=5XUHlSWG92I__#1_label_A__7.npy,A
v=5XUHlSWG92I__#1_label_A__8.npy,A
v=5XUHlSWG92I__#1_label_A__9.npy,A
v=9eME1y6V-T4__#00-06-00_00-12-00_label_A__0.npy,A
v=9eME1y6V-T4__#00-06-00_00-12-00_label_A__1.npy,A
v=9eME1y6V-T4__#00-06-00_00-12-00_label_A__2.npy,A
v=9eME1y6V-T4__#00-06-00_00-12-00_label_A__3.npy,A
v=9eME1y6V-T4__#00-06-00_00-12-00_label_A__4.npy,A
v=9eME1y6V-T4__#00-06-00_00-12-00_label_A__5.npy,A
v=9eME1y6V-T4__#00-06-00_00-12-00_label_A__6.npy,A
v=9eME1y6V-T4__#00-06-00_00-12-00_label_A__7.npy,A
v=9eME1y6V-T4__#00-06-00_00-12-00_label_A__8.npy,A
v=9eME1y6V-T4__#00-06-00_00-12-00_label_A__9.npy,A
Shoplifters.2018__#00-42-52_00-45-31_label_A__0.npy,A
Shoplifters.2018__#00-42-52_00-45-31_label_A__1.npy,A
Shoplifters.2018__#00-42-52_00-45-31_label_A__2.npy,A
Shoplifters.2018__#00-42-52_00-45-31_label_A__3.npy,A
Shoplifters.2018__#00-42-52_00-45-31_label_A__4.npy,A
Shoplifters.2018__#00-42-52_00-45-31_label_A__5.npy,A
Shoplifters.2018__#00-42-52_00-45-31_label_A__6.npy,A
Shoplifters.2018__#00-42-52_00-45-31_label_A__7.npy,A
Shoplifters.2018__#00-42-52_00-45-31_label_A__8.npy,A
Shoplifters.2018__#00-42-52_00-45-31_label_A__9.npy,A
v=0O3LbHS5Xss__#1_label_A__0.npy,A
v=0O3LbHS5Xss__#1_label_A__1.npy,A
v=0O3LbHS5Xss__#1_label_A__2.npy,A
v=0O3LbHS5Xss__#1_label_A__3.npy,A
v=0O3LbHS5Xss__#1_label_A__4.npy,A
v=0O3LbHS5Xss__#1_label_A__5.npy,A
v=0O3LbHS5Xss__#1_label_A__6.npy,A
v=0O3LbHS5Xss__#1_label_A__7.npy,A
v=0O3LbHS5Xss__#1_label_A__8.npy,A
v=0O3LbHS5Xss__#1_label_A__9.npy,A
v=n-r2xxnuJYE__#1_label_A__0.npy,A
v=n-r2xxnuJYE__#1_label_A__1.npy,A
v=n-r2xxnuJYE__#1_label_A__2.npy,A
v=n-r2xxnuJYE__#1_label_A__3.npy,A
v=n-r2xxnuJYE__#1_label_A__4.npy,A
v=n-r2xxnuJYE__#1_label_A__5.npy,A
v=n-r2xxnuJYE__#1_label_A__6.npy,A
v=n-r2xxnuJYE__#1_label_A__7.npy,A
v=n-r2xxnuJYE__#1_label_A__8.npy,A
v=n-r2xxnuJYE__#1_label_A__9.npy,A
Shoplifters.2018__#00-23-50_00-24-31_label_A__0.npy,A
Shoplifters.2018__#00-23-50_00-24-31_label_A__1.npy,A
Shoplifters.2018__#00-23-50_00-24-31_label_A__2.npy,A
Shoplifters.2018__#00-23-50_00-24-31_label_A__3.npy,A
Shoplifters.2018__#00-23-50_00-24-31_label_A__4.npy,A
Shoplifters.2018__#00-23-50_00-24-31_label_A__5.npy,A
Shoplifters.2018__#00-23-50_00-24-31_label_A__6.npy,A
Shoplifters.2018__#00-23-50_00-24-31_label_A__7.npy,A
Shoplifters.2018__#00-23-50_00-24-31_label_A__8.npy,A
Shoplifters.2018__#00-23-50_00-24-31_label_A__9.npy,A
The.Notebook.2004__#00-16-18_00-17-27_label_A__0.npy,A
The.Notebook.2004__#00-16-18_00-17-27_label_A__1.npy,A
The.Notebook.2004__#00-16-18_00-17-27_label_A__2.npy,A
The.Notebook.2004__#00-16-18_00-17-27_label_A__3.npy,A
The.Notebook.2004__#00-16-18_00-17-27_label_A__4.npy,A
The.Notebook.2004__#00-16-18_00-17-27_label_A__5.npy,A
The.Notebook.2004__#00-16-18_00-17-27_label_A__6.npy,A
The.Notebook.2004__#00-16-18_00-17-27_label_A__7.npy,A
The.Notebook.2004__#00-16-18_00-17-27_label_A__8.npy,A
The.Notebook.2004__#00-16-18_00-17-27_label_A__9.npy,A
v=8dbxn1vb2k8__#1_label_A__0.npy,A
v=8dbxn1vb2k8__#1_label_A__1.npy,A
v=8dbxn1vb2k8__#1_label_A__2.npy,A
v=8dbxn1vb2k8__#1_label_A__3.npy,A
v=8dbxn1vb2k8__#1_label_A__4.npy,A
v=8dbxn1vb2k8__#1_label_A__5.npy,A
v=8dbxn1vb2k8__#1_label_A__6.npy,A
v=8dbxn1vb2k8__#1_label_A__7.npy,A
v=8dbxn1vb2k8__#1_label_A__8.npy,A
v=8dbxn1vb2k8__#1_label_A__9.npy,A
v=2CZ8fejXB7Y__#1_label_A__0.npy,A
v=2CZ8fejXB7Y__#1_label_A__1.npy,A
v=2CZ8fejXB7Y__#1_label_A__2.npy,A
v=2CZ8fejXB7Y__#1_label_A__3.npy,A
v=2CZ8fejXB7Y__#1_label_A__4.npy,A
v=2CZ8fejXB7Y__#1_label_A__5.npy,A
v=2CZ8fejXB7Y__#1_label_A__6.npy,A
v=2CZ8fejXB7Y__#1_label_A__7.npy,A
v=2CZ8fejXB7Y__#1_label_A__8.npy,A
v=2CZ8fejXB7Y__#1_label_A__9.npy,A
v=vsI_pKNcgeQ__#00-12-00_00-15-00_label_A__0.npy,A
v=vsI_pKNcgeQ__#00-12-00_00-15-00_label_A__1.npy,A
v=vsI_pKNcgeQ__#00-12-00_00-15-00_label_A__2.npy,A
v=vsI_pKNcgeQ__#00-12-00_00-15-00_label_A__3.npy,A
v=vsI_pKNcgeQ__#00-12-00_00-15-00_label_A__4.npy,A
v=vsI_pKNcgeQ__#00-12-00_00-15-00_label_A__5.npy,A
v=vsI_pKNcgeQ__#00-12-00_00-15-00_label_A__6.npy,A
v=vsI_pKNcgeQ__#00-12-00_00-15-00_label_A__7.npy,A
v=vsI_pKNcgeQ__#00-12-00_00-15-00_label_A__8.npy,A
v=vsI_pKNcgeQ__#00-12-00_00-15-00_label_A__9.npy,A
Saving.Private.Ryan.1998__#00-28-42_00-31-21_label_A__0.npy,A
Saving.Private.Ryan.1998__#00-28-42_00-31-21_label_A__1.npy,A
Saving.Private.Ryan.1998__#00-28-42_00-31-21_label_A__2.npy,A
Saving.Private.Ryan.1998__#00-28-42_00-31-21_label_A__3.npy,A
Saving.Private.Ryan.1998__#00-28-42_00-31-21_label_A__4.npy,A
Saving.Private.Ryan.1998__#00-28-42_00-31-21_label_A__5.npy,A
Saving.Private.Ryan.1998__#00-28-42_00-31-21_label_A__6.npy,A
Saving.Private.Ryan.1998__#00-28-42_00-31-21_label_A__7.npy,A
Saving.Private.Ryan.1998__#00-28-42_00-31-21_label_A__8.npy,A
Saving.Private.Ryan.1998__#00-28-42_00-31-21_label_A__9.npy,A
v=DATZ18HhsQw__#1_label_A__0.npy,A
v=DATZ18HhsQw__#1_label_A__1.npy,A
v=DATZ18HhsQw__#1_label_A__2.npy,A
v=DATZ18HhsQw__#1_label_A__3.npy,A
v=DATZ18HhsQw__#1_label_A__4.npy,A
v=DATZ18HhsQw__#1_label_A__5.npy,A
v=DATZ18HhsQw__#1_label_A__6.npy,A
v=DATZ18HhsQw__#1_label_A__7.npy,A
v=DATZ18HhsQw__#1_label_A__8.npy,A
v=DATZ18HhsQw__#1_label_A__9.npy,A
IP.Man.2.2010__#00-12-46_00-13-46_label_A__0.npy,A
IP.Man.2.2010__#00-12-46_00-13-46_label_A__1.npy,A
IP.Man.2.2010__#00-12-46_00-13-46_label_A__2.npy,A
IP.Man.2.2010__#00-12-46_00-13-46_label_A__3.npy,A
IP.Man.2.2010__#00-12-46_00-13-46_label_A__4.npy,A
IP.Man.2.2010__#00-12-46_00-13-46_label_A__5.npy,A
IP.Man.2.2010__#00-12-46_00-13-46_label_A__6.npy,A
IP.Man.2.2010__#00-12-46_00-13-46_label_A__7.npy,A
IP.Man.2.2010__#00-12-46_00-13-46_label_A__8.npy,A
IP.Man.2.2010__#00-12-46_00-13-46_label_A__9.npy,A
v=kLQXPV12IfI__#1_label_A__0.npy,A
v=kLQXPV12IfI__#1_label_A__1.npy,A
v=kLQXPV12IfI__#1_label_A__2.npy,A
v=kLQXPV12IfI__#1_label_A__3.npy,A
v=kLQXPV12IfI__#1_label_A__4.npy,A
v=kLQXPV12IfI__#1_label_A__5.npy,A
v=kLQXPV12IfI__#1_label_A__6.npy,A
v=kLQXPV12IfI__#1_label_A__7.npy,A
v=kLQXPV12IfI__#1_label_A__8.npy,A
v=kLQXPV12IfI__#1_label_A__9.npy,A
Salt.2010__#00-31-00_00-32-01_label_A__0.npy,A
Salt.2010__#00-31-00_00-32-01_label_A__1.npy,A
Salt.2010__#00-31-00_00-32-01_label_A__2.npy,A
Salt.2010__#00-31-00_00-32-01_label_A__3.npy,A
Salt.2010__#00-31-00_00-32-01_label_A__4.npy,A
Salt.2010__#00-31-00_00-32-01_label_A__5.npy,A
Salt.2010__#00-31-00_00-32-01_label_A__6.npy,A
Salt.2010__#00-31-00_00-32-01_label_A__7.npy,A
Salt.2010__#00-31-00_00-32-01_label_A__8.npy,A
Salt.2010__#00-31-00_00-32-01_label_A__9.npy,A
One.Day.2011__#00-32-07_00-35-00_label_A__0.npy,A
One.Day.2011__#00-32-07_00-35-00_label_A__1.npy,A
One.Day.2011__#00-32-07_00-35-00_label_A__2.npy,A
One.Day.2011__#00-32-07_00-35-00_label_A__3.npy,A
One.Day.2011__#00-32-07_00-35-00_label_A__4.npy,A
One.Day.2011__#00-32-07_00-35-00_label_A__5.npy,A
One.Day.2011__#00-32-07_00-35-00_label_A__6.npy,A
One.Day.2011__#00-32-07_00-35-00_label_A__7.npy,A
One.Day.2011__#00-32-07_00-35-00_label_A__8.npy,A
One.Day.2011__#00-32-07_00-35-00_label_A__9.npy,A
One.Day.2011__#00-29-50_00-32-05_label_A__0.npy,A
One.Day.2011__#00-29-50_00-32-05_label_A__1.npy,A
One.Day.2011__#00-29-50_00-32-05_label_A__2.npy,A
One.Day.2011__#00-29-50_00-32-05_label_A__3.npy,A
One.Day.2011__#00-29-50_00-32-05_label_A__4.npy,A
One.Day.2011__#00-29-50_00-32-05_label_A__5.npy,A
One.Day.2011__#00-29-50_00-32-05_label_A__6.npy,A
One.Day.2011__#00-29-50_00-32-05_label_A__7.npy,A
One.Day.2011__#00-29-50_00-32-05_label_A__8.npy,A
One.Day.2011__#00-29-50_00-32-05_label_A__9.npy,A
v=yZ2wlTAN49g__#00-09-00_00-12-00_label_A__0.npy,A
v=yZ2wlTAN49g__#00-09-00_00-12-00_label_A__1.npy,A
v=yZ2wlTAN49g__#00-09-00_00-12-00_label_A__2.npy,A
v=yZ2wlTAN49g__#00-09-00_00-12-00_label_A__3.npy,A
v=yZ2wlTAN49g__#00-09-00_00-12-00_label_A__4.npy,A
v=yZ2wlTAN49g__#00-09-00_00-12-00_label_A__5.npy,A
v=yZ2wlTAN49g__#00-09-00_00-12-00_label_A__6.npy,A
v=yZ2wlTAN49g__#00-09-00_00-12-00_label_A__7.npy,A
v=yZ2wlTAN49g__#00-09-00_00-12-00_label_A__8.npy,A
v=yZ2wlTAN49g__#00-09-00_00-12-00_label_A__9.npy,A
Rush.Hour.1998.BluRay__#01-06-07_01-08-37_label_A__0.npy,A
Rush.Hour.1998.BluRay__#01-06-07_01-08-37_label_A__1.npy,A
Rush.Hour.1998.BluRay__#01-06-07_01-08-37_label_A__2.npy,A
Rush.Hour.1998.BluRay__#01-06-07_01-08-37_label_A__3.npy,A
Rush.Hour.1998.BluRay__#01-06-07_01-08-37_label_A__4.npy,A
Rush.Hour.1998.BluRay__#01-06-07_01-08-37_label_A__5.npy,A
Rush.Hour.1998.BluRay__#01-06-07_01-08-37_label_A__6.npy,A
Rush.Hour.1998.BluRay__#01-06-07_01-08-37_label_A__7.npy,A
Rush.Hour.1998.BluRay__#01-06-07_01-08-37_label_A__8.npy,A
Rush.Hour.1998.BluRay__#01-06-07_01-08-37_label_A__9.npy,A
v=tGPyoma3-o8__#1_label_A__0.npy,A
v=tGPyoma3-o8__#1_label_A__1.npy,A
v=tGPyoma3-o8__#1_label_A__2.npy,A
v=tGPyoma3-o8__#1_label_A__3.npy,A
v=tGPyoma3-o8__#1_label_A__4.npy,A
v=tGPyoma3-o8__#1_label_A__5.npy,A
v=tGPyoma3-o8__#1_label_A__6.npy,A
v=tGPyoma3-o8__#1_label_A__7.npy,A
v=tGPyoma3-o8__#1_label_A__8.npy,A
v=tGPyoma3-o8__#1_label_A__9.npy,A
v=qV4YYnXdQCc__#00-15-00_00-17-38_label_A__0.npy,A
v=qV4YYnXdQCc__#00-15-00_00-17-38_label_A__1.npy,A
v=qV4YYnXdQCc__#00-15-00_00-17-38_label_A__2.npy,A
v=qV4YYnXdQCc__#00-15-00_00-17-38_label_A__3.npy,A
v=qV4YYnXdQCc__#00-15-00_00-17-38_label_A__4.npy,A
v=qV4YYnXdQCc__#00-15-00_00-17-38_label_A__5.npy,A
v=qV4YYnXdQCc__#00-15-00_00-17-38_label_A__6.npy,A
v=qV4YYnXdQCc__#00-15-00_00-17-38_label_A__7.npy,A
v=qV4YYnXdQCc__#00-15-00_00-17-38_label_A__8.npy,A
v=qV4YYnXdQCc__#00-15-00_00-17-38_label_A__9.npy,A
v=lLGgouOhQuU__#1_label_A__0.npy,A
v=lLGgouOhQuU__#1_label_A__1.npy,A
v=lLGgouOhQuU__#1_label_A__2.npy,A
v=lLGgouOhQuU__#1_label_A__3.npy,A
v=lLGgouOhQuU__#1_label_A__4.npy,A
v=lLGgouOhQuU__#1_label_A__5.npy,A
v=lLGgouOhQuU__#1_label_A__6.npy,A
v=lLGgouOhQuU__#1_label_A__7.npy,A
v=lLGgouOhQuU__#1_label_A__8.npy,A
v=lLGgouOhQuU__#1_label_A__9.npy,A
The.Attorney.2013__#00-25-20_00-29-40_label_A__0.npy,A
The.Attorney.2013__#00-25-20_00-29-40_label_A__1.npy,A
The.Attorney.2013__#00-25-20_00-29-40_label_A__2.npy,A
The.Attorney.2013__#00-25-20_00-29-40_label_A__3.npy,A
The.Attorney.2013__#00-25-20_00-29-40_label_A__4.npy,A
The.Attorney.2013__#00-25-20_00-29-40_label_A__5.npy,A
The.Attorney.2013__#00-25-20_00-29-40_label_A__6.npy,A
The.Attorney.2013__#00-25-20_00-29-40_label_A__7.npy,A
The.Attorney.2013__#00-25-20_00-29-40_label_A__8.npy,A
The.Attorney.2013__#00-25-20_00-29-40_label_A__9.npy,A
v=WhB3fS0ZJeg__#1_label_A__0.npy,A
v=WhB3fS0ZJeg__#1_label_A__1.npy,A
v=WhB3fS0ZJeg__#1_label_A__2.npy,A
v=WhB3fS0ZJeg__#1_label_A__3.npy,A
v=WhB3fS0ZJeg__#1_label_A__4.npy,A
v=WhB3fS0ZJeg__#1_label_A__5.npy,A
v=WhB3fS0ZJeg__#1_label_A__6.npy,A
v=WhB3fS0ZJeg__#1_label_A__7.npy,A
v=WhB3fS0ZJeg__#1_label_A__8.npy,A
v=WhB3fS0ZJeg__#1_label_A__9.npy,A
The.Bourne.Ultimatum.2007__#0-30-08_0-31-43_label_A__0.npy,A
The.Bourne.Ultimatum.2007__#0-30-08_0-31-43_label_A__1.npy,A
The.Bourne.Ultimatum.2007__#0-30-08_0-31-43_label_A__2.npy,A
The.Bourne.Ultimatum.2007__#0-30-08_0-31-43_label_A__3.npy,A
The.Bourne.Ultimatum.2007__#0-30-08_0-31-43_label_A__4.npy,A
The.Bourne.Ultimatum.2007__#0-30-08_0-31-43_label_A__5.npy,A
The.Bourne.Ultimatum.2007__#0-30-08_0-31-43_label_A__6.npy,A
The.Bourne.Ultimatum.2007__#0-30-08_0-31-43_label_A__7.npy,A
The.Bourne.Ultimatum.2007__#0-30-08_0-31-43_label_A__8.npy,A
The.Bourne.Ultimatum.2007__#0-30-08_0-31-43_label_A__9.npy,A
Bullet.in.the.Head.1990__#00-31-50_00-33-20_label_A__0.npy,A
Bullet.in.the.Head.1990__#00-31-50_00-33-20_label_A__1.npy,A
Bullet.in.the.Head.1990__#00-31-50_00-33-20_label_A__2.npy,A
Bullet.in.the.Head.1990__#00-31-50_00-33-20_label_A__3.npy,A
Bullet.in.the.Head.1990__#00-31-50_00-33-20_label_A__4.npy,A
Bullet.in.the.Head.1990__#00-31-50_00-33-20_label_A__5.npy,A
Bullet.in.the.Head.1990__#00-31-50_00-33-20_label_A__6.npy,A
Bullet.in.the.Head.1990__#00-31-50_00-33-20_label_A__7.npy,A
Bullet.in.the.Head.1990__#00-31-50_00-33-20_label_A__8.npy,A
Bullet.in.the.Head.1990__#00-31-50_00-33-20_label_A__9.npy,A
The.Secret.Life.of.Walter.Mitty.2013__#00-20-35_00-23-06_label_A__0.npy,A
The.Secret.Life.of.Walter.Mitty.2013__#00-20-35_00-23-06_label_A__1.npy,A
The.Secret.Life.of.Walter.Mitty.2013__#00-20-35_00-23-06_label_A__2.npy,A
The.Secret.Life.of.Walter.Mitty.2013__#00-20-35_00-23-06_label_A__3.npy,A
The.Secret.Life.of.Walter.Mitty.2013__#00-20-35_00-23-06_label_A__4.npy,A
The.Secret.Life.of.Walter.Mitty.2013__#00-20-35_00-23-06_label_A__5.npy,A
The.Secret.Life.of.Walter.Mitty.2013__#00-20-35_00-23-06_label_A__6.npy,A
The.Secret.Life.of.Walter.Mitty.2013__#00-20-35_00-23-06_label_A__7.npy,A
The.Secret.Life.of.Walter.Mitty.2013__#00-20-35_00-23-06_label_A__8.npy,A
The.Secret.Life.of.Walter.Mitty.2013__#00-20-35_00-23-06_label_A__9.npy,A
v=gGlqujwrhbI__#00-15-00_00-18-00_label_A__0.npy,A
v=gGlqujwrhbI__#00-15-00_00-18-00_label_A__1.npy,A
v=gGlqujwrhbI__#00-15-00_00-18-00_label_A__2.npy,A
v=gGlqujwrhbI__#00-15-00_00-18-00_label_A__3.npy,A
v=gGlqujwrhbI__#00-15-00_00-18-00_label_A__4.npy,A
v=gGlqujwrhbI__#00-15-00_00-18-00_label_A__5.npy,A
v=gGlqujwrhbI__#00-15-00_00-18-00_label_A__6.npy,A
v=gGlqujwrhbI__#00-15-00_00-18-00_label_A__7.npy,A
v=gGlqujwrhbI__#00-15-00_00-18-00_label_A__8.npy,A
v=gGlqujwrhbI__#00-15-00_00-18-00_label_A__9.npy,A
v=IZCzbslH8jo__#1_label_A__0.npy,A
v=IZCzbslH8jo__#1_label_A__1.npy,A
v=IZCzbslH8jo__#1_label_A__2.npy,A
v=IZCzbslH8jo__#1_label_A__3.npy,A
v=IZCzbslH8jo__#1_label_A__4.npy,A
v=IZCzbslH8jo__#1_label_A__5.npy,A
v=IZCzbslH8jo__#1_label_A__6.npy,A
v=IZCzbslH8jo__#1_label_A__7.npy,A
v=IZCzbslH8jo__#1_label_A__8.npy,A
v=IZCzbslH8jo__#1_label_A__9.npy,A
v=HMYi-XH4y9w__#1_label_A__0.npy,A
v=HMYi-XH4y9w__#1_label_A__1.npy,A
v=HMYi-XH4y9w__#1_label_A__2.npy,A
v=HMYi-XH4y9w__#1_label_A__3.npy,A
v=HMYi-XH4y9w__#1_label_A__4.npy,A
v=HMYi-XH4y9w__#1_label_A__5.npy,A
v=HMYi-XH4y9w__#1_label_A__6.npy,A
v=HMYi-XH4y9w__#1_label_A__7.npy,A
v=HMYi-XH4y9w__#1_label_A__8.npy,A
v=HMYi-XH4y9w__#1_label_A__9.npy,A
Love.Death.and.Robots.S01E02__#00-02-05_00-03-11_label_A__0.npy,A
Love.Death.and.Robots.S01E02__#00-02-05_00-03-11_label_A__1.npy,A
Love.Death.and.Robots.S01E02__#00-02-05_00-03-11_label_A__2.npy,A
Love.Death.and.Robots.S01E02__#00-02-05_00-03-11_label_A__3.npy,A
Love.Death.and.Robots.S01E02__#00-02-05_00-03-11_label_A__4.npy,A
Love.Death.and.Robots.S01E02__#00-02-05_00-03-11_label_A__5.npy,A
Love.Death.and.Robots.S01E02__#00-02-05_00-03-11_label_A__6.npy,A
Love.Death.and.Robots.S01E02__#00-02-05_00-03-11_label_A__7.npy,A
Love.Death.and.Robots.S01E02__#00-02-05_00-03-11_label_A__8.npy,A
Love.Death.and.Robots.S01E02__#00-02-05_00-03-11_label_A__9.npy,A
v=xUtbX1mHhPo__#1_label_A__0.npy,A
v=xUtbX1mHhPo__#1_label_A__1.npy,A
v=xUtbX1mHhPo__#1_label_A__2.npy,A
v=xUtbX1mHhPo__#1_label_A__3.npy,A
v=xUtbX1mHhPo__#1_label_A__4.npy,A
v=xUtbX1mHhPo__#1_label_A__5.npy,A
v=xUtbX1mHhPo__#1_label_A__6.npy,A
v=xUtbX1mHhPo__#1_label_A__7.npy,A
v=xUtbX1mHhPo__#1_label_A__8.npy,A
v=xUtbX1mHhPo__#1_label_A__9.npy,A
Taken.3.2014__#00-51-11_00-52-15_label_A__0.npy,A
Taken.3.2014__#00-51-11_00-52-15_label_A__1.npy,A
Taken.3.2014__#00-51-11_00-52-15_label_A__2.npy,A
Taken.3.2014__#00-51-11_00-52-15_label_A__3.npy,A
Taken.3.2014__#00-51-11_00-52-15_label_A__4.npy,A
Taken.3.2014__#00-51-11_00-52-15_label_A__5.npy,A
Taken.3.2014__#00-51-11_00-52-15_label_A__6.npy,A
Taken.3.2014__#00-51-11_00-52-15_label_A__7.npy,A
Taken.3.2014__#00-51-11_00-52-15_label_A__8.npy,A
Taken.3.2014__#00-51-11_00-52-15_label_A__9.npy,A
v=JTNIWbGmzGU__#1_label_A__0.npy,A
v=JTNIWbGmzGU__#1_label_A__1.npy,A
v=JTNIWbGmzGU__#1_label_A__2.npy,A
v=JTNIWbGmzGU__#1_label_A__3.npy,A
v=JTNIWbGmzGU__#1_label_A__4.npy,A
v=JTNIWbGmzGU__#1_label_A__5.npy,A
v=JTNIWbGmzGU__#1_label_A__6.npy,A
v=JTNIWbGmzGU__#1_label_A__7.npy,A
v=JTNIWbGmzGU__#1_label_A__8.npy,A
v=JTNIWbGmzGU__#1_label_A__9.npy,A
v=Wa2zNUdds4A__#1_label_A__0.npy,A
v=Wa2zNUdds4A__#1_label_A__1.npy,A
v=Wa2zNUdds4A__#1_label_A__2.npy,A
v=Wa2zNUdds4A__#1_label_A__3.npy,A
v=Wa2zNUdds4A__#1_label_A__4.npy,A
v=Wa2zNUdds4A__#1_label_A__5.npy,A
v=Wa2zNUdds4A__#1_label_A__6.npy,A
v=Wa2zNUdds4A__#1_label_A__7.npy,A
v=Wa2zNUdds4A__#1_label_A__8.npy,A
v=Wa2zNUdds4A__#1_label_A__9.npy,A
v=y7JEq-kf-2I__#00-02-30_00-03-40_label_A__0.npy,A
v=y7JEq-kf-2I__#00-02-30_00-03-40_label_A__1.npy,A
v=y7JEq-kf-2I__#00-02-30_00-03-40_label_A__2.npy,A
v=y7JEq-kf-2I__#00-02-30_00-03-40_label_A__3.npy,A
v=y7JEq-kf-2I__#00-02-30_00-03-40_label_A__4.npy,A
v=y7JEq-kf-2I__#00-02-30_00-03-40_label_A__5.npy,A
v=y7JEq-kf-2I__#00-02-30_00-03-40_label_A__6.npy,A
v=y7JEq-kf-2I__#00-02-30_00-03-40_label_A__7.npy,A
v=y7JEq-kf-2I__#00-02-30_00-03-40_label_A__8.npy,A
v=y7JEq-kf-2I__#00-02-30_00-03-40_label_A__9.npy,A
v=4ioUvRoMNjo__#1_label_A__0.npy,A
v=4ioUvRoMNjo__#1_label_A__1.npy,A
v=4ioUvRoMNjo__#1_label_A__2.npy,A
v=4ioUvRoMNjo__#1_label_A__3.npy,A
v=4ioUvRoMNjo__#1_label_A__4.npy,A
v=4ioUvRoMNjo__#1_label_A__5.npy,A
v=4ioUvRoMNjo__#1_label_A__6.npy,A
v=4ioUvRoMNjo__#1_label_A__7.npy,A
v=4ioUvRoMNjo__#1_label_A__8.npy,A
v=4ioUvRoMNjo__#1_label_A__9.npy,A
City.of.God.2002__#00-48-31_00-49-18_label_A__0.npy,A
City.of.God.2002__#00-48-31_00-49-18_label_A__1.npy,A
City.of.God.2002__#00-48-31_00-49-18_label_A__2.npy,A
City.of.God.2002__#00-48-31_00-49-18_label_A__3.npy,A
City.of.God.2002__#00-48-31_00-49-18_label_A__4.npy,A
City.of.God.2002__#00-48-31_00-49-18_label_A__5.npy,A
City.of.God.2002__#00-48-31_00-49-18_label_A__6.npy,A
City.of.God.2002__#00-48-31_00-49-18_label_A__7.npy,A
City.of.God.2002__#00-48-31_00-49-18_label_A__8.npy,A
City.of.God.2002__#00-48-31_00-49-18_label_A__9.npy,A
Still.Walking.2008__#01-39-05_01-46-40_label_A__0.npy,A
Still.Walking.2008__#01-39-05_01-46-40_label_A__1.npy,A
Still.Walking.2008__#01-39-05_01-46-40_label_A__2.npy,A
Still.Walking.2008__#01-39-05_01-46-40_label_A__3.npy,A
Still.Walking.2008__#01-39-05_01-46-40_label_A__4.npy,A
Still.Walking.2008__#01-39-05_01-46-40_label_A__5.npy,A
Still.Walking.2008__#01-39-05_01-46-40_label_A__6.npy,A
Still.Walking.2008__#01-39-05_01-46-40_label_A__7.npy,A
Still.Walking.2008__#01-39-05_01-46-40_label_A__8.npy,A
Still.Walking.2008__#01-39-05_01-46-40_label_A__9.npy,A
Brick.Mansions.2014__#00-44-56_00-46-38_label_A__0.npy,A
Brick.Mansions.2014__#00-44-56_00-46-38_label_A__1.npy,A
Brick.Mansions.2014__#00-44-56_00-46-38_label_A__2.npy,A
Brick.Mansions.2014__#00-44-56_00-46-38_label_A__3.npy,A
Brick.Mansions.2014__#00-44-56_00-46-38_label_A__4.npy,A
Brick.Mansions.2014__#00-44-56_00-46-38_label_A__5.npy,A
Brick.Mansions.2014__#00-44-56_00-46-38_label_A__6.npy,A
Brick.Mansions.2014__#00-44-56_00-46-38_label_A__7.npy,A
Brick.Mansions.2014__#00-44-56_00-46-38_label_A__8.npy,A
Brick.Mansions.2014__#00-44-56_00-46-38_label_A__9.npy,A
Skyfall.2012__#00-23-27_00-23-53_label_A__0.npy,A
Skyfall.2012__#00-23-27_00-23-53_label_A__1.npy,A
Skyfall.2012__#00-23-27_00-23-53_label_A__2.npy,A
Skyfall.2012__#00-23-27_00-23-53_label_A__3.npy,A
Skyfall.2012__#00-23-27_00-23-53_label_A__4.npy,A
Skyfall.2012__#00-23-27_00-23-53_label_A__5.npy,A
Skyfall.2012__#00-23-27_00-23-53_label_A__6.npy,A
Skyfall.2012__#00-23-27_00-23-53_label_A__7.npy,A
Skyfall.2012__#00-23-27_00-23-53_label_A__8.npy,A
Skyfall.2012__#00-23-27_00-23-53_label_A__9.npy,A
v=dN6qjd7K7vA__#1_label_A__0.npy,A
v=dN6qjd7K7vA__#1_label_A__1.npy,A
v=dN6qjd7K7vA__#1_label_A__2.npy,A
v=dN6qjd7K7vA__#1_label_A__3.npy,A
v=dN6qjd7K7vA__#1_label_A__4.npy,A
v=dN6qjd7K7vA__#1_label_A__5.npy,A
v=dN6qjd7K7vA__#1_label_A__6.npy,A
v=dN6qjd7K7vA__#1_label_A__7.npy,A
v=dN6qjd7K7vA__#1_label_A__8.npy,A
v=dN6qjd7K7vA__#1_label_A__9.npy,A
v=wfeU-Q8cGBs__#1_label_A__0.npy,A
v=wfeU-Q8cGBs__#1_label_A__1.npy,A
v=wfeU-Q8cGBs__#1_label_A__2.npy,A
v=wfeU-Q8cGBs__#1_label_A__3.npy,A
v=wfeU-Q8cGBs__#1_label_A__4.npy,A
v=wfeU-Q8cGBs__#1_label_A__5.npy,A
v=wfeU-Q8cGBs__#1_label_A__6.npy,A
v=wfeU-Q8cGBs__#1_label_A__7.npy,A
v=wfeU-Q8cGBs__#1_label_A__8.npy,A
v=wfeU-Q8cGBs__#1_label_A__9.npy,A
Good.Will.Hunting.1997__#00-25-20_00-29-20_label_A__0.npy,A
Good.Will.Hunting.1997__#00-25-20_00-29-20_label_A__1.npy,A
Good.Will.Hunting.1997__#00-25-20_00-29-20_label_A__2.npy,A
Good.Will.Hunting.1997__#00-25-20_00-29-20_label_A__3.npy,A
Good.Will.Hunting.1997__#00-25-20_00-29-20_label_A__4.npy,A
Good.Will.Hunting.1997__#00-25-20_00-29-20_label_A__5.npy,A
Good.Will.Hunting.1997__#00-25-20_00-29-20_label_A__6.npy,A
Good.Will.Hunting.1997__#00-25-20_00-29-20_label_A__7.npy,A
Good.Will.Hunting.1997__#00-25-20_00-29-20_label_A__8.npy,A
Good.Will.Hunting.1997__#00-25-20_00-29-20_label_A__9.npy,A
Taken.2.UNRATED.EXTENDED.2012__#01-29-21_01-30-47_label_A__0.npy,A
Taken.2.UNRATED.EXTENDED.2012__#01-29-21_01-30-47_label_A__1.npy,A
Taken.2.UNRATED.EXTENDED.2012__#01-29-21_01-30-47_label_A__2.npy,A
Taken.2.UNRATED.EXTENDED.2012__#01-29-21_01-30-47_label_A__3.npy,A
Taken.2.UNRATED.EXTENDED.2012__#01-29-21_01-30-47_label_A__4.npy,A
Taken.2.UNRATED.EXTENDED.2012__#01-29-21_01-30-47_label_A__5.npy,A
Taken.2.UNRATED.EXTENDED.2012__#01-29-21_01-30-47_label_A__6.npy,A
Taken.2.UNRATED.EXTENDED.2012__#01-29-21_01-30-47_label_A__7.npy,A
Taken.2.UNRATED.EXTENDED.2012__#01-29-21_01-30-47_label_A__8.npy,A
Taken.2.UNRATED.EXTENDED.2012__#01-29-21_01-30-47_label_A__9.npy,A
v=vFPQ_NiDBIU__#01-06-00_01-12-00_label_A__0.npy,A
v=vFPQ_NiDBIU__#01-06-00_01-12-00_label_A__1.npy,A
v=vFPQ_NiDBIU__#01-06-00_01-12-00_label_A__2.npy,A
v=vFPQ_NiDBIU__#01-06-00_01-12-00_label_A__3.npy,A
v=vFPQ_NiDBIU__#01-06-00_01-12-00_label_A__4.npy,A
v=vFPQ_NiDBIU__#01-06-00_01-12-00_label_A__5.npy,A
v=vFPQ_NiDBIU__#01-06-00_01-12-00_label_A__6.npy,A
v=vFPQ_NiDBIU__#01-06-00_01-12-00_label_A__7.npy,A
v=vFPQ_NiDBIU__#01-06-00_01-12-00_label_A__8.npy,A
v=vFPQ_NiDBIU__#01-06-00_01-12-00_label_A__9.npy,A
Brick.Mansions.2014__#00-32-30_00-33-20_label_A__0.npy,A
Brick.Mansions.2014__#00-32-30_00-33-20_label_A__1.npy,A
Brick.Mansions.2014__#00-32-30_00-33-20_label_A__2.npy,A
Brick.Mansions.2014__#00-32-30_00-33-20_label_A__3.npy,A
Brick.Mansions.2014__#00-32-30_00-33-20_label_A__4.npy,A
Brick.Mansions.2014__#00-32-30_00-33-20_label_A__5.npy,A
Brick.Mansions.2014__#00-32-30_00-33-20_label_A__6.npy,A
Brick.Mansions.2014__#00-32-30_00-33-20_label_A__7.npy,A
Brick.Mansions.2014__#00-32-30_00-33-20_label_A__8.npy,A
Brick.Mansions.2014__#00-32-30_00-33-20_label_A__9.npy,A
v=fkps18H3SXY__#02-12-00_02-18-00_label_A__0.npy,A
v=fkps18H3SXY__#02-12-00_02-18-00_label_A__1.npy,A
v=fkps18H3SXY__#02-12-00_02-18-00_label_A__2.npy,A
v=fkps18H3SXY__#02-12-00_02-18-00_label_A__3.npy,A
v=fkps18H3SXY__#02-12-00_02-18-00_label_A__4.npy,A
v=fkps18H3SXY__#02-12-00_02-18-00_label_A__5.npy,A
v=fkps18H3SXY__#02-12-00_02-18-00_label_A__6.npy,A
v=fkps18H3SXY__#02-12-00_02-18-00_label_A__7.npy,A
v=fkps18H3SXY__#02-12-00_02-18-00_label_A__8.npy,A
v=fkps18H3SXY__#02-12-00_02-18-00_label_A__9.npy,A
Braveheart.1995__#01-33-09_01-37-20_label_A__0.npy,A
Braveheart.1995__#01-33-09_01-37-20_label_A__1.npy,A
Braveheart.1995__#01-33-09_01-37-20_label_A__2.npy,A
Braveheart.1995__#01-33-09_01-37-20_label_A__3.npy,A
Braveheart.1995__#01-33-09_01-37-20_label_A__4.npy,A
Braveheart.1995__#01-33-09_01-37-20_label_A__5.npy,A
Braveheart.1995__#01-33-09_01-37-20_label_A__6.npy,A
Braveheart.1995__#01-33-09_01-37-20_label_A__7.npy,A
Braveheart.1995__#01-33-09_01-37-20_label_A__8.npy,A
Braveheart.1995__#01-33-09_01-37-20_label_A__9.npy,A
The.Secret.Life.of.Walter.Mitty.2013__#01-05-30_01-08-59_label_A__0.npy,A
The.Secret.Life.of.Walter.Mitty.2013__#01-05-30_01-08-59_label_A__1.npy,A
The.Secret.Life.of.Walter.Mitty.2013__#01-05-30_01-08-59_label_A__2.npy,A
The.Secret.Life.of.Walter.Mitty.2013__#01-05-30_01-08-59_label_A__3.npy,A
The.Secret.Life.of.Walter.Mitty.2013__#01-05-30_01-08-59_label_A__4.npy,A
The.Secret.Life.of.Walter.Mitty.2013__#01-05-30_01-08-59_label_A__5.npy,A
The.Secret.Life.of.Walter.Mitty.2013__#01-05-30_01-08-59_label_A__6.npy,A
The.Secret.Life.of.Walter.Mitty.2013__#01-05-30_01-08-59_label_A__7.npy,A
The.Secret.Life.of.Walter.Mitty.2013__#01-05-30_01-08-59_label_A__8.npy,A
The.Secret.Life.of.Walter.Mitty.2013__#01-05-30_01-08-59_label_A__9.npy,A
Kingsman.The.Secret.Service.2014__#00-08-39_00-09-42_label_A__0.npy,A
Kingsman.The.Secret.Service.2014__#00-08-39_00-09-42_label_A__1.npy,A
Kingsman.The.Secret.Service.2014__#00-08-39_00-09-42_label_A__2.npy,A
Kingsman.The.Secret.Service.2014__#00-08-39_00-09-42_label_A__3.npy,A
Kingsman.The.Secret.Service.2014__#00-08-39_00-09-42_label_A__4.npy,A
Kingsman.The.Secret.Service.2014__#00-08-39_00-09-42_label_A__5.npy,A
Kingsman.The.Secret.Service.2014__#00-08-39_00-09-42_label_A__6.npy,A
Kingsman.The.Secret.Service.2014__#00-08-39_00-09-42_label_A__7.npy,A
Kingsman.The.Secret.Service.2014__#00-08-39_00-09-42_label_A__8.npy,A
Kingsman.The.Secret.Service.2014__#00-08-39_00-09-42_label_A__9.npy,A
v=InNwtNprG5A__#1_label_A__0.npy,A
v=InNwtNprG5A__#1_label_A__1.npy,A
v=InNwtNprG5A__#1_label_A__2.npy,A
v=InNwtNprG5A__#1_label_A__3.npy,A
v=InNwtNprG5A__#1_label_A__4.npy,A
v=InNwtNprG5A__#1_label_A__5.npy,A
v=InNwtNprG5A__#1_label_A__6.npy,A
v=InNwtNprG5A__#1_label_A__7.npy,A
v=InNwtNprG5A__#1_label_A__8.npy,A
v=InNwtNprG5A__#1_label_A__9.npy,A
v=omOMoZvDPAo__#1_label_A__0.npy,A
v=omOMoZvDPAo__#1_label_A__1.npy,A
v=omOMoZvDPAo__#1_label_A__2.npy,A
v=omOMoZvDPAo__#1_label_A__3.npy,A
v=omOMoZvDPAo__#1_label_A__4.npy,A
v=omOMoZvDPAo__#1_label_A__5.npy,A
v=omOMoZvDPAo__#1_label_A__6.npy,A
v=omOMoZvDPAo__#1_label_A__7.npy,A
v=omOMoZvDPAo__#1_label_A__8.npy,A
v=omOMoZvDPAo__#1_label_A__9.npy,A
One.Day.2011__#00-12-45_00-15-08_label_A__0.npy,A
One.Day.2011__#00-12-45_00-15-08_label_A__1.npy,A
One.Day.2011__#00-12-45_00-15-08_label_A__2.npy,A
One.Day.2011__#00-12-45_00-15-08_label_A__3.npy,A
One.Day.2011__#00-12-45_00-15-08_label_A__4.npy,A
One.Day.2011__#00-12-45_00-15-08_label_A__5.npy,A
One.Day.2011__#00-12-45_00-15-08_label_A__6.npy,A
One.Day.2011__#00-12-45_00-15-08_label_A__7.npy,A
One.Day.2011__#00-12-45_00-15-08_label_A__8.npy,A
One.Day.2011__#00-12-45_00-15-08_label_A__9.npy,A
v=rs9XTrfuIro__#1_label_A__0.npy,A
v=rs9XTrfuIro__#1_label_A__1.npy,A
v=rs9XTrfuIro__#1_label_A__2.npy,A
v=rs9XTrfuIro__#1_label_A__3.npy,A
v=rs9XTrfuIro__#1_label_A__4.npy,A
v=rs9XTrfuIro__#1_label_A__5.npy,A
v=rs9XTrfuIro__#1_label_A__6.npy,A
v=rs9XTrfuIro__#1_label_A__7.npy,A
v=rs9XTrfuIro__#1_label_A__8.npy,A
v=rs9XTrfuIro__#1_label_A__9.npy,A
v=pPfWYiIg_PM__#1_label_A__0.npy,A
v=pPfWYiIg_PM__#1_label_A__1.npy,A
v=pPfWYiIg_PM__#1_label_A__2.npy,A
v=pPfWYiIg_PM__#1_label_A__3.npy,A
v=pPfWYiIg_PM__#1_label_A__4.npy,A
v=pPfWYiIg_PM__#1_label_A__5.npy,A
v=pPfWYiIg_PM__#1_label_A__6.npy,A
v=pPfWYiIg_PM__#1_label_A__7.npy,A
v=pPfWYiIg_PM__#1_label_A__8.npy,A
v=pPfWYiIg_PM__#1_label_A__9.npy,A
v=JzrpCC7XmyE__#01-12-00_01-18-00_label_A__0.npy,A
v=JzrpCC7XmyE__#01-12-00_01-18-00_label_A__1.npy,A
v=JzrpCC7XmyE__#01-12-00_01-18-00_label_A__2.npy,A
v=JzrpCC7XmyE__#01-12-00_01-18-00_label_A__3.npy,A
v=JzrpCC7XmyE__#01-12-00_01-18-00_label_A__4.npy,A
v=JzrpCC7XmyE__#01-12-00_01-18-00_label_A__5.npy,A
v=JzrpCC7XmyE__#01-12-00_01-18-00_label_A__6.npy,A
v=JzrpCC7XmyE__#01-12-00_01-18-00_label_A__7.npy,A
v=JzrpCC7XmyE__#01-12-00_01-18-00_label_A__8.npy,A
v=JzrpCC7XmyE__#01-12-00_01-18-00_label_A__9.npy,A
v=eZ02t_FEbQ8__#1_label_A__0.npy,A
v=eZ02t_FEbQ8__#1_label_A__1.npy,A
v=eZ02t_FEbQ8__#1_label_A__2.npy,A
v=eZ02t_FEbQ8__#1_label_A__3.npy,A
v=eZ02t_FEbQ8__#1_label_A__4.npy,A
v=eZ02t_FEbQ8__#1_label_A__5.npy,A
v=eZ02t_FEbQ8__#1_label_A__6.npy,A
v=eZ02t_FEbQ8__#1_label_A__7.npy,A
v=eZ02t_FEbQ8__#1_label_A__8.npy,A
v=eZ02t_FEbQ8__#1_label_A__9.npy,A
v=rmb-ofn-8VU__#1_label_A__0.npy,A
v=rmb-ofn-8VU__#1_label_A__1.npy,A
v=rmb-ofn-8VU__#1_label_A__2.npy,A
v=rmb-ofn-8VU__#1_label_A__3.npy,A
v=rmb-ofn-8VU__#1_label_A__4.npy,A
v=rmb-ofn-8VU__#1_label_A__5.npy,A
v=rmb-ofn-8VU__#1_label_A__6.npy,A
v=rmb-ofn-8VU__#1_label_A__7.npy,A
v=rmb-ofn-8VU__#1_label_A__8.npy,A
v=rmb-ofn-8VU__#1_label_A__9.npy,A
v=_jCpBH5zehI__#1_label_A__0.npy,A
v=_jCpBH5zehI__#1_label_A__1.npy,A
v=_jCpBH5zehI__#1_label_A__2.npy,A
v=_jCpBH5zehI__#1_label_A__3.npy,A
v=_jCpBH5zehI__#1_label_A__4.npy,A
v=_jCpBH5zehI__#1_label_A__5.npy,A
v=_jCpBH5zehI__#1_label_A__6.npy,A
v=_jCpBH5zehI__#1_label_A__7.npy,A
v=_jCpBH5zehI__#1_label_A__8.npy,A
v=_jCpBH5zehI__#1_label_A__9.npy,A
v=vFPQ_NiDBIU__#02-24-00_02-30-00_label_A__0.npy,A
v=vFPQ_NiDBIU__#02-24-00_02-30-00_label_A__1.npy,A
v=vFPQ_NiDBIU__#02-24-00_02-30-00_label_A__2.npy,A
v=vFPQ_NiDBIU__#02-24-00_02-30-00_label_A__3.npy,A
v=vFPQ_NiDBIU__#02-24-00_02-30-00_label_A__4.npy,A
v=vFPQ_NiDBIU__#02-24-00_02-30-00_label_A__5.npy,A
v=vFPQ_NiDBIU__#02-24-00_02-30-00_label_A__6.npy,A
v=vFPQ_NiDBIU__#02-24-00_02-30-00_label_A__7.npy,A
v=vFPQ_NiDBIU__#02-24-00_02-30-00_label_A__8.npy,A
v=vFPQ_NiDBIU__#02-24-00_02-30-00_label_A__9.npy,A
Shoplifters.2018__#00-25-20_00-27-20_label_A__0.npy,A
Shoplifters.2018__#00-25-20_00-27-20_label_A__1.npy,A
Shoplifters.2018__#00-25-20_00-27-20_label_A__2.npy,A
Shoplifters.2018__#00-25-20_00-27-20_label_A__3.npy,A
Shoplifters.2018__#00-25-20_00-27-20_label_A__4.npy,A
Shoplifters.2018__#00-25-20_00-27-20_label_A__5.npy,A
Shoplifters.2018__#00-25-20_00-27-20_label_A__6.npy,A
Shoplifters.2018__#00-25-20_00-27-20_label_A__7.npy,A
Shoplifters.2018__#00-25-20_00-27-20_label_A__8.npy,A
Shoplifters.2018__#00-25-20_00-27-20_label_A__9.npy,A
The.Pursuit.of.Happyness.2006__#00-49-48_00-51-12_label_A__0.npy,A
The.Pursuit.of.Happyness.2006__#00-49-48_00-51-12_label_A__1.npy,A
The.Pursuit.of.Happyness.2006__#00-49-48_00-51-12_label_A__2.npy,A
The.Pursuit.of.Happyness.2006__#00-49-48_00-51-12_label_A__3.npy,A
The.Pursuit.of.Happyness.2006__#00-49-48_00-51-12_label_A__4.npy,A
The.Pursuit.of.Happyness.2006__#00-49-48_00-51-12_label_A__5.npy,A
The.Pursuit.of.Happyness.2006__#00-49-48_00-51-12_label_A__6.npy,A
The.Pursuit.of.Happyness.2006__#00-49-48_00-51-12_label_A__7.npy,A
The.Pursuit.of.Happyness.2006__#00-49-48_00-51-12_label_A__8.npy,A
The.Pursuit.of.Happyness.2006__#00-49-48_00-51-12_label_A__9.npy,A
v=Ez5XEgBSnHc__#1_label_A__0.npy,A
v=Ez5XEgBSnHc__#1_label_A__1.npy,A
v=Ez5XEgBSnHc__#1_label_A__2.npy,A
v=Ez5XEgBSnHc__#1_label_A__3.npy,A
v=Ez5XEgBSnHc__#1_label_A__4.npy,A
v=Ez5XEgBSnHc__#1_label_A__5.npy,A
v=Ez5XEgBSnHc__#1_label_A__6.npy,A
v=Ez5XEgBSnHc__#1_label_A__7.npy,A
v=Ez5XEgBSnHc__#1_label_A__8.npy,A
v=Ez5XEgBSnHc__#1_label_A__9.npy,A
Flipped.2010__#00-55-26_00-57-16_label_A__0.npy,A
Flipped.2010__#00-55-26_00-57-16_label_A__1.npy,A
Flipped.2010__#00-55-26_00-57-16_label_A__2.npy,A
Flipped.2010__#00-55-26_00-57-16_label_A__3.npy,A
Flipped.2010__#00-55-26_00-57-16_label_A__4.npy,A
Flipped.2010__#00-55-26_00-57-16_label_A__5.npy,A
Flipped.2010__#00-55-26_00-57-16_label_A__6.npy,A
Flipped.2010__#00-55-26_00-57-16_label_A__7.npy,A
Flipped.2010__#00-55-26_00-57-16_label_A__8.npy,A
Flipped.2010__#00-55-26_00-57-16_label_A__9.npy,A
v=9eME1y6V-T4__#02-06-00_02-12-00_label_A__0.npy,A
v=9eME1y6V-T4__#02-06-00_02-12-00_label_A__1.npy,A
v=9eME1y6V-T4__#02-06-00_02-12-00_label_A__2.npy,A
v=9eME1y6V-T4__#02-06-00_02-12-00_label_A__3.npy,A
v=9eME1y6V-T4__#02-06-00_02-12-00_label_A__4.npy,A
v=9eME1y6V-T4__#02-06-00_02-12-00_label_A__5.npy,A
v=9eME1y6V-T4__#02-06-00_02-12-00_label_A__6.npy,A
v=9eME1y6V-T4__#02-06-00_02-12-00_label_A__7.npy,A
v=9eME1y6V-T4__#02-06-00_02-12-00_label_A__8.npy,A
v=9eME1y6V-T4__#02-06-00_02-12-00_label_A__9.npy,A
v=cgbI55HdqQs__#1_label_A__0.npy,A
v=cgbI55HdqQs__#1_label_A__1.npy,A
v=cgbI55HdqQs__#1_label_A__2.npy,A
v=cgbI55HdqQs__#1_label_A__3.npy,A
v=cgbI55HdqQs__#1_label_A__4.npy,A
v=cgbI55HdqQs__#1_label_A__5.npy,A
v=cgbI55HdqQs__#1_label_A__6.npy,A
v=cgbI55HdqQs__#1_label_A__7.npy,A
v=cgbI55HdqQs__#1_label_A__8.npy,A
v=cgbI55HdqQs__#1_label_A__9.npy,A
God.Bless.America.2011__#00-42-23_00-45-12_label_A__0.npy,A
God.Bless.America.2011__#00-42-23_00-45-12_label_A__1.npy,A
God.Bless.America.2011__#00-42-23_00-45-12_label_A__2.npy,A
God.Bless.America.2011__#00-42-23_00-45-12_label_A__3.npy,A
God.Bless.America.2011__#00-42-23_00-45-12_label_A__4.npy,A
God.Bless.America.2011__#00-42-23_00-45-12_label_A__5.npy,A
God.Bless.America.2011__#00-42-23_00-45-12_label_A__6.npy,A
God.Bless.America.2011__#00-42-23_00-45-12_label_A__7.npy,A
God.Bless.America.2011__#00-42-23_00-45-12_label_A__8.npy,A
God.Bless.America.2011__#00-42-23_00-45-12_label_A__9.npy,A
v=fkps18H3SXY__#02-06-00_02-12-00_label_A__0.npy,A
v=fkps18H3SXY__#02-06-00_02-12-00_label_A__1.npy,A
v=fkps18H3SXY__#02-06-00_02-12-00_label_A__2.npy,A
v=fkps18H3SXY__#02-06-00_02-12-00_label_A__3.npy,A
v=fkps18H3SXY__#02-06-00_02-12-00_label_A__4.npy,A
v=fkps18H3SXY__#02-06-00_02-12-00_label_A__5.npy,A
v=fkps18H3SXY__#02-06-00_02-12-00_label_A__6.npy,A
v=fkps18H3SXY__#02-06-00_02-12-00_label_A__7.npy,A
v=fkps18H3SXY__#02-06-00_02-12-00_label_A__8.npy,A
v=fkps18H3SXY__#02-06-00_02-12-00_label_A__9.npy,A
wangted.2008__#01-26-25_01-27-00_label_A__0.npy,A
wangted.2008__#01-26-25_01-27-00_label_A__1.npy,A
wangted.2008__#01-26-25_01-27-00_label_A__2.npy,A
wangted.2008__#01-26-25_01-27-00_label_A__3.npy,A
wangted.2008__#01-26-25_01-27-00_label_A__4.npy,A
wangted.2008__#01-26-25_01-27-00_label_A__5.npy,A
wangted.2008__#01-26-25_01-27-00_label_A__6.npy,A
wangted.2008__#01-26-25_01-27-00_label_A__7.npy,A
wangted.2008__#01-26-25_01-27-00_label_A__8.npy,A
wangted.2008__#01-26-25_01-27-00_label_A__9.npy,A
v=VRn8Tc02TbU__#00-15-00_00-18-00_label_A__0.npy,A
v=VRn8Tc02TbU__#00-15-00_00-18-00_label_A__1.npy,A
v=VRn8Tc02TbU__#00-15-00_00-18-00_label_A__2.npy,A
v=VRn8Tc02TbU__#00-15-00_00-18-00_label_A__3.npy,A
v=VRn8Tc02TbU__#00-15-00_00-18-00_label_A__4.npy,A
v=VRn8Tc02TbU__#00-15-00_00-18-00_label_A__5.npy,A
v=VRn8Tc02TbU__#00-15-00_00-18-00_label_A__6.npy,A
v=VRn8Tc02TbU__#00-15-00_00-18-00_label_A__7.npy,A
v=VRn8Tc02TbU__#00-15-00_00-18-00_label_A__8.npy,A
v=VRn8Tc02TbU__#00-15-00_00-18-00_label_A__9.npy,A
v=q2SP66Jb6Cw__#00-12-00_00-18-00_label_A__0.npy,A
v=q2SP66Jb6Cw__#00-12-00_00-18-00_label_A__1.npy,A
v=q2SP66Jb6Cw__#00-12-00_00-18-00_label_A__2.npy,A
v=q2SP66Jb6Cw__#00-12-00_00-18-00_label_A__3.npy,A
v=q2SP66Jb6Cw__#00-12-00_00-18-00_label_A__4.npy,A
v=q2SP66Jb6Cw__#00-12-00_00-18-00_label_A__5.npy,A
v=q2SP66Jb6Cw__#00-12-00_00-18-00_label_A__6.npy,A
v=q2SP66Jb6Cw__#00-12-00_00-18-00_label_A__7.npy,A
v=q2SP66Jb6Cw__#00-12-00_00-18-00_label_A__8.npy,A
v=q2SP66Jb6Cw__#00-12-00_00-18-00_label_A__9.npy,A
v=jwMj3PJDxuo__#1_label_A__0.npy,A
v=jwMj3PJDxuo__#1_label_A__1.npy,A
v=jwMj3PJDxuo__#1_label_A__2.npy,A
v=jwMj3PJDxuo__#1_label_A__3.npy,A
v=jwMj3PJDxuo__#1_label_A__4.npy,A
v=jwMj3PJDxuo__#1_label_A__5.npy,A
v=jwMj3PJDxuo__#1_label_A__6.npy,A
v=jwMj3PJDxuo__#1_label_A__7.npy,A
v=jwMj3PJDxuo__#1_label_A__8.npy,A
v=jwMj3PJDxuo__#1_label_A__9.npy,A
v=v6ypmlg1Cr4__#1_label_A__0.npy,A
v=v6ypmlg1Cr4__#1_label_A__1.npy,A
v=v6ypmlg1Cr4__#1_label_A__2.npy,A
v=v6ypmlg1Cr4__#1_label_A__3.npy,A
v=v6ypmlg1Cr4__#1_label_A__4.npy,A
v=v6ypmlg1Cr4__#1_label_A__5.npy,A
v=v6ypmlg1Cr4__#1_label_A__6.npy,A
v=v6ypmlg1Cr4__#1_label_A__7.npy,A
v=v6ypmlg1Cr4__#1_label_A__8.npy,A
v=v6ypmlg1Cr4__#1_label_A__9.npy,A
The.Pursuit.of.Happyness.2006__#01-09-30_01-16-59_label_A__0.npy,A
The.Pursuit.of.Happyness.2006__#01-09-30_01-16-59_label_A__1.npy,A
The.Pursuit.of.Happyness.2006__#01-09-30_01-16-59_label_A__2.npy,A
The.Pursuit.of.Happyness.2006__#01-09-30_01-16-59_label_A__3.npy,A
The.Pursuit.of.Happyness.2006__#01-09-30_01-16-59_label_A__4.npy,A
The.Pursuit.of.Happyness.2006__#01-09-30_01-16-59_label_A__5.npy,A
The.Pursuit.of.Happyness.2006__#01-09-30_01-16-59_label_A__6.npy,A
The.Pursuit.of.Happyness.2006__#01-09-30_01-16-59_label_A__7.npy,A
The.Pursuit.of.Happyness.2006__#01-09-30_01-16-59_label_A__8.npy,A
The.Pursuit.of.Happyness.2006__#01-09-30_01-16-59_label_A__9.npy,A
Haywire.2011__#00-17-28_00-18-39_label_A__0.npy,A
Haywire.2011__#00-17-28_00-18-39_label_A__1.npy,A
Haywire.2011__#00-17-28_00-18-39_label_A__2.npy,A
Haywire.2011__#00-17-28_00-18-39_label_A__3.npy,A
Haywire.2011__#00-17-28_00-18-39_label_A__4.npy,A
Haywire.2011__#00-17-28_00-18-39_label_A__5.npy,A
Haywire.2011__#00-17-28_00-18-39_label_A__6.npy,A
Haywire.2011__#00-17-28_00-18-39_label_A__7.npy,A
Haywire.2011__#00-17-28_00-18-39_label_A__8.npy,A
Haywire.2011__#00-17-28_00-18-39_label_A__9.npy,A
v=XvClcfVqwXA__#1_label_A__0.npy,A
v=XvClcfVqwXA__#1_label_A__1.npy,A
v=XvClcfVqwXA__#1_label_A__2.npy,A
v=XvClcfVqwXA__#1_label_A__3.npy,A
v=XvClcfVqwXA__#1_label_A__4.npy,A
v=XvClcfVqwXA__#1_label_A__5.npy,A
v=XvClcfVqwXA__#1_label_A__6.npy,A
v=XvClcfVqwXA__#1_label_A__7.npy,A
v=XvClcfVqwXA__#1_label_A__8.npy,A
v=XvClcfVqwXA__#1_label_A__9.npy,A
v=S0i9spKtcMI__#1_label_A__0.npy,A
v=S0i9spKtcMI__#1_label_A__1.npy,A
v=S0i9spKtcMI__#1_label_A__2.npy,A
v=S0i9spKtcMI__#1_label_A__3.npy,A
v=S0i9spKtcMI__#1_label_A__4.npy,A
v=S0i9spKtcMI__#1_label_A__5.npy,A
v=S0i9spKtcMI__#1_label_A__6.npy,A
v=S0i9spKtcMI__#1_label_A__7.npy,A
v=S0i9spKtcMI__#1_label_A__8.npy,A
v=S0i9spKtcMI__#1_label_A__9.npy,A
Bullet.in.the.Head.1990__#01-40-59_01-42-05_label_A__0.npy,A
Bullet.in.the.Head.1990__#01-40-59_01-42-05_label_A__1.npy,A
Bullet.in.the.Head.1990__#01-40-59_01-42-05_label_A__2.npy,A
Bullet.in.the.Head.1990__#01-40-59_01-42-05_label_A__3.npy,A
Bullet.in.the.Head.1990__#01-40-59_01-42-05_label_A__4.npy,A
Bullet.in.the.Head.1990__#01-40-59_01-42-05_label_A__5.npy,A
Bullet.in.the.Head.1990__#01-40-59_01-42-05_label_A__6.npy,A
Bullet.in.the.Head.1990__#01-40-59_01-42-05_label_A__7.npy,A
Bullet.in.the.Head.1990__#01-40-59_01-42-05_label_A__8.npy,A
Bullet.in.the.Head.1990__#01-40-59_01-42-05_label_A__9.npy,A
Jason.Bourne.2016__#0-36-20_0-37-27_label_A__0.npy,A
Jason.Bourne.2016__#0-36-20_0-37-27_label_A__1.npy,A
Jason.Bourne.2016__#0-36-20_0-37-27_label_A__2.npy,A
Jason.Bourne.2016__#0-36-20_0-37-27_label_A__3.npy,A
Jason.Bourne.2016__#0-36-20_0-37-27_label_A__4.npy,A
Jason.Bourne.2016__#0-36-20_0-37-27_label_A__5.npy,A
Jason.Bourne.2016__#0-36-20_0-37-27_label_A__6.npy,A
Jason.Bourne.2016__#0-36-20_0-37-27_label_A__7.npy,A
Jason.Bourne.2016__#0-36-20_0-37-27_label_A__8.npy,A
Jason.Bourne.2016__#0-36-20_0-37-27_label_A__9.npy,A
Sin.City.2005__#01-34-55_01-36-09_label_A__0.npy,A
Sin.City.2005__#01-34-55_01-36-09_label_A__1.npy,A
Sin.City.2005__#01-34-55_01-36-09_label_A__2.npy,A
Sin.City.2005__#01-34-55_01-36-09_label_A__3.npy,A
Sin.City.2005__#01-34-55_01-36-09_label_A__4.npy,A
Sin.City.2005__#01-34-55_01-36-09_label_A__5.npy,A
Sin.City.2005__#01-34-55_01-36-09_label_A__6.npy,A
Sin.City.2005__#01-34-55_01-36-09_label_A__7.npy,A
Sin.City.2005__#01-34-55_01-36-09_label_A__8.npy,A
Sin.City.2005__#01-34-55_01-36-09_label_A__9.npy,A
Good.Will.Hunting.1997__#00-42-52_00-45-31_label_A__0.npy,A
Good.Will.Hunting.1997__#00-42-52_00-45-31_label_A__1.npy,A
Good.Will.Hunting.1997__#00-42-52_00-45-31_label_A__2.npy,A
Good.Will.Hunting.1997__#00-42-52_00-45-31_label_A__3.npy,A
Good.Will.Hunting.1997__#00-42-52_00-45-31_label_A__4.npy,A
Good.Will.Hunting.1997__#00-42-52_00-45-31_label_A__5.npy,A
Good.Will.Hunting.1997__#00-42-52_00-45-31_label_A__6.npy,A
Good.Will.Hunting.1997__#00-42-52_00-45-31_label_A__7.npy,A
Good.Will.Hunting.1997__#00-42-52_00-45-31_label_A__8.npy,A
Good.Will.Hunting.1997__#00-42-52_00-45-31_label_A__9.npy,A
Still.Walking.2008__#00-02-45_00-04-15_label_A__0.npy,A
Still.Walking.2008__#00-02-45_00-04-15_label_A__1.npy,A
Still.Walking.2008__#00-02-45_00-04-15_label_A__2.npy,A
Still.Walking.2008__#00-02-45_00-04-15_label_A__3.npy,A
Still.Walking.2008__#00-02-45_00-04-15_label_A__4.npy,A
Still.Walking.2008__#00-02-45_00-04-15_label_A__5.npy,A
Still.Walking.2008__#00-02-45_00-04-15_label_A__6.npy,A
Still.Walking.2008__#00-02-45_00-04-15_label_A__7.npy,A
Still.Walking.2008__#00-02-45_00-04-15_label_A__8.npy,A
Still.Walking.2008__#00-02-45_00-04-15_label_A__9.npy,A
GoldenEye.1995__#00-51-14_00-52-39_label_A__0.npy,A
GoldenEye.1995__#00-51-14_00-52-39_label_A__1.npy,A
GoldenEye.1995__#00-51-14_00-52-39_label_A__2.npy,A
GoldenEye.1995__#00-51-14_00-52-39_label_A__3.npy,A
GoldenEye.1995__#00-51-14_00-52-39_label_A__4.npy,A
GoldenEye.1995__#00-51-14_00-52-39_label_A__5.npy,A
GoldenEye.1995__#00-51-14_00-52-39_label_A__6.npy,A
GoldenEye.1995__#00-51-14_00-52-39_label_A__7.npy,A
GoldenEye.1995__#00-51-14_00-52-39_label_A__8.npy,A
GoldenEye.1995__#00-51-14_00-52-39_label_A__9.npy,A
v=Km0z6PrbUXY__#1_label_A__0.npy,A
v=Km0z6PrbUXY__#1_label_A__1.npy,A
v=Km0z6PrbUXY__#1_label_A__2.npy,A
v=Km0z6PrbUXY__#1_label_A__3.npy,A
v=Km0z6PrbUXY__#1_label_A__4.npy,A
v=Km0z6PrbUXY__#1_label_A__5.npy,A
v=Km0z6PrbUXY__#1_label_A__6.npy,A
v=Km0z6PrbUXY__#1_label_A__7.npy,A
v=Km0z6PrbUXY__#1_label_A__8.npy,A
v=Km0z6PrbUXY__#1_label_A__9.npy,A
v=Te_1RoLM6hQ__#1_label_A__0.npy,A
v=Te_1RoLM6hQ__#1_label_A__1.npy,A
v=Te_1RoLM6hQ__#1_label_A__2.npy,A
v=Te_1RoLM6hQ__#1_label_A__3.npy,A
v=Te_1RoLM6hQ__#1_label_A__4.npy,A
v=Te_1RoLM6hQ__#1_label_A__5.npy,A
v=Te_1RoLM6hQ__#1_label_A__6.npy,A
v=Te_1RoLM6hQ__#1_label_A__7.npy,A
v=Te_1RoLM6hQ__#1_label_A__8.npy,A
v=Te_1RoLM6hQ__#1_label_A__9.npy,A
Tropa.de.Elite.2.2010__#00-43-02_00-44-01_label_A__0.npy,A
Tropa.de.Elite.2.2010__#00-43-02_00-44-01_label_A__1.npy,A
Tropa.de.Elite.2.2010__#00-43-02_00-44-01_label_A__2.npy,A
Tropa.de.Elite.2.2010__#00-43-02_00-44-01_label_A__3.npy,A
Tropa.de.Elite.2.2010__#00-43-02_00-44-01_label_A__4.npy,A
Tropa.de.Elite.2.2010__#00-43-02_00-44-01_label_A__5.npy,A
Tropa.de.Elite.2.2010__#00-43-02_00-44-01_label_A__6.npy,A
Tropa.de.Elite.2.2010__#00-43-02_00-44-01_label_A__7.npy,A
Tropa.de.Elite.2.2010__#00-43-02_00-44-01_label_A__8.npy,A
Tropa.de.Elite.2.2010__#00-43-02_00-44-01_label_A__9.npy,A
v=jRXpRSPKQh0__#1_label_A__0.npy,A
v=jRXpRSPKQh0__#1_label_A__1.npy,A
v=jRXpRSPKQh0__#1_label_A__2.npy,A
v=jRXpRSPKQh0__#1_label_A__3.npy,A
v=jRXpRSPKQh0__#1_label_A__4.npy,A
v=jRXpRSPKQh0__#1_label_A__5.npy,A
v=jRXpRSPKQh0__#1_label_A__6.npy,A
v=jRXpRSPKQh0__#1_label_A__7.npy,A
v=jRXpRSPKQh0__#1_label_A__8.npy,A
v=jRXpRSPKQh0__#1_label_A__9.npy,A
The.Bourne.Ultimatum.2007__#0-05-52_0-07-11_label_A__0.npy,A
The.Bourne.Ultimatum.2007__#0-05-52_0-07-11_label_A__1.npy,A
The.Bourne.Ultimatum.2007__#0-05-52_0-07-11_label_A__2.npy,A
The.Bourne.Ultimatum.2007__#0-05-52_0-07-11_label_A__3.npy,A
The.Bourne.Ultimatum.2007__#0-05-52_0-07-11_label_A__4.npy,A
The.Bourne.Ultimatum.2007__#0-05-52_0-07-11_label_A__5.npy,A
The.Bourne.Ultimatum.2007__#0-05-52_0-07-11_label_A__6.npy,A
The.Bourne.Ultimatum.2007__#0-05-52_0-07-11_label_A__7.npy,A
The.Bourne.Ultimatum.2007__#0-05-52_0-07-11_label_A__8.npy,A
The.Bourne.Ultimatum.2007__#0-05-52_0-07-11_label_A__9.npy,A
v=uL96EB8N9L8__#1_label_A__0.npy,A
v=uL96EB8N9L8__#1_label_A__1.npy,A
v=uL96EB8N9L8__#1_label_A__2.npy,A
v=uL96EB8N9L8__#1_label_A__3.npy,A
v=uL96EB8N9L8__#1_label_A__4.npy,A
v=uL96EB8N9L8__#1_label_A__5.npy,A
v=uL96EB8N9L8__#1_label_A__6.npy,A
v=uL96EB8N9L8__#1_label_A__7.npy,A
v=uL96EB8N9L8__#1_label_A__8.npy,A
v=uL96EB8N9L8__#1_label_A__9.npy,A
Casino.Royale.2006__#00-57-55_01-02-06_label_A__0.npy,A
Casino.Royale.2006__#00-57-55_01-02-06_label_A__1.npy,A
Casino.Royale.2006__#00-57-55_01-02-06_label_A__2.npy,A
Casino.Royale.2006__#00-57-55_01-02-06_label_A__3.npy,A
Casino.Royale.2006__#00-57-55_01-02-06_label_A__4.npy,A
Casino.Royale.2006__#00-57-55_01-02-06_label_A__5.npy,A
Casino.Royale.2006__#00-57-55_01-02-06_label_A__6.npy,A
Casino.Royale.2006__#00-57-55_01-02-06_label_A__7.npy,A
Casino.Royale.2006__#00-57-55_01-02-06_label_A__8.npy,A
Casino.Royale.2006__#00-57-55_01-02-06_label_A__9.npy,A
Young.And.Dangerous.II.1996__#0-04-44_0-05-44_label_A__0.npy,A
Young.And.Dangerous.II.1996__#0-04-44_0-05-44_label_A__1.npy,A
Young.And.Dangerous.II.1996__#0-04-44_0-05-44_label_A__2.npy,A
Young.And.Dangerous.II.1996__#0-04-44_0-05-44_label_A__3.npy,A
Young.And.Dangerous.II.1996__#0-04-44_0-05-44_label_A__4.npy,A
Young.And.Dangerous.II.1996__#0-04-44_0-05-44_label_A__5.npy,A
Young.And.Dangerous.II.1996__#0-04-44_0-05-44_label_A__6.npy,A
Young.And.Dangerous.II.1996__#0-04-44_0-05-44_label_A__7.npy,A
Young.And.Dangerous.II.1996__#0-04-44_0-05-44_label_A__8.npy,A
Young.And.Dangerous.II.1996__#0-04-44_0-05-44_label_A__9.npy,A
v=tQdSoU2vuus__#1_label_A__0.npy,A
v=tQdSoU2vuus__#1_label_A__1.npy,A
v=tQdSoU2vuus__#1_label_A__2.npy,A
v=tQdSoU2vuus__#1_label_A__3.npy,A
v=tQdSoU2vuus__#1_label_A__4.npy,A
v=tQdSoU2vuus__#1_label_A__5.npy,A
v=tQdSoU2vuus__#1_label_A__6.npy,A
v=tQdSoU2vuus__#1_label_A__7.npy,A
v=tQdSoU2vuus__#1_label_A__8.npy,A
v=tQdSoU2vuus__#1_label_A__9.npy,A
v=0a8dod67ecs__#1_label_A__0.npy,A
v=0a8dod67ecs__#1_label_A__1.npy,A
v=0a8dod67ecs__#1_label_A__2.npy,A
v=0a8dod67ecs__#1_label_A__3.npy,A
v=0a8dod67ecs__#1_label_A__4.npy,A
v=0a8dod67ecs__#1_label_A__5.npy,A
v=0a8dod67ecs__#1_label_A__6.npy,A
v=0a8dod67ecs__#1_label_A__7.npy,A
v=0a8dod67ecs__#1_label_A__8.npy,A
v=0a8dod67ecs__#1_label_A__9.npy,A
Fury.2014__#00-56-10_00-57-38_label_A__0.npy,A
Fury.2014__#00-56-10_00-57-38_label_A__1.npy,A
Fury.2014__#00-56-10_00-57-38_label_A__2.npy,A
Fury.2014__#00-56-10_00-57-38_label_A__3.npy,A
Fury.2014__#00-56-10_00-57-38_label_A__4.npy,A
Fury.2014__#00-56-10_00-57-38_label_A__5.npy,A
Fury.2014__#00-56-10_00-57-38_label_A__6.npy,A
Fury.2014__#00-56-10_00-57-38_label_A__7.npy,A
Fury.2014__#00-56-10_00-57-38_label_A__8.npy,A
Fury.2014__#00-56-10_00-57-38_label_A__9.npy,A
v=8DTMW08T3kw__#1_label_A__0.npy,A
v=8DTMW08T3kw__#1_label_A__1.npy,A
v=8DTMW08T3kw__#1_label_A__2.npy,A
v=8DTMW08T3kw__#1_label_A__3.npy,A
v=8DTMW08T3kw__#1_label_A__4.npy,A
v=8DTMW08T3kw__#1_label_A__5.npy,A
v=8DTMW08T3kw__#1_label_A__6.npy,A
v=8DTMW08T3kw__#1_label_A__7.npy,A
v=8DTMW08T3kw__#1_label_A__8.npy,A
v=8DTMW08T3kw__#1_label_A__9.npy,A
v=vFPQ_NiDBIU__#02-18-00_02-24-00_label_A__0.npy,A
v=vFPQ_NiDBIU__#02-18-00_02-24-00_label_A__1.npy,A
v=vFPQ_NiDBIU__#02-18-00_02-24-00_label_A__2.npy,A
v=vFPQ_NiDBIU__#02-18-00_02-24-00_label_A__3.npy,A
v=vFPQ_NiDBIU__#02-18-00_02-24-00_label_A__4.npy,A
v=vFPQ_NiDBIU__#02-18-00_02-24-00_label_A__5.npy,A
v=vFPQ_NiDBIU__#02-18-00_02-24-00_label_A__6.npy,A
v=vFPQ_NiDBIU__#02-18-00_02-24-00_label_A__7.npy,A
v=vFPQ_NiDBIU__#02-18-00_02-24-00_label_A__8.npy,A
v=vFPQ_NiDBIU__#02-18-00_02-24-00_label_A__9.npy,A
v=m7eOf-BSskk__#1_label_A__0.npy,A
v=m7eOf-BSskk__#1_label_A__1.npy,A
v=m7eOf-BSskk__#1_label_A__2.npy,A
v=m7eOf-BSskk__#1_label_A__3.npy,A
v=m7eOf-BSskk__#1_label_A__4.npy,A
v=m7eOf-BSskk__#1_label_A__5.npy,A
v=m7eOf-BSskk__#1_label_A__6.npy,A
v=m7eOf-BSskk__#1_label_A__7.npy,A
v=m7eOf-BSskk__#1_label_A__8.npy,A
v=m7eOf-BSskk__#1_label_A__9.npy,A
Fast.Furious.2009__#01-19-19_01-20-50_label_A__0.npy,A
Fast.Furious.2009__#01-19-19_01-20-50_label_A__1.npy,A
Fast.Furious.2009__#01-19-19_01-20-50_label_A__2.npy,A
Fast.Furious.2009__#01-19-19_01-20-50_label_A__3.npy,A
Fast.Furious.2009__#01-19-19_01-20-50_label_A__4.npy,A
Fast.Furious.2009__#01-19-19_01-20-50_label_A__5.npy,A
Fast.Furious.2009__#01-19-19_01-20-50_label_A__6.npy,A
Fast.Furious.2009__#01-19-19_01-20-50_label_A__7.npy,A
Fast.Furious.2009__#01-19-19_01-20-50_label_A__8.npy,A
Fast.Furious.2009__#01-19-19_01-20-50_label_A__9.npy,A
v=AqFWYZsOgWY__#00-36-00_00-39-00_label_A__0.npy,A
v=AqFWYZsOgWY__#00-36-00_00-39-00_label_A__1.npy,A
v=AqFWYZsOgWY__#00-36-00_00-39-00_label_A__2.npy,A
v=AqFWYZsOgWY__#00-36-00_00-39-00_label_A__3.npy,A
v=AqFWYZsOgWY__#00-36-00_00-39-00_label_A__4.npy,A
v=AqFWYZsOgWY__#00-36-00_00-39-00_label_A__5.npy,A
v=AqFWYZsOgWY__#00-36-00_00-39-00_label_A__6.npy,A
v=AqFWYZsOgWY__#00-36-00_00-39-00_label_A__7.npy,A
v=AqFWYZsOgWY__#00-36-00_00-39-00_label_A__8.npy,A
v=AqFWYZsOgWY__#00-36-00_00-39-00_label_A__9.npy,A
The.Bourne.Supremacy.2004__#0-35-33_0-38-31_label_A__0.npy,A
The.Bourne.Supremacy.2004__#0-35-33_0-38-31_label_A__1.npy,A
The.Bourne.Supremacy.2004__#0-35-33_0-38-31_label_A__2.npy,A
The.Bourne.Supremacy.2004__#0-35-33_0-38-31_label_A__3.npy,A
The.Bourne.Supremacy.2004__#0-35-33_0-38-31_label_A__4.npy,A
The.Bourne.Supremacy.2004__#0-35-33_0-38-31_label_A__5.npy,A
The.Bourne.Supremacy.2004__#0-35-33_0-38-31_label_A__6.npy,A
The.Bourne.Supremacy.2004__#0-35-33_0-38-31_label_A__7.npy,A
The.Bourne.Supremacy.2004__#0-35-33_0-38-31_label_A__8.npy,A
The.Bourne.Supremacy.2004__#0-35-33_0-38-31_label_A__9.npy,A
v=xctzp0dp9uc__#1_label_A__0.npy,A
v=xctzp0dp9uc__#1_label_A__1.npy,A
v=xctzp0dp9uc__#1_label_A__2.npy,A
v=xctzp0dp9uc__#1_label_A__3.npy,A
v=xctzp0dp9uc__#1_label_A__4.npy,A
v=xctzp0dp9uc__#1_label_A__5.npy,A
v=xctzp0dp9uc__#1_label_A__6.npy,A
v=xctzp0dp9uc__#1_label_A__7.npy,A
v=xctzp0dp9uc__#1_label_A__8.npy,A
v=xctzp0dp9uc__#1_label_A__9.npy,A
The.Bourne.Legacy.2012__#01-18-40_01-22-05_label_A__0.npy,A
The.Bourne.Legacy.2012__#01-18-40_01-22-05_label_A__1.npy,A
The.Bourne.Legacy.2012__#01-18-40_01-22-05_label_A__2.npy,A
The.Bourne.Legacy.2012__#01-18-40_01-22-05_label_A__3.npy,A
The.Bourne.Legacy.2012__#01-18-40_01-22-05_label_A__4.npy,A
The.Bourne.Legacy.2012__#01-18-40_01-22-05_label_A__5.npy,A
The.Bourne.Legacy.2012__#01-18-40_01-22-05_label_A__6.npy,A
The.Bourne.Legacy.2012__#01-18-40_01-22-05_label_A__7.npy,A
The.Bourne.Legacy.2012__#01-18-40_01-22-05_label_A__8.npy,A
The.Bourne.Legacy.2012__#01-18-40_01-22-05_label_A__9.npy,A
v=rzuRQ3F4bFE__#1_label_A__0.npy,A
v=rzuRQ3F4bFE__#1_label_A__1.npy,A
v=rzuRQ3F4bFE__#1_label_A__2.npy,A
v=rzuRQ3F4bFE__#1_label_A__3.npy,A
v=rzuRQ3F4bFE__#1_label_A__4.npy,A
v=rzuRQ3F4bFE__#1_label_A__5.npy,A
v=rzuRQ3F4bFE__#1_label_A__6.npy,A
v=rzuRQ3F4bFE__#1_label_A__7.npy,A
v=rzuRQ3F4bFE__#1_label_A__8.npy,A
v=rzuRQ3F4bFE__#1_label_A__9.npy,A
v=g36_mKRP3K0__#1_label_A__0.npy,A
v=g36_mKRP3K0__#1_label_A__1.npy,A
v=g36_mKRP3K0__#1_label_A__2.npy,A
v=g36_mKRP3K0__#1_label_A__3.npy,A
v=g36_mKRP3K0__#1_label_A__4.npy,A
v=g36_mKRP3K0__#1_label_A__5.npy,A
v=g36_mKRP3K0__#1_label_A__6.npy,A
v=g36_mKRP3K0__#1_label_A__7.npy,A
v=g36_mKRP3K0__#1_label_A__8.npy,A
v=g36_mKRP3K0__#1_label_A__9.npy,A
The.Secret.Life.of.Walter.Mitty.2013__#00-33-52_00-36-00_label_A__0.npy,A
The.Secret.Life.of.Walter.Mitty.2013__#00-33-52_00-36-00_label_A__1.npy,A
The.Secret.Life.of.Walter.Mitty.2013__#00-33-52_00-36-00_label_A__2.npy,A
The.Secret.Life.of.Walter.Mitty.2013__#00-33-52_00-36-00_label_A__3.npy,A
The.Secret.Life.of.Walter.Mitty.2013__#00-33-52_00-36-00_label_A__4.npy,A
The.Secret.Life.of.Walter.Mitty.2013__#00-33-52_00-36-00_label_A__5.npy,A
The.Secret.Life.of.Walter.Mitty.2013__#00-33-52_00-36-00_label_A__6.npy,A
The.Secret.Life.of.Walter.Mitty.2013__#00-33-52_00-36-00_label_A__7.npy,A
The.Secret.Life.of.Walter.Mitty.2013__#00-33-52_00-36-00_label_A__8.npy,A
The.Secret.Life.of.Walter.Mitty.2013__#00-33-52_00-36-00_label_A__9.npy,A
v=IV9Noc-d41Q__#1_label_A__0.npy,A
v=IV9Noc-d41Q__#1_label_A__1.npy,A
v=IV9Noc-d41Q__#1_label_A__2.npy,A
v=IV9Noc-d41Q__#1_label_A__3.npy,A
v=IV9Noc-d41Q__#1_label_A__4.npy,A
v=IV9Noc-d41Q__#1_label_A__5.npy,A
v=IV9Noc-d41Q__#1_label_A__6.npy,A
v=IV9Noc-d41Q__#1_label_A__7.npy,A
v=IV9Noc-d41Q__#1_label_A__8.npy,A
v=IV9Noc-d41Q__#1_label_A__9.npy,A
Spectre.2015__#02-19-56_02-21-12_label_A__0.npy,A
Spectre.2015__#02-19-56_02-21-12_label_A__1.npy,A
Spectre.2015__#02-19-56_02-21-12_label_A__2.npy,A
Spectre.2015__#02-19-56_02-21-12_label_A__3.npy,A
Spectre.2015__#02-19-56_02-21-12_label_A__4.npy,A
Spectre.2015__#02-19-56_02-21-12_label_A__5.npy,A
Spectre.2015__#02-19-56_02-21-12_label_A__6.npy,A
Spectre.2015__#02-19-56_02-21-12_label_A__7.npy,A
Spectre.2015__#02-19-56_02-21-12_label_A__8.npy,A
Spectre.2015__#02-19-56_02-21-12_label_A__9.npy,A
Fast.Five.2011__#00-38-01_00-40-44_label_A__0.npy,A
Fast.Five.2011__#00-38-01_00-40-44_label_A__1.npy,A
Fast.Five.2011__#00-38-01_00-40-44_label_A__2.npy,A
Fast.Five.2011__#00-38-01_00-40-44_label_A__3.npy,A
Fast.Five.2011__#00-38-01_00-40-44_label_A__4.npy,A
Fast.Five.2011__#00-38-01_00-40-44_label_A__5.npy,A
Fast.Five.2011__#00-38-01_00-40-44_label_A__6.npy,A
Fast.Five.2011__#00-38-01_00-40-44_label_A__7.npy,A
Fast.Five.2011__#00-38-01_00-40-44_label_A__8.npy,A
Fast.Five.2011__#00-38-01_00-40-44_label_A__9.npy,A
v=vsI_pKNcgeQ__#00-06-00_00-09-00_label_A__0.npy,A
v=vsI_pKNcgeQ__#00-06-00_00-09-00_label_A__1.npy,A
v=vsI_pKNcgeQ__#00-06-00_00-09-00_label_A__2.npy,A
v=vsI_pKNcgeQ__#00-06-00_00-09-00_label_A__3.npy,A
v=vsI_pKNcgeQ__#00-06-00_00-09-00_label_A__4.npy,A
v=vsI_pKNcgeQ__#00-06-00_00-09-00_label_A__5.npy,A
v=vsI_pKNcgeQ__#00-06-00_00-09-00_label_A__6.npy,A
v=vsI_pKNcgeQ__#00-06-00_00-09-00_label_A__7.npy,A
v=vsI_pKNcgeQ__#00-06-00_00-09-00_label_A__8.npy,A
v=vsI_pKNcgeQ__#00-06-00_00-09-00_label_A__9.npy,A
v=szDuMz-T7b4__#1_label_A__0.npy,A
v=szDuMz-T7b4__#1_label_A__1.npy,A
v=szDuMz-T7b4__#1_label_A__2.npy,A
v=szDuMz-T7b4__#1_label_A__3.npy,A
v=szDuMz-T7b4__#1_label_A__4.npy,A
v=szDuMz-T7b4__#1_label_A__5.npy,A
v=szDuMz-T7b4__#1_label_A__6.npy,A
v=szDuMz-T7b4__#1_label_A__7.npy,A
v=szDuMz-T7b4__#1_label_A__8.npy,A
v=szDuMz-T7b4__#1_label_A__9.npy,A
v=F5dj4VI4p9I__#1_label_A__0.npy,A
v=F5dj4VI4p9I__#1_label_A__1.npy,A
v=F5dj4VI4p9I__#1_label_A__2.npy,A
v=F5dj4VI4p9I__#1_label_A__3.npy,A
v=F5dj4VI4p9I__#1_label_A__4.npy,A
v=F5dj4VI4p9I__#1_label_A__5.npy,A
v=F5dj4VI4p9I__#1_label_A__6.npy,A
v=F5dj4VI4p9I__#1_label_A__7.npy,A
v=F5dj4VI4p9I__#1_label_A__8.npy,A
v=F5dj4VI4p9I__#1_label_A__9.npy,A
About.Time.2013__#00-38-52_00-40-31_label_A__0.npy,A
About.Time.2013__#00-38-52_00-40-31_label_A__1.npy,A
About.Time.2013__#00-38-52_00-40-31_label_A__2.npy,A
About.Time.2013__#00-38-52_00-40-31_label_A__3.npy,A
About.Time.2013__#00-38-52_00-40-31_label_A__4.npy,A
About.Time.2013__#00-38-52_00-40-31_label_A__5.npy,A
About.Time.2013__#00-38-52_00-40-31_label_A__6.npy,A
About.Time.2013__#00-38-52_00-40-31_label_A__7.npy,A
About.Time.2013__#00-38-52_00-40-31_label_A__8.npy,A
About.Time.2013__#00-38-52_00-40-31_label_A__9.npy,A
v=r7VpkgBE270__#1_label_A__0.npy,A
v=r7VpkgBE270__#1_label_A__1.npy,A
v=r7VpkgBE270__#1_label_A__2.npy,A
v=r7VpkgBE270__#1_label_A__3.npy,A
v=r7VpkgBE270__#1_label_A__4.npy,A
v=r7VpkgBE270__#1_label_A__5.npy,A
v=r7VpkgBE270__#1_label_A__6.npy,A
v=r7VpkgBE270__#1_label_A__7.npy,A
v=r7VpkgBE270__#1_label_A__8.npy,A
v=r7VpkgBE270__#1_label_A__9.npy,A
v=2QKb8ngEucw__#1_label_A__0.npy,A
v=2QKb8ngEucw__#1_label_A__1.npy,A
v=2QKb8ngEucw__#1_label_A__2.npy,A
v=2QKb8ngEucw__#1_label_A__3.npy,A
v=2QKb8ngEucw__#1_label_A__4.npy,A
v=2QKb8ngEucw__#1_label_A__5.npy,A
v=2QKb8ngEucw__#1_label_A__6.npy,A
v=2QKb8ngEucw__#1_label_A__7.npy,A
v=2QKb8ngEucw__#1_label_A__8.npy,A
v=2QKb8ngEucw__#1_label_A__9.npy,A
Sin.City.2005__#0-05-10_0-06-07_label_A__0.npy,A
Sin.City.2005__#0-05-10_0-06-07_label_A__1.npy,A
Sin.City.2005__#0-05-10_0-06-07_label_A__2.npy,A
Sin.City.2005__#0-05-10_0-06-07_label_A__3.npy,A
Sin.City.2005__#0-05-10_0-06-07_label_A__4.npy,A
Sin.City.2005__#0-05-10_0-06-07_label_A__5.npy,A
Sin.City.2005__#0-05-10_0-06-07_label_A__6.npy,A
Sin.City.2005__#0-05-10_0-06-07_label_A__7.npy,A
Sin.City.2005__#0-05-10_0-06-07_label_A__8.npy,A
Sin.City.2005__#0-05-10_0-06-07_label_A__9.npy,A
Be.with.You.2018__#01-39-05_01-41-00_label_A__0.npy,A
Be.with.You.2018__#01-39-05_01-41-00_label_A__1.npy,A
Be.with.You.2018__#01-39-05_01-41-00_label_A__2.npy,A
Be.with.You.2018__#01-39-05_01-41-00_label_A__3.npy,A
Be.with.You.2018__#01-39-05_01-41-00_label_A__4.npy,A
Be.with.You.2018__#01-39-05_01-41-00_label_A__5.npy,A
Be.with.You.2018__#01-39-05_01-41-00_label_A__6.npy,A
Be.with.You.2018__#01-39-05_01-41-00_label_A__7.npy,A
Be.with.You.2018__#01-39-05_01-41-00_label_A__8.npy,A
Be.with.You.2018__#01-39-05_01-41-00_label_A__9.npy,A
v=JzrpCC7XmyE__#00-36-00_00-42-00_label_A__0.npy,A
v=JzrpCC7XmyE__#00-36-00_00-42-00_label_A__1.npy,A
v=JzrpCC7XmyE__#00-36-00_00-42-00_label_A__2.npy,A
v=JzrpCC7XmyE__#00-36-00_00-42-00_label_A__3.npy,A
v=JzrpCC7XmyE__#00-36-00_00-42-00_label_A__4.npy,A
v=JzrpCC7XmyE__#00-36-00_00-42-00_label_A__5.npy,A
v=JzrpCC7XmyE__#00-36-00_00-42-00_label_A__6.npy,A
v=JzrpCC7XmyE__#00-36-00_00-42-00_label_A__7.npy,A
v=JzrpCC7XmyE__#00-36-00_00-42-00_label_A__8.npy,A
v=JzrpCC7XmyE__#00-36-00_00-42-00_label_A__9.npy,A
v=_iS0bZrdgSo__#1_label_A__0.npy,A
v=_iS0bZrdgSo__#1_label_A__1.npy,A
v=_iS0bZrdgSo__#1_label_A__2.npy,A
v=_iS0bZrdgSo__#1_label_A__3.npy,A
v=_iS0bZrdgSo__#1_label_A__4.npy,A
v=_iS0bZrdgSo__#1_label_A__5.npy,A
v=_iS0bZrdgSo__#1_label_A__6.npy,A
v=_iS0bZrdgSo__#1_label_A__7.npy,A
v=_iS0bZrdgSo__#1_label_A__8.npy,A
v=_iS0bZrdgSo__#1_label_A__9.npy,A
Operation.Red.Sea.2018__#0-19-56_0-20-58_label_A__0.npy,A
Operation.Red.Sea.2018__#0-19-56_0-20-58_label_A__1.npy,A
Operation.Red.Sea.2018__#0-19-56_0-20-58_label_A__2.npy,A
Operation.Red.Sea.2018__#0-19-56_0-20-58_label_A__3.npy,A
Operation.Red.Sea.2018__#0-19-56_0-20-58_label_A__4.npy,A
Operation.Red.Sea.2018__#0-19-56_0-20-58_label_A__5.npy,A
Operation.Red.Sea.2018__#0-19-56_0-20-58_label_A__6.npy,A
Operation.Red.Sea.2018__#0-19-56_0-20-58_label_A__7.npy,A
Operation.Red.Sea.2018__#0-19-56_0-20-58_label_A__8.npy,A
Operation.Red.Sea.2018__#0-19-56_0-20-58_label_A__9.npy,A
Brick.Mansions.2014__#00-25-26_00-25-47_label_A__0.npy,A
Brick.Mansions.2014__#00-25-26_00-25-47_label_A__1.npy,A
Brick.Mansions.2014__#00-25-26_00-25-47_label_A__2.npy,A
Brick.Mansions.2014__#00-25-26_00-25-47_label_A__3.npy,A
Brick.Mansions.2014__#00-25-26_00-25-47_label_A__4.npy,A
Brick.Mansions.2014__#00-25-26_00-25-47_label_A__5.npy,A
Brick.Mansions.2014__#00-25-26_00-25-47_label_A__6.npy,A
Brick.Mansions.2014__#00-25-26_00-25-47_label_A__7.npy,A
Brick.Mansions.2014__#00-25-26_00-25-47_label_A__8.npy,A
Brick.Mansions.2014__#00-25-26_00-25-47_label_A__9.npy,A
Rush.Hour.1998.BluRay__#00-15-18_00-17-08_label_A__0.npy,A
Rush.Hour.1998.BluRay__#00-15-18_00-17-08_label_A__1.npy,A
Rush.Hour.1998.BluRay__#00-15-18_00-17-08_label_A__2.npy,A
Rush.Hour.1998.BluRay__#00-15-18_00-17-08_label_A__3.npy,A
Rush.Hour.1998.BluRay__#00-15-18_00-17-08_label_A__4.npy,A
Rush.Hour.1998.BluRay__#00-15-18_00-17-08_label_A__5.npy,A
Rush.Hour.1998.BluRay__#00-15-18_00-17-08_label_A__6.npy,A
Rush.Hour.1998.BluRay__#00-15-18_00-17-08_label_A__7.npy,A
Rush.Hour.1998.BluRay__#00-15-18_00-17-08_label_A__8.npy,A
Rush.Hour.1998.BluRay__#00-15-18_00-17-08_label_A__9.npy,A
v=y7JEq-kf-2I__#00-01-00_00-01-50_label_A__0.npy,A
v=y7JEq-kf-2I__#00-01-00_00-01-50_label_A__1.npy,A
v=y7JEq-kf-2I__#00-01-00_00-01-50_label_A__2.npy,A
v=y7JEq-kf-2I__#00-01-00_00-01-50_label_A__3.npy,A
v=y7JEq-kf-2I__#00-01-00_00-01-50_label_A__4.npy,A
v=y7JEq-kf-2I__#00-01-00_00-01-50_label_A__5.npy,A
v=y7JEq-kf-2I__#00-01-00_00-01-50_label_A__6.npy,A
v=y7JEq-kf-2I__#00-01-00_00-01-50_label_A__7.npy,A
v=y7JEq-kf-2I__#00-01-00_00-01-50_label_A__8.npy,A
v=y7JEq-kf-2I__#00-01-00_00-01-50_label_A__9.npy,A
A.Beautiful.Mind.2001__#01-29-31_01-31-00_label_A__0.npy,A
A.Beautiful.Mind.2001__#01-29-31_01-31-00_label_A__1.npy,A
A.Beautiful.Mind.2001__#01-29-31_01-31-00_label_A__2.npy,A
A.Beautiful.Mind.2001__#01-29-31_01-31-00_label_A__3.npy,A
A.Beautiful.Mind.2001__#01-29-31_01-31-00_label_A__4.npy,A
A.Beautiful.Mind.2001__#01-29-31_01-31-00_label_A__5.npy,A
A.Beautiful.Mind.2001__#01-29-31_01-31-00_label_A__6.npy,A
A.Beautiful.Mind.2001__#01-29-31_01-31-00_label_A__7.npy,A
A.Beautiful.Mind.2001__#01-29-31_01-31-00_label_A__8.npy,A
A.Beautiful.Mind.2001__#01-29-31_01-31-00_label_A__9.npy,A
v=s8yOmsS_P3Q__#1_label_A__0.npy,A
v=s8yOmsS_P3Q__#1_label_A__1.npy,A
v=s8yOmsS_P3Q__#1_label_A__2.npy,A
v=s8yOmsS_P3Q__#1_label_A__3.npy,A
v=s8yOmsS_P3Q__#1_label_A__4.npy,A
v=s8yOmsS_P3Q__#1_label_A__5.npy,A
v=s8yOmsS_P3Q__#1_label_A__6.npy,A
v=s8yOmsS_P3Q__#1_label_A__7.npy,A
v=s8yOmsS_P3Q__#1_label_A__8.npy,A
v=s8yOmsS_P3Q__#1_label_A__9.npy,A
Hear.Me.2009__#00-08-55_00-10-50_label_A__0.npy,A
Hear.Me.2009__#00-08-55_00-10-50_label_A__1.npy,A
Hear.Me.2009__#00-08-55_00-10-50_label_A__2.npy,A
Hear.Me.2009__#00-08-55_00-10-50_label_A__3.npy,A
Hear.Me.2009__#00-08-55_00-10-50_label_A__4.npy,A
Hear.Me.2009__#00-08-55_00-10-50_label_A__5.npy,A
Hear.Me.2009__#00-08-55_00-10-50_label_A__6.npy,A
Hear.Me.2009__#00-08-55_00-10-50_label_A__7.npy,A
Hear.Me.2009__#00-08-55_00-10-50_label_A__8.npy,A
Hear.Me.2009__#00-08-55_00-10-50_label_A__9.npy,A
v=aXqnDEOlHwM__#1_label_A__0.npy,A
v=aXqnDEOlHwM__#1_label_A__1.npy,A
v=aXqnDEOlHwM__#1_label_A__2.npy,A
v=aXqnDEOlHwM__#1_label_A__3.npy,A
v=aXqnDEOlHwM__#1_label_A__4.npy,A
v=aXqnDEOlHwM__#1_label_A__5.npy,A
v=aXqnDEOlHwM__#1_label_A__6.npy,A
v=aXqnDEOlHwM__#1_label_A__7.npy,A
v=aXqnDEOlHwM__#1_label_A__8.npy,A
v=aXqnDEOlHwM__#1_label_A__9.npy,A
Taken.2.UNRATED.EXTENDED.2012__#00-18-01_00-19-51_label_A__0.npy,A
Taken.2.UNRATED.EXTENDED.2012__#00-18-01_00-19-51_label_A__1.npy,A
Taken.2.UNRATED.EXTENDED.2012__#00-18-01_00-19-51_label_A__2.npy,A
Taken.2.UNRATED.EXTENDED.2012__#00-18-01_00-19-51_label_A__3.npy,A
Taken.2.UNRATED.EXTENDED.2012__#00-18-01_00-19-51_label_A__4.npy,A
Taken.2.UNRATED.EXTENDED.2012__#00-18-01_00-19-51_label_A__5.npy,A
Taken.2.UNRATED.EXTENDED.2012__#00-18-01_00-19-51_label_A__6.npy,A
Taken.2.UNRATED.EXTENDED.2012__#00-18-01_00-19-51_label_A__7.npy,A
Taken.2.UNRATED.EXTENDED.2012__#00-18-01_00-19-51_label_A__8.npy,A
Taken.2.UNRATED.EXTENDED.2012__#00-18-01_00-19-51_label_A__9.npy,A
v=2YU-dTvnFJw__#1_label_A__0.npy,A
v=2YU-dTvnFJw__#1_label_A__1.npy,A
v=2YU-dTvnFJw__#1_label_A__2.npy,A
v=2YU-dTvnFJw__#1_label_A__3.npy,A
v=2YU-dTvnFJw__#1_label_A__4.npy,A
v=2YU-dTvnFJw__#1_label_A__5.npy,A
v=2YU-dTvnFJw__#1_label_A__6.npy,A
v=2YU-dTvnFJw__#1_label_A__7.npy,A
v=2YU-dTvnFJw__#1_label_A__8.npy,A
v=2YU-dTvnFJw__#1_label_A__9.npy,A
v=96pb-yG1buU__#1_label_A__0.npy,A
v=96pb-yG1buU__#1_label_A__1.npy,A
v=96pb-yG1buU__#1_label_A__2.npy,A
v=96pb-yG1buU__#1_label_A__3.npy,A
v=96pb-yG1buU__#1_label_A__4.npy,A
v=96pb-yG1buU__#1_label_A__5.npy,A
v=96pb-yG1buU__#1_label_A__6.npy,A
v=96pb-yG1buU__#1_label_A__7.npy,A
v=96pb-yG1buU__#1_label_A__8.npy,A
v=96pb-yG1buU__#1_label_A__9.npy,A
v=7JhY_W1CEnQ__#1_label_A__0.npy,A
v=7JhY_W1CEnQ__#1_label_A__1.npy,A
v=7JhY_W1CEnQ__#1_label_A__2.npy,A
v=7JhY_W1CEnQ__#1_label_A__3.npy,A
v=7JhY_W1CEnQ__#1_label_A__4.npy,A
v=7JhY_W1CEnQ__#1_label_A__5.npy,A
v=7JhY_W1CEnQ__#1_label_A__6.npy,A
v=7JhY_W1CEnQ__#1_label_A__7.npy,A
v=7JhY_W1CEnQ__#1_label_A__8.npy,A
v=7JhY_W1CEnQ__#1_label_A__9.npy,A
v=4scM5pjdavI__#1_label_A__0.npy,A
v=4scM5pjdavI__#1_label_A__1.npy,A
v=4scM5pjdavI__#1_label_A__2.npy,A
v=4scM5pjdavI__#1_label_A__3.npy,A
v=4scM5pjdavI__#1_label_A__4.npy,A
v=4scM5pjdavI__#1_label_A__5.npy,A
v=4scM5pjdavI__#1_label_A__6.npy,A
v=4scM5pjdavI__#1_label_A__7.npy,A
v=4scM5pjdavI__#1_label_A__8.npy,A
v=4scM5pjdavI__#1_label_A__9.npy,A
v=MyThli8Qp0Y__#1_label_A__0.npy,A
v=MyThli8Qp0Y__#1_label_A__1.npy,A
v=MyThli8Qp0Y__#1_label_A__2.npy,A
v=MyThli8Qp0Y__#1_label_A__3.npy,A
v=MyThli8Qp0Y__#1_label_A__4.npy,A
v=MyThli8Qp0Y__#1_label_A__5.npy,A
v=MyThli8Qp0Y__#1_label_A__6.npy,A
v=MyThli8Qp0Y__#1_label_A__7.npy,A
v=MyThli8Qp0Y__#1_label_A__8.npy,A
v=MyThli8Qp0Y__#1_label_A__9.npy,A
Before.Sunset.2004__#00-32-07_00-36-45_label_A__0.npy,A
Before.Sunset.2004__#00-32-07_00-36-45_label_A__1.npy,A
Before.Sunset.2004__#00-32-07_00-36-45_label_A__2.npy,A
Before.Sunset.2004__#00-32-07_00-36-45_label_A__3.npy,A
Before.Sunset.2004__#00-32-07_00-36-45_label_A__4.npy,A
Before.Sunset.2004__#00-32-07_00-36-45_label_A__5.npy,A
Before.Sunset.2004__#00-32-07_00-36-45_label_A__6.npy,A
Before.Sunset.2004__#00-32-07_00-36-45_label_A__7.npy,A
Before.Sunset.2004__#00-32-07_00-36-45_label_A__8.npy,A
Before.Sunset.2004__#00-32-07_00-36-45_label_A__9.npy,A
v=usAvzbDq6-c__#00-27-00_00-29-56_label_A__0.npy,A
v=usAvzbDq6-c__#00-27-00_00-29-56_label_A__1.npy,A
v=usAvzbDq6-c__#00-27-00_00-29-56_label_A__2.npy,A
v=usAvzbDq6-c__#00-27-00_00-29-56_label_A__3.npy,A
v=usAvzbDq6-c__#00-27-00_00-29-56_label_A__4.npy,A
v=usAvzbDq6-c__#00-27-00_00-29-56_label_A__5.npy,A
v=usAvzbDq6-c__#00-27-00_00-29-56_label_A__6.npy,A
v=usAvzbDq6-c__#00-27-00_00-29-56_label_A__7.npy,A
v=usAvzbDq6-c__#00-27-00_00-29-56_label_A__8.npy,A
v=usAvzbDq6-c__#00-27-00_00-29-56_label_A__9.npy,A
v=p2ggHwtb-Zg__#00-09-00_00-12-00_label_A__0.npy,A
v=p2ggHwtb-Zg__#00-09-00_00-12-00_label_A__1.npy,A
v=p2ggHwtb-Zg__#00-09-00_00-12-00_label_A__2.npy,A
v=p2ggHwtb-Zg__#00-09-00_00-12-00_label_A__3.npy,A
v=p2ggHwtb-Zg__#00-09-00_00-12-00_label_A__4.npy,A
v=p2ggHwtb-Zg__#00-09-00_00-12-00_label_A__5.npy,A
v=p2ggHwtb-Zg__#00-09-00_00-12-00_label_A__6.npy,A
v=p2ggHwtb-Zg__#00-09-00_00-12-00_label_A__7.npy,A
v=p2ggHwtb-Zg__#00-09-00_00-12-00_label_A__8.npy,A
v=p2ggHwtb-Zg__#00-09-00_00-12-00_label_A__9.npy,A
Jason.Bourne.2016__#01-27-09_01-29-40_label_A__0.npy,A
Jason.Bourne.2016__#01-27-09_01-29-40_label_A__1.npy,A
Jason.Bourne.2016__#01-27-09_01-29-40_label_A__2.npy,A
Jason.Bourne.2016__#01-27-09_01-29-40_label_A__3.npy,A
Jason.Bourne.2016__#01-27-09_01-29-40_label_A__4.npy,A
Jason.Bourne.2016__#01-27-09_01-29-40_label_A__5.npy,A
Jason.Bourne.2016__#01-27-09_01-29-40_label_A__6.npy,A
Jason.Bourne.2016__#01-27-09_01-29-40_label_A__7.npy,A
Jason.Bourne.2016__#01-27-09_01-29-40_label_A__8.npy,A
Jason.Bourne.2016__#01-27-09_01-29-40_label_A__9.npy,A
The.Intouchables.2011__#00-25-20_00-29-20_label_A__0.npy,A
The.Intouchables.2011__#00-25-20_00-29-20_label_A__1.npy,A
The.Intouchables.2011__#00-25-20_00-29-20_label_A__2.npy,A
The.Intouchables.2011__#00-25-20_00-29-20_label_A__3.npy,A
The.Intouchables.2011__#00-25-20_00-29-20_label_A__4.npy,A
The.Intouchables.2011__#00-25-20_00-29-20_label_A__5.npy,A
The.Intouchables.2011__#00-25-20_00-29-20_label_A__6.npy,A
The.Intouchables.2011__#00-25-20_00-29-20_label_A__7.npy,A
The.Intouchables.2011__#00-25-20_00-29-20_label_A__8.npy,A
The.Intouchables.2011__#00-25-20_00-29-20_label_A__9.npy,A
v=vNfvHkrGW90__#1_label_A__0.npy,A
v=vNfvHkrGW90__#1_label_A__1.npy,A
v=vNfvHkrGW90__#1_label_A__2.npy,A
v=vNfvHkrGW90__#1_label_A__3.npy,A
v=vNfvHkrGW90__#1_label_A__4.npy,A
v=vNfvHkrGW90__#1_label_A__5.npy,A
v=vNfvHkrGW90__#1_label_A__6.npy,A
v=vNfvHkrGW90__#1_label_A__7.npy,A
v=vNfvHkrGW90__#1_label_A__8.npy,A
v=vNfvHkrGW90__#1_label_A__9.npy,A
v=Yr41_8QOTF8__#00-06-00_00-09-00_label_A__0.npy,A
v=Yr41_8QOTF8__#00-06-00_00-09-00_label_A__1.npy,A
v=Yr41_8QOTF8__#00-06-00_00-09-00_label_A__2.npy,A
v=Yr41_8QOTF8__#00-06-00_00-09-00_label_A__3.npy,A
v=Yr41_8QOTF8__#00-06-00_00-09-00_label_A__4.npy,A
v=Yr41_8QOTF8__#00-06-00_00-09-00_label_A__5.npy,A
v=Yr41_8QOTF8__#00-06-00_00-09-00_label_A__6.npy,A
v=Yr41_8QOTF8__#00-06-00_00-09-00_label_A__7.npy,A
v=Yr41_8QOTF8__#00-06-00_00-09-00_label_A__8.npy,A
v=Yr41_8QOTF8__#00-06-00_00-09-00_label_A__9.npy,A
Skyfall.2012__#00-22-26_00-22-48_label_A__0.npy,A
Skyfall.2012__#00-22-26_00-22-48_label_A__1.npy,A
Skyfall.2012__#00-22-26_00-22-48_label_A__2.npy,A
Skyfall.2012__#00-22-26_00-22-48_label_A__3.npy,A
Skyfall.2012__#00-22-26_00-22-48_label_A__4.npy,A
Skyfall.2012__#00-22-26_00-22-48_label_A__5.npy,A
Skyfall.2012__#00-22-26_00-22-48_label_A__6.npy,A
Skyfall.2012__#00-22-26_00-22-48_label_A__7.npy,A
Skyfall.2012__#00-22-26_00-22-48_label_A__8.npy,A
Skyfall.2012__#00-22-26_00-22-48_label_A__9.npy,A
Shoot.Em.Up.2007__#01-16-49_01-18-44_label_A__0.npy,A
Shoot.Em.Up.2007__#01-16-49_01-18-44_label_A__1.npy,A
Shoot.Em.Up.2007__#01-16-49_01-18-44_label_A__2.npy,A
Shoot.Em.Up.2007__#01-16-49_01-18-44_label_A__3.npy,A
Shoot.Em.Up.2007__#01-16-49_01-18-44_label_A__4.npy,A
Shoot.Em.Up.2007__#01-16-49_01-18-44_label_A__5.npy,A
Shoot.Em.Up.2007__#01-16-49_01-18-44_label_A__6.npy,A
Shoot.Em.Up.2007__#01-16-49_01-18-44_label_A__7.npy,A
Shoot.Em.Up.2007__#01-16-49_01-18-44_label_A__8.npy,A
Shoot.Em.Up.2007__#01-16-49_01-18-44_label_A__9.npy,A
v=vsI_pKNcgeQ__#00-18-00_00-21-00_label_A__0.npy,A
v=vsI_pKNcgeQ__#00-18-00_00-21-00_label_A__1.npy,A
v=vsI_pKNcgeQ__#00-18-00_00-21-00_label_A__2.npy,A
v=vsI_pKNcgeQ__#00-18-00_00-21-00_label_A__3.npy,A
v=vsI_pKNcgeQ__#00-18-00_00-21-00_label_A__4.npy,A
v=vsI_pKNcgeQ__#00-18-00_00-21-00_label_A__5.npy,A
v=vsI_pKNcgeQ__#00-18-00_00-21-00_label_A__6.npy,A
v=vsI_pKNcgeQ__#00-18-00_00-21-00_label_A__7.npy,A
v=vsI_pKNcgeQ__#00-18-00_00-21-00_label_A__8.npy,A
v=vsI_pKNcgeQ__#00-18-00_00-21-00_label_A__9.npy,A
v=rKD6GYqoty8__#1_label_A__0.npy,A
v=rKD6GYqoty8__#1_label_A__1.npy,A
v=rKD6GYqoty8__#1_label_A__2.npy,A
v=rKD6GYqoty8__#1_label_A__3.npy,A
v=rKD6GYqoty8__#1_label_A__4.npy,A
v=rKD6GYqoty8__#1_label_A__5.npy,A
v=rKD6GYqoty8__#1_label_A__6.npy,A
v=rKD6GYqoty8__#1_label_A__7.npy,A
v=rKD6GYqoty8__#1_label_A__8.npy,A
v=rKD6GYqoty8__#1_label_A__9.npy,A
A.Beautiful.Mind.2001__#00-04-20_00-05-35_label_A__0.npy,A
A.Beautiful.Mind.2001__#00-04-20_00-05-35_label_A__1.npy,A
A.Beautiful.Mind.2001__#00-04-20_00-05-35_label_A__2.npy,A
A.Beautiful.Mind.2001__#00-04-20_00-05-35_label_A__3.npy,A
A.Beautiful.Mind.2001__#00-04-20_00-05-35_label_A__4.npy,A
A.Beautiful.Mind.2001__#00-04-20_00-05-35_label_A__5.npy,A
A.Beautiful.Mind.2001__#00-04-20_00-05-35_label_A__6.npy,A
A.Beautiful.Mind.2001__#00-04-20_00-05-35_label_A__7.npy,A
A.Beautiful.Mind.2001__#00-04-20_00-05-35_label_A__8.npy,A
A.Beautiful.Mind.2001__#00-04-20_00-05-35_label_A__9.npy,A
v=jdF_arYOx5Q__#1_label_A__0.npy,A
v=jdF_arYOx5Q__#1_label_A__1.npy,A
v=jdF_arYOx5Q__#1_label_A__2.npy,A
v=jdF_arYOx5Q__#1_label_A__3.npy,A
v=jdF_arYOx5Q__#1_label_A__4.npy,A
v=jdF_arYOx5Q__#1_label_A__5.npy,A
v=jdF_arYOx5Q__#1_label_A__6.npy,A
v=jdF_arYOx5Q__#1_label_A__7.npy,A
v=jdF_arYOx5Q__#1_label_A__8.npy,A
v=jdF_arYOx5Q__#1_label_A__9.npy,A
v=TqNy_Er2-ZA__#1_label_A__0.npy,A
v=TqNy_Er2-ZA__#1_label_A__1.npy,A
v=TqNy_Er2-ZA__#1_label_A__2.npy,A
v=TqNy_Er2-ZA__#1_label_A__3.npy,A
v=TqNy_Er2-ZA__#1_label_A__4.npy,A
v=TqNy_Er2-ZA__#1_label_A__5.npy,A
v=TqNy_Er2-ZA__#1_label_A__6.npy,A
v=TqNy_Er2-ZA__#1_label_A__7.npy,A
v=TqNy_Er2-ZA__#1_label_A__8.npy,A
v=TqNy_Er2-ZA__#1_label_A__9.npy,A
About.Time.2013__#00-01-45_00-02-15_label_A__0.npy,A
About.Time.2013__#00-01-45_00-02-15_label_A__1.npy,A
About.Time.2013__#00-01-45_00-02-15_label_A__2.npy,A
About.Time.2013__#00-01-45_00-02-15_label_A__3.npy,A
About.Time.2013__#00-01-45_00-02-15_label_A__4.npy,A
About.Time.2013__#00-01-45_00-02-15_label_A__5.npy,A
About.Time.2013__#00-01-45_00-02-15_label_A__6.npy,A
About.Time.2013__#00-01-45_00-02-15_label_A__7.npy,A
About.Time.2013__#00-01-45_00-02-15_label_A__8.npy,A
About.Time.2013__#00-01-45_00-02-15_label_A__9.npy,A
v=zsrE3rWOvSg__#1_label_A__0.npy,A
v=zsrE3rWOvSg__#1_label_A__1.npy,A
v=zsrE3rWOvSg__#1_label_A__2.npy,A
v=zsrE3rWOvSg__#1_label_A__3.npy,A
v=zsrE3rWOvSg__#1_label_A__4.npy,A
v=zsrE3rWOvSg__#1_label_A__5.npy,A
v=zsrE3rWOvSg__#1_label_A__6.npy,A
v=zsrE3rWOvSg__#1_label_A__7.npy,A
v=zsrE3rWOvSg__#1_label_A__8.npy,A
v=zsrE3rWOvSg__#1_label_A__9.npy,A
Love.Me.If.You.Dare.2003__#00-30-50_00-32-31_label_A__0.npy,A
Love.Me.If.You.Dare.2003__#00-30-50_00-32-31_label_A__1.npy,A
Love.Me.If.You.Dare.2003__#00-30-50_00-32-31_label_A__2.npy,A
Love.Me.If.You.Dare.2003__#00-30-50_00-32-31_label_A__3.npy,A
Love.Me.If.You.Dare.2003__#00-30-50_00-32-31_label_A__4.npy,A
Love.Me.If.You.Dare.2003__#00-30-50_00-32-31_label_A__5.npy,A
Love.Me.If.You.Dare.2003__#00-30-50_00-32-31_label_A__6.npy,A
Love.Me.If.You.Dare.2003__#00-30-50_00-32-31_label_A__7.npy,A
Love.Me.If.You.Dare.2003__#00-30-50_00-32-31_label_A__8.npy,A
Love.Me.If.You.Dare.2003__#00-30-50_00-32-31_label_A__9.npy,A
The.Bourne.Supremacy.2004__#0-27-18_0-31-08_label_A__0.npy,A
The.Bourne.Supremacy.2004__#0-27-18_0-31-08_label_A__1.npy,A
The.Bourne.Supremacy.2004__#0-27-18_0-31-08_label_A__2.npy,A
The.Bourne.Supremacy.2004__#0-27-18_0-31-08_label_A__3.npy,A
The.Bourne.Supremacy.2004__#0-27-18_0-31-08_label_A__4.npy,A
The.Bourne.Supremacy.2004__#0-27-18_0-31-08_label_A__5.npy,A
The.Bourne.Supremacy.2004__#0-27-18_0-31-08_label_A__6.npy,A
The.Bourne.Supremacy.2004__#0-27-18_0-31-08_label_A__7.npy,A
The.Bourne.Supremacy.2004__#0-27-18_0-31-08_label_A__8.npy,A
The.Bourne.Supremacy.2004__#0-27-18_0-31-08_label_A__9.npy,A
About.Time.2013__#01-04-40_01-06-59_label_A__0.npy,A
About.Time.2013__#01-04-40_01-06-59_label_A__1.npy,A
About.Time.2013__#01-04-40_01-06-59_label_A__2.npy,A
About.Time.2013__#01-04-40_01-06-59_label_A__3.npy,A
About.Time.2013__#01-04-40_01-06-59_label_A__4.npy,A
About.Time.2013__#01-04-40_01-06-59_label_A__5.npy,A
About.Time.2013__#01-04-40_01-06-59_label_A__6.npy,A
About.Time.2013__#01-04-40_01-06-59_label_A__7.npy,A
About.Time.2013__#01-04-40_01-06-59_label_A__8.npy,A
About.Time.2013__#01-04-40_01-06-59_label_A__9.npy,A
v=enYITYwvPAQ__#00-24-00_00-27-00_label_A__0.npy,A
v=enYITYwvPAQ__#00-24-00_00-27-00_label_A__1.npy,A
v=enYITYwvPAQ__#00-24-00_00-27-00_label_A__2.npy,A
v=enYITYwvPAQ__#00-24-00_00-27-00_label_A__3.npy,A
v=enYITYwvPAQ__#00-24-00_00-27-00_label_A__4.npy,A
v=enYITYwvPAQ__#00-24-00_00-27-00_label_A__5.npy,A
v=enYITYwvPAQ__#00-24-00_00-27-00_label_A__6.npy,A
v=enYITYwvPAQ__#00-24-00_00-27-00_label_A__7.npy,A
v=enYITYwvPAQ__#00-24-00_00-27-00_label_A__8.npy,A
v=enYITYwvPAQ__#00-24-00_00-27-00_label_A__9.npy,A
v=meiaGQ8yKpY__#1_label_A__0.npy,A
v=meiaGQ8yKpY__#1_label_A__1.npy,A
v=meiaGQ8yKpY__#1_label_A__2.npy,A
v=meiaGQ8yKpY__#1_label_A__3.npy,A
v=meiaGQ8yKpY__#1_label_A__4.npy,A
v=meiaGQ8yKpY__#1_label_A__5.npy,A
v=meiaGQ8yKpY__#1_label_A__6.npy,A
v=meiaGQ8yKpY__#1_label_A__7.npy,A
v=meiaGQ8yKpY__#1_label_A__8.npy,A
v=meiaGQ8yKpY__#1_label_A__9.npy,A
v=TrON1jkvfBQ__#1_label_A__0.npy,A
v=TrON1jkvfBQ__#1_label_A__1.npy,A
v=TrON1jkvfBQ__#1_label_A__2.npy,A
v=TrON1jkvfBQ__#1_label_A__3.npy,A
v=TrON1jkvfBQ__#1_label_A__4.npy,A
v=TrON1jkvfBQ__#1_label_A__5.npy,A
v=TrON1jkvfBQ__#1_label_A__6.npy,A
v=TrON1jkvfBQ__#1_label_A__7.npy,A
v=TrON1jkvfBQ__#1_label_A__8.npy,A
v=TrON1jkvfBQ__#1_label_A__9.npy,A
The.Attorney.2013__#00-05-52_00-08-22_label_A__0.npy,A
The.Attorney.2013__#00-05-52_00-08-22_label_A__1.npy,A
The.Attorney.2013__#00-05-52_00-08-22_label_A__2.npy,A
The.Attorney.2013__#00-05-52_00-08-22_label_A__3.npy,A
The.Attorney.2013__#00-05-52_00-08-22_label_A__4.npy,A
The.Attorney.2013__#00-05-52_00-08-22_label_A__5.npy,A
The.Attorney.2013__#00-05-52_00-08-22_label_A__6.npy,A
The.Attorney.2013__#00-05-52_00-08-22_label_A__7.npy,A
The.Attorney.2013__#00-05-52_00-08-22_label_A__8.npy,A
The.Attorney.2013__#00-05-52_00-08-22_label_A__9.npy,A
Your.Name.2016__#00-51-55_00-55-16_label_A__0.npy,A
Your.Name.2016__#00-51-55_00-55-16_label_A__1.npy,A
Your.Name.2016__#00-51-55_00-55-16_label_A__2.npy,A
Your.Name.2016__#00-51-55_00-55-16_label_A__3.npy,A
Your.Name.2016__#00-51-55_00-55-16_label_A__4.npy,A
Your.Name.2016__#00-51-55_00-55-16_label_A__5.npy,A
Your.Name.2016__#00-51-55_00-55-16_label_A__6.npy,A
Your.Name.2016__#00-51-55_00-55-16_label_A__7.npy,A
Your.Name.2016__#00-51-55_00-55-16_label_A__8.npy,A
Your.Name.2016__#00-51-55_00-55-16_label_A__9.npy,A
v=MyM5G7fo7Gg__#00-27-00_00-30-00_label_A__0.npy,A
v=MyM5G7fo7Gg__#00-27-00_00-30-00_label_A__1.npy,A
v=MyM5G7fo7Gg__#00-27-00_00-30-00_label_A__2.npy,A
v=MyM5G7fo7Gg__#00-27-00_00-30-00_label_A__3.npy,A
v=MyM5G7fo7Gg__#00-27-00_00-30-00_label_A__4.npy,A
v=MyM5G7fo7Gg__#00-27-00_00-30-00_label_A__5.npy,A
v=MyM5G7fo7Gg__#00-27-00_00-30-00_label_A__6.npy,A
v=MyM5G7fo7Gg__#00-27-00_00-30-00_label_A__7.npy,A
v=MyM5G7fo7Gg__#00-27-00_00-30-00_label_A__8.npy,A
v=MyM5G7fo7Gg__#00-27-00_00-30-00_label_A__9.npy,A
v=TuE9PqCu6U0__#1_label_A__0.npy,A
v=TuE9PqCu6U0__#1_label_A__1.npy,A
v=TuE9PqCu6U0__#1_label_A__2.npy,A
v=TuE9PqCu6U0__#1_label_A__3.npy,A
v=TuE9PqCu6U0__#1_label_A__4.npy,A
v=TuE9PqCu6U0__#1_label_A__5.npy,A
v=TuE9PqCu6U0__#1_label_A__6.npy,A
v=TuE9PqCu6U0__#1_label_A__7.npy,A
v=TuE9PqCu6U0__#1_label_A__8.npy,A
v=TuE9PqCu6U0__#1_label_A__9.npy,A
v=aXI50sXZ4t0__#1_label_A__0.npy,A
v=aXI50sXZ4t0__#1_label_A__1.npy,A
v=aXI50sXZ4t0__#1_label_A__2.npy,A
v=aXI50sXZ4t0__#1_label_A__3.npy,A
v=aXI50sXZ4t0__#1_label_A__4.npy,A
v=aXI50sXZ4t0__#1_label_A__5.npy,A
v=aXI50sXZ4t0__#1_label_A__6.npy,A
v=aXI50sXZ4t0__#1_label_A__7.npy,A
v=aXI50sXZ4t0__#1_label_A__8.npy,A
v=aXI50sXZ4t0__#1_label_A__9.npy,A
v=bpXcG9Nfvos__#1_label_A__0.npy,A
v=bpXcG9Nfvos__#1_label_A__1.npy,A
v=bpXcG9Nfvos__#1_label_A__2.npy,A
v=bpXcG9Nfvos__#1_label_A__3.npy,A
v=bpXcG9Nfvos__#1_label_A__4.npy,A
v=bpXcG9Nfvos__#1_label_A__5.npy,A
v=bpXcG9Nfvos__#1_label_A__6.npy,A
v=bpXcG9Nfvos__#1_label_A__7.npy,A
v=bpXcG9Nfvos__#1_label_A__8.npy,A
v=bpXcG9Nfvos__#1_label_A__9.npy,A
v=lqlrru1V69E__#1_label_A__0.npy,A
v=lqlrru1V69E__#1_label_A__1.npy,A
v=lqlrru1V69E__#1_label_A__2.npy,A
v=lqlrru1V69E__#1_label_A__3.npy,A
v=lqlrru1V69E__#1_label_A__4.npy,A
v=lqlrru1V69E__#1_label_A__5.npy,A
v=lqlrru1V69E__#1_label_A__6.npy,A
v=lqlrru1V69E__#1_label_A__7.npy,A
v=lqlrru1V69E__#1_label_A__8.npy,A
v=lqlrru1V69E__#1_label_A__9.npy,A
v=8jHXvaUbzHc__#1_label_A__0.npy,A
v=8jHXvaUbzHc__#1_label_A__1.npy,A
v=8jHXvaUbzHc__#1_label_A__2.npy,A
v=8jHXvaUbzHc__#1_label_A__3.npy,A
v=8jHXvaUbzHc__#1_label_A__4.npy,A
v=8jHXvaUbzHc__#1_label_A__5.npy,A
v=8jHXvaUbzHc__#1_label_A__6.npy,A
v=8jHXvaUbzHc__#1_label_A__7.npy,A
v=8jHXvaUbzHc__#1_label_A__8.npy,A
v=8jHXvaUbzHc__#1_label_A__9.npy,A
Before.Sunset.2004__#00-31-05_00-32-05_label_A__0.npy,A
Before.Sunset.2004__#00-31-05_00-32-05_label_A__1.npy,A
Before.Sunset.2004__#00-31-05_00-32-05_label_A__2.npy,A
Before.Sunset.2004__#00-31-05_00-32-05_label_A__3.npy,A
Before.Sunset.2004__#00-31-05_00-32-05_label_A__4.npy,A
Before.Sunset.2004__#00-31-05_00-32-05_label_A__5.npy,A
Before.Sunset.2004__#00-31-05_00-32-05_label_A__6.npy,A
Before.Sunset.2004__#00-31-05_00-32-05_label_A__7.npy,A
Before.Sunset.2004__#00-31-05_00-32-05_label_A__8.npy,A
Before.Sunset.2004__#00-31-05_00-32-05_label_A__9.npy,A
Taken.Extended.Cut.2008__#00-38-58_00-40-50_label_A__0.npy,A
Taken.Extended.Cut.2008__#00-38-58_00-40-50_label_A__1.npy,A
Taken.Extended.Cut.2008__#00-38-58_00-40-50_label_A__2.npy,A
Taken.Extended.Cut.2008__#00-38-58_00-40-50_label_A__3.npy,A
Taken.Extended.Cut.2008__#00-38-58_00-40-50_label_A__4.npy,A
Taken.Extended.Cut.2008__#00-38-58_00-40-50_label_A__5.npy,A
Taken.Extended.Cut.2008__#00-38-58_00-40-50_label_A__6.npy,A
Taken.Extended.Cut.2008__#00-38-58_00-40-50_label_A__7.npy,A
Taken.Extended.Cut.2008__#00-38-58_00-40-50_label_A__8.npy,A
Taken.Extended.Cut.2008__#00-38-58_00-40-50_label_A__9.npy,A
v=gRm-amAG790__#1_label_A__0.npy,A
v=gRm-amAG790__#1_label_A__1.npy,A
v=gRm-amAG790__#1_label_A__2.npy,A
v=gRm-amAG790__#1_label_A__3.npy,A
v=gRm-amAG790__#1_label_A__4.npy,A
v=gRm-amAG790__#1_label_A__5.npy,A
v=gRm-amAG790__#1_label_A__6.npy,A
v=gRm-amAG790__#1_label_A__7.npy,A
v=gRm-amAG790__#1_label_A__8.npy,A
v=gRm-amAG790__#1_label_A__9.npy,A
v=ZSbjQ72vuXE__#1_label_A__0.npy,A
v=ZSbjQ72vuXE__#1_label_A__1.npy,A
v=ZSbjQ72vuXE__#1_label_A__2.npy,A
v=ZSbjQ72vuXE__#1_label_A__3.npy,A
v=ZSbjQ72vuXE__#1_label_A__4.npy,A
v=ZSbjQ72vuXE__#1_label_A__5.npy,A
v=ZSbjQ72vuXE__#1_label_A__6.npy,A
v=ZSbjQ72vuXE__#1_label_A__7.npy,A
v=ZSbjQ72vuXE__#1_label_A__8.npy,A
v=ZSbjQ72vuXE__#1_label_A__9.npy,A
v=csGpqnok6p8__#1_label_A__0.npy,A
v=csGpqnok6p8__#1_label_A__1.npy,A
v=csGpqnok6p8__#1_label_A__2.npy,A
v=csGpqnok6p8__#1_label_A__3.npy,A
v=csGpqnok6p8__#1_label_A__4.npy,A
v=csGpqnok6p8__#1_label_A__5.npy,A
v=csGpqnok6p8__#1_label_A__6.npy,A
v=csGpqnok6p8__#1_label_A__7.npy,A
v=csGpqnok6p8__#1_label_A__8.npy,A
v=csGpqnok6p8__#1_label_A__9.npy,A
v=enYITYwvPAQ__#00-18-00_00-21-00_label_A__0.npy,A
v=enYITYwvPAQ__#00-18-00_00-21-00_label_A__1.npy,A
v=enYITYwvPAQ__#00-18-00_00-21-00_label_A__2.npy,A
v=enYITYwvPAQ__#00-18-00_00-21-00_label_A__3.npy,A
v=enYITYwvPAQ__#00-18-00_00-21-00_label_A__4.npy,A
v=enYITYwvPAQ__#00-18-00_00-21-00_label_A__5.npy,A
v=enYITYwvPAQ__#00-18-00_00-21-00_label_A__6.npy,A
v=enYITYwvPAQ__#00-18-00_00-21-00_label_A__7.npy,A
v=enYITYwvPAQ__#00-18-00_00-21-00_label_A__8.npy,A
v=enYITYwvPAQ__#00-18-00_00-21-00_label_A__9.npy,A
God.Bless.America.2011__#01-11-54_01-13-00_label_A__0.npy,A
God.Bless.America.2011__#01-11-54_01-13-00_label_A__1.npy,A
God.Bless.America.2011__#01-11-54_01-13-00_label_A__2.npy,A
God.Bless.America.2011__#01-11-54_01-13-00_label_A__3.npy,A
God.Bless.America.2011__#01-11-54_01-13-00_label_A__4.npy,A
God.Bless.America.2011__#01-11-54_01-13-00_label_A__5.npy,A
God.Bless.America.2011__#01-11-54_01-13-00_label_A__6.npy,A
God.Bless.America.2011__#01-11-54_01-13-00_label_A__7.npy,A
God.Bless.America.2011__#01-11-54_01-13-00_label_A__8.npy,A
God.Bless.America.2011__#01-11-54_01-13-00_label_A__9.npy,A
v=vFPQ_NiDBIU__#00-30-00_00-36-00_label_A__0.npy,A
v=vFPQ_NiDBIU__#00-30-00_00-36-00_label_A__1.npy,A
v=vFPQ_NiDBIU__#00-30-00_00-36-00_label_A__2.npy,A
v=vFPQ_NiDBIU__#00-30-00_00-36-00_label_A__3.npy,A
v=vFPQ_NiDBIU__#00-30-00_00-36-00_label_A__4.npy,A
v=vFPQ_NiDBIU__#00-30-00_00-36-00_label_A__5.npy,A
v=vFPQ_NiDBIU__#00-30-00_00-36-00_label_A__6.npy,A
v=vFPQ_NiDBIU__#00-30-00_00-36-00_label_A__7.npy,A
v=vFPQ_NiDBIU__#00-30-00_00-36-00_label_A__8.npy,A
v=vFPQ_NiDBIU__#00-30-00_00-36-00_label_A__9.npy,A
Kingsman.The.Golden.Circle.2017__#00-17-02_00-18-16_label_A__0.npy,A
Kingsman.The.Golden.Circle.2017__#00-17-02_00-18-16_label_A__1.npy,A
Kingsman.The.Golden.Circle.2017__#00-17-02_00-18-16_label_A__2.npy,A
Kingsman.The.Golden.Circle.2017__#00-17-02_00-18-16_label_A__3.npy,A
Kingsman.The.Golden.Circle.2017__#00-17-02_00-18-16_label_A__4.npy,A
Kingsman.The.Golden.Circle.2017__#00-17-02_00-18-16_label_A__5.npy,A
Kingsman.The.Golden.Circle.2017__#00-17-02_00-18-16_label_A__6.npy,A
Kingsman.The.Golden.Circle.2017__#00-17-02_00-18-16_label_A__7.npy,A
Kingsman.The.Golden.Circle.2017__#00-17-02_00-18-16_label_A__8.npy,A
Kingsman.The.Golden.Circle.2017__#00-17-02_00-18-16_label_A__9.npy,A
v=vsI_pKNcgeQ__#00-00-00_00-03-00_label_A__0.npy,A
v=vsI_pKNcgeQ__#00-00-00_00-03-00_label_A__1.npy,A
v=vsI_pKNcgeQ__#00-00-00_00-03-00_label_A__2.npy,A
v=vsI_pKNcgeQ__#00-00-00_00-03-00_label_A__3.npy,A
v=vsI_pKNcgeQ__#00-00-00_00-03-00_label_A__4.npy,A
v=vsI_pKNcgeQ__#00-00-00_00-03-00_label_A__5.npy,A
v=vsI_pKNcgeQ__#00-00-00_00-03-00_label_A__6.npy,A
v=vsI_pKNcgeQ__#00-00-00_00-03-00_label_A__7.npy,A
v=vsI_pKNcgeQ__#00-00-00_00-03-00_label_A__8.npy,A
v=vsI_pKNcgeQ__#00-00-00_00-03-00_label_A__9.npy,A
v=n2lE5MzjmV8__#1_label_A__0.npy,A
v=n2lE5MzjmV8__#1_label_A__1.npy,A
v=n2lE5MzjmV8__#1_label_A__2.npy,A
v=n2lE5MzjmV8__#1_label_A__3.npy,A
v=n2lE5MzjmV8__#1_label_A__4.npy,A
v=n2lE5MzjmV8__#1_label_A__5.npy,A
v=n2lE5MzjmV8__#1_label_A__6.npy,A
v=n2lE5MzjmV8__#1_label_A__7.npy,A
v=n2lE5MzjmV8__#1_label_A__8.npy,A
v=n2lE5MzjmV8__#1_label_A__9.npy,A
Saving.Private.Ryan.1998__#02-39-02_02-42-32_label_A__0.npy,A
Saving.Private.Ryan.1998__#02-39-02_02-42-32_label_A__1.npy,A
Saving.Private.Ryan.1998__#02-39-02_02-42-32_label_A__2.npy,A
Saving.Private.Ryan.1998__#02-39-02_02-42-32_label_A__3.npy,A
Saving.Private.Ryan.1998__#02-39-02_02-42-32_label_A__4.npy,A
Saving.Private.Ryan.1998__#02-39-02_02-42-32_label_A__5.npy,A
Saving.Private.Ryan.1998__#02-39-02_02-42-32_label_A__6.npy,A
Saving.Private.Ryan.1998__#02-39-02_02-42-32_label_A__7.npy,A
Saving.Private.Ryan.1998__#02-39-02_02-42-32_label_A__8.npy,A
Saving.Private.Ryan.1998__#02-39-02_02-42-32_label_A__9.npy,A
v=BQ5laI-llEM__#1_label_A__0.npy,A
v=BQ5laI-llEM__#1_label_A__1.npy,A
v=BQ5laI-llEM__#1_label_A__2.npy,A
v=BQ5laI-llEM__#1_label_A__3.npy,A
v=BQ5laI-llEM__#1_label_A__4.npy,A
v=BQ5laI-llEM__#1_label_A__5.npy,A
v=BQ5laI-llEM__#1_label_A__6.npy,A
v=BQ5laI-llEM__#1_label_A__7.npy,A
v=BQ5laI-llEM__#1_label_A__8.npy,A
v=BQ5laI-llEM__#1_label_A__9.npy,A
v=NL6XMMAwCWc__#1_label_A__0.npy,A
v=NL6XMMAwCWc__#1_label_A__1.npy,A
v=NL6XMMAwCWc__#1_label_A__2.npy,A
v=NL6XMMAwCWc__#1_label_A__3.npy,A
v=NL6XMMAwCWc__#1_label_A__4.npy,A
v=NL6XMMAwCWc__#1_label_A__5.npy,A
v=NL6XMMAwCWc__#1_label_A__6.npy,A
v=NL6XMMAwCWc__#1_label_A__7.npy,A
v=NL6XMMAwCWc__#1_label_A__8.npy,A
v=NL6XMMAwCWc__#1_label_A__9.npy,A
v=JtLha7UCwJM__#1_label_A__0.npy,A
v=JtLha7UCwJM__#1_label_A__1.npy,A
v=JtLha7UCwJM__#1_label_A__2.npy,A
v=JtLha7UCwJM__#1_label_A__3.npy,A
v=JtLha7UCwJM__#1_label_A__4.npy,A
v=JtLha7UCwJM__#1_label_A__5.npy,A
v=JtLha7UCwJM__#1_label_A__6.npy,A
v=JtLha7UCwJM__#1_label_A__7.npy,A
v=JtLha7UCwJM__#1_label_A__8.npy,A
v=JtLha7UCwJM__#1_label_A__9.npy,A
Quantum.Of.Solace.2008__#01-12-38_01-15-48_label_A__0.npy,A
Quantum.Of.Solace.2008__#01-12-38_01-15-48_label_A__1.npy,A
Quantum.Of.Solace.2008__#01-12-38_01-15-48_label_A__2.npy,A
Quantum.Of.Solace.2008__#01-12-38_01-15-48_label_A__3.npy,A
Quantum.Of.Solace.2008__#01-12-38_01-15-48_label_A__4.npy,A
Quantum.Of.Solace.2008__#01-12-38_01-15-48_label_A__5.npy,A
Quantum.Of.Solace.2008__#01-12-38_01-15-48_label_A__6.npy,A
Quantum.Of.Solace.2008__#01-12-38_01-15-48_label_A__7.npy,A
Quantum.Of.Solace.2008__#01-12-38_01-15-48_label_A__8.npy,A
Quantum.Of.Solace.2008__#01-12-38_01-15-48_label_A__9.npy,A
v=5Rtsav021Rs__#00-09-00_00-12-30_label_A__0.npy,A
v=5Rtsav021Rs__#00-09-00_00-12-30_label_A__1.npy,A
v=5Rtsav021Rs__#00-09-00_00-12-30_label_A__2.npy,A
v=5Rtsav021Rs__#00-09-00_00-12-30_label_A__3.npy,A
v=5Rtsav021Rs__#00-09-00_00-12-30_label_A__4.npy,A
v=5Rtsav021Rs__#00-09-00_00-12-30_label_A__5.npy,A
v=5Rtsav021Rs__#00-09-00_00-12-30_label_A__6.npy,A
v=5Rtsav021Rs__#00-09-00_00-12-30_label_A__7.npy,A
v=5Rtsav021Rs__#00-09-00_00-12-30_label_A__8.npy,A
v=5Rtsav021Rs__#00-09-00_00-12-30_label_A__9.npy,A
v=orUyQydBg0U__#1_label_A__0.npy,A
v=orUyQydBg0U__#1_label_A__1.npy,A
v=orUyQydBg0U__#1_label_A__2.npy,A
v=orUyQydBg0U__#1_label_A__3.npy,A
v=orUyQydBg0U__#1_label_A__4.npy,A
v=orUyQydBg0U__#1_label_A__5.npy,A
v=orUyQydBg0U__#1_label_A__6.npy,A
v=orUyQydBg0U__#1_label_A__7.npy,A
v=orUyQydBg0U__#1_label_A__8.npy,A
v=orUyQydBg0U__#1_label_A__9.npy,A
Ip.Man.2008__#00-21-43_00-23-13_label_A__0.npy,A
Ip.Man.2008__#00-21-43_00-23-13_label_A__1.npy,A
Ip.Man.2008__#00-21-43_00-23-13_label_A__2.npy,A
Ip.Man.2008__#00-21-43_00-23-13_label_A__3.npy,A
Ip.Man.2008__#00-21-43_00-23-13_label_A__4.npy,A
Ip.Man.2008__#00-21-43_00-23-13_label_A__5.npy,A
Ip.Man.2008__#00-21-43_00-23-13_label_A__6.npy,A
Ip.Man.2008__#00-21-43_00-23-13_label_A__7.npy,A
Ip.Man.2008__#00-21-43_00-23-13_label_A__8.npy,A
Ip.Man.2008__#00-21-43_00-23-13_label_A__9.npy,A
Yellow.Sea.2010__#00-43-00_00-43-51_label_A__0.npy,A
Yellow.Sea.2010__#00-43-00_00-43-51_label_A__1.npy,A
Yellow.Sea.2010__#00-43-00_00-43-51_label_A__2.npy,A
Yellow.Sea.2010__#00-43-00_00-43-51_label_A__3.npy,A
Yellow.Sea.2010__#00-43-00_00-43-51_label_A__4.npy,A
Yellow.Sea.2010__#00-43-00_00-43-51_label_A__5.npy,A
Yellow.Sea.2010__#00-43-00_00-43-51_label_A__6.npy,A
Yellow.Sea.2010__#00-43-00_00-43-51_label_A__7.npy,A
Yellow.Sea.2010__#00-43-00_00-43-51_label_A__8.npy,A
Yellow.Sea.2010__#00-43-00_00-43-51_label_A__9.npy,A
About.Time.2013__#00-04-20_00-05-35_label_A__0.npy,A
About.Time.2013__#00-04-20_00-05-35_label_A__1.npy,A
About.Time.2013__#00-04-20_00-05-35_label_A__2.npy,A
About.Time.2013__#00-04-20_00-05-35_label_A__3.npy,A
About.Time.2013__#00-04-20_00-05-35_label_A__4.npy,A
About.Time.2013__#00-04-20_00-05-35_label_A__5.npy,A
About.Time.2013__#00-04-20_00-05-35_label_A__6.npy,A
About.Time.2013__#00-04-20_00-05-35_label_A__7.npy,A
About.Time.2013__#00-04-20_00-05-35_label_A__8.npy,A
About.Time.2013__#00-04-20_00-05-35_label_A__9.npy,A
v=i-7xMY-jkK4__#1_label_A__0.npy,A
v=i-7xMY-jkK4__#1_label_A__1.npy,A
v=i-7xMY-jkK4__#1_label_A__2.npy,A
v=i-7xMY-jkK4__#1_label_A__3.npy,A
v=i-7xMY-jkK4__#1_label_A__4.npy,A
v=i-7xMY-jkK4__#1_label_A__5.npy,A
v=i-7xMY-jkK4__#1_label_A__6.npy,A
v=i-7xMY-jkK4__#1_label_A__7.npy,A
v=i-7xMY-jkK4__#1_label_A__8.npy,A
v=i-7xMY-jkK4__#1_label_A__9.npy,A
Your.Name.2016__#00-36-52_00-41-00_label_A__0.npy,A
Your.Name.2016__#00-36-52_00-41-00_label_A__1.npy,A
Your.Name.2016__#00-36-52_00-41-00_label_A__2.npy,A
Your.Name.2016__#00-36-52_00-41-00_label_A__3.npy,A
Your.Name.2016__#00-36-52_00-41-00_label_A__4.npy,A
Your.Name.2016__#00-36-52_00-41-00_label_A__5.npy,A
Your.Name.2016__#00-36-52_00-41-00_label_A__6.npy,A
Your.Name.2016__#00-36-52_00-41-00_label_A__7.npy,A
Your.Name.2016__#00-36-52_00-41-00_label_A__8.npy,A
Your.Name.2016__#00-36-52_00-41-00_label_A__9.npy,A
Flipped.2010__#00-03-00_00-04-05_label_A__0.npy,A
Flipped.2010__#00-03-00_00-04-05_label_A__1.npy,A
Flipped.2010__#00-03-00_00-04-05_label_A__2.npy,A
Flipped.2010__#00-03-00_00-04-05_label_A__3.npy,A
Flipped.2010__#00-03-00_00-04-05_label_A__4.npy,A
Flipped.2010__#00-03-00_00-04-05_label_A__5.npy,A
Flipped.2010__#00-03-00_00-04-05_label_A__6.npy,A
Flipped.2010__#00-03-00_00-04-05_label_A__7.npy,A
Flipped.2010__#00-03-00_00-04-05_label_A__8.npy,A
Flipped.2010__#00-03-00_00-04-05_label_A__9.npy,A
Young.And.Dangerous.III.1996__#01-26-23_01-27-23_label_A__0.npy,A
Young.And.Dangerous.III.1996__#01-26-23_01-27-23_label_A__1.npy,A
Young.And.Dangerous.III.1996__#01-26-23_01-27-23_label_A__2.npy,A
Young.And.Dangerous.III.1996__#01-26-23_01-27-23_label_A__3.npy,A
Young.And.Dangerous.III.1996__#01-26-23_01-27-23_label_A__4.npy,A
Young.And.Dangerous.III.1996__#01-26-23_01-27-23_label_A__5.npy,A
Young.And.Dangerous.III.1996__#01-26-23_01-27-23_label_A__6.npy,A
Young.And.Dangerous.III.1996__#01-26-23_01-27-23_label_A__7.npy,A
Young.And.Dangerous.III.1996__#01-26-23_01-27-23_label_A__8.npy,A
Young.And.Dangerous.III.1996__#01-26-23_01-27-23_label_A__9.npy,A
The.Fast.and.the.Furious.2001__#00-12-42_00-13-45_label_A__0.npy,A
The.Fast.and.the.Furious.2001__#00-12-42_00-13-45_label_A__1.npy,A
The.Fast.and.the.Furious.2001__#00-12-42_00-13-45_label_A__2.npy,A
The.Fast.and.the.Furious.2001__#00-12-42_00-13-45_label_A__3.npy,A
The.Fast.and.the.Furious.2001__#00-12-42_00-13-45_label_A__4.npy,A
The.Fast.and.the.Furious.2001__#00-12-42_00-13-45_label_A__5.npy,A
The.Fast.and.the.Furious.2001__#00-12-42_00-13-45_label_A__6.npy,A
The.Fast.and.the.Furious.2001__#00-12-42_00-13-45_label_A__7.npy,A
The.Fast.and.the.Furious.2001__#00-12-42_00-13-45_label_A__8.npy,A
The.Fast.and.the.Furious.2001__#00-12-42_00-13-45_label_A__9.npy,A
The.Intouchables.2011__#01-30-25_01-33-56_label_A__0.npy,A
The.Intouchables.2011__#01-30-25_01-33-56_label_A__1.npy,A
The.Intouchables.2011__#01-30-25_01-33-56_label_A__2.npy,A
The.Intouchables.2011__#01-30-25_01-33-56_label_A__3.npy,A
The.Intouchables.2011__#01-30-25_01-33-56_label_A__4.npy,A
The.Intouchables.2011__#01-30-25_01-33-56_label_A__5.npy,A
The.Intouchables.2011__#01-30-25_01-33-56_label_A__6.npy,A
The.Intouchables.2011__#01-30-25_01-33-56_label_A__7.npy,A
The.Intouchables.2011__#01-30-25_01-33-56_label_A__8.npy,A
The.Intouchables.2011__#01-30-25_01-33-56_label_A__9.npy,A
A.Beautiful.Mind.2001__#01-39-05_01-41-00_label_A__0.npy,A
A.Beautiful.Mind.2001__#01-39-05_01-41-00_label_A__1.npy,A
A.Beautiful.Mind.2001__#01-39-05_01-41-00_label_A__2.npy,A
A.Beautiful.Mind.2001__#01-39-05_01-41-00_label_A__3.npy,A
A.Beautiful.Mind.2001__#01-39-05_01-41-00_label_A__4.npy,A
A.Beautiful.Mind.2001__#01-39-05_01-41-00_label_A__5.npy,A
A.Beautiful.Mind.2001__#01-39-05_01-41-00_label_A__6.npy,A
A.Beautiful.Mind.2001__#01-39-05_01-41-00_label_A__7.npy,A
A.Beautiful.Mind.2001__#01-39-05_01-41-00_label_A__8.npy,A
A.Beautiful.Mind.2001__#01-39-05_01-41-00_label_A__9.npy,A
Hot.Fuzz.2007__#00-02-45_00-05-20_label_A__0.npy,A
Hot.Fuzz.2007__#00-02-45_00-05-20_label_A__1.npy,A
Hot.Fuzz.2007__#00-02-45_00-05-20_label_A__2.npy,A
Hot.Fuzz.2007__#00-02-45_00-05-20_label_A__3.npy,A
Hot.Fuzz.2007__#00-02-45_00-05-20_label_A__4.npy,A
Hot.Fuzz.2007__#00-02-45_00-05-20_label_A__5.npy,A
Hot.Fuzz.2007__#00-02-45_00-05-20_label_A__6.npy,A
Hot.Fuzz.2007__#00-02-45_00-05-20_label_A__7.npy,A
Hot.Fuzz.2007__#00-02-45_00-05-20_label_A__8.npy,A
Hot.Fuzz.2007__#00-02-45_00-05-20_label_A__9.npy,A
v=qV4YYnXdQCc__#00-12-00_00-15-00_label_A__0.npy,A
v=qV4YYnXdQCc__#00-12-00_00-15-00_label_A__1.npy,A
v=qV4YYnXdQCc__#00-12-00_00-15-00_label_A__2.npy,A
v=qV4YYnXdQCc__#00-12-00_00-15-00_label_A__3.npy,A
v=qV4YYnXdQCc__#00-12-00_00-15-00_label_A__4.npy,A
v=qV4YYnXdQCc__#00-12-00_00-15-00_label_A__5.npy,A
v=qV4YYnXdQCc__#00-12-00_00-15-00_label_A__6.npy,A
v=qV4YYnXdQCc__#00-12-00_00-15-00_label_A__7.npy,A
v=qV4YYnXdQCc__#00-12-00_00-15-00_label_A__8.npy,A
v=qV4YYnXdQCc__#00-12-00_00-15-00_label_A__9.npy,A
v=vsI_pKNcgeQ__#00-24-00_00-27-00_label_A__0.npy,A
v=vsI_pKNcgeQ__#00-24-00_00-27-00_label_A__1.npy,A
v=vsI_pKNcgeQ__#00-24-00_00-27-00_label_A__2.npy,A
v=vsI_pKNcgeQ__#00-24-00_00-27-00_label_A__3.npy,A
v=vsI_pKNcgeQ__#00-24-00_00-27-00_label_A__4.npy,A
v=vsI_pKNcgeQ__#00-24-00_00-27-00_label_A__5.npy,A
v=vsI_pKNcgeQ__#00-24-00_00-27-00_label_A__6.npy,A
v=vsI_pKNcgeQ__#00-24-00_00-27-00_label_A__7.npy,A
v=vsI_pKNcgeQ__#00-24-00_00-27-00_label_A__8.npy,A
v=vsI_pKNcgeQ__#00-24-00_00-27-00_label_A__9.npy,A
v=2BYoPUOXhVA__#1_label_A__0.npy,A
v=2BYoPUOXhVA__#1_label_A__1.npy,A
v=2BYoPUOXhVA__#1_label_A__2.npy,A
v=2BYoPUOXhVA__#1_label_A__3.npy,A
v=2BYoPUOXhVA__#1_label_A__4.npy,A
v=2BYoPUOXhVA__#1_label_A__5.npy,A
v=2BYoPUOXhVA__#1_label_A__6.npy,A
v=2BYoPUOXhVA__#1_label_A__7.npy,A
v=2BYoPUOXhVA__#1_label_A__8.npy,A
v=2BYoPUOXhVA__#1_label_A__9.npy,A
v=AEGd3eft49s__#1_label_A__0.npy,A
v=AEGd3eft49s__#1_label_A__1.npy,A
v=AEGd3eft49s__#1_label_A__2.npy,A
v=AEGd3eft49s__#1_label_A__3.npy,A
v=AEGd3eft49s__#1_label_A__4.npy,A
v=AEGd3eft49s__#1_label_A__5.npy,A
v=AEGd3eft49s__#1_label_A__6.npy,A
v=AEGd3eft49s__#1_label_A__7.npy,A
v=AEGd3eft49s__#1_label_A__8.npy,A
v=AEGd3eft49s__#1_label_A__9.npy,A
The.Intouchables.2011__#00-45-40_00-47-30_label_A__0.npy,A
The.Intouchables.2011__#00-45-40_00-47-30_label_A__1.npy,A
The.Intouchables.2011__#00-45-40_00-47-30_label_A__2.npy,A
The.Intouchables.2011__#00-45-40_00-47-30_label_A__3.npy,A
The.Intouchables.2011__#00-45-40_00-47-30_label_A__4.npy,A
The.Intouchables.2011__#00-45-40_00-47-30_label_A__5.npy,A
The.Intouchables.2011__#00-45-40_00-47-30_label_A__6.npy,A
The.Intouchables.2011__#00-45-40_00-47-30_label_A__7.npy,A
The.Intouchables.2011__#00-45-40_00-47-30_label_A__8.npy,A
The.Intouchables.2011__#00-45-40_00-47-30_label_A__9.npy,A
v=jltJrNKnrNQ__#1_label_A__0.npy,A
v=jltJrNKnrNQ__#1_label_A__1.npy,A
v=jltJrNKnrNQ__#1_label_A__2.npy,A
v=jltJrNKnrNQ__#1_label_A__3.npy,A
v=jltJrNKnrNQ__#1_label_A__4.npy,A
v=jltJrNKnrNQ__#1_label_A__5.npy,A
v=jltJrNKnrNQ__#1_label_A__6.npy,A
v=jltJrNKnrNQ__#1_label_A__7.npy,A
v=jltJrNKnrNQ__#1_label_A__8.npy,A
v=jltJrNKnrNQ__#1_label_A__9.npy,A
v=SdYFFo_tsfk__#01-36-00_01-42-00_label_A__0.npy,A
v=SdYFFo_tsfk__#01-36-00_01-42-00_label_A__1.npy,A
v=SdYFFo_tsfk__#01-36-00_01-42-00_label_A__2.npy,A
v=SdYFFo_tsfk__#01-36-00_01-42-00_label_A__3.npy,A
v=SdYFFo_tsfk__#01-36-00_01-42-00_label_A__4.npy,A
v=SdYFFo_tsfk__#01-36-00_01-42-00_label_A__5.npy,A
v=SdYFFo_tsfk__#01-36-00_01-42-00_label_A__6.npy,A
v=SdYFFo_tsfk__#01-36-00_01-42-00_label_A__7.npy,A
v=SdYFFo_tsfk__#01-36-00_01-42-00_label_A__8.npy,A
v=SdYFFo_tsfk__#01-36-00_01-42-00_label_A__9.npy,A
Brick.Mansions.2014__#00-01-26_00-02-19_label_A__0.npy,A
Brick.Mansions.2014__#00-01-26_00-02-19_label_A__1.npy,A
Brick.Mansions.2014__#00-01-26_00-02-19_label_A__2.npy,A
Brick.Mansions.2014__#00-01-26_00-02-19_label_A__3.npy,A
Brick.Mansions.2014__#00-01-26_00-02-19_label_A__4.npy,A
Brick.Mansions.2014__#00-01-26_00-02-19_label_A__5.npy,A
Brick.Mansions.2014__#00-01-26_00-02-19_label_A__6.npy,A
Brick.Mansions.2014__#00-01-26_00-02-19_label_A__7.npy,A
Brick.Mansions.2014__#00-01-26_00-02-19_label_A__8.npy,A
Brick.Mansions.2014__#00-01-26_00-02-19_label_A__9.npy,A
God.Bless.America.2011__#00-14-02_00-18-05_label_A__0.npy,A
God.Bless.America.2011__#00-14-02_00-18-05_label_A__1.npy,A
God.Bless.America.2011__#00-14-02_00-18-05_label_A__2.npy,A
God.Bless.America.2011__#00-14-02_00-18-05_label_A__3.npy,A
God.Bless.America.2011__#00-14-02_00-18-05_label_A__4.npy,A
God.Bless.America.2011__#00-14-02_00-18-05_label_A__5.npy,A
God.Bless.America.2011__#00-14-02_00-18-05_label_A__6.npy,A
God.Bless.America.2011__#00-14-02_00-18-05_label_A__7.npy,A
God.Bless.America.2011__#00-14-02_00-18-05_label_A__8.npy,A
God.Bless.America.2011__#00-14-02_00-18-05_label_A__9.npy,A
City.of.God.2002__#00-34-55_00-35-50_label_A__0.npy,A
City.of.God.2002__#00-34-55_00-35-50_label_A__1.npy,A
City.of.God.2002__#00-34-55_00-35-50_label_A__2.npy,A
City.of.God.2002__#00-34-55_00-35-50_label_A__3.npy,A
City.of.God.2002__#00-34-55_00-35-50_label_A__4.npy,A
City.of.God.2002__#00-34-55_00-35-50_label_A__5.npy,A
City.of.God.2002__#00-34-55_00-35-50_label_A__6.npy,A
City.of.God.2002__#00-34-55_00-35-50_label_A__7.npy,A
City.of.God.2002__#00-34-55_00-35-50_label_A__8.npy,A
City.of.God.2002__#00-34-55_00-35-50_label_A__9.npy,A
Hear.Me.2009__#01-02-18_01-03-10_label_A__0.npy,A
Hear.Me.2009__#01-02-18_01-03-10_label_A__1.npy,A
Hear.Me.2009__#01-02-18_01-03-10_label_A__2.npy,A
Hear.Me.2009__#01-02-18_01-03-10_label_A__3.npy,A
Hear.Me.2009__#01-02-18_01-03-10_label_A__4.npy,A
Hear.Me.2009__#01-02-18_01-03-10_label_A__5.npy,A
Hear.Me.2009__#01-02-18_01-03-10_label_A__6.npy,A
Hear.Me.2009__#01-02-18_01-03-10_label_A__7.npy,A
Hear.Me.2009__#01-02-18_01-03-10_label_A__8.npy,A
Hear.Me.2009__#01-02-18_01-03-10_label_A__9.npy,A
v=2QASTfhFPZs__#1_label_A__0.npy,A
v=2QASTfhFPZs__#1_label_A__1.npy,A
v=2QASTfhFPZs__#1_label_A__2.npy,A
v=2QASTfhFPZs__#1_label_A__3.npy,A
v=2QASTfhFPZs__#1_label_A__4.npy,A
v=2QASTfhFPZs__#1_label_A__5.npy,A
v=2QASTfhFPZs__#1_label_A__6.npy,A
v=2QASTfhFPZs__#1_label_A__7.npy,A
v=2QASTfhFPZs__#1_label_A__8.npy,A
v=2QASTfhFPZs__#1_label_A__9.npy,A
The.Intouchables.2011__#00-08-55_00-10-50_label_A__0.npy,A
The.Intouchables.2011__#00-08-55_00-10-50_label_A__1.npy,A
The.Intouchables.2011__#00-08-55_00-10-50_label_A__2.npy,A
The.Intouchables.2011__#00-08-55_00-10-50_label_A__3.npy,A
The.Intouchables.2011__#00-08-55_00-10-50_label_A__4.npy,A
The.Intouchables.2011__#00-08-55_00-10-50_label_A__5.npy,A
The.Intouchables.2011__#00-08-55_00-10-50_label_A__6.npy,A
The.Intouchables.2011__#00-08-55_00-10-50_label_A__7.npy,A
The.Intouchables.2011__#00-08-55_00-10-50_label_A__8.npy,A
The.Intouchables.2011__#00-08-55_00-10-50_label_A__9.npy,A
Fast.Furious.6.2013__#00-06-50_00-08-50_label_A__0.npy,A
Fast.Furious.6.2013__#00-06-50_00-08-50_label_A__1.npy,A
Fast.Furious.6.2013__#00-06-50_00-08-50_label_A__2.npy,A
Fast.Furious.6.2013__#00-06-50_00-08-50_label_A__3.npy,A
Fast.Furious.6.2013__#00-06-50_00-08-50_label_A__4.npy,A
Fast.Furious.6.2013__#00-06-50_00-08-50_label_A__5.npy,A
Fast.Furious.6.2013__#00-06-50_00-08-50_label_A__6.npy,A
Fast.Furious.6.2013__#00-06-50_00-08-50_label_A__7.npy,A
Fast.Furious.6.2013__#00-06-50_00-08-50_label_A__8.npy,A
Fast.Furious.6.2013__#00-06-50_00-08-50_label_A__9.npy,A
v=AqFWYZsOgWY__#00-15-00_00-18-00_label_A__0.npy,A
v=AqFWYZsOgWY__#00-15-00_00-18-00_label_A__1.npy,A
v=AqFWYZsOgWY__#00-15-00_00-18-00_label_A__2.npy,A
v=AqFWYZsOgWY__#00-15-00_00-18-00_label_A__3.npy,A
v=AqFWYZsOgWY__#00-15-00_00-18-00_label_A__4.npy,A
v=AqFWYZsOgWY__#00-15-00_00-18-00_label_A__5.npy,A
v=AqFWYZsOgWY__#00-15-00_00-18-00_label_A__6.npy,A
v=AqFWYZsOgWY__#00-15-00_00-18-00_label_A__7.npy,A
v=AqFWYZsOgWY__#00-15-00_00-18-00_label_A__8.npy,A
v=AqFWYZsOgWY__#00-15-00_00-18-00_label_A__9.npy,A
v=AqFWYZsOgWY__#00-45-00_00-47-33_label_A__0.npy,A
v=AqFWYZsOgWY__#00-45-00_00-47-33_label_A__1.npy,A
v=AqFWYZsOgWY__#00-45-00_00-47-33_label_A__2.npy,A
v=AqFWYZsOgWY__#00-45-00_00-47-33_label_A__3.npy,A
v=AqFWYZsOgWY__#00-45-00_00-47-33_label_A__4.npy,A
v=AqFWYZsOgWY__#00-45-00_00-47-33_label_A__5.npy,A
v=AqFWYZsOgWY__#00-45-00_00-47-33_label_A__6.npy,A
v=AqFWYZsOgWY__#00-45-00_00-47-33_label_A__7.npy,A
v=AqFWYZsOgWY__#00-45-00_00-47-33_label_A__8.npy,A
v=AqFWYZsOgWY__#00-45-00_00-47-33_label_A__9.npy,A
Before.Sunset.2004__#00-25-20_00-29-20_label_A__0.npy,A
Before.Sunset.2004__#00-25-20_00-29-20_label_A__1.npy,A
Before.Sunset.2004__#00-25-20_00-29-20_label_A__2.npy,A
Before.Sunset.2004__#00-25-20_00-29-20_label_A__3.npy,A
Before.Sunset.2004__#00-25-20_00-29-20_label_A__4.npy,A
Before.Sunset.2004__#00-25-20_00-29-20_label_A__5.npy,A
Before.Sunset.2004__#00-25-20_00-29-20_label_A__6.npy,A
Before.Sunset.2004__#00-25-20_00-29-20_label_A__7.npy,A
Before.Sunset.2004__#00-25-20_00-29-20_label_A__8.npy,A
Before.Sunset.2004__#00-25-20_00-29-20_label_A__9.npy,A
Bad.Boys.1995__#01-00-02_01-01-39_label_A__0.npy,A
Bad.Boys.1995__#01-00-02_01-01-39_label_A__1.npy,A
Bad.Boys.1995__#01-00-02_01-01-39_label_A__2.npy,A
Bad.Boys.1995__#01-00-02_01-01-39_label_A__3.npy,A
Bad.Boys.1995__#01-00-02_01-01-39_label_A__4.npy,A
Bad.Boys.1995__#01-00-02_01-01-39_label_A__5.npy,A
Bad.Boys.1995__#01-00-02_01-01-39_label_A__6.npy,A
Bad.Boys.1995__#01-00-02_01-01-39_label_A__7.npy,A
Bad.Boys.1995__#01-00-02_01-01-39_label_A__8.npy,A
Bad.Boys.1995__#01-00-02_01-01-39_label_A__9.npy,A
v=idykp_5eT-4__#1_label_A__0.npy,A
v=idykp_5eT-4__#1_label_A__1.npy,A
v=idykp_5eT-4__#1_label_A__2.npy,A
v=idykp_5eT-4__#1_label_A__3.npy,A
v=idykp_5eT-4__#1_label_A__4.npy,A
v=idykp_5eT-4__#1_label_A__5.npy,A
v=idykp_5eT-4__#1_label_A__6.npy,A
v=idykp_5eT-4__#1_label_A__7.npy,A
v=idykp_5eT-4__#1_label_A__8.npy,A
v=idykp_5eT-4__#1_label_A__9.npy,A
v=NRgFEYhOqIk__#1_label_A__0.npy,A
v=NRgFEYhOqIk__#1_label_A__1.npy,A
v=NRgFEYhOqIk__#1_label_A__2.npy,A
v=NRgFEYhOqIk__#1_label_A__3.npy,A
v=NRgFEYhOqIk__#1_label_A__4.npy,A
v=NRgFEYhOqIk__#1_label_A__5.npy,A
v=NRgFEYhOqIk__#1_label_A__6.npy,A
v=NRgFEYhOqIk__#1_label_A__7.npy,A
v=NRgFEYhOqIk__#1_label_A__8.npy,A
v=NRgFEYhOqIk__#1_label_A__9.npy,A
v=jcfySB0HdEU__#1_label_A__0.npy,A
v=jcfySB0HdEU__#1_label_A__1.npy,A
v=jcfySB0HdEU__#1_label_A__2.npy,A
v=jcfySB0HdEU__#1_label_A__3.npy,A
v=jcfySB0HdEU__#1_label_A__4.npy,A
v=jcfySB0HdEU__#1_label_A__5.npy,A
v=jcfySB0HdEU__#1_label_A__6.npy,A
v=jcfySB0HdEU__#1_label_A__7.npy,A
v=jcfySB0HdEU__#1_label_A__8.npy,A
v=jcfySB0HdEU__#1_label_A__9.npy,A
The.Attorney.2013__#00-33-52_00-36-00_label_A__0.npy,A
The.Attorney.2013__#00-33-52_00-36-00_label_A__1.npy,A
The.Attorney.2013__#00-33-52_00-36-00_label_A__2.npy,A
The.Attorney.2013__#00-33-52_00-36-00_label_A__3.npy,A
The.Attorney.2013__#00-33-52_00-36-00_label_A__4.npy,A
The.Attorney.2013__#00-33-52_00-36-00_label_A__5.npy,A
The.Attorney.2013__#00-33-52_00-36-00_label_A__6.npy,A
The.Attorney.2013__#00-33-52_00-36-00_label_A__7.npy,A
The.Attorney.2013__#00-33-52_00-36-00_label_A__8.npy,A
The.Attorney.2013__#00-33-52_00-36-00_label_A__9.npy,A
v=IINQLoXI7gc__#1_label_A__0.npy,A
v=IINQLoXI7gc__#1_label_A__1.npy,A
v=IINQLoXI7gc__#1_label_A__2.npy,A
v=IINQLoXI7gc__#1_label_A__3.npy,A
v=IINQLoXI7gc__#1_label_A__4.npy,A
v=IINQLoXI7gc__#1_label_A__5.npy,A
v=IINQLoXI7gc__#1_label_A__6.npy,A
v=IINQLoXI7gc__#1_label_A__7.npy,A
v=IINQLoXI7gc__#1_label_A__8.npy,A
v=IINQLoXI7gc__#1_label_A__9.npy,A
Good.Will.Hunting.1997__#01-58-20_02-01-10_label_A__0.npy,A
Good.Will.Hunting.1997__#01-58-20_02-01-10_label_A__1.npy,A
Good.Will.Hunting.1997__#01-58-20_02-01-10_label_A__2.npy,A
Good.Will.Hunting.1997__#01-58-20_02-01-10_label_A__3.npy,A
Good.Will.Hunting.1997__#01-58-20_02-01-10_label_A__4.npy,A
Good.Will.Hunting.1997__#01-58-20_02-01-10_label_A__5.npy,A
Good.Will.Hunting.1997__#01-58-20_02-01-10_label_A__6.npy,A
Good.Will.Hunting.1997__#01-58-20_02-01-10_label_A__7.npy,A
Good.Will.Hunting.1997__#01-58-20_02-01-10_label_A__8.npy,A
Good.Will.Hunting.1997__#01-58-20_02-01-10_label_A__9.npy,A
v=5Rtsav021Rs__#00-03-00_00-06-00_label_A__0.npy,A
v=5Rtsav021Rs__#00-03-00_00-06-00_label_A__1.npy,A
v=5Rtsav021Rs__#00-03-00_00-06-00_label_A__2.npy,A
v=5Rtsav021Rs__#00-03-00_00-06-00_label_A__3.npy,A
v=5Rtsav021Rs__#00-03-00_00-06-00_label_A__4.npy,A
v=5Rtsav021Rs__#00-03-00_00-06-00_label_A__5.npy,A
v=5Rtsav021Rs__#00-03-00_00-06-00_label_A__6.npy,A
v=5Rtsav021Rs__#00-03-00_00-06-00_label_A__7.npy,A
v=5Rtsav021Rs__#00-03-00_00-06-00_label_A__8.npy,A
v=5Rtsav021Rs__#00-03-00_00-06-00_label_A__9.npy,A
Shoplifters.2018__#00-11-00_00-15-08_label_A__0.npy,A
Shoplifters.2018__#00-11-00_00-15-08_label_A__1.npy,A
Shoplifters.2018__#00-11-00_00-15-08_label_A__2.npy,A
Shoplifters.2018__#00-11-00_00-15-08_label_A__3.npy,A
Shoplifters.2018__#00-11-00_00-15-08_label_A__4.npy,A
Shoplifters.2018__#00-11-00_00-15-08_label_A__5.npy,A
Shoplifters.2018__#00-11-00_00-15-08_label_A__6.npy,A
Shoplifters.2018__#00-11-00_00-15-08_label_A__7.npy,A
Shoplifters.2018__#00-11-00_00-15-08_label_A__8.npy,A
Shoplifters.2018__#00-11-00_00-15-08_label_A__9.npy,A
About.Time.2013__#01-39-05_01-46-40_label_A__0.npy,A
About.Time.2013__#01-39-05_01-46-40_label_A__1.npy,A
About.Time.2013__#01-39-05_01-46-40_label_A__2.npy,A
About.Time.2013__#01-39-05_01-46-40_label_A__3.npy,A
About.Time.2013__#01-39-05_01-46-40_label_A__4.npy,A
About.Time.2013__#01-39-05_01-46-40_label_A__5.npy,A
About.Time.2013__#01-39-05_01-46-40_label_A__6.npy,A
About.Time.2013__#01-39-05_01-46-40_label_A__7.npy,A
About.Time.2013__#01-39-05_01-46-40_label_A__8.npy,A
About.Time.2013__#01-39-05_01-46-40_label_A__9.npy,A
v=eTMszLFSMh8__#1_label_A__0.npy,A
v=eTMszLFSMh8__#1_label_A__1.npy,A
v=eTMszLFSMh8__#1_label_A__2.npy,A
v=eTMszLFSMh8__#1_label_A__3.npy,A
v=eTMszLFSMh8__#1_label_A__4.npy,A
v=eTMszLFSMh8__#1_label_A__5.npy,A
v=eTMszLFSMh8__#1_label_A__6.npy,A
v=eTMszLFSMh8__#1_label_A__7.npy,A
v=eTMszLFSMh8__#1_label_A__8.npy,A
v=eTMszLFSMh8__#1_label_A__9.npy,A
The.Bourne.Supremacy.2004__#0-19-58_0-20-30_label_A__0.npy,A
The.Bourne.Supremacy.2004__#0-19-58_0-20-30_label_A__1.npy,A
The.Bourne.Supremacy.2004__#0-19-58_0-20-30_label_A__2.npy,A
The.Bourne.Supremacy.2004__#0-19-58_0-20-30_label_A__3.npy,A
The.Bourne.Supremacy.2004__#0-19-58_0-20-30_label_A__4.npy,A
The.Bourne.Supremacy.2004__#0-19-58_0-20-30_label_A__5.npy,A
The.Bourne.Supremacy.2004__#0-19-58_0-20-30_label_A__6.npy,A
The.Bourne.Supremacy.2004__#0-19-58_0-20-30_label_A__7.npy,A
The.Bourne.Supremacy.2004__#0-19-58_0-20-30_label_A__8.npy,A
The.Bourne.Supremacy.2004__#0-19-58_0-20-30_label_A__9.npy,A
Gladiator.2000__#00-02-03_00-04-28_label_A__0.npy,A
Gladiator.2000__#00-02-03_00-04-28_label_A__1.npy,A
Gladiator.2000__#00-02-03_00-04-28_label_A__2.npy,A
Gladiator.2000__#00-02-03_00-04-28_label_A__3.npy,A
Gladiator.2000__#00-02-03_00-04-28_label_A__4.npy,A
Gladiator.2000__#00-02-03_00-04-28_label_A__5.npy,A
Gladiator.2000__#00-02-03_00-04-28_label_A__6.npy,A
Gladiator.2000__#00-02-03_00-04-28_label_A__7.npy,A
Gladiator.2000__#00-02-03_00-04-28_label_A__8.npy,A
Gladiator.2000__#00-02-03_00-04-28_label_A__9.npy,A
v=IZrdW4XKHYU__#1_label_A__0.npy,A
v=IZrdW4XKHYU__#1_label_A__1.npy,A
v=IZrdW4XKHYU__#1_label_A__2.npy,A
v=IZrdW4XKHYU__#1_label_A__3.npy,A
v=IZrdW4XKHYU__#1_label_A__4.npy,A
v=IZrdW4XKHYU__#1_label_A__5.npy,A
v=IZrdW4XKHYU__#1_label_A__6.npy,A
v=IZrdW4XKHYU__#1_label_A__7.npy,A
v=IZrdW4XKHYU__#1_label_A__8.npy,A
v=IZrdW4XKHYU__#1_label_A__9.npy,A
Kill.Bill.Vol.1.2003__#01-41-50_01-42-50_label_A__0.npy,A
Kill.Bill.Vol.1.2003__#01-41-50_01-42-50_label_A__1.npy,A
Kill.Bill.Vol.1.2003__#01-41-50_01-42-50_label_A__2.npy,A
Kill.Bill.Vol.1.2003__#01-41-50_01-42-50_label_A__3.npy,A
Kill.Bill.Vol.1.2003__#01-41-50_01-42-50_label_A__4.npy,A
Kill.Bill.Vol.1.2003__#01-41-50_01-42-50_label_A__5.npy,A
Kill.Bill.Vol.1.2003__#01-41-50_01-42-50_label_A__6.npy,A
Kill.Bill.Vol.1.2003__#01-41-50_01-42-50_label_A__7.npy,A
Kill.Bill.Vol.1.2003__#01-41-50_01-42-50_label_A__8.npy,A
Kill.Bill.Vol.1.2003__#01-41-50_01-42-50_label_A__9.npy,A
v=ozDDYcyrCNE__#1_label_A__0.npy,A
v=ozDDYcyrCNE__#1_label_A__1.npy,A
v=ozDDYcyrCNE__#1_label_A__2.npy,A
v=ozDDYcyrCNE__#1_label_A__3.npy,A
v=ozDDYcyrCNE__#1_label_A__4.npy,A
v=ozDDYcyrCNE__#1_label_A__5.npy,A
v=ozDDYcyrCNE__#1_label_A__6.npy,A
v=ozDDYcyrCNE__#1_label_A__7.npy,A
v=ozDDYcyrCNE__#1_label_A__8.npy,A
v=ozDDYcyrCNE__#1_label_A__9.npy,A
Good.Will.Hunting.1997__#00-05-52_00-08-22_label_A__0.npy,A
Good.Will.Hunting.1997__#00-05-52_00-08-22_label_A__1.npy,A
Good.Will.Hunting.1997__#00-05-52_00-08-22_label_A__2.npy,A
Good.Will.Hunting.1997__#00-05-52_00-08-22_label_A__3.npy,A
Good.Will.Hunting.1997__#00-05-52_00-08-22_label_A__4.npy,A
Good.Will.Hunting.1997__#00-05-52_00-08-22_label_A__5.npy,A
Good.Will.Hunting.1997__#00-05-52_00-08-22_label_A__6.npy,A
Good.Will.Hunting.1997__#00-05-52_00-08-22_label_A__7.npy,A
Good.Will.Hunting.1997__#00-05-52_00-08-22_label_A__8.npy,A
Good.Will.Hunting.1997__#00-05-52_00-08-22_label_A__9.npy,A
Taken.Extended.Cut.2008__#01-27-31_01-28-02_label_A__0.npy,A
Taken.Extended.Cut.2008__#01-27-31_01-28-02_label_A__1.npy,A
Taken.Extended.Cut.2008__#01-27-31_01-28-02_label_A__2.npy,A
Taken.Extended.Cut.2008__#01-27-31_01-28-02_label_A__3.npy,A
Taken.Extended.Cut.2008__#01-27-31_01-28-02_label_A__4.npy,A
Taken.Extended.Cut.2008__#01-27-31_01-28-02_label_A__5.npy,A
Taken.Extended.Cut.2008__#01-27-31_01-28-02_label_A__6.npy,A
Taken.Extended.Cut.2008__#01-27-31_01-28-02_label_A__7.npy,A
Taken.Extended.Cut.2008__#01-27-31_01-28-02_label_A__8.npy,A
Taken.Extended.Cut.2008__#01-27-31_01-28-02_label_A__9.npy,A
GoldenEye.1995__#01-25-54_01-26-53_label_A__0.npy,A
GoldenEye.1995__#01-25-54_01-26-53_label_A__1.npy,A
GoldenEye.1995__#01-25-54_01-26-53_label_A__2.npy,A
GoldenEye.1995__#01-25-54_01-26-53_label_A__3.npy,A
GoldenEye.1995__#01-25-54_01-26-53_label_A__4.npy,A
GoldenEye.1995__#01-25-54_01-26-53_label_A__5.npy,A
GoldenEye.1995__#01-25-54_01-26-53_label_A__6.npy,A
GoldenEye.1995__#01-25-54_01-26-53_label_A__7.npy,A
GoldenEye.1995__#01-25-54_01-26-53_label_A__8.npy,A
GoldenEye.1995__#01-25-54_01-26-53_label_A__9.npy,A
v=MyM5G7fo7Gg__#00-30-00_00-33-00_label_A__0.npy,A
v=MyM5G7fo7Gg__#00-30-00_00-33-00_label_A__1.npy,A
v=MyM5G7fo7Gg__#00-30-00_00-33-00_label_A__2.npy,A
v=MyM5G7fo7Gg__#00-30-00_00-33-00_label_A__3.npy,A
v=MyM5G7fo7Gg__#00-30-00_00-33-00_label_A__4.npy,A
v=MyM5G7fo7Gg__#00-30-00_00-33-00_label_A__5.npy,A
v=MyM5G7fo7Gg__#00-30-00_00-33-00_label_A__6.npy,A
v=MyM5G7fo7Gg__#00-30-00_00-33-00_label_A__7.npy,A
v=MyM5G7fo7Gg__#00-30-00_00-33-00_label_A__8.npy,A
v=MyM5G7fo7Gg__#00-30-00_00-33-00_label_A__9.npy,A
v=vFPQ_NiDBIU__#01-18-00_01-24-00_label_A__0.npy,A
v=vFPQ_NiDBIU__#01-18-00_01-24-00_label_A__1.npy,A
v=vFPQ_NiDBIU__#01-18-00_01-24-00_label_A__2.npy,A
v=vFPQ_NiDBIU__#01-18-00_01-24-00_label_A__3.npy,A
v=vFPQ_NiDBIU__#01-18-00_01-24-00_label_A__4.npy,A
v=vFPQ_NiDBIU__#01-18-00_01-24-00_label_A__5.npy,A
v=vFPQ_NiDBIU__#01-18-00_01-24-00_label_A__6.npy,A
v=vFPQ_NiDBIU__#01-18-00_01-24-00_label_A__7.npy,A
v=vFPQ_NiDBIU__#01-18-00_01-24-00_label_A__8.npy,A
v=vFPQ_NiDBIU__#01-18-00_01-24-00_label_A__9.npy,A
Shoplifters.2018__#00-20-35_00-23-06_label_A__0.npy,A
Shoplifters.2018__#00-20-35_00-23-06_label_A__1.npy,A
Shoplifters.2018__#00-20-35_00-23-06_label_A__2.npy,A
Shoplifters.2018__#00-20-35_00-23-06_label_A__3.npy,A
Shoplifters.2018__#00-20-35_00-23-06_label_A__4.npy,A
Shoplifters.2018__#00-20-35_00-23-06_label_A__5.npy,A
Shoplifters.2018__#00-20-35_00-23-06_label_A__6.npy,A
Shoplifters.2018__#00-20-35_00-23-06_label_A__7.npy,A
Shoplifters.2018__#00-20-35_00-23-06_label_A__8.npy,A
Shoplifters.2018__#00-20-35_00-23-06_label_A__9.npy,A
Braveheart.1995__#02-13-10_02-14-40_label_A__0.npy,A
Braveheart.1995__#02-13-10_02-14-40_label_A__1.npy,A
Braveheart.1995__#02-13-10_02-14-40_label_A__2.npy,A
Braveheart.1995__#02-13-10_02-14-40_label_A__3.npy,A
Braveheart.1995__#02-13-10_02-14-40_label_A__4.npy,A
Braveheart.1995__#02-13-10_02-14-40_label_A__5.npy,A
Braveheart.1995__#02-13-10_02-14-40_label_A__6.npy,A
Braveheart.1995__#02-13-10_02-14-40_label_A__7.npy,A
Braveheart.1995__#02-13-10_02-14-40_label_A__8.npy,A
Braveheart.1995__#02-13-10_02-14-40_label_A__9.npy,A
Love.Death.and.Robots.S01E04__#00-00-53_00-01-40_label_A__0.npy,A
Love.Death.and.Robots.S01E04__#00-00-53_00-01-40_label_A__1.npy,A
Love.Death.and.Robots.S01E04__#00-00-53_00-01-40_label_A__2.npy,A
Love.Death.and.Robots.S01E04__#00-00-53_00-01-40_label_A__3.npy,A
Love.Death.and.Robots.S01E04__#00-00-53_00-01-40_label_A__4.npy,A
Love.Death.and.Robots.S01E04__#00-00-53_00-01-40_label_A__5.npy,A
Love.Death.and.Robots.S01E04__#00-00-53_00-01-40_label_A__6.npy,A
Love.Death.and.Robots.S01E04__#00-00-53_00-01-40_label_A__7.npy,A
Love.Death.and.Robots.S01E04__#00-00-53_00-01-40_label_A__8.npy,A
Love.Death.and.Robots.S01E04__#00-00-53_00-01-40_label_A__9.npy,A
v=2xLtOm67sN0__#1_label_A__0.npy,A
v=2xLtOm67sN0__#1_label_A__1.npy,A
v=2xLtOm67sN0__#1_label_A__2.npy,A
v=2xLtOm67sN0__#1_label_A__3.npy,A
v=2xLtOm67sN0__#1_label_A__4.npy,A
v=2xLtOm67sN0__#1_label_A__5.npy,A
v=2xLtOm67sN0__#1_label_A__6.npy,A
v=2xLtOm67sN0__#1_label_A__7.npy,A
v=2xLtOm67sN0__#1_label_A__8.npy,A
v=2xLtOm67sN0__#1_label_A__9.npy,A
Good.Will.Hunting.1997__#01-50-50_01-52-00_label_A__0.npy,A
Good.Will.Hunting.1997__#01-50-50_01-52-00_label_A__1.npy,A
Good.Will.Hunting.1997__#01-50-50_01-52-00_label_A__2.npy,A
Good.Will.Hunting.1997__#01-50-50_01-52-00_label_A__3.npy,A
Good.Will.Hunting.1997__#01-50-50_01-52-00_label_A__4.npy,A
Good.Will.Hunting.1997__#01-50-50_01-52-00_label_A__5.npy,A
Good.Will.Hunting.1997__#01-50-50_01-52-00_label_A__6.npy,A
Good.Will.Hunting.1997__#01-50-50_01-52-00_label_A__7.npy,A
Good.Will.Hunting.1997__#01-50-50_01-52-00_label_A__8.npy,A
Good.Will.Hunting.1997__#01-50-50_01-52-00_label_A__9.npy,A
Still.Walking.2008__#01-21-00_01-26-08_label_A__0.npy,A
Still.Walking.2008__#01-21-00_01-26-08_label_A__1.npy,A
Still.Walking.2008__#01-21-00_01-26-08_label_A__2.npy,A
Still.Walking.2008__#01-21-00_01-26-08_label_A__3.npy,A
Still.Walking.2008__#01-21-00_01-26-08_label_A__4.npy,A
Still.Walking.2008__#01-21-00_01-26-08_label_A__5.npy,A
Still.Walking.2008__#01-21-00_01-26-08_label_A__6.npy,A
Still.Walking.2008__#01-21-00_01-26-08_label_A__7.npy,A
Still.Walking.2008__#01-21-00_01-26-08_label_A__8.npy,A
Still.Walking.2008__#01-21-00_01-26-08_label_A__9.npy,A
Mission.Impossible.Ghost.Protocol.2011__#01-59-29_02-05-30_label_A__0.npy,A
Mission.Impossible.Ghost.Protocol.2011__#01-59-29_02-05-30_label_A__1.npy,A
Mission.Impossible.Ghost.Protocol.2011__#01-59-29_02-05-30_label_A__2.npy,A
Mission.Impossible.Ghost.Protocol.2011__#01-59-29_02-05-30_label_A__3.npy,A
Mission.Impossible.Ghost.Protocol.2011__#01-59-29_02-05-30_label_A__4.npy,A
Mission.Impossible.Ghost.Protocol.2011__#01-59-29_02-05-30_label_A__5.npy,A
Mission.Impossible.Ghost.Protocol.2011__#01-59-29_02-05-30_label_A__6.npy,A
Mission.Impossible.Ghost.Protocol.2011__#01-59-29_02-05-30_label_A__7.npy,A
Mission.Impossible.Ghost.Protocol.2011__#01-59-29_02-05-30_label_A__8.npy,A
Mission.Impossible.Ghost.Protocol.2011__#01-59-29_02-05-30_label_A__9.npy,A
v=x-Cgkgj5KR0__#00-15-00_00-18-00_label_A__0.npy,A
v=x-Cgkgj5KR0__#00-15-00_00-18-00_label_A__1.npy,A
v=x-Cgkgj5KR0__#00-15-00_00-18-00_label_A__2.npy,A
v=x-Cgkgj5KR0__#00-15-00_00-18-00_label_A__3.npy,A
v=x-Cgkgj5KR0__#00-15-00_00-18-00_label_A__4.npy,A
v=x-Cgkgj5KR0__#00-15-00_00-18-00_label_A__5.npy,A
v=x-Cgkgj5KR0__#00-15-00_00-18-00_label_A__6.npy,A
v=x-Cgkgj5KR0__#00-15-00_00-18-00_label_A__7.npy,A
v=x-Cgkgj5KR0__#00-15-00_00-18-00_label_A__8.npy,A
v=x-Cgkgj5KR0__#00-15-00_00-18-00_label_A__9.npy,A
Law.Abiding.Citizen.2009__#01-14-22_01-14-38_label_A__0.npy,A
Law.Abiding.Citizen.2009__#01-14-22_01-14-38_label_A__1.npy,A
Law.Abiding.Citizen.2009__#01-14-22_01-14-38_label_A__2.npy,A
Law.Abiding.Citizen.2009__#01-14-22_01-14-38_label_A__3.npy,A
Law.Abiding.Citizen.2009__#01-14-22_01-14-38_label_A__4.npy,A
Law.Abiding.Citizen.2009__#01-14-22_01-14-38_label_A__5.npy,A
Law.Abiding.Citizen.2009__#01-14-22_01-14-38_label_A__6.npy,A
Law.Abiding.Citizen.2009__#01-14-22_01-14-38_label_A__7.npy,A
Law.Abiding.Citizen.2009__#01-14-22_01-14-38_label_A__8.npy,A
Law.Abiding.Citizen.2009__#01-14-22_01-14-38_label_A__9.npy,A
v=H7qUxVLMmYk__#1_label_A__0.npy,A
v=H7qUxVLMmYk__#1_label_A__1.npy,A
v=H7qUxVLMmYk__#1_label_A__2.npy,A
v=H7qUxVLMmYk__#1_label_A__3.npy,A
v=H7qUxVLMmYk__#1_label_A__4.npy,A
v=H7qUxVLMmYk__#1_label_A__5.npy,A
v=H7qUxVLMmYk__#1_label_A__6.npy,A
v=H7qUxVLMmYk__#1_label_A__7.npy,A
v=H7qUxVLMmYk__#1_label_A__8.npy,A
v=H7qUxVLMmYk__#1_label_A__9.npy,A
v=6s0JhcWxNKU__#1_label_A__0.npy,A
v=6s0JhcWxNKU__#1_label_A__1.npy,A
v=6s0JhcWxNKU__#1_label_A__2.npy,A
v=6s0JhcWxNKU__#1_label_A__3.npy,A
v=6s0JhcWxNKU__#1_label_A__4.npy,A
v=6s0JhcWxNKU__#1_label_A__5.npy,A
v=6s0JhcWxNKU__#1_label_A__6.npy,A
v=6s0JhcWxNKU__#1_label_A__7.npy,A
v=6s0JhcWxNKU__#1_label_A__8.npy,A
v=6s0JhcWxNKU__#1_label_A__9.npy,A
v=GT4QivX9VpM__#1_label_A__0.npy,A
v=GT4QivX9VpM__#1_label_A__1.npy,A
v=GT4QivX9VpM__#1_label_A__2.npy,A
v=GT4QivX9VpM__#1_label_A__3.npy,A
v=GT4QivX9VpM__#1_label_A__4.npy,A
v=GT4QivX9VpM__#1_label_A__5.npy,A
v=GT4QivX9VpM__#1_label_A__6.npy,A
v=GT4QivX9VpM__#1_label_A__7.npy,A
v=GT4QivX9VpM__#1_label_A__8.npy,A
v=GT4QivX9VpM__#1_label_A__9.npy,A
v=JmCOEJUPfM8__#1_label_A__0.npy,A
v=JmCOEJUPfM8__#1_label_A__1.npy,A
v=JmCOEJUPfM8__#1_label_A__2.npy,A
v=JmCOEJUPfM8__#1_label_A__3.npy,A
v=JmCOEJUPfM8__#1_label_A__4.npy,A
v=JmCOEJUPfM8__#1_label_A__5.npy,A
v=JmCOEJUPfM8__#1_label_A__6.npy,A
v=JmCOEJUPfM8__#1_label_A__7.npy,A
v=JmCOEJUPfM8__#1_label_A__8.npy,A
v=JmCOEJUPfM8__#1_label_A__9.npy,A
Fast.Five.2011__#01-10-08_01-11-51_label_A__0.npy,A
Fast.Five.2011__#01-10-08_01-11-51_label_A__1.npy,A
Fast.Five.2011__#01-10-08_01-11-51_label_A__2.npy,A
Fast.Five.2011__#01-10-08_01-11-51_label_A__3.npy,A
Fast.Five.2011__#01-10-08_01-11-51_label_A__4.npy,A
Fast.Five.2011__#01-10-08_01-11-51_label_A__5.npy,A
Fast.Five.2011__#01-10-08_01-11-51_label_A__6.npy,A
Fast.Five.2011__#01-10-08_01-11-51_label_A__7.npy,A
Fast.Five.2011__#01-10-08_01-11-51_label_A__8.npy,A
Fast.Five.2011__#01-10-08_01-11-51_label_A__9.npy,A
Before.Sunset.2004__#00-11-00_00-15-08_label_A__0.npy,A
Before.Sunset.2004__#00-11-00_00-15-08_label_A__1.npy,A
Before.Sunset.2004__#00-11-00_00-15-08_label_A__2.npy,A
Before.Sunset.2004__#00-11-00_00-15-08_label_A__3.npy,A
Before.Sunset.2004__#00-11-00_00-15-08_label_A__4.npy,A
Before.Sunset.2004__#00-11-00_00-15-08_label_A__5.npy,A
Before.Sunset.2004__#00-11-00_00-15-08_label_A__6.npy,A
Before.Sunset.2004__#00-11-00_00-15-08_label_A__7.npy,A
Before.Sunset.2004__#00-11-00_00-15-08_label_A__8.npy,A
Before.Sunset.2004__#00-11-00_00-15-08_label_A__9.npy,A
Casino.Royale.2006__#00-19-44_00-21-50_label_A__0.npy,A
Casino.Royale.2006__#00-19-44_00-21-50_label_A__1.npy,A
Casino.Royale.2006__#00-19-44_00-21-50_label_A__2.npy,A
Casino.Royale.2006__#00-19-44_00-21-50_label_A__3.npy,A
Casino.Royale.2006__#00-19-44_00-21-50_label_A__4.npy,A
Casino.Royale.2006__#00-19-44_00-21-50_label_A__5.npy,A
Casino.Royale.2006__#00-19-44_00-21-50_label_A__6.npy,A
Casino.Royale.2006__#00-19-44_00-21-50_label_A__7.npy,A
Casino.Royale.2006__#00-19-44_00-21-50_label_A__8.npy,A
Casino.Royale.2006__#00-19-44_00-21-50_label_A__9.npy,A
v=SdYFFo_tsfk__#01-12-00_01-18-00_label_A__0.npy,A
v=SdYFFo_tsfk__#01-12-00_01-18-00_label_A__1.npy,A
v=SdYFFo_tsfk__#01-12-00_01-18-00_label_A__2.npy,A
v=SdYFFo_tsfk__#01-12-00_01-18-00_label_A__3.npy,A
v=SdYFFo_tsfk__#01-12-00_01-18-00_label_A__4.npy,A
v=SdYFFo_tsfk__#01-12-00_01-18-00_label_A__5.npy,A
v=SdYFFo_tsfk__#01-12-00_01-18-00_label_A__6.npy,A
v=SdYFFo_tsfk__#01-12-00_01-18-00_label_A__7.npy,A
v=SdYFFo_tsfk__#01-12-00_01-18-00_label_A__8.npy,A
v=SdYFFo_tsfk__#01-12-00_01-18-00_label_A__9.npy,A
IP.Man.2.2010__#01-27-31_01-29-31_label_A__0.npy,A
IP.Man.2.2010__#01-27-31_01-29-31_label_A__1.npy,A
IP.Man.2.2010__#01-27-31_01-29-31_label_A__2.npy,A
IP.Man.2.2010__#01-27-31_01-29-31_label_A__3.npy,A
IP.Man.2.2010__#01-27-31_01-29-31_label_A__4.npy,A
IP.Man.2.2010__#01-27-31_01-29-31_label_A__5.npy,A
IP.Man.2.2010__#01-27-31_01-29-31_label_A__6.npy,A
IP.Man.2.2010__#01-27-31_01-29-31_label_A__7.npy,A
IP.Man.2.2010__#01-27-31_01-29-31_label_A__8.npy,A
IP.Man.2.2010__#01-27-31_01-29-31_label_A__9.npy,A
v=hdPTRcsFN5w__#00-12-00_00-15-00_label_A__0.npy,A
v=hdPTRcsFN5w__#00-12-00_00-15-00_label_A__1.npy,A
v=hdPTRcsFN5w__#00-12-00_00-15-00_label_A__2.npy,A
v=hdPTRcsFN5w__#00-12-00_00-15-00_label_A__3.npy,A
v=hdPTRcsFN5w__#00-12-00_00-15-00_label_A__4.npy,A
v=hdPTRcsFN5w__#00-12-00_00-15-00_label_A__5.npy,A
v=hdPTRcsFN5w__#00-12-00_00-15-00_label_A__6.npy,A
v=hdPTRcsFN5w__#00-12-00_00-15-00_label_A__7.npy,A
v=hdPTRcsFN5w__#00-12-00_00-15-00_label_A__8.npy,A
v=hdPTRcsFN5w__#00-12-00_00-15-00_label_A__9.npy,A
God.Bless.America.2011__#01-17-10_01-20-20_label_A__0.npy,A
God.Bless.America.2011__#01-17-10_01-20-20_label_A__1.npy,A
God.Bless.America.2011__#01-17-10_01-20-20_label_A__2.npy,A
God.Bless.America.2011__#01-17-10_01-20-20_label_A__3.npy,A
God.Bless.America.2011__#01-17-10_01-20-20_label_A__4.npy,A
God.Bless.America.2011__#01-17-10_01-20-20_label_A__5.npy,A
God.Bless.America.2011__#01-17-10_01-20-20_label_A__6.npy,A
God.Bless.America.2011__#01-17-10_01-20-20_label_A__7.npy,A
God.Bless.America.2011__#01-17-10_01-20-20_label_A__8.npy,A
God.Bless.America.2011__#01-17-10_01-20-20_label_A__9.npy,A
v=MlSR27BhmmY__#1_label_A__0.npy,A
v=MlSR27BhmmY__#1_label_A__1.npy,A
v=MlSR27BhmmY__#1_label_A__2.npy,A
v=MlSR27BhmmY__#1_label_A__3.npy,A
v=MlSR27BhmmY__#1_label_A__4.npy,A
v=MlSR27BhmmY__#1_label_A__5.npy,A
v=MlSR27BhmmY__#1_label_A__6.npy,A
v=MlSR27BhmmY__#1_label_A__7.npy,A
v=MlSR27BhmmY__#1_label_A__8.npy,A
v=MlSR27BhmmY__#1_label_A__9.npy,A
Hot.Fuzz.2007__#00-45-10_00-51-15_label_A__0.npy,A
Hot.Fuzz.2007__#00-45-10_00-51-15_label_A__1.npy,A
Hot.Fuzz.2007__#00-45-10_00-51-15_label_A__2.npy,A
Hot.Fuzz.2007__#00-45-10_00-51-15_label_A__3.npy,A
Hot.Fuzz.2007__#00-45-10_00-51-15_label_A__4.npy,A
Hot.Fuzz.2007__#00-45-10_00-51-15_label_A__5.npy,A
Hot.Fuzz.2007__#00-45-10_00-51-15_label_A__6.npy,A
Hot.Fuzz.2007__#00-45-10_00-51-15_label_A__7.npy,A
Hot.Fuzz.2007__#00-45-10_00-51-15_label_A__8.npy,A
Hot.Fuzz.2007__#00-45-10_00-51-15_label_A__9.npy,A
v=vFPQ_NiDBIU__#01-54-00_02-00-00_label_A__0.npy,A
v=vFPQ_NiDBIU__#01-54-00_02-00-00_label_A__1.npy,A
v=vFPQ_NiDBIU__#01-54-00_02-00-00_label_A__2.npy,A
v=vFPQ_NiDBIU__#01-54-00_02-00-00_label_A__3.npy,A
v=vFPQ_NiDBIU__#01-54-00_02-00-00_label_A__4.npy,A
v=vFPQ_NiDBIU__#01-54-00_02-00-00_label_A__5.npy,A
v=vFPQ_NiDBIU__#01-54-00_02-00-00_label_A__6.npy,A
v=vFPQ_NiDBIU__#01-54-00_02-00-00_label_A__7.npy,A
v=vFPQ_NiDBIU__#01-54-00_02-00-00_label_A__8.npy,A
v=vFPQ_NiDBIU__#01-54-00_02-00-00_label_A__9.npy,A
Tropa.de.Elite.2.2010__#00-45-11_00-46-10_label_A__0.npy,A
Tropa.de.Elite.2.2010__#00-45-11_00-46-10_label_A__1.npy,A
Tropa.de.Elite.2.2010__#00-45-11_00-46-10_label_A__2.npy,A
Tropa.de.Elite.2.2010__#00-45-11_00-46-10_label_A__3.npy,A
Tropa.de.Elite.2.2010__#00-45-11_00-46-10_label_A__4.npy,A
Tropa.de.Elite.2.2010__#00-45-11_00-46-10_label_A__5.npy,A
Tropa.de.Elite.2.2010__#00-45-11_00-46-10_label_A__6.npy,A
Tropa.de.Elite.2.2010__#00-45-11_00-46-10_label_A__7.npy,A
Tropa.de.Elite.2.2010__#00-45-11_00-46-10_label_A__8.npy,A
Tropa.de.Elite.2.2010__#00-45-11_00-46-10_label_A__9.npy,A
Kill.Bill.Vol.2.2004__#01-30-10_01-32-10_label_A__0.npy,A
Kill.Bill.Vol.2.2004__#01-30-10_01-32-10_label_A__1.npy,A
Kill.Bill.Vol.2.2004__#01-30-10_01-32-10_label_A__2.npy,A
Kill.Bill.Vol.2.2004__#01-30-10_01-32-10_label_A__3.npy,A
Kill.Bill.Vol.2.2004__#01-30-10_01-32-10_label_A__4.npy,A
Kill.Bill.Vol.2.2004__#01-30-10_01-32-10_label_A__5.npy,A
Kill.Bill.Vol.2.2004__#01-30-10_01-32-10_label_A__6.npy,A
Kill.Bill.Vol.2.2004__#01-30-10_01-32-10_label_A__7.npy,A
Kill.Bill.Vol.2.2004__#01-30-10_01-32-10_label_A__8.npy,A
Kill.Bill.Vol.2.2004__#01-30-10_01-32-10_label_A__9.npy,A
v=SfYfRIoASj8__#1_label_A__0.npy,A
v=SfYfRIoASj8__#1_label_A__1.npy,A
v=SfYfRIoASj8__#1_label_A__2.npy,A
v=SfYfRIoASj8__#1_label_A__3.npy,A
v=SfYfRIoASj8__#1_label_A__4.npy,A
v=SfYfRIoASj8__#1_label_A__5.npy,A
v=SfYfRIoASj8__#1_label_A__6.npy,A
v=SfYfRIoASj8__#1_label_A__7.npy,A
v=SfYfRIoASj8__#1_label_A__8.npy,A
v=SfYfRIoASj8__#1_label_A__9.npy,A
Kill.Bill.Vol.1.2003__#0-16-34_0-17-36_label_A__0.npy,A
Kill.Bill.Vol.1.2003__#0-16-34_0-17-36_label_A__1.npy,A
Kill.Bill.Vol.1.2003__#0-16-34_0-17-36_label_A__2.npy,A
Kill.Bill.Vol.1.2003__#0-16-34_0-17-36_label_A__3.npy,A
Kill.Bill.Vol.1.2003__#0-16-34_0-17-36_label_A__4.npy,A
Kill.Bill.Vol.1.2003__#0-16-34_0-17-36_label_A__5.npy,A
Kill.Bill.Vol.1.2003__#0-16-34_0-17-36_label_A__6.npy,A
Kill.Bill.Vol.1.2003__#0-16-34_0-17-36_label_A__7.npy,A
Kill.Bill.Vol.1.2003__#0-16-34_0-17-36_label_A__8.npy,A
Kill.Bill.Vol.1.2003__#0-16-34_0-17-36_label_A__9.npy,A
Sin.City.2005__#01-55-42_01-56-03_label_A__0.npy,A
Sin.City.2005__#01-55-42_01-56-03_label_A__1.npy,A
Sin.City.2005__#01-55-42_01-56-03_label_A__2.npy,A
Sin.City.2005__#01-55-42_01-56-03_label_A__3.npy,A
Sin.City.2005__#01-55-42_01-56-03_label_A__4.npy,A
Sin.City.2005__#01-55-42_01-56-03_label_A__5.npy,A
Sin.City.2005__#01-55-42_01-56-03_label_A__6.npy,A
Sin.City.2005__#01-55-42_01-56-03_label_A__7.npy,A
Sin.City.2005__#01-55-42_01-56-03_label_A__8.npy,A
Sin.City.2005__#01-55-42_01-56-03_label_A__9.npy,A
A.Beautiful.Mind.2001__#00-42-52_00-45-31_label_A__0.npy,A
A.Beautiful.Mind.2001__#00-42-52_00-45-31_label_A__1.npy,A
A.Beautiful.Mind.2001__#00-42-52_00-45-31_label_A__2.npy,A
A.Beautiful.Mind.2001__#00-42-52_00-45-31_label_A__3.npy,A
A.Beautiful.Mind.2001__#00-42-52_00-45-31_label_A__4.npy,A
A.Beautiful.Mind.2001__#00-42-52_00-45-31_label_A__5.npy,A
A.Beautiful.Mind.2001__#00-42-52_00-45-31_label_A__6.npy,A
A.Beautiful.Mind.2001__#00-42-52_00-45-31_label_A__7.npy,A
A.Beautiful.Mind.2001__#00-42-52_00-45-31_label_A__8.npy,A
A.Beautiful.Mind.2001__#00-42-52_00-45-31_label_A__9.npy,A
v=z7kvjp7NAdo__#1_label_A__0.npy,A
v=z7kvjp7NAdo__#1_label_A__1.npy,A
v=z7kvjp7NAdo__#1_label_A__2.npy,A
v=z7kvjp7NAdo__#1_label_A__3.npy,A
v=z7kvjp7NAdo__#1_label_A__4.npy,A
v=z7kvjp7NAdo__#1_label_A__5.npy,A
v=z7kvjp7NAdo__#1_label_A__6.npy,A
v=z7kvjp7NAdo__#1_label_A__7.npy,A
v=z7kvjp7NAdo__#1_label_A__8.npy,A
v=z7kvjp7NAdo__#1_label_A__9.npy,A
v=jAvuEyDy5JE__#1_label_A__0.npy,A
v=jAvuEyDy5JE__#1_label_A__1.npy,A
v=jAvuEyDy5JE__#1_label_A__2.npy,A
v=jAvuEyDy5JE__#1_label_A__3.npy,A
v=jAvuEyDy5JE__#1_label_A__4.npy,A
v=jAvuEyDy5JE__#1_label_A__5.npy,A
v=jAvuEyDy5JE__#1_label_A__6.npy,A
v=jAvuEyDy5JE__#1_label_A__7.npy,A
v=jAvuEyDy5JE__#1_label_A__8.npy,A
v=jAvuEyDy5JE__#1_label_A__9.npy,A
Flipped.2010__#00-40-52_00-42-01_label_A__0.npy,A
Flipped.2010__#00-40-52_00-42-01_label_A__1.npy,A
Flipped.2010__#00-40-52_00-42-01_label_A__2.npy,A
Flipped.2010__#00-40-52_00-42-01_label_A__3.npy,A
Flipped.2010__#00-40-52_00-42-01_label_A__4.npy,A
Flipped.2010__#00-40-52_00-42-01_label_A__5.npy,A
Flipped.2010__#00-40-52_00-42-01_label_A__6.npy,A
Flipped.2010__#00-40-52_00-42-01_label_A__7.npy,A
Flipped.2010__#00-40-52_00-42-01_label_A__8.npy,A
Flipped.2010__#00-40-52_00-42-01_label_A__9.npy,A
